archivo,frame,angulo_rodilla_kinovea,angulo_rodilla_mediapipe,angulo_pie_kinovea,angulo_pie_mediapipe,diferencia1,diferencia2
1,0,122.59739192325598,119.06158061078452,59.12540860791112,45.74158663477697,3.5358113124714663,13.383821973134147
1,1,124.48330122412241,125.41402874597702,57.45505515443334,43.486741361223295,-0.9307275218546067,13.968313793210044
1,2,125.7018767191366,131.2996095749137,59.35385141886834,40.32800679902403,-5.597732855777082,19.025844619844307
1,3,121.15247274901803,126.26770657391172,57.16204481907957,43.260484983068615,-5.115233824893693,13.901559836010954
1,4,108.34094211668233,116.428469117278,57.49689632224183,39.93404144776681,-8.08752700059567,17.562854874475022
1,5,100.511359115769,104.86743840172737,56.52121203469266,41.244384527618394,-4.356079285958373,15.276827507074266
1,6,96.29424074747891,100.59225689075024,53.65628955710672,44.443249592906454,-4.298016143271326,9.213039964200263
1,7,93.9071054934716,102.57280941380253,55.56675060096612,45.34132502344175,-8.665703920330927,10.22542557752437
1,8,95.7388038769073,102.61159521959193,52.26830070849171,45.67724865169094,-6.872791342684636,6.59105205680077
1,9,96.98659846849343,112.3290767289056,51.250723081100496,44.9900987981244,-15.342478260412179,6.260624282976096
1,10,98.55981239983153,111.04796225200023,50.62715679118831,47.68253704613276,-12.488149852168704,2.9446197450555545
1,11,103.30313687788008,114.27049117072004,49.28425851280473,47.312402498600306,-10.967354292839957,1.9718560142044268
1,12,106.14285021555095,112.04566110833511,49.28425851280473,52.83769697154052,-5.90281089278416,-3.5534384587357835
1,13,106.33870093898987,118.4590834374199,49.28425851280473,50.73095535898325,-12.120382498430033,-1.4466968461785186
1,14,109.5530799670239,122.51502968819405,49.28425851280473,50.68104911101463,-12.961949721170143,-1.396790598209897
1,15,114.012017110616,126.68021237243151,49.28425851280473,47.43999160846204,-12.668195261815512,1.844266904342696
1,16,116.54505007554091,128.11867533489806,49.28425851280473,44.58070192992899,-11.573625259357144,4.703556582875741
1,17,121.56341668687507,126.59674102644026,49.28425851280473,46.787629514390204,-5.033324339565183,2.496628998414529
2,0,120.17607659937272,124.74285837412478,61.11270526951523,48.93967843745785,-4.566781774752059,12.173026832057381
2,1,123.15546875896987,126.26579018831065,60.13118306109191,47.222860742379474,-3.1103214293407717,12.908322318712436
2,2,125.2776725916244,126.96390524526737,55.50505241189931,48.729605963106344,-1.6862326536429748,6.775446448792962
2,3,120.99638904194978,126.93490794931826,59.20716003533909,46.47164518654974,-5.938518907368476,12.73551484878935
2,4,113.8358796459969,119.96016018068993,49.516264261564714,43.56043972547262,-6.124280534693028,5.955824536092095
2,5,103.60478394775356,109.84829824634136,51.993432969757805,37.345658690470216,-6.243514298587797,14.647774279287589
2,6,94.93745957554141,98.0525108212394,41.62129144750916,40.56764685895565,-3.115051245697984,1.0536445885535102
2,7,90.0296031980061,94.32028870458018,48.71285679076312,43.39747730595407,-4.2906855065740785,5.31537948480905
2,8,87.96497023328457,101.91820577253304,50.09777324968378,50.212881040512336,-13.953235539248467,-0.11510779082855294
2,9,88.5922424727269,107.50893971839822,52.69753123448541,47.407851040185655,-18.91669724567133,5.2896801942997556
2,10,91.28076796917654,108.39694517496584,48.01912527596338,45.75817268352117,-17.1161772057893,2.260952592442216
2,11,91.78444578906472,109.22480504518558,48.54149200683433,42.146746347077794,-17.440359256120857,6.394745659756538
2,12,94.26505396265638,116.11063230608957,50.03542199973941,44.43329791674727,-21.84557834343319,5.602124082992141
2,13,93.9031253401938,112.0926117604857,52.06432027739802,43.9546270512033,-18.1894864202919,8.109693226194715
2,14,98.00286015480444,116.95436109052176,47.5907428673623,48.77402792209036,-18.95150093571732,-1.18328505472806
2,15,103.37875553218257,120.8285557751119,49.03028772577087,45.63351423936361,-17.449800242929328,3.3967734864072554
2,16,108.56321170271461,126.7496421133721,50.415252365857896,46.56786760351302,-18.186430410657493,3.8473847623448734
2,17,113.45634194749668,128.56582038584463,50.16589811716119,47.04918852619687,-15.10947843834795,3.1167095909643194
5,0,118.3985387438902,119.7137799293096,58.861150263978146,42.87008271359096,-1.3152411854193957,15.991067550387186
5,1,122.587511321338,121.32798051475248,60.11716765458717,50.9454630849733,1.2595308065855164,9.171704569613873
5,2,124.51714564327047,126.89904818210145,60.11716765458717,50.68558877034734,-2.3819025388309853,9.431578884239833
5,3,122.27101836293295,123.465730434966,51.66535795384,47.137061505281665,-1.194712072033056,4.528296448558336
5,4,112.5770440584586,116.96904572729906,53.04264558208289,45.68781987272637,-4.392001668840464,7.354825709356518
5,5,106.8409425717758,107.59911312840633,49.29338898206698,44.40937561397124,-0.7581705566305317,4.8840133680957365
5,6,100.17052611064915,103.82189163440741,52.70696898813257,41.31099827927676,-3.6513655237582583,11.395970708855813
5,7,98.46778771973786,107.50855293876027,44.787456161899286,47.285012817837014,-9.040765219022418,-2.4975566559377285
5,8,97.643909961979,106.81347064903096,44.46866952050832,47.02164690204174,-9.169560687051955,-2.5529773815334167
5,9,98.11441286462279,116.57225035047996,45.000000000000014,46.45932848497517,-18.45783748585717,-1.4593284849751527
5,10,99.24262397526664,117.83305898016953,45.000000000000014,45.10817787188701,-18.590435004902886,-0.10817787188699413
5,11,100.15835990531882,118.25952301505681,45.000000000000014,50.37235781464203,-18.101163109737996,-5.372357814642015
5,12,100.72833252625018,114.88827591768123,45.000000000000014,53.715363278983446,-14.159943391431042,-8.715363278983432
5,13,104.80131360902658,121.68758548568907,45.000000000000014,49.072587592693615,-16.88627187666249,-4.072587592693601
5,14,110.78766015062548,121.54281938901654,45.000000000000014,49.08186911828983,-10.755159238391059,-4.081869118289816
5,15,108.98952149706946,125.10597893642314,45.000000000000014,47.32495991122562,-16.11645743935368,-2.324959911225605
5,16,112.15272898944312,123.7559392799061,45.000000000000014,47.80342440382955,-11.603210290462982,-2.8034244038295384
6,0,112.84997856228252,126.35579933243903,45.71594357279855,45.60499986520655,-13.505820770156518,0.1109437075919999
6,1,109.62578067282305,126.35579933243903,44.902079572093186,45.60499986520655,-16.73001865961598,-0.7029202931133653
6,2,107.63437668999643,119.75106288088735,47.802780136266975,46.8869342651782,-12.116686190890917,0.9158458710887771
6,3,108.29395712756049,118.96438398420636,46.53061460266217,49.33271433855879,-10.670426856645875,-2.8020997358966184
6,4,109.97253275513705,126.09171967973114,48.37938335687973,51.258450386622414,-16.11918692459409,-2.8790670297426857
6,5,112.64151151646293,124.83286789124121,47.228511309230065,51.18403515371298,-12.19135637477828,-3.9555238444829186
6,6,114.30729919372705,128.10147040301342,51.64851957805823,49.503590964325156,-13.794171209286375,2.1449286137330716
6,7,118.60041555294713,129.2157951855337,49.6881917204093,47.11959703744713,-10.615379632586567,2.5685946829621713
6,8,120.30828893612653,137.3583155422185,49.53408580305066,47.04674268407418,-17.05002660609196,2.487343118976476
6,9,123.09120805435613,138.64697753278355,52.53233425930859,46.68118516713083,-15.555769478427422,5.851149092177764
6,10,127.56926886651294,141.15221632903274,52.900914185853594,45.89713956651938,-13.582947462519797,7.003774619334216
6,11,128.55537936045917,143.78451432726763,57.16289694197282,44.60086847207902,-15.22913496680846,12.562028469893797
8,0,119.91813092091216,122.42299233143608,55.48506741575582,45.438161336484704,-2.5048614105239153,10.046906079271118
8,1,114.02041086861934,116.71144782761482,54.42660200469173,48.362208656970964,-2.6910369589954826,6.064393347720767
8,2,112.9746444092746,113.27009904425822,46.630281365861975,46.66428683993418,-0.2954546349836136,-0.034005474072202446
8,3,111.41477242350035,114.81155637803153,46.550369958067726,47.602577796764464,-3.3967839545311733,-1.052207838696738
8,4,109.55022015053004,123.49159907357054,44.70174167117819,48.077164000588596,-13.941378923040503,-3.375422329410405
8,5,110.20647722102093,130.47245361714823,42.93549200914907,46.070433332452225,-20.2659763961273,-3.1349413233031527
8,6,110.25505655345104,133.44416731128817,42.93549200914907,42.95704997325234,-23.189110757837128,-0.02155796410326616
8,7,110.79971690516132,134.88144739803968,42.93549200914907,43.54293142889713,-24.081730492878364,-0.6074394197480544
8,8,116.29599895839452,139.44065840951524,42.93549200914907,59.824437972623755,-23.144659451120717,-16.888945963474683
8,9,119.13348685583041,139.10231987783132,42.93549200914907,49.4363116595283,-19.968833022000908,-6.500819650379228
8,10,123.09480287148392,141.9490995049567,42.93549200914907,49.54528106678718,-18.854296633472785,-6.60978905763811
8,11,126.99016046214071,139.73690754872123,42.93549200914907,48.762639573462764,-12.746747086580527,-5.827147564313691
8,12,128.80477207844388,133.1425246423353,42.93549200914907,46.81385770042501,-4.337752563891428,-3.8783656912759383
8,13,129.1953509289994,135.74639347691945,42.93549200914907,46.75446182691451,-6.551042547920048,-3.818969817765435
8,14,127.38055648113273,138.58626182805048,42.93549200914907,46.42283588810705,-11.205705346917753,-3.4873438789579794
9,0,112.89787830683265,119.37382016699448,48.93684504217605,47.86172180819175,-6.475941860161825,1.0751232339843
9,1,112.79339642325048,114.56285154412373,48.090947824236984,46.21689113773513,-1.7694551208732463,1.8740566865018522
9,2,107.30724842065314,118.50694671059209,49.87856767361252,44.83950018744287,-11.19969828993895,5.03906748616965
9,3,107.23264920937761,122.44121508647503,49.7886840115807,42.17767733753484,-15.208565877097413,7.611006674045861
9,4,108.08421897530285,125.55305869120828,54.06716172479284,38.24699738387537,-17.468839715905432,15.820164340917472
9,5,110.55825235671934,130.95744856098494,52.013583124855906,38.77810243385067,-20.399196204265607,13.235480691005236
9,6,113.55701789141273,127.92064496317705,53.72941938193207,36.42158787757484,-14.363627071764327,17.30783150435723
9,7,111.98499787303528,174.43487259321958,50.06860203410531,63.65814754810724,-62.4498747201843,-13.589545514001927
9,8,114.80091193159332,179.21456663796275,47.996315276132115,84.50512246787213,-64.41365470636943,-36.50880719174001
9,9,115.340107278506,141.2908584456895,49.483652036593654,48.16003033994132,-25.950751167183512,1.3236216966523315
9,10,116.58356323069478,136.82333949497203,51.38671608619465,43.32522971164633,-20.239776264277253,8.061486374548323
9,11,116.79993075382801,131.93195507564548,51.38656241901829,45.27205777022242,-15.132024321817468,6.114504648795872
9,12,117.97776844108267,129.07309698588824,50.64593160401279,45.5366555574996,-11.095328544805568,5.1092760465131875
9,13,120.36876052056259,125.95579770460009,49.59100606300487,50.52985692030998,-5.587037184037499,-0.9388508573051126
9,14,122.35540237049914,131.95107143535458,47.34508532738921,52.30459815244759,-9.595669064855443,-4.959512825058383
9,15,121.43732828889833,138.83776127017217,51.797495088851036,51.76803763576519,-17.400432981273838,0.029457453085846907
9,16,118.46533601171548,137.79704591092957,46.90857780345512,50.01843206432219,-19.33170989921409,-3.109854260867074
13,0,141.42974850194676,145.59797180482562,64.55146558265932,57.8449513665899,-4.168223302878857,6.706514216069415
13,1,132.9351558403242,139.408243307898,63.050419163337516,56.711476818039195,-6.473087467573805,6.338942345298321
13,2,131.97336125682202,133.4993367598781,55.42580852588479,54.69160467368894,-1.5259755030560882,0.7342038521958472
13,3,133.4322968434718,132.74933949404323,53.721080206877524,54.18311944118633,0.6829573494285626,-0.4620392343088042
13,4,136.70357283013132,131.47502216759264,53.721080206877524,53.08102037361365,5.22855066253868,0.6400598332638765
13,5,138.19724425504677,133.54227412185583,54.01754449263651,47.38468891128234,4.654970133190943,6.632855581354171
13,6,139.44594726792994,140.7257194994058,49.530604339175326,45.329044870998686,-1.2797722314758744,4.20155946817664
13,7,140.23309673627287,141.6348953772198,47.88640475176418,45.055435765248184,-1.4017986409469358,2.830968986515998
13,8,137.3590571402638,137.17045782892208,48.35976974085507,45.41035317891651,0.18859931134170438,2.9494165619385626
13,9,140.62020543051406,134.84079432461817,47.92990464060971,45.60590037348796,5.779411105895889,2.324004267121751
14,0,132.5349057066353,137.58710552223846,46.04821233472851,49.30726847358373,-5.05219981560316,-3.2590561388552217
14,1,129.40761544145616,138.20919701231082,42.916464230423465,48.77960668679003,-8.801581570854665,-5.8631424563665675
14,2,132.2053806341448,134.58219377179327,38.84293006931484,48.07353912759608,-2.376813137648469,-9.230609058281239
14,3,135.57086297046473,134.31110683034078,38.84293006931484,48.39246975500984,1.2597561401239545,-9.549539685695002
14,4,140.8765564992471,134.38289289729983,41.62074438825384,46.28402017990443,6.493663601947276,-4.663275791650591
14,5,142.65293293113584,147.10427881244755,43.11369505039558,47.75710833597968,-4.45134588131171,-4.643413285584103
14,6,145.10069853699056,144.86421454725698,43.11369505039558,48.16073110710105,0.23648398973358553,-5.047036056705473
14,7,149.53311136228314,144.52124449744875,43.11369505039558,47.97496353042571,5.0118668648343885,-4.861268480030134
15,0,138.57070093575805,144.88974513845096,52.264164434438214,55.39353085341238,-6.319044202692908,-3.129366418974165
15,1,133.71668818334504,139.16546856310296,49.84400037508068,55.8446582029131,-5.44878037975792,-6.00065782783242
15,2,133.27821720564742,133.27918557262734,46.35077557265166,55.86637572739443,-0.0009683669799187555,-9.515600154742764
15,3,135.7544187593142,128.05815357986268,46.35077557265166,55.954050728259865,7.6962651794515295,-9.603275155608202
15,4,138.79978903279888,131.8506541463515,44.7326810399142,52.3215017021324,6.949134886447382,-7.588820662218204
15,5,136.91760850726524,133.47638419323485,61.30847434013382,51.77047126133496,3.441224314030393,9.538003078798859
15,6,135.81125347198437,131.97730591417556,53.59734158963187,52.06865839581682,3.8339475578088127,1.5286831938150485
15,7,134.85744844418855,135.18740151729753,60.78155821770287,52.1006102841896,-0.3299530731089817,8.680947933513274
16,0,141.61556969107642,150.03412420241986,65.31487773089536,56.16634431026627,-8.418554511343444,9.148533420629093
16,1,134.43693732279328,141.7212037431216,63.708731958334624,56.88135863140398,-7.284266420328322,6.827373326930648
16,2,132.47051344786087,138.40488071336105,57.84889253293318,55.68997240102879,-5.934367265500185,2.158920131904388
16,3,133.9500091589491,136.06440963543034,55.661128869717345,54.177881301637974,-2.1144004764812507,1.4832475680793706
16,4,137.39745992144643,134.7230935882072,55.661128869717345,53.92827116387754,2.6743663332392202,1.7328577058398054
16,5,140.073140743819,134.6797310954395,61.29648246635151,50.87984203416334,5.393409648379503,10.416640432188174
16,6,142.47266612973763,138.25074291351189,51.880560335416256,53.63915993360183,4.221923216225747,-1.758599598185576
16,7,142.9525921068795,139.2430540927811,51.880560335416256,53.74678633600523,3.709538014098399,-1.8662260005889735
16,8,144.97306661710857,141.60481560169978,51.880560335416256,54.221344673888886,3.368251015408788,-2.3407843384726306
16,9,147.95368984578127,143.42826809545485,51.880560335416256,66.8468689290209,4.525421750326416,-14.966308593604644
17,0,144.94527524480074,149.2759420976355,58.69518442974257,60.941834371517835,-4.330666852834753,-2.2466499417752672
17,1,138.3664606634298,143.4000031124233,58.75927601759102,60.954207410086134,-5.033542448993501,-2.194931392495114
17,2,136.20183306445213,139.25312613045386,56.353305500945716,59.70650190584903,-3.0512930660017332,-3.353196404903315
17,3,136.25111462203267,138.60351561962545,56.353305500945716,57.45524426379064,-2.352400997592781,-1.1019387628449238
17,4,141.70983680775694,137.58432832377602,53.82718858932616,56.326709048260895,4.125508483980923,-2.4995204589347324
17,5,146.38648771979138,138.94808701706137,60.204978641273875,56.84802258367748,7.438400702730007,3.356956057596392
17,6,147.06340495467478,140.23807871612073,60.204978641273875,56.921102237365055,6.825326238554055,3.2838764039088204
17,7,146.4594371116077,141.55167339166107,60.204978641273875,57.45474696762352,4.907763719946644,2.7502316736503545
17,8,148.31289315039055,141.97711942073389,60.204978641273875,58.30165963325706,6.335773729656665,1.9033190080168154
18,0,138.80637467119882,148.24919600483773,71.82778734925536,57.858105273344044,-9.442821333638904,13.969682075911315
18,1,134.54224222238798,142.93183880078118,63.39565131227129,57.73108027481377,-8.389596578393196,5.66457103745752
18,2,132.10259407766432,137.13824601405307,70.48920055628672,56.085726395709194,-5.035651936388746,14.403474160577524
18,3,129.60943333013418,133.21623949243786,70.48920055628672,53.98273589697576,-3.606806162303684,16.506464659310957
18,4,133.3367727189122,134.9973760556695,70.48920055628672,53.860334119889714,-1.6606033367573048,16.628866436397004
18,5,137.32844284720125,135.58621706855956,70.48920055628672,48.42486150095809,1.7422257786416822,22.06433905532863
18,6,141.38935994572418,139.51333059924193,70.48920055628672,50.004126544616426,1.8760293464822553,20.485074011670292
18,7,142.6006314773304,139.62724635850762,70.48920055628672,50.16266855365295,2.97338511882279,20.32653200263377
18,8,146.77978304064592,141.08910036856514,70.48920055628672,53.93407965155979,5.690682672080783,16.555120904726927
19,0,123.78777025270018,132.4420041390515,64.4928042928061,57.04550152709655,-8.65423388635132,7.447302765709551
19,1,118.89531943146982,128.8216102944741,61.783674589302635,55.436437666076586,-9.926290863004297,6.347236923226049
19,2,119.3986513779854,127.74607667334291,55.57760193249269,54.68330549869117,-8.34742529535751,0.8942964338015216
19,3,121.9963748736109,126.56947772947419,53.73697214642373,53.76260003937166,-4.573102855863283,-0.025627892947930775
19,4,125.18812130031051,128.09912390302856,55.36772822092514,52.69521870007079,-2.9110026027180425,2.672509520854348
19,5,126.73613037582324,129.07494106368696,53.73697214642373,48.30454333578936,-2.3388106878637274,5.43242881063437
19,6,125.2710994080872,132.51198421761265,53.73697214642373,47.153832818348896,-7.240884809525454,6.583139328074836
19,7,126.09554167724657,130.88161791700307,53.73697214642373,46.534246047613394,-4.786076239756497,7.202726098810338
19,8,129.0574427415181,130.84850242827073,53.73697214642373,47.92710356738458,-1.7910596867526465,5.809868579039154
19,9,128.97881631202986,130.5538430181872,53.73697214642373,48.17122004598823,-1.575026706157331,5.565752100435503
19,10,126.92195833183898,131.27567256536042,53.73697214642373,49.510672431723584,-4.353714233521444,4.226299714700147
20,0,134.53832650672774,144.38399507547987,52.48133830138552,55.2214772212024,-9.845668568752131,-2.7401389198168786
20,1,129.47930284384498,140.82650630535866,50.92012023991954,55.10853504077698,-11.347203461513686,-4.188414800857437
20,2,129.89806615987274,138.6186167162564,45.36885185404022,54.625690870199655,-8.720550556383671,-9.256839016159432
20,3,131.063256775915,138.618772817833,47.16656542941644,54.052869462176226,-7.555516041917997,-6.886304032759789
20,4,133.85487322214337,135.798916227762,51.211328809940824,54.057006407634724,-1.9440430056186244,-2.8456775976939
20,5,133.44994556181297,137.82144805906992,51.211328809940824,53.23782269735927,-4.371502497256955,-2.0264938874184466
20,6,131.88522715301622,138.10672895867694,51.211328809940824,51.432353721470946,-6.221501805660722,-0.22102491153012238
20,7,134.35305017854122,139.72899122538234,51.211328809940824,51.8198850206703,-5.37594104684112,-0.6085562107294749
20,8,138.79508590122285,137.8469887326333,51.211328809940824,54.11448983852585,0.9480971685895554,-2.903161028585025
21,0,127.78688394925275,138.98375854187216,54.82496662303823,60.94380228187528,-11.196874592619409,-6.11883565883705
21,1,122.63406268649341,134.55604057918393,51.28021833812491,60.75586281914487,-11.92197789269052,-9.475644481019962
21,2,121.8548524672226,130.65941740992952,49.87400473765503,60.46595116110605,-8.804564942706918,-10.59194642345102
21,3,123.56557412431486,127.45411403685422,51.26424085190981,59.393308241276046,-3.8885399125393576,-8.129067389366234
21,4,128.67467336600296,129.96125351148171,58.255843479300346,58.29178222272886,-1.2865801454787515,-0.03593874342851677
21,5,130.13592876069467,133.8123045185928,61.627254553950536,54.32978820427048,-3.6763757578981426,7.297466349680057
21,6,129.09924041378687,137.11387493210302,54.4457088041529,54.433823512481666,-8.014634518316143,0.0118852916712342
21,7,131.31563981415167,137.99670613212953,54.03098416253085,53.07237258455278,-6.681066317977866,0.9586115779780684
21,8,130.2064343240982,134.36627753695234,43.27839464470795,52.058702313619214,-4.159843212854128,-8.780307668911263
22,0,147.64856029073204,151.17115173968006,68.19846950941928,64.73264384966298,-3.5225914489480203,3.4658256597563053
22,1,141.49403950265676,146.89511532500669,58.432487703143686,61.591825042900645,-5.401075822349924,-3.1593373397569593
22,2,136.36648549253772,137.41693658554846,55.868847813791106,59.89885047643897,-1.0504510930107358,-4.030002662647867
22,3,135.64036884014362,130.99390459365475,47.43267158249718,60.82700296858353,4.6464642464888755,-13.39433138608635
22,4,133.11411931472793,127.10942267892719,47.43267158249718,60.34630174697452,6.004696635800741,-12.91363016447734
22,5,136.00416553780406,129.01976151574976,45.814577049759706,57.479141171070914,6.984404022054292,-11.664564121311209
22,6,133.50206827674597,127.79049747111954,45.814577049759706,55.151407502838815,5.711570805626437,-9.33683045307911
22,7,131.06847180872802,131.66273811702797,45.814577049759706,54.050623187328284,-0.5942663082999502,-8.236046137568579
22,8,130.4232107891787,129.20495601889138,45.814577049759706,53.46617231393879,1.2182547702873308,-7.651595264179086
22,9,132.37913536096795,126.85335598340721,44.299169149737594,52.447781326799145,5.525779377560738,-8.148612177061551
22,10,169.2545583627841,125.53304494294431,44.299169149737594,52.58164885795315,43.721513419839795,-8.282479708215554
23,0,134.64187311302456,144.10332390512406,55.70961134567606,55.09890534147647,-9.461450792099498,0.6107060041995922
23,1,129.80664555601592,138.62417812907773,51.936205296406065,54.76375276911643,-8.817532573061811,-2.827547472710364
23,2,129.09219576483167,134.0761291048491,48.12213046211571,53.387021679894474,-4.9839333400174155,-5.264891217778761
23,3,130.447676664238,130.28812891850092,46.48555342049899,52.80697089813703,0.1595477457370862,-6.321417477638043
23,4,132.83921829352778,129.29581812397058,46.48555342049899,48.46397225327246,3.543400169557202,-1.978418832773471
23,5,138.17030825463206,125.9803204206856,44.94230034225147,48.8238185977321,12.18998783394646,-3.8815182554806285
23,6,137.14634062299078,130.5480407433856,44.94230034225147,49.43872300112917,6.598299879605179,-4.496422658877698
23,7,135.22670523007102,131.89340828360463,44.94230034225147,50.599687392795666,3.3332969464663904,-5.6573870505441946
23,8,137.3847672262202,130.89086052771455,44.94230034225147,50.33803713907477,6.49390669850564,-5.3957367968233
23,9,136.3593910145718,132.37239418684973,40.426078740099136,51.828281146792364,3.9869968277220664,-11.402202406693227
24,0,106.916293513428,122.41479175743315,49.96793407757426,51.279519285803495,-15.498498244005148,-1.311585208229232
24,1,101.27045309185569,114.60279616163025,50.90820530584776,50.14832094673454,-13.332343069774566,0.7598843591132152
24,2,96.96742893905592,107.16701557541323,52.044388420499715,48.40670335517703,-10.19958663635731,3.6376850653226853
24,3,94.89279782247351,104.14220096925035,50.20524759709132,46.33801377333446,-9.249403146776842,3.8672338237568624
24,4,94.06972355571779,99.12150250037485,50.20524759709132,45.885317637481464,-5.051778944657059,4.319929959609858
24,5,95.29526240125054,95.84984998526534,48.821382615638214,44.415498808527175,-0.5545875840147971,4.405883807111039
24,6,95.4171793782591,101.13618102236967,44.93600336134424,39.78960725661514,-5.719001644110563,5.146396104729099
24,7,96.26053035895565,101.23105727024245,42.33978661969028,39.885555721177134,-4.970526911286797,2.4542308985131456
24,8,95.94114182259125,101.9355825953509,43.76156907992055,38.24336811107099,-5.994440772759646,5.5182009688495555
24,9,98.70622304984296,104.81890645246509,38.63814743850399,39.73129778631044,-6.112683402622125,-1.09315034780645
24,10,94.61299355386335,101.85802380397944,44.59693043021645,38.93497192381887,-7.245030250116088,5.661958506397582
24,11,92.19470124290511,99.16798653782803,41.951509400819305,38.86190421932699,-6.973285294922917,3.089605181492317
25,0,102.8431270742317,112.84687178144335,50.65062295235815,52.54615447835854,-10.003744707211652,-1.89553152600039
25,1,96.34675855213236,107.17251421773163,48.53830452560201,51.93210309467182,-10.825755665599274,-3.3937985690698085
25,2,93.73108459424418,103.73324552732745,50.62394891059778,50.08580984515285,-10.002160933083275,0.5381390654449305
25,3,90.58767915995834,102.5585377330555,53.690279876134696,47.5826551020474,-11.97085857309716,6.107624774087299
25,4,90.0745927123633,103.36077760339796,53.53076560994813,51.17859348419044,-13.286184891034665,2.35217212575769
25,5,93.37682366841263,106.4638496056384,51.795061021019734,50.06802584721519,-13.087025937225775,1.7270351738045449
25,6,93.71898867721256,108.85856039477426,53.67317404787977,45.58444940849346,-15.139571717561694,8.088724639386307
25,7,92.78052886529417,107.7863165149992,53.67317404787977,45.361810961692214,-15.005787649705027,8.311363086187555
25,8,96.3053760402805,108.16255829083319,51.937469458951384,44.84359595651166,-11.857182250552682,7.09387350243972
25,9,97.0870353930102,113.27634479933285,56.534944820889265,43.576069442261485,-16.18930940632265,12.95887537862778
25,10,95.89835393741576,106.85754818329659,58.045637062948614,44.04047144022898,-10.959194245880823,14.005165622719637
25,11,93.56923649056863,101.96282767324463,55.78867782262079,43.87436291649071,-8.393591182676005,11.91431490613008
26,0,106.61822510345046,123.31831095283141,61.36569952942899,49.68050529847816,-16.700085849380955,11.685194230950827
26,1,102.94646770488272,112.10390830488573,57.43554587651276,49.88705698966641,-9.157440600003014,7.54848888684635
26,2,98.75164873384365,106.01453074478027,59.52496353200095,49.90725173859025,-7.262882010936622,9.617711793410706
26,3,96.87623691263289,102.90957055448742,57.8198805821156,48.98547283405001,-6.033333641854526,8.834407748065594
26,4,96.43549883900405,99.84954068499758,54.470521153364025,50.645322542930636,-3.4140418459935233,3.8251986104333895
26,5,95.19366212902833,98.7152576669269,51.89414985836486,49.92025214599637,-3.521595537898577,1.9738977123684904
26,6,94.9198715217793,100.00159058723197,52.866669481486724,46.92317716303011,-5.081719065452674,5.943492318456613
26,7,92.9909823817356,103.98478014627794,54.65572515306769,45.3402094193779,-10.993797764542336,9.315515733689793
26,8,91.65674891962321,103.6401418304137,54.92134121563796,45.09884143731724,-11.983392910790485,9.822499778320719
26,9,89.00070857945583,98.76316572067114,59.42258880172449,47.366544533362365,-9.762457141215307,12.056044268362122
26,10,88.13240496492878,95.48144118861367,60.23343768789265,47.096559742865225,-7.349036223684891,13.136877945027429
26,11,85.37322262229601,91.4476685432572,62.936571109167396,41.29254694052935,-6.074445920961182,21.644024168638047
27,0,111.72835875718025,127.08957849514287,50.37615401347862,50.696269716694644,-15.361219737962628,-0.32011570321602534
27,1,102.17840436191456,127.08957849514287,50.93322704596948,50.696269716694644,-24.911174133228315,0.23695732927483704
27,2,97.17797724700797,116.44255180137428,52.26111058110728,54.51998502224573,-19.264574554366305,-2.2588744411384454
27,3,93.99152723342742,107.25562705551354,50.96366446607797,51.657172108644446,-13.264099822086123,-0.6935076425664732
27,4,95.0488979182987,105.1205097725261,48.40872251414853,46.17953253337936,-10.071611854227399,2.2291899807691706
27,5,94.21802352136461,102.49982209133506,54.31434336541403,45.356766984663565,-8.281798569970448,8.957576380750467
27,6,93.85022045247334,96.51280958652826,50.923414554487124,46.45131936526275,-2.662589134054926,4.472095189224376
27,7,96.12367248177209,100.4254584688259,49.0466329075818,45.38446328323579,-4.301785987053805,3.6621696243460136
27,8,94.88908842046237,103.19664097938355,49.36238343510313,44.05286430504315,-8.307552558921174,5.309519130059982
27,9,93.74888784345444,107.99449833254013,47.51461222702273,43.2858473780023,-14.245610489085692,4.228764849020429
27,10,90.91763562083841,101.45169217874265,45.10475410781551,41.901581596757076,-10.534056557904236,3.2031725110584333
27,11,87.8876627723135,96.74979970817864,44.432643957207816,39.62581047774281,-8.862136935865138,4.806833479465006
28,0,104.37962371204793,124.10609708128557,58.03497539959696,50.79102898416875,-19.726473369237638,7.243946415428212
28,1,101.9133781300702,119.11839506327213,55.175425177728755,49.75017348712846,-17.205016933201932,5.425251690600298
28,2,99.9399668162395,112.71935814484047,55.96787218266169,49.684472152483615,-12.779391328600965,6.283400030178072
28,3,101.94996245593576,109.41733259044874,55.96787218266169,49.220742668427675,-7.467370134512976,6.747129514234011
28,4,103.42445434594691,112.66542733942255,54.01666640600286,48.31494972998722,-9.240972993475637,5.701716676015643
28,5,107.3401285553823,115.92380710247768,54.01666640600286,49.53549037901716,-8.583678547095388,4.4811760269857
28,6,106.49329101436356,118.19191055834759,53.76468364690331,44.41236622399365,-11.698619543984023,9.352317422909657
28,7,106.97621775506325,119.03041224678127,54.44649318747435,43.94961226420331,-12.054194491718022,10.496880923271043
28,8,110.35698878886646,121.87708607977602,52.47155917659237,43.594819020566675,-11.520097290909561,8.876740156025697
28,9,111.08448859359885,124.73762542309372,54.56957737947343,43.49445704711826,-13.65313682949487,11.07512033235517
28,10,113.96486947387842,125.02340638924187,54.56957737947343,42.102380432044335,-11.058536915363447,12.467196947429095
29,0,93.73684479425094,114.79568763432812,63.48763380453202,54.617753257134034,-21.058842840077176,8.869880547397983
29,1,87.81944258856903,109.11281556262591,61.40240891221469,55.92735706471507,-21.29337297405688,5.475051847499621
29,2,85.52076859243769,103.37171216829495,57.34326503029759,54.497811938993614,-17.850943575857258,2.8454530913039733
29,3,81.67189526270406,98.39343061723693,57.50995421213107,49.10922753059455,-16.721535354532875,8.400726681536518
29,4,79.79298657253398,94.35177909646951,57.50995421213107,46.91534264822643,-14.558792523935537,10.594611563904643
29,5,80.38924024616485,83.3129978291909,55.38885781546961,46.859618232089254,-2.9237575830260596,8.52923958338036
29,6,81.68712442563677,91.25575971388578,55.38885781546961,45.74192347654821,-9.568635288249013,9.646934338921405
29,7,82.11178560100545,89.93110442011172,53.41392380458764,45.73297914012809,-7.819318819106272,7.6809446644595525
29,8,80.04769850209189,91.84404286175136,56.702710390835726,44.82142548958567,-11.796344359659471,11.881284901250055
29,9,75.94227882685023,89.5354679318437,57.166761027758426,39.57303546468648,-13.59318910499347,17.59372556307195
29,10,70.55172288933842,85.02083092784842,53.03466140207224,39.302085618076035,-14.46910803851,13.732575783996204
29,11,65.46411650088933,82.07667059534963,52.65467423329487,38.97658278735749,-16.612554094460293,13.678091445937376
29,12,59.11128720823749,77.91633972510012,51.13799194034937,34.10619395378406,-18.805052516862624,17.031797986565316
30,0,103.33706785978931,114.1300865893248,63.35794348594054,49.59517949260213,-10.79301872953549,13.76276399333841
30,1,102.14587202215787,110.10305106508879,65.5406665549676,49.93592667558033,-7.9571790429309175,15.604739879387267
30,2,102.73580731937335,112.06339785351406,62.73821503510081,48.2754563057924,-9.327590534140711,14.462758729308405
30,3,104.72138581199798,116.78788046905144,65.69174274937308,45.830998227766585,-12.066494657053468,19.86074452160649
30,4,110.21414261048746,116.10423261200488,65.69174274937308,49.59510379656598,-5.890090001517422,16.096638952807098
30,5,111.5858373768651,118.55978077264922,65.69174274937308,48.27998126851146,-6.973943395784119,17.411761480861614
30,6,112.38314946317925,124.41721831686323,65.69174274937308,47.39520333814962,-12.034068853683976,18.296539411223456
30,7,116.02926037365658,124.55954941464022,62.889291229506284,47.07577935176517,-8.530289040983632,15.813511877741114
30,8,116.19630324223355,122.18783160969427,65.84839520800635,47.054421501199414,-5.991528367460717,18.793973706806938
30,9,113.91396135066428,122.02088336157767,67.27275352933374,47.585123514071476,-8.106922010913394,19.687630015262265
31,0,103.91005789734268,117.68968058599523,63.22318412729736,51.56206918766275,-13.779622688652552,11.661114939634608
31,1,93.11160736453154,117.68968058599523,59.97288076876008,51.56206918766275,-24.578073221463697,8.410811581097327
31,2,84.83686812864013,105.67270141865144,61.730474931855674,53.001699841049245,-20.83583329001131,8.72877509080643
31,3,80.44595185447095,95.22058798345161,59.17644451850478,46.5186809285649,-14.77463612898066,12.657763589939883
31,4,76.80075900466262,86.41744955516718,61.555493632431244,50.40849699380688,-9.616690550504558,11.146996638624366
31,5,74.2735166596897,85.87237017698797,63.24789629738461,45.75398257574082,-11.598853517298267,17.493913721643786
31,6,72.51831960526054,72.37761163778713,61.926590248001546,45.97092580654104,0.14070796747341774,15.955664441460506
31,7,71.57645826368821,91.041353178367,53.36523882372688,52.112934610804096,-19.464894914678794,1.2523042129227804
31,8,71.37476901410874,92.02356351095371,53.46305410079215,49.39085209076222,-20.64879449684497,4.072202010029926
31,9,71.73442712360999,95.16209200989033,51.41512867616043,50.4266386624126,-23.42766488628034,0.9884900137478283
31,10,67.95935147459085,85.50910616591258,48.724334215875906,42.95358798038344,-17.549754691321738,5.770746235492467
31,11,64.9224577306202,90.19791727005797,48.33198703968209,46.50430984271289,-25.275459539437776,1.8276771969691978
32,0,85.48306450661312,115.73181173561244,50.4937202696263,52.8879687596429,-30.24874722899932,-2.394248490016601
32,1,81.311293608112,101.87389934076567,49.469245917370635,56.69118496165547,-20.56260573265368,-7.221939044284838
32,2,75.21202040260827,92.97824267142718,56.535459700104155,54.864386037566796,-17.766222268818908,1.67107366253736
32,3,72.03416144957076,86.88657890892598,54.66491632259869,50.81204099019761,-14.852417459355223,3.8528753324010836
32,4,71.33582834841113,83.33733551253019,56.8421696820702,52.41774370052358,-12.001507164119062,4.424425981546619
32,5,71.59148002554457,72.66227123260303,54.640609183362514,49.72362745966251,-1.0707912070584626,4.916981723700005
32,6,70.60807132383594,76.69312437262178,49.28236549401238,48.45133883677298,-6.085053048785838,0.8310266572393985
33,0,112.79410806661281,140.48361871015786,72.76109843719372,67.18757018028657,-27.68951064354505,5.573528256907153
33,1,97.81690692067323,126.9579163669725,65.32980453024823,64.26576513589444,-29.141009446299265,1.0640393943537845
33,2,90.51182402139027,113.75499889379276,67.37474144825387,62.8075178665457,-23.24317487240249,4.56722358170817
33,3,86.87719986050718,103.8608988739383,63.96290046272486,61.20759484906306,-16.98369901343112,2.755305613661804
33,4,83.05096503518054,98.0430118114164,60.680684676793895,56.68136321855606,-14.992046776235867,3.999321458237837
33,5,81.91128615833742,91.2082507425387,60.4759190988556,55.52498878909909,-9.296964584201277,4.950930309756508
33,6,80.99962651249076,92.54194046980264,61.61607791327048,49.93585629634053,-11.542313957311876,11.680221616929948
33,7,80.87041769321429,92.85061294116142,57.72009843684359,48.799001365860704,-11.980195247947123,8.921097070982889
33,8,80.23720759013412,93.98055379522908,60.20499212866518,50.27894842749518,-13.743346205094966,9.926043701170002
33,9,78.91273714657953,94.4745807963493,61.98657738095118,50.88779353566824,-15.56184364976977,11.098783845282945
33,10,77.58522146786575,97.73694754366126,61.9781250276141,50.2416068386485,-20.15172607579551,11.736518188965597
33,11,75.79670968451855,92.52864656773805,61.758749867512385,48.55166355087257,-16.731936883219504,13.207086316639817
33,12,72.3661377240769,86.47429543494144,63.756226762313254,47.68158870936785,-14.108157710864532,16.074638052945403
33,13,69.23051477340924,82.52660163699109,63.190782018004526,44.124031178973894,-13.296086863581849,19.066750839030632
34,0,88.91027892917742,110.0354480309462,58.12863923903135,47.06212308538802,-21.125169101768776,11.066516153643327
34,1,85.77030825363298,110.0354480309462,56.28344344238317,47.06212308538802,-24.265139777313223,9.221320356995143
34,2,80.1605218610236,97.74008175819529,56.28344344238317,46.2693393467817,-17.57955989717169,10.014104095601468
34,3,76.68126819833016,89.78578815838857,56.28344344238317,45.52942510504978,-13.104519960058411,10.754018337333385
34,4,74.98197497237464,89.28309178663066,56.28344344238317,46.12383424462454,-14.30111681425602,10.159609197758627
34,5,74.07126374604157,83.35395436199315,53.965486998876116,45.957692667951875,-9.28269061595158,8.007794330924241
34,6,71.9402377244446,82.83623566300933,57.12822064591814,47.641775104586166,-10.895997938564733,9.486445541331975
34,7,72.04729148794026,82.56601505284628,55.53895285500051,46.12308670912668,-10.518723564906026,9.415866145873828
34,8,72.00830202366893,86.38510394218919,54.35982127414833,44.42037423556997,-14.376801918520258,9.939447038578358
34,9,69.51373819114862,89.66744542719628,56.60770957804299,41.66118000304873,-20.153707236047666,14.946529574994265
34,10,69.71947762370425,88.5592578316066,55.735632116733946,42.51422366574812,-18.83978020790235,13.221408450985827
34,11,65.79450448029857,89.11173970655452,54.31683984429236,42.079637658065,-23.317235226255946,12.237202186227357
35,0,95.01750046304593,111.46107649170536,57.96061391883074,56.43771764970426,-16.44357602865942,1.522896269126477
35,1,87.27158307444832,111.46107649170536,56.725112015165074,56.43771764970426,-24.18949341725704,0.28739436546081265
35,2,80.45370575968667,103.82714003984746,56.725112015165074,54.768232267665724,-23.373434280160794,1.9568797474993502
35,3,78.4940214179702,95.10408990056757,52.42821440451214,53.361136333112476,-16.61006848259737,-0.9329219286003365
35,4,78.41814941499007,94.1971982797747,52.42821440451214,53.75005113042788,-15.779048864784627,-1.3218367259157375
35,5,80.19000794268655,89.66944194337353,54.71605500846592,50.405118844220176,-9.479434000686979,4.310936164245746
35,6,80.2619179361134,95.02036824364819,54.04474354427501,45.85959061340749,-14.758450307534787,8.185152930867517
35,7,80.23634966866939,97.92631953653013,51.03961079385396,41.71456555866145,-17.68996986786074,9.325045235192512
35,8,80.9226704072389,98.9071591396735,49.88349680441425,41.16466271373606,-17.9844887324346,8.718834090678193
35,9,77.31378640502385,95.83305668786461,47.16846660823803,41.955324639217515,-18.519270282840765,5.213141969020512
35,10,73.4683617744691,88.39938281521954,57.31782293736253,41.052402158630166,-14.931021040750437,16.265420778732363
36,0,109.81116582800419,140.1915361435157,62.30874514316968,52.83803712619161,-30.3803703155115,9.470708016978072
36,1,96.51258476346321,120.1497493790086,61.3074694436831,58.916869270844316,-23.637164615545387,2.3906001728387807
36,2,87.5476216883775,109.89500735892594,55.92280471986926,59.80968975891244,-22.347385670548434,-3.886885039043179
36,3,84.46558215514035,99.98665358555247,55.92280471986926,41.26367489007686,-15.521071430412121,14.659129829792406
36,4,79.80193180324135,92.71326329099732,55.92280471986926,47.654284306013295,-12.911331487755973,8.268520413855967
36,5,78.39766584000954,82.52022561312072,53.433251797870106,52.134626715231086,-4.122559773111178,1.2986250826390204
36,6,73.37242023763388,82.01328708502854,60.440203412754414,49.096708091415906,-8.640866847394662,11.343495321338509
36,7,68.9771769425007,80.47663464369029,55.65716812975971,48.39431613051689,-11.499457701189584,7.2628519992428195
36,8,65.12250762127168,81.08693436453905,48.22580544557172,44.43161052264679,-15.964426743267367,3.7941949229249303
36,9,61.56742757541898,82.04528546324643,43.025144861842435,42.005466163180195,-20.477857887827447,1.01967869866224
36,10,59.30579060406546,72.1208187794208,47.00829437468461,35.13652139075736,-12.815028175355344,11.87177298392725
36,11,55.61128853560714,69.90625369782465,45.18112976333049,31.002704172265748,-14.294965162217515,14.178425591064741
37,0,115.1924831912552,126.70762160710962,73.01642949958715,59.30848329370015,-11.515138415854409,13.707946205886998
37,1,106.96803104532765,121.95920233701744,70.9494079838396,59.72230727349395,-14.991171291689795,11.227100710345653
37,2,103.4072928636841,117.98505817294836,70.17841301799132,57.881337714629694,-14.577765309264251,12.297075303361623
37,3,100.44992538560777,114.92157915315354,72.2274006244502,57.72186404459553,-14.471653767545774,14.50553657985467
37,4,100.1073598236531,113.87502171806652,72.40757543781841,55.91723467466019,-13.767661894413422,16.490340763158216
37,5,101.99842801103065,115.02567385675101,74.11900774299913,55.80299492954998,-13.027245845720358,18.31601281344915
37,6,103.15202778975507,120.9025092228972,73.473265252231,60.75699856178842,-17.750481433142127,12.71626669044258
37,7,103.27932081738443,121.54973499902387,74.740941167972,60.50498278139845,-18.27041418163944,14.235958386573543
37,8,102.694375687007,121.06959529249185,76.05639287497347,57.665948712220676,-18.375219605484858,18.390444162752793
37,9,104.01362800710783,117.78054441678051,75.21827004786849,55.69071413488303,-13.766916409672689,19.527555912985456
37,10,105.47902277598399,115.28791934392274,75.29035336685654,55.63855105964027,-9.808896567938746,19.651802307216265
38,1,104.72432008991738,133.55463532065977,77.91373686784053,45.96894389030624,-28.830315230742386,31.944792977534284
38,2,94.91475087502518,120.62959800246368,84.11248794238182,53.67814327039881,-25.714847127438503,30.434344671983006
38,3,85.72296388545269,110.2689263766496,78.70721991321804,53.61200471808134,-24.545962491196917,25.095215195136703
38,4,80.21134521453862,101.28576588006068,77.3708694497558,50.58470344627987,-21.074420665522055,26.786166003475934
38,5,77.47500628438293,89.92852236877502,67.81137284907572,48.453033150999914,-12.453516084392092,19.35833969807581
38,6,74.02725758548371,84.89928277018325,70.88295382946647,48.09427498828087,-10.872025184699538,22.7886788411856
38,7,71.82197122280222,90.39239164738873,71.80816313568675,53.513037997889285,-18.570420424586516,18.29512513779747
38,8,70.90862194331923,87.47814617150733,69.14823635821242,53.47954434187228,-16.5695242281881,15.668692016340138
38,9,70.1113250556756,91.85155398657182,62.88094991513487,55.9499171321963,-21.740228930896222,6.931032782938573
38,10,65.8325247844455,84.13669916265877,67.29150411148404,55.99831885265253,-18.304174378213276,11.293185258831514
38,11,61.55400221639,76.47268925606797,59.23182771948035,50.76290193189556,-14.918687039677963,8.468925787584787
38,12,57.78529670943072,73.61859773111856,62.93530225500027,47.07546719815151,-15.833301021687838,15.859835056848766
39,0,129.92837436074782,145.47548388968417,59.72985006926549,55.07954299390599,-15.547109528936346,4.6503070753595
39,1,118.12834137344466,137.01696786364946,54.52120839405683,54.682176405891745,-18.8886264902048,-0.1609680118349175
39,2,109.38916483078526,125.30887730694401,53.928521878138675,56.79113445916057,-15.91971247615875,-2.8626125810218923
39,3,105.32527383957039,118.74639745759686,55.457048594703195,53.26816161326293,-13.42112361802647,2.1888869814402625
39,4,102.03383329283263,110.4680929916299,53.38994537776792,52.770102162405465,-8.434259698797277,0.619843215362458
39,5,104.81093250985728,105.6479778532657,51.38097353145122,53.77763974463484,-0.8370453434084197,-2.3966662131836216
39,6,108.11946525817321,110.46557576344779,51.59056418408755,52.31816570169529,-2.3461105052745808,-0.727601517607745
39,7,111.14384955471925,121.94585201281905,51.4002187323429,47.30288872265546,-10.802002458099793,4.09733000968744
39,8,109.10131198263974,123.22870143972234,49.76364169072618,48.47425571442921,-14.1273894570826,1.2893859762969697
39,9,112.1042403130714,117.53810895144872,47.54038598193904,48.47851310903419,-5.433868638377319,-0.9381271270951501
39,10,105.81800196204466,118.76996450347806,47.12623921656596,48.98096567825446,-12.951962541433403,-1.854726461688493
40,0,113.41405459672305,134.99751257152627,56.02087229282538,55.39660020076943,-21.583457974803224,0.6242720920559535
40,1,103.6221717452056,122.32746399764353,48.62746244835846,51.628193575486584,-18.70529225243793,-3.0007311271281267
40,2,96.16373173438758,113.15247278859495,49.914815691219026,45.56097126994606,-16.988741054207367,4.353844421272967
40,3,95.42012857544276,107.9559341783296,49.601758181087035,44.81081677372671,-12.535805602886839,4.790941407360329
40,4,96.21359941004408,105.82347357876628,47.55782400790182,44.30876349456806,-9.6098741687222,3.2490605133337596
40,5,98.76459549790289,108.51819222954306,43.79982687701698,45.84808647181509,-9.753596731640172,-2.048259594798104
40,6,102.19656751699924,117.67423481260697,44.109092548765666,48.55141966097517,-15.47766729560773,-4.4423271122095045
40,7,105.28106255586995,120.24650043570496,46.300942362387495,45.57310651377908,-14.965437879835008,0.7278358486084144
40,8,106.124170571539,122.92651919389112,43.483672082379336,46.219382198816476,-16.802348622352127,-2.73571011643714
40,9,110.49549896873498,124.91694750079371,41.412079070542134,44.52362795182028,-14.421448532058733,-3.1115488812781464
40,10,110.79443215570105,126.55894309434547,43.9481095951578,45.32006807422038,-15.76451093864442,-1.3719584790625774
41,0,120.56965633642909,138.99388830666066,60.05448590276812,56.51027558338769,-18.424231970231574,3.544210319380433
41,1,115.96469393328911,131.47742465880125,57.29541326805605,58.142338594629344,-15.512730725512142,-0.8469253265732917
41,2,113.75661211602858,127.21740406087474,54.38923884544232,57.92415492738348,-13.460791944846164,-3.5349160819411622
41,3,115.7295181825274,130.26383268651117,53.89578610368891,57.35216554425969,-14.534314503983765,-3.456379440570778
41,4,115.21984062015528,133.9199515813168,54.64273816427887,50.85968607317075,-18.700110961161528,3.783052091108118
41,5,120.60029209986075,152.14063927943482,54.37019844701895,52.02393354838778,-31.54034717957407,2.346264898631169
41,6,125.44481684842789,147.68930187429146,52.787441735992275,52.18061430128764,-22.24448502586357,0.6068274347046341
41,7,129.0492379881437,141.19069359615645,50.66910137171125,52.68797579067269,-12.141455608012762,-2.0188744189614383
41,8,129.63130698208283,143.24870206486887,53.236440713564555,52.68286642669184,-13.617395082786032,0.5535742868727169
42,0,128.87823855723926,140.34198237317085,56.489672493463935,58.47947155995215,-11.463743815931593,-1.9897990664882172
42,1,116.25534839883873,132.28938212801933,56.076432088678715,57.8329299528719,-16.034033729180592,-1.7564978641931859
42,2,108.95440842688122,121.8737262860608,48.588149689435134,55.26732995507976,-12.919317859179586,-6.679180265644625
42,3,103.71486062412711,116.79483205149728,52.17058672800533,51.58034205030763,-13.079971427370168,0.5902446776977044
42,4,103.80405380555318,116.064445923697,49.12226169628403,49.69730719853353,-12.260392118143812,-0.5750455022495018
42,5,102.1431659704036,113.03105049337086,51.78201165925753,49.69444049840352,-10.887884522967255,2.0875711608540044
42,6,104.6698384267174,115.45044067158646,49.08176336227507,52.70264494219182,-10.780602244869058,-3.620881579916748
42,7,107.82100352713516,129.29413831952638,52.91140308995076,51.02765718819706,-21.47313479239122,1.8837459017536986
42,8,111.03842842098558,131.02079591789195,50.92888672090187,49.90040597991012,-19.982367496906363,1.0284807409917534
42,9,116.7537319148188,130.23128402376997,51.34165240890335,50.89641167593367,-13.477552108951173,0.4452407329696797
43,0,121.68086338476218,136.57089071594385,50.111805022232616,53.749244245574126,-14.89002733118167,-3.6374392233415094
43,1,113.05727350648048,125.75534742621608,46.336638294404324,53.67557871566739,-12.698073919735592,-7.338940421263068
43,2,106.78205503806446,115.3914717700975,44.080347963565835,52.426936735889406,-8.60941673203304,-8.346588772323571
43,3,102.18744783260614,110.64389748249475,43.663480762609225,51.78086011809288,-8.456449649888611,-8.117379355483656
43,4,100.20542930706785,106.6495071306746,41.75804741134881,50.20815864954515,-6.4440778236067615,-8.450111238196335
43,5,99.8096352041043,107.81362247988216,44.82387176849367,49.781989827268404,-8.00398727577786,-4.958118058774737
43,6,103.27373915544635,118.06948614010166,46.25204285956041,46.54535667485272,-14.79574698465531,-0.2933138152923078
43,7,105.79536343517502,119.21135259783176,48.43869960969111,46.42897382731632,-13.415989162656743,2.009725782374794
43,8,107.930805662314,117.92275024284204,51.765607599693396,46.574755074971485,-9.991944580528042,5.190852524721912
43,9,108.70056215522398,118.5913534914111,50.92888623396826,46.02797705238321,-9.890791336187121,4.90090918158505
45,0,119.37761807920509,138.38028462304115,47.557502310396096,48.823103342986194,-19.002666543836057,-1.265601032590098
45,1,112.15314194603255,133.16069947079953,46.06091169026423,49.078287127123936,-21.00755752476698,-3.0173754368597088
45,2,107.81190158207524,124.47096399287565,47.021230208332426,47.28517082692501,-16.659062410800416,-0.263940618592585
45,3,106.73214007565147,120.88576898086367,44.646316281927405,46.72343594416002,-14.153628905212202,-2.0771196622326187
45,4,108.24103956426963,119.83797042009681,44.957646587113715,47.348353144769646,-11.596930855827182,-2.390706557655932
45,5,111.00513108240742,120.6402514950985,44.66624550064488,45.66164881242297,-9.63512041269108,-0.9954033117780909
45,6,113.92107840579837,129.33102298440298,39.83135772753301,46.737491868116344,-15.409944578604609,-6.906134140583333
45,7,118.49143442051957,123.18190430608504,37.07912052426397,46.75134392559668,-4.690469885565477,-9.672223401332708
45,8,121.78420433811654,131.64343646761134,36.412051649540125,46.77952504977775,-9.8592321294948,-10.367473400237628
45,9,124.38252008737545,134.7471943349556,36.29480430815182,47.63081472540438,-10.36467424758014,-11.33601041725256
45,10,31.222027684076288,135.26565701146,29.733665941596733,48.27026584564181,-104.04362932738371,-18.536599904045076
46,0,116.16582661264682,126.56810637816135,37.89275853577109,48.67896562561213,-10.402279765514521,-10.786207089841042
46,1,109.93268140296568,117.54210961123265,34.49605111596442,48.42992797575553,-7.609428208266962,-13.933876859791113
46,2,103.74854776778504,108.50311496087956,34.49605111596442,47.95901343504774,-4.754567193094516,-13.462962319083317
46,3,99.4020989922058,106.88297333453143,34.49605111596442,47.43174493001221,-7.4808743423256345,-12.935693814047788
46,4,100.44198335298749,110.14823180931744,38.081693458120526,46.02771838635093,-9.706248456329945,-7.9460249282304005
46,5,103.06397630971908,113.94500372520957,36.30207145056575,44.23493260444993,-10.881027415490493,-7.932861153884183
46,6,106.80191755342112,120.63532997712879,36.59067271504658,42.57226677061189,-13.83341242370767,-5.98159405556531
46,7,109.05927928059788,125.5416934338545,36.09477620613583,41.14132190611977,-16.482414153256627,-5.0465456999839375
46,8,110.75459698978379,124.91549063208659,34.76338423110017,43.3232083035262,-14.160893642302796,-8.559824072426032
46,9,115.7812252321246,130.1517874460256,34.277836106012856,43.87975139604038,-14.370562213900996,-9.601915290027527
46,10,119.62969249085792,131.38524444196472,38.83795110582931,43.74568343056841,-11.755551951106796,-4.907732324739101
47,0,127.68922451524529,140.79265256850923,43.15237609657338,55.59272378893814,-13.10342805326394,-12.44034769236476
47,1,122.63292381557935,132.97350766919334,46.81556495401527,53.436394017774326,-10.340583853613992,-6.620829063759054
47,2,115.28445867627745,125.86834176378959,44.35311675391355,49.95107666159567,-10.583883087512135,-5.5979599076821245
47,3,109.74126011511447,118.37023773690395,43.7174801346696,45.38712482117219,-8.628977621789474,-1.6696446865025933
47,4,108.22400299286939,114.64910313172288,43.02386399952497,44.20661132801595,-6.4251001388534945,-1.1827473284909829
47,5,106.47775249456458,115.48863527917788,43.73989581283782,43.615727704983186,-9.010882784613301,0.12416810785463639
47,6,107.7355465887932,123.90105712716836,46.10180990917884,45.597485766909415,-16.16551053837516,0.5043241422694251
47,7,111.09889044156078,124.68573485440203,46.516005861586244,44.09540254213989,-13.586844412841245,2.420603319446357
47,8,111.06454079300289,120.75026612930235,46.0634419047923,45.94939112272708,-9.685725336299456,0.11405078206522035
47,9,114.73435622673345,122.52975228816392,46.47091665802524,46.268729022841235,-7.795396061430466,0.2021876351840035
48,3,102.29091836348397,114.6182027721306,43.33834192074888,49.18102994824419,-12.327284408646634,-5.842688027495306
48,4,102.49484327739923,115.49515482253942,40.73673414172722,48.35596900134415,-13.000311545140192,-7.619234859616931
48,5,106.72655720916929,119.58605672294819,38.789629745783266,47.828150578295535,-12.8594995137789,-9.038520832512269
48,6,106.78169853736567,124.38501736504652,44.69625628702766,45.97271409755916,-17.60331882768085,-1.2764578105315039
48,7,109.9667502797062,126.66350056445945,44.05475831597774,45.53025608952165,-16.69675028475325,-1.475497773543907
48,8,112.58195089045626,125.81906246922547,44.9112512870657,45.37897043931473,-13.237111578769216,-0.4677191522490247
48,9,118.39768343570944,128.79449785441633,43.074815791276286,44.86829296261372,-10.396814418706896,-1.793477171337436
49,0,120.8102430478566,127.56526558809294,56.9635326718544,67.11487753096867,-6.7550225402363395,-10.151344859114268
49,1,114.05966552450035,124.01711291635561,45.70382996491667,61.728011480963694,-9.957447391855268,-16.024181516047022
49,2,107.46821027709305,117.53539826469091,46.3615271554124,57.00990050354316,-10.067187987597862,-10.648373348130754
49,3,105.24900875672189,116.38938664856579,44.72985473452614,52.80336286653197,-11.140377891843897,-8.073508132005827
49,4,108.19167691406297,114.76111577883229,42.17108062679812,51.48050869072311,-6.5694388647693245,-9.30942806392499
49,5,111.58711972681516,113.44112489793994,46.61914565592796,47.60254450670155,-1.8540051711247827,-0.9833988507735896
49,6,112.74169549588312,115.33862423311385,46.00969346632488,45.56746936097512,-2.5969287372307264,0.44222410534976575
49,7,116.60166249918736,118.84399595670874,44.10081271552397,44.55046580562366,-2.242333457521383,-0.44965309009968735
49,8,123.42759152457018,117.71772086917028,49.23895917176953,46.07493286658546,5.709870655399897,3.1640263051840662
49,9,123.29280537425387,116.7318474877195,54.20372841271385,47.33733784225842,6.560957886534368,6.8663905704554296
49,10,114.43247915376772,112.46584451375264,57.01147838636544,55.60421545438711,1.966634640015073,1.4072629319783303
50,0,134.9221419701306,144.25386038861473,59.3313338706463,64.83743362655822,-9.331718418484115,-5.506099755911926
50,1,125.72990946605277,141.85312700113752,51.72773280799683,57.182606056802896,-16.12321753508475,-5.4548732488060665
50,2,115.97474814034511,133.51222401215915,51.491409339669,50.88123814828256,-17.53747587181404,0.6101711913864349
50,3,111.0089367888995,124.69807414197452,48.13874026462511,50.79506661783107,-13.689137353075012,-2.656326353205955
50,4,108.5208029834241,120.07213719341328,46.39563318397761,48.598377223587,-11.551334209989179,-2.2027440396093922
50,5,110.60509698213032,118.4562397925657,44.37918520073289,44.98869795033664,-7.851142810435377,-0.609512749603752
50,6,112.18748360324689,118.54731314357217,44.44602023713869,45.00466972634445,-6.359829540325279,-0.558649489205763
50,7,115.17797685777427,118.55427870187751,47.63905288848109,45.2987324407943,-3.3763018441032386,2.3403204476867856
50,8,115.54318348559389,118.22010609293355,50.2453528179014,45.41657063565127,-2.6769226073396624,4.82878218225013
50,9,115.44733694072166,115.30842460525331,56.87231192001268,50.26123771696108,0.1389123354683477,6.611074203051601
50,10,115.66692082391415,112.14720383186078,63.9524964825025,59.69451579409852,3.5197169920533753,4.2579806884039755
50,11,107.82508264551393,110.44253464674904,69.85276251304259,74.04303823754947,-2.617452001235108,-4.190275724506876
50,12,104.89188336104839,105.44860296949149,70.7552707601671,73.61694614899571,-0.5567196084431032,-2.8616753888286155
50,13,100.73014894860792,103.97002523412867,68.17234982659788,62.539591002165054,-3.239876285520751,5.632758824432827
51,0,126.96416249200009,136.30929134640962,54.7375406975028,59.366820585929915,-9.345128854409538,-4.629279888427114
51,1,117.2690367497722,132.8106645919334,50.93899299835821,60.344803327123344,-15.541627842161205,-9.405810328765135
51,2,111.2338926224977,123.34945318002333,48.28931655855914,59.74621108216592,-12.115560557525626,-11.456894523606778
51,3,106.8233440514791,117.07995228774182,43.736249668759925,58.65827800970707,-10.256608236262721,-14.922028340947143
51,4,104.56392640972945,118.91225470151942,45.32920774946558,58.17278559113923,-14.348328291789969,-12.84357784167365
51,5,107.96053749420453,120.39831864019264,42.77295886576572,54.147609598205094,-12.437781145988112,-11.37465073243937
51,6,106.18142630723425,117.93999889212245,47.31603885621417,50.38663629317502,-11.7585725848882,-3.0705974369608526
51,7,105.8028339942799,117.64733175748586,49.91695169104756,50.57677989641725,-11.844497763205965,-0.659828205369692
51,8,103.59824306492754,116.40273564205953,56.74536311027185,52.55373344214555,-12.804492577131981,4.191629668126303
51,9,102.76972904356839,112.28929650367328,60.902950716858044,58.14120946829325,-9.519567460104895,2.761741248564796
51,10,96.72905288713199,106.04585042415874,65.81750134537592,67.01286491094625,-9.316797537026758,-1.1953635655703323
51,11,93.76623713135095,96.54935379782683,65.75978281034185,67.59052036921135,-2.783116666475877,-1.830737558869501
52,0,135.48185292513998,142.742531612525,53.494319815537004,62.940642660523956,-7.260678687385024,-9.446322844986952
52,1,120.3984626839995,133.7225751753512,53.75936357690846,60.08845405825472,-13.324112491351713,-6.329090481346256
52,2,114.77844432552509,127.13502634119642,52.799820064561004,56.3678697291032,-12.356582015671336,-3.568049664542194
52,3,112.04167133629736,122.28135351224854,51.65778259821531,58.675832360774486,-10.239682175951188,-7.018049762559173
52,4,112.80799797479348,122.39239037504272,50.194729885256955,57.25544322551806,-9.584392400249243,-7.060713340261103
52,5,114.10669961670895,119.18998983733402,46.84761026599459,55.640159172108305,-5.083290220625074,-8.792548906113716
52,6,115.59941190173338,115.34277735113064,49.33033162837423,49.57346002423949,0.2566345506027403,-0.2431283958652557
52,7,115.66105822055972,117.96654570713396,53.92032753590681,46.38777067137805,-2.3054874865742363,7.5325568645287575
52,8,115.19160662211716,111.36803726656386,55.03699433542058,46.24404663931618,3.8235693555533032,8.792947696104399
52,9,113.06256390855546,109.30098308249613,66.30943228886255,57.57889519473101,3.7615808260593298,8.730537094131542
52,10,112.25981922856907,106.29927800920082,63.65317121910689,71.10679490590019,5.9605412193682525,-7.4536236867933
53,0,135.87337043956097,148.51267519643534,55.84803726622354,56.47050611707776,-12.639304756874367,-0.6224688508542187
53,1,129.21622872580005,147.0176135475458,65.42625354935362,56.34082667544322,-17.801384821745756,9.0854268739104
53,2,118.63430027367711,136.3825560882304,62.05902873248075,54.17362800882334,-17.748255814553275,7.885400723657405
53,3,111.83225775209694,126.4434891331653,54.800550853692634,55.09777590721267,-14.611231381068364,-0.29722505352003736
53,4,107.7935790961991,124.36330613266597,53.07476575077052,54.89226119670893,-16.569727036466873,-1.8174954459384125
53,5,109.1139077423131,122.79675600536144,56.23814104610165,53.27492829184629,-13.682848263048342,2.963212754255366
53,6,109.4757936874779,120.17723164479504,56.34053966141324,49.75492445613813,-10.70143795731714,6.585615205275111
53,7,112.47337464966424,119.64852102775468,55.66284976012301,46.81929354704537,-7.175146378090446,8.84355621307764
53,8,115.583627950575,121.30113395006347,56.27577623573346,47.29636584721127,-5.717505999488466,8.97941038852219
53,9,116.51200209032923,118.99492940310218,54.845302668814846,50.90409530533211,-2.4829273127729437,3.9412073634827323
53,10,113.47452339145359,115.6502336312704,64.68031308969036,52.870325361924394,-2.1757102398168087,11.809987727765964
53,11,110.80264092554951,110.85733871131279,67.49151701596936,57.55488002168875,-0.054697785763281104,9.936636994280612
54,0,134.2799215079669,149.43466439352392,52.71202799261337,52.995557723661825,-15.154742885557027,-0.28352973104845347
54,1,125.36567807957314,142.01206869678882,52.87098411619899,52.67435708257672,-16.646390617215673,0.19662703362227063
54,2,115.64562702890085,134.87081354332727,51.59018175992006,48.91597336434633,-19.225186514426426,2.6742083955737286
54,3,110.94765291423325,130.17378830473473,49.90179042676994,49.395149378844756,-19.226135390501483,0.5066410479251857
54,4,111.42870357123327,126.5913969156986,45.36784933401736,51.61776732761856,-15.162693344465325,-6.249917993601201
54,5,111.73340242078423,122.94381384863341,47.17686011981007,46.169707671312935,-11.21041142784918,1.0071524484971377
54,6,113.76711012239068,120.92480316991848,44.97252674398538,46.54798743186731,-7.1576930475278004,-1.575460687881936
54,7,112.3404878061657,123.00556099127235,51.81580911616937,48.761143940708614,-10.66507318510665,3.0546651754607552
54,8,107.61547733341574,114.79763824907968,59.59774795359655,51.419961386187424,-7.1821609156639425,8.177786567409129
54,9,108.92776262418424,109.02480022010903,68.34767672991397,60.52313507849032,-0.09703759592478889,7.824541651423651
54,10,106.34660476560522,104.23749452692311,66.33178246666218,66.10847400585712,2.1091102386821063,0.2233084608050575
54,11,102.45214807513545,101.451338601594,65.70611239741494,65.71673309274192,1.0008094735414517,-0.010620695326977625
55,0,133.5153586860311,143.57383715504395,64.76959302096519,60.18002245932864,-10.05847846901284,4.589570561636549
55,1,124.09090630802592,137.62465772667986,58.36651692570614,59.57340741195796,-13.533751418653935,-1.2068904862518224
55,2,115.6007258199241,129.30078936215622,50.28923261399766,58.19337743037643,-13.70006354223213,-7.904144816378768
55,3,112.35250013465928,129.18619261628066,48.91642040179635,54.257547649844035,-16.833692481621384,-5.341127248047684
55,4,112.27100251197845,128.89520708519825,48.80820983767848,50.298287985956044,-16.6242045732198,-1.4900781482775614
55,5,116.21701407086759,126.42950996976201,45.160192115067225,50.34578328553872,-10.212495898894417,-5.185591170471497
55,6,120.6367613626404,125.14868143401827,47.19825460518346,50.088919368323346,-4.511920071377872,-2.8906647631398883
55,7,125.0872952928843,129.60494543239042,47.04540848888723,47.1634362324464,-4.517650139506117,-0.11802774355916767
55,8,130.69106421384146,130.68511749731783,52.11594050872536,46.09722561721375,0.005946716523624218,6.018714891511607
55,9,133.46948948701194,130.5813619388979,53.06094038454198,46.88643031519864,2.888127548114028,6.1745100693433415
55,10,134.96882422823245,133.7977626539607,54.67903491727943,49.7255090495311,1.1710615742717607,4.953525867748333
56,0,133.3798771324181,142.5464821596166,51.7982289550651,63.36615652467456,-9.1666050271985,-11.56792756960946
56,1,134.53333129845024,142.5464821596166,52.05764936483399,63.36615652467456,-8.013150861166366,-11.308507159840566
56,2,124.33852053722403,140.33055720500988,57.171318651957826,59.542461887461364,-15.992036667785854,-2.3711432355035384
56,3,116.4823027565073,133.30923534632456,57.264773727892404,56.0265123701586,-16.82693258981726,1.2382613577338049
56,4,113.96867154141968,127.17134999795977,53.303173632490044,55.32884444891878,-13.202678456540085,-2.025670816428736
56,5,115.42953079802287,127.16769970812572,53.06123845511381,51.62284463630709,-11.738168910102857,1.4383938188067162
56,6,116.88667619565359,128.92582606653372,49.53117562886955,49.4314018233777,-12.039149870880124,0.09977380549185
56,7,122.00829587638123,129.9949550195809,49.53117562886955,48.50395054256608,-7.986659143199688,1.027225086303467
56,8,122.31921239283261,127.45755784494071,49.547356306076516,49.854332219843535,-5.138345452108098,-0.30697591376701894
56,9,129.42072252878634,124.54083819879739,49.547356306076516,49.815098624466785,4.879884329988954,-0.26774231839026896
56,10,132.9625203084759,131.07603561935537,49.547356306076516,49.6548196925459,1.8864846891205218,-0.10746338646938369
57,0,137.44054116166407,154.61120330437956,61.73847435829609,61.237997071861145,-17.170662142715486,0.5004772864349434
57,1,139.3415362391794,154.61120330437956,57.31546601287552,61.237997071861145,-15.269667065200167,-3.9225310589856264
57,2,131.06383866495256,146.0506711505732,57.93793377851516,56.44152947136909,-14.986832485620653,1.4964043071460722
57,3,122.9291885028827,139.17770938871632,56.454729292318135,57.19236941499352,-16.248520885833628,-0.737640122675387
57,4,120.14442893563259,130.29475517787313,48.66486900147005,54.00096091195082,-10.150326242240538,-5.336091910480768
57,5,122.66171751983777,129.48912079549442,53.63267380757769,53.64121019712361,-6.82740327565665,-0.00853638954592384
57,6,128.50065665440212,129.21243309616062,49.27649152795826,50.49074044983714,-0.7117764417585022,-1.214248921878884
57,7,132.37716585561748,129.13402141325568,47.63839071030795,50.08978937102064,3.243144442361796,-2.451398660712691
57,8,135.27042007154486,131.27529292568096,47.49541018833667,48.3086356756091,3.995127145863904,-0.8132254872724332
57,9,136.7838155338626,126.59904233643528,49.34559264917138,47.17518087403623,10.184773197427319,2.1704117751351504
57,10,133.2936766441674,126.85190462632576,47.35642899471163,47.79696739877688,6.441772017841629,-0.4405384040652507
57,11,128.7852915828377,128.18564305045126,49.89481025801749,49.202341036452815,0.5996485323864249,0.6924692215646786
58,0,137.81625614300998,148.03009379860472,70.74451947005677,65.33079045055638,-10.213837655594745,5.413729019500394
58,1,125.96019636825585,137.8727104509014,69.3627144623718,57.9177484274061,-11.912514082645544,11.444966034965695
58,2,116.9908244225054,124.61355352427275,60.946213182000534,55.91361234023394,-7.622729101767348,5.032600841766595
58,3,109.89305598428076,121.05359892713098,60.6297766412502,56.01687066669381,-11.160542942850213,4.612905974556391
58,4,107.33032434530949,121.08642427001345,55.60156469191826,54.91842752066801,-13.75609992470396,0.6831371712502516
58,5,106.02117905329031,117.11740666577091,54.031595708706504,55.42616776261868,-11.096227612480604,-1.394572053912178
58,6,105.3608430629051,116.02356980481144,52.158008005302584,52.022643683779876,-10.66272674190634,0.13536432152270805
58,7,104.4340917818414,116.23943549115164,51.115345995803416,52.68040221492198,-11.805343709310236,-1.565056219118567
58,8,103.84450156480246,111.78996126608426,54.873166523507614,49.639145041644156,-7.945459701281806,5.234021481863458
58,9,101.6479038815464,110.04334747322442,59.957206697744866,51.47283391391954,-8.395443591678017,8.484372783825329
58,10,98.16198308216444,104.92001451427785,66.48754777180123,53.18003985540957,-6.7580314321134125,13.307507916391664
58,11,92.96187181430022,100.44841889430674,69.05288272648198,59.386311001810185,-7.486547080006517,9.666571724671797
59,0,141.22068876501146,153.82463379652077,62.31360449571656,71.26181455956402,-12.603945031509312,-8.948210063847455
59,1,135.53420547847705,148.8663301841772,68.75991728499437,64.75846626487008,-13.332124705700153,4.001451020124293
59,2,125.46726813516874,142.6512986278741,68.49201029622529,60.562877736201976,-17.18403049270536,7.929132560023312
59,3,117.47606284422383,135.719278852908,67.59019513910752,56.86968989872641,-18.243216008684158,10.720505240381108
59,4,114.83015622836201,128.7250728126119,58.55185111692654,55.5388675005064,-13.894916584249884,3.0129836164201436
59,5,112.35750559090734,125.79856097018724,63.81546281230155,51.91381864455352,-13.441055379279902,11.901644167748024
59,6,113.66203341571905,120.99392851356632,62.03800773963599,47.84267920784024,-7.331895097847266,14.195328531795745
59,7,114.17120215344677,124.72802714013442,56.508688733972534,47.99063990629864,-10.556824986687644,8.518048827673894
59,8,113.17135987747373,122.27055865227962,57.61723633251529,48.02987840984264,-9.099198774805885,9.587357922672652
59,9,110.0448170512627,115.44463575993255,61.49281543427526,49.780877194542214,-5.399818708669855,11.711938239733044
59,10,104.63832943867908,107.76652307916773,58.67784997922626,52.086573176347464,-3.1281936404886466,6.591276802878795
59,11,103.05884596963547,103.08120110116315,59.12409341366985,56.5080964751162,-0.0223551315276751,2.61599693855365
60,0,139.37327680235697,151.84506356227493,50.53392230677967,52.5136154350841,-12.471786759917961,-1.979693128304426
60,1,133.61575941236072,147.27609793431427,58.94739011858137,53.11309341923788,-13.660338521953548,5.83429669934349
60,2,120.85913803326206,139.19478466235904,57.948537320903974,51.261734867336884,-18.335646629096985,6.68680245356709
60,3,115.10247966436499,130.26702654967818,54.30019092127358,52.67991680974891,-15.164546885313186,1.6202741115246724
60,4,112.98119094251311,124.93776421076478,50.86706099879293,54.97303545284139,-11.956573268251674,-4.105974454048457
60,5,111.84986865329779,125.83442735657194,52.47071100142981,52.97845588542353,-13.984558703274146,-0.5077448839937162
60,6,116.28811546704036,124.41092350106912,47.06697916758284,47.1644320372267,-8.122808034028765,-0.09745286964385969
60,7,115.74440300277729,124.49031277918827,57.27455917450161,47.01705855297819,-8.745909776410983,10.25750062152342
60,8,115.91138301711817,113.79646959525527,56.957855853787244,47.29563551831874,2.1149134218628944,9.662220335468504
60,9,114.17646367738442,110.35026782279161,55.85563730518645,50.311225963074165,3.826195854592811,5.544411342112284
60,10,107.40891841431718,105.73070898824443,58.70313222400511,55.94822007004993,1.6782094260727547,2.754912153955182
62,0,137.28241685172708,136.6770022856705,54.38598618160205,54.315781279866236,0.6054145660565666,0.07020490173581351
62,1,136.92868538030015,135.8049714385513,53.82737964722301,54.150175431449014,1.1237139417488606,-0.3227957842260025
62,2,138.82412871923532,139.3106229477854,53.82737964722301,53.99763873265276,-0.48649422855007174,-0.17025908542974832
62,3,139.5583548564025,142.63634315101578,53.82737964722301,53.22514353139256,-3.0779882946132773,0.6022361158304506
62,4,141.49757092108376,145.22972988026575,55.41026316955463,53.66375500763588,-3.7321589591819873,1.7465081619187544
62,5,141.64500084599499,148.7992119951771,54.48005260495713,53.608789914285076,-7.154211149182117,0.8712626906720544
62,6,138.87773823650508,147.21544021435201,54.48005260495713,53.09398603213412,-8.337701977846933,1.3860665728230117
62,7,139.02823958916662,145.92883287634544,54.48005260495713,52.283998651154995,-6.900593287178822,2.196053953802135
62,8,134.78396981288313,146.2235127918258,54.48005260495713,51.65113723986624,-11.439542978942683,2.828915365090893
63,0,128.80397128187082,119.76163473983297,51.24631562099013,52.63771189690348,9.042336542037845,-1.3913962759133511
63,1,130.30396325530518,121.71002846765468,51.24631562099013,52.60465833668229,8.593934787650497,-1.3583427156921601
63,2,128.01442053811536,121.94622209836675,51.58253144356006,52.4133515965742,6.068198439748613,-0.8308201530141446
63,3,127.05666168538126,123.2647270433438,51.24631562099013,52.399673923762286,3.791934642037461,-1.1533583027721548
63,4,126.99354719682243,128.60976961963343,51.24631562099013,55.58225489449924,-1.616222422810992,-4.335939273509112
63,5,130.87430015850015,135.19966211203123,53.03627099022291,52.58709356444295,-4.325361953531086,0.4491774257799577
63,6,131.5469997915021,139.21404572038236,52.61976079145221,50.516854798039205,-7.66704592888027,2.102905993413003
63,7,135.01077348166874,138.380517320929,51.36424224213993,49.85026904155252,-3.369743839260252,1.513973200587408
63,8,135.70039081569746,134.07415424931222,50.96014043488336,48.75396151061608,1.626236566385245,2.2061789242672774
64,0,141.8483638319526,148.38113359336282,59.086396450692625,63.52564359897047,-6.532769761410208,-4.439247148277843
64,1,135.5340939541408,143.1273651589149,58.93682925968756,63.040894156861405,-7.593271204774112,-4.104064897173842
64,2,132.62759891448653,144.53078117921626,56.71286801930208,61.170970462083126,-11.903182264729736,-4.458102442781048
64,3,131.0564171636489,148.14788888297977,53.96445922028146,58.325728534807816,-17.091471719330883,-4.3612693145263535
64,4,133.34025809174764,148.59476922176546,53.30975816656846,56.73856007749107,-15.254511130017818,-3.4288019109226155
64,5,137.17208644899526,151.41582796243856,52.44187404025547,55.846575736966834,-14.243741513443297,-3.4047016967113635
64,6,140.7290413461903,154.0469028720932,54.298972493474885,54.12258165770509,-13.317861525902913,0.1763908357697943
64,7,141.4532127733055,157.42980242774505,53.99028793025012,52.31162095145902,-15.97658965443955,1.6786669787910995
64,8,142.3721717237524,154.60237437822738,47.078455281448754,52.878010521739824,-12.230202654474994,-5.79955524029107
64,9,143.23354478359832,152.0456569758939,46.2815235523149,52.114217854157836,-8.812112192295587,-5.832694301842935
64,10,142.34518708680636,150.29099710582796,46.32124127274957,50.36430441538132,-7.945810019021593,-4.043063142631752
65,0,121.50281017207375,121.5442000070915,54.511246671189866,52.08178275333895,-0.041389835017753285,2.429463917850917
65,1,122.84096454689283,122.5102051123541,51.690658197931306,51.819423505969,0.33075943453873435,-0.1287653080376927
65,2,123.31952997453713,122.0271993082281,50.665413086362186,50.06509880653835,1.2923306663090273,0.6003142798238343
65,3,122.3253347040255,122.98226491966027,47.997221425763335,48.69890905653327,-0.6569302156347732,-0.701687630769932
65,4,123.93413529384381,125.00326346542681,44.44703313005408,47.14034121536586,-1.069128171583003,-2.6933080853117772
65,5,124.90375576725224,129.01842527830175,48.38690849886384,44.14144962308379,-4.114669511049513,4.245458875780052
65,6,126.47548753334702,133.35907084754848,51.338268023004005,45.32635251604267,-6.883583314201459,6.011915506961337
65,7,128.29594809181285,133.9566352042139,52.486894819216324,45.12923308037333,-5.660687112401064,7.357661738842992
65,8,128.4920684959241,134.52015213407074,56.36017479575963,45.761049968968315,-6.028083638146654,10.599124826791318
65,9,126.04642210500458,134.86769316802523,57.69328253499511,46.36891697111077,-8.821271063020646,11.324365563884342
66,0,137.34993382494653,138.4759706193002,55.4399363358757,48.222844369082146,-1.1260367943536664,7.217091966793554
66,1,132.9269013252898,137.0028171819055,55.82643526312995,52.555421059211774,-4.075915856615694,3.2710142039181775
66,2,133.51152069905484,132.45957240817654,54.04226009870532,53.864146444393434,1.0519482908783004,0.1781136543118862
66,3,130.1922839024564,127.2455777078762,53.37268714518082,52.34428024988854,2.9467061945802158,1.028406895292278
66,4,126.31295014960881,130.34404132893,52.23235097393334,49.93715802638175,-4.03109117932118,2.295192947551591
66,5,128.35184811511013,132.87554108377913,52.324453860968525,49.44852939425124,-4.523692968668996,2.8759244667172865
66,6,132.19811100330077,138.08735906995187,52.324453860968525,49.526773470617016,-5.889248066651106,2.797680390351509
66,7,133.48086906012847,144.47509360272343,52.99431810413234,47.29380369174357,-10.994224542594964,5.70051441238877
66,8,133.52118191733211,146.5489982059405,54.35046170472964,45.61655089571776,-13.027816288608392,8.733910809011881
66,9,135.2659862309706,147.51450955122658,56.817891034930696,46.224057617523066,-12.24852332025597,10.59383341740763
66,10,137.4382312229583,146.52429677431525,59.574474726410514,47.265391515621154,-9.086065551356938,12.30908321078936
68,0,128.7531625547116,131.82750483762743,58.696248585618804,48.24419686878778,-3.074342282915836,10.452051716831022
68,1,126.36535458898624,131.2018122840726,58.3084649603137,47.274240572806555,-4.836457695086352,11.034224387507145
68,2,128.40318587052963,133.10898753079803,55.83271754280125,47.5773308118345,-4.705801660268406,8.255386730966748
68,3,125.78415187630601,132.64455555892184,54.68575491602648,47.47539196011435,-6.860403682615825,7.210362955912132
68,4,126.5026632992789,132.95218942822106,54.269814409570586,48.380093097010004,-6.449526128942168,5.889721312560582
68,5,127.43251925319602,135.30207321683181,53.72001110274612,48.567368290380806,-7.869553963635795,5.152642812365315
68,6,127.03482408682683,137.5084065366781,53.613239837156726,48.05113041234565,-10.473582449851278,5.5621094248110765
68,7,128.13750203169124,139.35996712275207,55.215449927844425,47.559370442475306,-11.222465091060826,7.656079485369119
68,8,130.69053358279456,140.81694911692702,55.215449927844425,48.81558464929319,-10.126415534132462,6.399865278551232
70,0,138.1889713349382,140.66480067011898,53.86888653194903,52.37476572462269,-2.4758293351807765,1.4941208073263397
70,1,135.56339137848036,140.66480067011898,53.495038689886634,52.37476572462269,-5.101409291638618,1.1202729652639434
70,2,134.01510037819605,133.83608403272405,51.02200704179897,53.4211276481239,0.1790163454720073,-2.399120606324928
70,3,132.74249494004087,134.42545533410618,51.02200704179897,52.47779400218798,-1.6829603940653044,-1.4557869603890055
70,4,132.06634082643774,134.55537470115414,51.02200704179897,54.57195436465365,-2.489033874716398,-3.5499473228546776
70,5,133.10248477064025,137.0943117139589,51.32386586663543,48.611776856260704,-3.9918269433186424,2.7120890103747257
70,6,135.47174139062548,142.7717586833815,52.82864160180641,51.12895610398826,-7.300017292756024,1.6996854978181517
70,7,136.73618567782927,143.9988060351742,51.86951678877367,57.44949537774231,-7.262620357344929,-5.579978588968636
70,8,138.6785236814448,142.6828750111881,53.88254655401596,54.2015987382505,-4.004351329743287,-0.3190521842345433
70,9,141.2427899236949,144.2731905072345,55.17940397837939,53.62818942948155,-3.0304005835396026,1.551214548897839
71,0,123.34653301483041,131.26119319398865,51.535122779153056,51.02497973842524,-7.914660179158233,0.5101430407278187
71,1,121.35729454146396,127.713952708892,50.39902877277805,53.43028669643377,-6.356658167428037,-3.0312579236557156
71,2,120.61485220010343,125.4979758749802,48.73865926341369,54.32345256861701,-4.883123674876771,-5.58479330520332
71,3,119.49998017854364,125.37018516980488,48.95714748909053,53.57473130002734,-5.870204991261247,-4.617583810936807
71,4,119.41132181639982,129.0435699234278,50.235678886080194,52.616993558440626,-9.63224810702799,-2.381314672360432
71,5,123.03276477126718,131.27434206714454,50.92064591049565,52.15048389148314,-8.241577295877363,-1.2298379809874902
71,6,126.49012905159977,133.47043267204074,51.27440463554899,51.35317217203641,-6.980303620440978,-0.07876753648741897
71,7,129.09929721174984,140.25206515946226,51.89893527887481,50.14870906325411,-11.15276794771242,1.7502262156206996
71,8,132.83647173494617,145.21863055273204,53.34128783128037,50.01060213958042,-12.382158817785864,3.330685691699948
71,9,134.76531082152647,144.67916678081897,53.749106285452626,48.176844336457755,-9.913855959292505,5.572261948994871
71,10,134.56009731417166,143.47748137860117,58.09682023641818,46.272488444007664,-8.917384064429513,11.824331792410518
71,11,137.3475497895373,144.82258177954446,58.78436263925982,45.16311438412781,-7.475031990007153,13.62124825513201
72,0,122.087259815857,128.7380802922105,54.567020103912554,46.0918568308968,-6.650820476353502,8.475163273015752
72,1,122.21264945202796,128.56929849989115,52.59444824993382,46.01840519787792,-6.356649047863186,6.576043052055901
72,2,124.68289115420714,125.22513057339954,48.91901333445168,47.33973267376166,-0.5422394191923985,1.5792806606900172
72,3,123.96456199815071,128.50741216256003,47.60759897269589,46.124597474733896,-4.542850164409316,1.4830014979619932
72,4,125.6149347116805,130.05500256025516,47.60759897269589,46.468706271743734,-4.440067848574657,1.1388927009521552
72,5,129.81805529030834,131.72579846602432,47.60759897269589,47.4099025091291,-1.9077431757159786,0.1976964635667926
72,6,131.2877033741817,135.011295829794,47.60759897269589,49.28445605647426,-3.7235924556123052,-1.6768570837783727
72,7,133.2795830266407,138.33629585480045,47.60759897269589,49.176689787047096,-5.05671282815976,-1.5690908143512061
72,8,135.67577611520585,141.5174215047521,47.60759897269589,50.083294769175055,-5.841645389546244,-2.4756957964791653
72,9,138.6452839918385,140.63827718579387,47.60759897269589,50.86385074882024,-1.992993193955357,-3.2562517761243512
73,0,113.3199931499965,117.97590678039546,48.055982838347454,41.580734561568775,-4.655913630398956,6.475248276778679
73,1,111.45469235307432,115.8108858334167,45.596881489556594,41.7436555075198,-4.356193480342384,3.853225982036797
73,2,107.79511802578412,112.04767028803383,47.78782527152007,42.01600099297419,-4.252552262249708,5.771824278545878
73,3,104.82049832949652,110.72319822590411,47.43387567139018,40.985226074045194,-5.902699896407597,6.448649597344989
73,4,101.91331549351865,111.73389937074433,49.209447274403686,42.03324697923939,-9.820583877225673,7.1762002951643
73,5,99.82204805064346,113.6849301840264,45.0749867230418,42.75186218251504,-13.86288213338294,2.323124540526763
73,6,98.1010771814976,111.92253533342486,47.27397440039152,33.091394919418114,-13.82145815192726,14.18257948097341
73,7,97.25009238874212,111.67757313425146,44.534769707810966,40.1496988880479,-14.427480745509342,4.385070819763065
73,9,95.3694715493384,111.42133132647835,44.673456237464265,43.91339712014874,-16.051859777139953,0.760059117315528
73,10,98.60918116381328,111.02614105205542,41.31839517174527,43.726969331327545,-12.416959888242147,-2.4085741595822725
73,11,100.71797851682355,110.48596930813142,38.41491804881495,41.51442956433671,-9.767990791307867,-3.099511515521762
74,0,128.48520506630575,128.1380842082334,57.38355187805572,55.32549396056062,0.34712085807234416,2.0580579174950984
74,1,125.0869312840451,125.73790599277844,55.42287767984482,55.035946598607346,-0.6509747087333437,0.38693108123747066
74,2,123.53752325769548,125.5222848736297,56.30247273148618,53.14752764416645,-1.984761615934218,3.1549450873197316
74,3,121.56862327899461,125.33774168703927,54.63753811293095,51.77754649472373,-3.769118408044662,2.859991618207218
74,4,116.8117400458171,124.3423616736201,52.17290483749325,48.452696045124945,-7.530621627803001,3.720208792368304
74,5,115.2188535765984,123.78353063370407,52.81701377913533,46.84930260049183,-8.56467705710567,5.967711178643498
74,6,110.57193750195839,122.16431975152338,54.815972256264736,43.05124406060336,-11.592382249564992,11.764728195661377
74,7,108.65494825820808,118.46293475190687,54.63753811293095,48.0590563948876,-9.807986493698792,6.578481718043349
74,8,105.68251722571141,118.81518866260485,54.63753811293095,48.717944710564105,-13.132671436893446,5.919593402366843
74,9,104.25620448575192,115.99782003207687,54.63753811293095,49.76713992630437,-11.741615546324951,4.870398186626581
74,10,102.8568586177439,114.07358852070158,54.63753811293095,48.92973209754876,-11.216729902957681,5.7078060153821895
78,0,127.6889554796585,126.34544893066884,48.82932448531374,54.01545509505439,1.3435065489896658,-5.186130609740651
78,1,125.44800942538465,126.34544893066884,48.81407483429036,54.01545509505439,-0.8974395052841828,-5.201380260764033
78,2,122.20964218015857,124.14457681351932,45.00000000000001,56.15982141786962,-1.9349346333607542,-11.159821417869615
78,3,118.30792841143337,120.79331209538849,45.00000000000001,53.188785901663074,-2.4853836839551207,-8.188785901663067
78,4,116.20141022587038,119.72732867831807,45.00000000000001,49.83737255990837,-3.525918452447698,-4.83737255990836
78,5,114.3545245793101,120.53538056775606,48.81407483429036,48.63747435315028,-6.18085598844597,0.17660048114007765
78,6,109.79043281554112,119.11971085105239,48.81407483429036,45.55968788647195,-9.329278035511265,3.2543869478184106
78,7,107.17217980341104,118.0868858908315,48.81407483429036,44.912941765678916,-10.914706087420456,3.9011330686114434
78,8,103.52245223329447,114.85241704854249,48.81407483429036,44.744525625872356,-11.329964815248019,4.069549208418003
78,9,101.61703811088067,112.34152312718949,48.81407483429036,45.43444181032304,-10.724485016308819,3.3796330239673225
78,10,100.17826580663974,110.10615763716193,48.81407483429036,45.31767434718077,-9.927891830522185,3.4964004871095895
78,11,99.81911151171602,107.4436060963684,48.81407483429036,45.359335965645705,-7.624494584652382,3.454738868644654
78,12,99.09296062861652,104.87418845130135,48.81407483429036,45.406348728119475,-5.781227822684826,3.407726106170884
83,0,110.35703328058422,111.03400125830089,47.46174018155596,51.612159974122385,-0.6769679777166715,-4.150419792566424
83,1,109.47089075881979,110.03018107031167,45.224240812473305,50.696568871374836,-0.5592903114918784,-5.472328058901532
83,2,108.50270489719432,107.49362487948444,39.610646553229536,50.11879059100316,1.009080017709877,-10.508144037773626
83,3,105.3221298476473,105.49485865302327,40.723588761999714,48.41630960906105,-0.1727288053759679,-7.692720847061338
83,4,101.9902476242081,106.46407442863028,42.576831211186075,45.73632012231661,-4.473826804422188,-3.1594889111305378
83,6,98.98070335559584,110.58488868341719,43.63638114089942,42.25085903773678,-11.604185327821355,1.3855221031626357
83,7,97.56495847384362,111.08382754405338,46.38901182561878,41.310478525107705,-13.51886907020976,5.078533300511076
83,8,96.66068685318054,111.52010098439135,47.51597407720667,41.5262304119617,-14.859414131210812,5.989743665244973
83,9,98.57150228892047,109.19130649397793,48.23210469222562,41.78423362805335,-10.619804205057463,6.4478710641722685
83,10,99.07159429557262,109.6076368060555,46.18080873779309,41.89835453957821,-10.536042510482872,4.282454198214886
84,0,132.3256897082093,134.58085241996125,49.685786702830995,51.53368118658651,-2.25516271175195,-1.8478944837555176
84,1,128.1762749392746,134.72185969105567,48.01278750418334,51.121799370664945,-6.545584751781064,-3.1090118664816018
84,2,125.64669685299043,131.07586073958876,50.01913464485601,51.21405999743302,-5.429163886598332,-1.194925352577009
84,3,123.90983729818058,127.33865266236248,46.11377488561525,51.50893693372681,-3.428815364181901,-5.395162048111558
84,4,121.18840388844555,120.27980019952622,45.48657150616816,51.42674930399101,0.9086036889193281,-5.940177797822848
84,5,119.19695784720457,123.41905230654446,45.806088809250625,52.48476317111704,-4.2220944593398855,-6.678674361866413
84,6,115.64021651056532,119.01437285314228,44.572825961624154,50.50951863906473,-3.3741563425769527,-5.9366926774405755
84,7,111.58282829467183,116.47181478630057,44.572825961624154,52.011241227563296,-4.888986491628742,-7.438415265939142
84,8,108.61362689343267,116.56897465220896,46.04162667600998,51.14391397441959,-7.955347758776298,-5.102287298409607
84,9,108.25158821213515,116.5547679927795,46.04162667600998,50.14255654241506,-8.303179780644356,-4.100929866405075
84,10,106.62724761459314,115.80603610453775,46.04162667600998,49.52982170870551,-9.178788489944608,-3.488195032695529
84,11,107.32187200581741,115.11900825080596,46.04162667600998,50.24741795907015,-7.79713624498855,-4.205791283060165
84,12,106.04422941983023,113.52867052300881,46.04162667600998,49.237958625940664,-7.4844411031785825,-3.1963319499306806
84,13,106.59114686538051,113.18748570593013,46.04162667600998,49.25442055881317,-6.59633884054962,-3.21279388280319
85,0,128.21442147948923,137.70341777987693,71.64148816529679,59.22621818584018,-9.488996300387697,12.41526997945661
85,1,121.00648191203399,134.76308543942068,69.95850772966809,58.60209266449301,-13.756603527386687,11.356415065175078
85,2,117.83346715084363,126.3434118152585,69.59324756659247,57.53574244821433,-8.509944664414874,12.057505118378138
85,3,117.2164361829662,123.11187426582156,68.04809536775343,57.073412447290494,-5.89543808285535,10.97468292046294
85,4,115.1282079068982,121.21552603649518,67.95893172846785,54.48421841476684,-6.08731812959698,13.474713313701002
85,5,113.63177705304017,120.1651236001622,68.9308512690869,53.7204007180817,-6.533346547122036,15.210450551005202
85,6,114.05046191763097,123.45581023347201,68.24518772812081,52.03261759434165,-9.405348315841039,16.21257013377916
85,7,113.7860569914211,124.83188473582406,66.92536985984331,50.27891413371936,-11.045827744402956,16.646455726123953
85,8,115.38977961713904,125.29745995049026,67.18183014281456,50.226576897019214,-9.907680333351223,16.955253245795348
85,9,117.52513045857631,124.6282901129794,67.44416269292537,50.252842376540215,-7.103159654403086,17.19132031638516
86,0,123.53569380896754,132.2888479393858,61.797988115617215,50.236234348389395,-8.753154130418253,11.56175376722782
86,1,117.04625480460804,126.6000044254867,60.516685897396734,50.78704296504573,-9.553749620878662,9.729642932351005
86,2,113.87822124653825,121.54787983631195,59.93588311830647,51.61526685538895,-7.669658589773704,8.320616262917518
86,3,110.95744518988266,119.28931731108263,57.84651901579642,52.74391613072424,-8.331872121199964,5.10260288507218
86,4,108.39583247786331,117.90159282841921,58.47727798709432,52.08802916420594,-9.505760350555903,6.389248822888376
86,5,111.3064939759063,112.41897601275855,60.07044317977715,54.05447516606337,-1.1124820368522421,6.015968013713781
86,6,112.00932063202346,116.8041786758863,57.92439526416071,53.2323338899615,-4.794858043862845,4.692061374199206
86,7,113.24038374811423,118.90916880138569,56.59217541029107,50.92075454934727,-5.668785053271463,5.6714208609437975
86,8,113.00647868434648,124.8461201815714,56.59217541029107,48.465434010983905,-11.839641497224918,8.126741399307164
86,9,113.35111693150888,121.28668094250996,56.546690545927326,48.76153445331318,-7.935564011001077,7.7851560926141445
87,0,126.45959465058907,134.5298056248652,59.22594020140217,50.881221778327124,-8.070210974276122,8.344718423075044
87,1,123.35740500151287,129.98168789796586,53.309471382043334,51.25326378430294,-6.624282896452982,2.0562075977403964
87,2,118.14050890794304,125.32332294864129,57.32521406244807,51.81539764415345,-7.182814040698247,5.509816418294619
87,3,118.45614241564512,124.3184123870227,55.142685709502665,52.21599516809818,-5.862269971377586,2.926690541404483
87,4,120.29513231259749,124.09879014319594,55.142685709502665,52.991583169651214,-3.8036578305984534,2.1511025398514505
87,5,124.2553381671929,131.3930602657658,57.472341566135334,52.202236482507445,-7.137722098572894,5.2701050836278895
87,6,128.35259050014014,136.04277746964272,57.623460453314124,51.57333187211383,-7.690186969502577,6.0501285812002905
87,7,133.4074847607035,134.14102625556177,54.68585902454248,51.896512979927216,-0.7335414948582581,2.7893460446152645
87,8,135.86765856784214,136.25074571704548,53.292254512816555,51.55737361681709,-0.38308714920333387,1.734880895999467
88,0,124.07113670415995,131.17776743910832,58.01238767615893,56.354005865277436,-7.106630734948368,1.6583818108814938
88,1,118.76961687101546,126.19509925320169,57.98232683510948,53.93333928893121,-7.425482382186232,4.0489875461782745
88,2,118.5746559702986,122.32043407689943,56.76350363074686,53.92195955164063,-3.745778106600838,2.841544079106228
88,3,119.65249213027745,120.59672643750119,56.76350363074686,54.024809594104084,-0.9442343072237378,2.7386940366427766
88,4,121.83244819068312,120.30312780731808,57.532403753803365,53.96206122240286,1.5293203833650466,3.570342531400506
88,5,124.81328037010252,124.22179708344454,56.25846536052135,53.20483669583021,0.5914832866579758,3.0536286646911392
88,6,126.96331326310371,129.45199786357796,55.04934858812487,51.510359014856434,-2.488684600474244,3.538989573268438
88,7,126.73648698872496,122.62651908852568,55.04934858812487,50.89623130799608,4.10996790019928,4.1531172801287894
88,8,123.78950341286341,121.10223121489827,52.924496372431975,50.425267641496184,2.687272197965143,2.4992287309357906
88,9,120.23768550056316,120.56442018706413,57.132988240942076,48.503373057023744,-0.32673468650096993,8.629615183918332
89,0,113.77691243527435,124.27017660332521,55.35175922227755,51.12445658843015,-10.493264168050857,4.227302633847401
89,1,110.15002609426496,120.3661181326498,53.47387290602746,51.476104526451586,-10.216092038384843,1.9977683795758736
89,2,109.50830290353501,118.03365989487459,53.8658644163848,51.04624276200216,-8.525356991339578,2.819621654382644
89,3,109.14108479397758,116.5300174384995,55.25995555642143,53.31752044283978,-7.3889326445219154,1.9424351135816522
89,4,109.53643096330312,114.882828830047,53.304353324568375,53.955330511842476,-5.346397866743885,-0.6509771872741013
89,5,111.29704866777833,116.72236773031916,53.459083409376824,52.478074300190514,-5.4253190625408365,0.98100910918631
89,6,111.15865454752232,122.52276221870176,54.84743430530679,51.515239060640795,-11.36410767117944,3.3321952446659964
90,0,123.85291671522427,130.148395776441,52.93473525077197,59.06691697623877,-6.295479061216724,-6.1321817254668005
90,1,119.79781427491675,125.81237520464296,51.91122711902468,57.71502585583105,-6.0145609297262155,-5.803798736806371
90,2,114.37913362884294,123.39976017416053,51.00900595749453,56.54468360472589,-9.020626545317597,-5.53567764723136
90,3,115.27730170221197,121.57163994505731,50.34230895482424,55.366701193975864,-6.294338242845342,-5.024392239151624
90,4,116.76444746606094,123.46462914523099,50.34230895482424,53.42979254557007,-6.7001816791700435,-3.0874835907458333
90,5,121.02858114140962,128.25333716097492,49.95966079515261,51.22153278875756,-7.224756019565305,-1.2618719936049487
90,6,124.56724112105326,128.00325460730247,50.106056591583865,50.486104674333305,-3.436013486249209,-0.3800480827494397
90,7,128.12760606121364,129.0755376234473,46.43372473795629,51.11646158222147,-0.9479315622336628,-4.682736844265179
90,8,126.83418995586017,127.27199268440256,46.04835258529741,51.722048445117004,-0.437802728542394,-5.6736958598195955
91,0,119.22782695130023,127.402706696401,60.302414815653506,55.40165341908664,-8.174879745100768,4.900761396566864
91,1,114.87711049693348,124.45980124329475,58.10965333838388,52.1347326589569,-9.582690746361266,5.97492067942698
91,2,113.48552531618434,123.21346318267864,56.19658785528188,51.79512693030737,-9.727937866494301,4.401460924974508
91,3,115.96571081240552,122.92286207396805,56.9630374174681,50.52861541280135,-6.9571512615625295,6.43442200466675
91,4,116.49606807825671,123.80872460886702,56.34816363795019,49.04579555604987,-7.312656530610312,7.302368081900319
91,5,120.11353235711566,123.8689263539063,56.5033896325318,49.21340168499608,-3.7553939967906445,7.289987947535721
91,6,123.28964920469495,124.73312766195659,55.3920545894167,49.3102920298955,-1.4434784572616337,6.081762559521202
91,7,125.5812971653239,124.24242133290952,54.180541957626154,47.887152367766085,1.338875832414388,6.29338958986007
91,8,127.33049636280147,127.4084025665234,50.86960044301472,46.43676889091398,-0.07790620372193757,4.432831552100737
91,9,126.25413132684837,127.74410521898243,52.80640082923576,46.58197305729755,-1.48997389213406,6.22442777193821
92,0,122.52051650500955,135.77586878946104,66.80524096732711,53.864672643571105,-13.25535228445149,12.940568323756004
92,1,115.73374262977627,130.11863990188616,66.17479451911314,54.63710817643548,-14.384897272109882,11.537686342677652
92,2,111.69204426216287,125.15381993660434,62.16427113605416,53.5925234896105,-13.46177567444147,8.571747646443661
92,3,107.02180035888917,118.96402453017735,60.54159521333485,52.9420005167017,-11.942224171288188,7.5995946966331545
92,4,105.64910313918442,117.28111321753958,58.99760842353733,51.94162919096086,-11.632010078355165,7.055979232576469
92,5,106.29310393695926,122.63001856146045,58.99760842353733,51.179644138519535,-16.33691462450119,7.817964285017794
92,6,106.98976425433162,115.08205468506512,59.14918420620564,49.66992698771299,-8.092290430733499,9.479257218492648
92,7,109.1239000089197,116.54345450030979,57.68038349181983,49.16404191236865,-7.4195544913900875,8.51634157945118
92,8,108.16438402548879,114.76375941233525,56.28320246452344,47.71241819928025,-6.599375386846461,8.57078426524319
92,9,101.91187840214934,111.46794793449058,55.94050407970778,45.538473276606524,-9.55606953234124,10.402030803101255
92,10,99.12519608098644,102.20537387743823,58.240519915187214,41.964863014753,-3.0801777964517925,16.275656900434214
93,0,113.68184666242979,129.64190982839298,62.599447239528544,54.50863270660371,-15.960063165963192,8.090814532924831
93,1,106.39727568966661,122.79956727580534,59.52337701039336,54.41528195300299,-16.40229158613873,5.108095057390372
93,2,101.05581771660144,117.92394540201137,56.641268473755005,53.76780606322872,-16.86812768540993,2.8734624105262867
93,3,98.12389317054665,108.42487036850012,53.91186759258899,53.27881963989859,-10.300977197953472,0.6330479526903972
93,4,97.88244150799744,108.75150391466494,52.64152524395882,51.058446616420916,-10.869062406667496,1.5830786275379012
93,5,99.01699412665671,105.24941694554497,52.64152524395882,49.059990400488836,-6.232422818888253,3.5815348434699814
93,6,100.98179356578231,109.2934596045556,56.309932474020215,47.972372744538326,-8.311666038773282,8.337559729481889
93,7,105.57790675424702,111.829440105566,54.97771262015058,49.05640485793915,-6.251533351318969,5.921307762211427
93,8,110.44014640223634,114.08597879181072,54.97771262015058,49.506400257969275,-3.6458323895743803,5.471312362181301
93,9,107.28117437735118,112.7512043053294,53.330203215276654,48.4064114217102,-5.470029927978217,4.923791793566451
94,0,123.04816207784626,138.855756278672,56.862244428334705,59.335409005053485,-15.807594200825747,-2.47316457671878
94,1,115.91663999694933,133.73561884917248,54.58761226586237,58.039011995997505,-17.818978852223154,-3.4513997301351367
94,2,113.25804797604879,125.30649270091854,51.871496855129784,57.712589522680226,-12.048444724869753,-5.841092667550441
94,3,111.39239005595135,123.10867092630801,52.06549988181841,56.13016488179632,-11.716280870356655,-4.064664999977907
94,4,109.26071263301222,123.0528199317086,50.74142217919117,54.83433559388446,-13.79210729869638,-4.092913414693292
94,5,110.5629574882508,124.84067609152804,50.74142217919117,54.29755698856311,-14.277718603277236,-3.5561348093719403
94,6,111.48576218612357,127.19940112025657,49.54923959505822,53.42905470414372,-15.713638934133002,-3.8798151090854986
94,7,115.43726248974922,127.00535459896243,49.48808640059351,52.90226901611513,-11.568092109213211,-3.414182615521618
94,8,114.85802554234341,126.45403307068135,51.1348567863907,51.75388693878666,-11.596007528337935,-0.6190301523959576
94,9,116.09989576341212,126.15889705376733,50.896293094013046,50.88735983050863,-10.059001290355212,0.008933263504417255
95,0,124.88984838809283,134.82980864390123,61.20483765302388,54.57064671739206,-9.939960255808401,6.634190935631821
95,1,119.19588877214328,131.52997234393735,59.97222877355646,53.84964239052569,-12.334083571794068,6.122586383030772
95,2,117.00439490337082,128.1254225492344,56.90574327243057,52.368032507934956,-11.121027645863578,4.537710764495614
95,3,115.06612440531794,124.9284779231835,58.16546995931702,50.928051295858,-9.862353517865557,7.2374186634590245
95,4,115.42500653061218,123.53833453004954,58.3265032045347,49.628132550411756,-8.11332799943736,8.698370654122947
95,5,116.42817346979949,124.41509163998526,55.53214114994196,47.07050620328994,-7.986918170185774,8.461634946652019
95,6,120.74610579138385,126.84842828277863,55.072349305570526,46.93464194412207,-6.102322491394773,8.137707361448456
95,7,123.27991509110997,128.00494290682443,55.072349305570526,47.144781867813286,-4.725027815714455,7.92756743775724
95,8,120.98335484556713,126.49258039733735,53.74321933896064,47.937607342775834,-5.509225551770214,5.805611996184808
96,0,119.69464867341807,129.6385026398534,58.63502746943881,53.745108399718795,-9.943853966435341,4.889919069720015
96,1,114.32557523912611,123.29804329142434,56.853004167744004,53.73494979601108,-8.972468052298225,3.1180543717329243
96,2,111.6498337036835,119.74276565028111,54.81797826570808,53.56421724994988,-8.092931946597616,1.2537610157582009
96,3,110.55628484037192,115.66199892616432,55.10929849249518,52.60873040236069,-5.1057140857924,2.500568090134486
96,4,110.65709865576947,118.05262867171206,52.39527745539594,46.28994922052003,-7.395530015942583,6.105328234875913
96,5,114.60579300142861,115.44880679100162,52.39527745539594,47.57993660263753,-0.843013789573007,4.8153408527584105
96,6,117.76599445823034,119.30139557770146,51.20309487126297,49.955762940737316,-1.5354011194711177,1.2473319305256538
96,7,119.07816695984252,119.0993102532732,51.495417740491526,48.83450204629814,-0.021143293430682775,2.6609156941933847
96,8,120.67149285067117,120.20010020973113,51.6544250460066,47.869699764766345,0.47139264094003863,3.784725281240256
96,9,118.93723524870477,121.9842165433897,52.58333885853509,48.157303317009024,-3.04698129468494,4.426035541526069
97,0,120.45386276170927,130.74787059107325,65.79230665840046,52.52056179009686,-10.294007829363977,13.2717448683036
97,1,114.73183310957141,125.1649075983499,63.05634786080769,51.99170572824991,-10.433074488778487,11.064642132557779
97,2,111.87026640525133,121.65221436153296,61.191299024193555,49.82750596630079,-9.781947956281627,11.363793057892764
97,3,111.06111851932546,119.83428395189617,61.07995596239355,47.64816085786647,-8.773165432570707,13.431795104527076
97,4,113.27991827251063,121.47370511481283,58.48808925715855,45.36416668065247,-8.193786842302202,13.123922576506082
97,5,116.4259098863461,120.96981461370589,61.21788487147795,47.80285631209743,-4.543904727359788,13.415028559380517
97,6,120.63510465862164,119.72351096798371,58.76744238004841,47.25801526537253,0.9115936906379289,11.50942711467588
97,7,123.66624030166093,125.31110081743995,57.43791019760531,47.67788147364499,-1.6448605157790155,9.760028723960325
98,0,126.80661485336154,137.05309334098266,67.8206658591424,55.797204383199436,-10.246478487621118,12.023461475942959
98,1,119.94969697951653,130.6715185150378,64.57170579027186,55.42179714278385,-10.721821535521272,9.149908647488012
98,2,117.59448611570603,122.46264721398367,63.805961635917924,55.443314135050514,-4.868161098277639,8.36264750086741
98,3,114.80983435667542,122.57983058075122,60.843917266173776,54.91616431570505,-7.769996224075797,5.927752950468722
98,4,114.30268725935119,123.58693243324801,62.437231338929095,52.6723500505127,-9.28424517389682,9.764881288416397
98,5,115.93105041722325,122.13684177366824,62.942447089158684,51.67783527449371,-6.2057913564449905,11.264611814664974
98,6,117.73576527436539,126.1814148822087,57.58296249407692,50.80735857816703,-8.445649607843308,6.775603915909883
98,7,118.58735118180805,127.9178417233927,55.23046275336874,49.85531947560933,-9.330490541584652,5.375143277759413
98,8,121.92459967897747,125.28256611985822,54.06339395811122,50.614433295899474,-3.3579664408807446,3.4489606622117464
98,9,122.79747317259985,126.34414011856462,58.3156051629417,50.63197917572064,-3.5466669459647733,7.683625987221063
99,0,116.40568180600391,128.74434136427237,65.77015806419068,51.56795294259451,-12.33865955826846,14.202205121596172
99,1,109.95035672294414,122.78632064982854,62.48127037635403,50.36446258887223,-12.835963926884403,12.116807787481804
99,2,105.95084600688125,118.52137389772466,59.48976259388446,50.92418278418192,-12.570527890843408,8.565579809702534
99,3,105.68247518483935,117.89348611823652,62.02052561151985,50.28767987448826,-12.211010933397176,11.732845737031589
99,4,107.79857282569594,120.40489794738271,62.02052561151985,50.42536393609617,-12.606325121686766,11.595161675423682
99,5,110.73994656670016,119.96151621978122,59.03624346792648,48.72855171069579,-9.221569653081062,10.307691757230693
99,6,116.71945158433289,115.77776192557515,57.85593337317358,48.4528603387424,0.9416896587577384,9.40307303443118
99,7,117.17243359931386,119.12547508009737,56.611486423888486,48.474099090289634,-1.9530414807835115,8.137387333598852
99,8,110.25936685610068,112.07433490889643,56.04785693225719,47.448291158673165,-1.8149680527957486,8.599565773584025
99,9,104.1936641974052,108.57640223362301,58.36311153783155,44.4293607567301,-4.382738036217816,13.933750781101452
