archivo,marcador,frame,X (px),Y (px)
1,punta_derecha,0,-92.6359252929688,-105.260986328125
1,punta_derecha,1,-85.0,-86.0
1,punta_derecha,2,-67.6613159179688,-64.9909057617188
1,punta_derecha,3,-42.6590576171875,-50.9954833984375
1,punta_derecha,4,-17.6658935546875,-50.6567993164063
1,punta_derecha,5,13.3408813476563,-60.3272705078125
1,punta_derecha,6,38.0,-82.0
1,punta_derecha,7,62.3318481445313,-118.002258300781
1,punta_derecha,8,96.86376953125,-174.688659667969
1,punta_derecha,9,152.990966796875,-241.8408203125
1,punta_derecha,10,250.556640625,-294.78857421875
1,punta_derecha,11,361.476928710938,-309.822631835938
1,punta_derecha,12,411.545532226563,-296.088562011719
1,punta_derecha,13,457.59326171875,-260.347717285156
1,punta_derecha,14,470.288696289063,-233.286376953125
1,talon_derecho,0,-70.1978759765625,-62.6287231445313
1,talon_derecho,1,-53.9954833984375,-48.3340454101563
1,talon_derecho,2,-24.6409301757813,-39.0
1,talon_derecho,3,4.67498779296875,-37.0090942382813
1,talon_derecho,4,33.67724609375,-46.3590698242188
1,talon_derecho,5,61.3341064453125,-61.3363037109375
1,talon_derecho,6,85.32958984375,-82.331787109375
1,talon_derecho,7,103.988647460938,-110.9931640625
1,talon_derecho,8,120.1865234375,-148.652282714844
1,talon_derecho,9,149.952270507813,-200.390930175781
1,talon_derecho,10,213.640869140625,-261.833984375
1,talon_derecho,11,298.833862304688,-299.920288085938
1,talon_derecho,12,352.622436523438,-295.577087402344
1,talon_derecho,13,396.722412109375,-291.23388671875
1,talon_derecho,14,420.44287109375,-279.540771484375
1,tobillo_derecho,0,-59.7267456054688,-76.091552734375
1,tobillo_derecho,1,-44.18798828125,-60.5966796875
1,tobillo_derecho,2,-23.293212890625,-51.0090942382813
1,tobillo_derecho,3,3.70452880859375,-52.0204467773438
1,tobillo_derecho,4,31.036376953125,-56.6931762695313
1,tobillo_derecho,5,59.0045166015625,-70.3363647460938
1,tobillo_derecho,6,85.0,-92.6681518554688
1,tobillo_derecho,7,111.0,-123.0
1,tobillo_derecho,8,128.19775390625,-159.990966796875
1,tobillo_derecho,9,165.554565429688,-203.384033203125
1,tobillo_derecho,10,231.9931640625,-254.799926757813
1,tobillo_derecho,11,307.588989257813,-282.772155761719
1,tobillo_derecho,12,358.613403320313,-275.179443359375
1,tobillo_derecho,13,394.026977539063,-270.502197265625
1,tobillo_derecho,14,414.004516601563,-259.995422363281
1,rodilla_derecha,0,21.05029296875,-103.017211914063
1,rodilla_derecha,1,34.8650512695313,-107.471862792969
1,rodilla_derecha,2,49.0336303710938,-118.247253417969
1,rodilla_derecha,3,69.3370361328125,-127.359558105469
1,rodilla_derecha,4,92.3370361328125,-140.775268554688
1,rodilla_derecha,5,122.640502929688,-155.191040039063
1,rodilla_derecha,6,164.550659179688,-164.471862792969
1,rodilla_derecha,7,208.820434570313,-169.865051269531
1,rodilla_derecha,8,252.786743164063,-174.617858886719
1,rodilla_derecha,9,283.864990234375,-171.595275878906
1,rodilla_derecha,10,303.966430664063,-172.527648925781
1,rodilla_derecha,11,310.662963867188,-174.831420898438
1,rodilla_derecha,12,314.775268554688,-173.528137207031
1,rodilla_derecha,13,323.662963867188,-173.550659179688
1,rodilla_derecha,14,334.550659179688,-163.606811523438
1,cadera_derecha,0,117.533935546875,-37.1989135742188
1,cadera_derecha,1,132.0,-42.0
1,cadera_derecha,2,148.0,-47.0
1,cadera_derecha,3,164.0,-53.0
1,cadera_derecha,4,181.0,-59.0
1,cadera_derecha,5,194.0,-64.0
1,cadera_derecha,6,204.0,-66.0
1,cadera_derecha,7,217.719116210938,-68.528076171875
1,cadera_derecha,8,223.191162109375,-72.415771484375
1,cadera_derecha,9,230.191162109375,-72.8876953125
1,cadera_derecha,10,238.022583007813,-74.6630249023438
1,cadera_derecha,11,244.854125976563,-72.5505981445313
1,cadera_derecha,12,247.494384765625,-70.5506591796875
1,cadera_derecha,13,247.719116210938,-70.0787353515625
1,cadera_derecha,14,247.831420898438,-68.2471923828125
13,rodilla_derecha,0,325.64306640625,-144.34765625
13,rodilla_derecha,1,375.215576171875,-139.406555175781
13,rodilla_derecha,2,424.660888671875,-133.058837890625
13,rodilla_derecha,3,459.445434570313,-121.434020996094
13,rodilla_derecha,4,479.0,-115.0
13,rodilla_derecha,5,489.32958984375,-111.647766113281
13,cadera_derecha,0,321.665893554688,-21.0068359375
13,cadera_derecha,1,335.79296875,-23.1431274414063
13,cadera_derecha,2,351.336303710938,-26.352294921875
13,cadera_derecha,3,367.334106445313,-33.0067749023438
13,cadera_derecha,4,380.0,-29.0
13,cadera_derecha,5,392.545532226563,-22.5454711914063
13,tobillo_derecho,0,197.674926757813,-89.3250122070313
13,tobillo_derecho,1,238.572631835938,-109.33837890625
13,tobillo_derecho,2,286.677368164063,-144.695434570313
13,tobillo_derecho,3,343.35009765625,-186.368103027344
13,tobillo_derecho,4,428.706787109375,-224.68408203125
13,tobillo_derecho,5,515.115844726563,-238.022705078125
13,talon_derecho,0,184.020385742188,-75.0068359375
13,talon_derecho,1,218.193115234375,-93.3021240234375
13,talon_derecho,2,257.329467773438,-133.704528808594
13,talon_derecho,3,316.009033203125,-186.715881347656
13,talon_derecho,4,398.356689453125,-243.384033203125
13,talon_derecho,5,503.083984375,-267.370483398438
13,punta_derecha,0,146.997680664063,-102.002319335938
13,punta_derecha,1,193.13623046875,-126.711120605469
13,punta_derecha,2,252.356811523438,-175.020385742188
13,punta_derecha,3,348.24072265625,-243.1748046875
13,punta_derecha,4,475.613525390625,-286.09765625
13,punta_derecha,5,575.172485351563,-276.408996582031
14,rodilla_derecha,0,247.255859375,-153.209289550781
14,rodilla_derecha,1,297.697631835938,-157.0
14,rodilla_derecha,2,348.51171875,-148.976745605469
14,rodilla_derecha,3,384.465087890625,-139.55810546875
14,rodilla_derecha,4,398.325561523438,-129.395324707031
14,rodilla_derecha,5,403.348876953125,-129.0
14,rodilla_derecha,6,419.81396484375,-128.906982421875
14,cadera_derecha,0,252.025268554688,-30.2481689453125
14,cadera_derecha,1,269.6630859375,-28.1685180664063
14,cadera_derecha,2,281.235717773438,-30.4945068359375
14,cadera_derecha,3,301.0,-29.786376953125
14,cadera_derecha,4,308.0,-23.0
14,cadera_derecha,5,316.0,-23.0
14,cadera_derecha,6,318.0,-20.0
14,tobillo_derecho,0,116.651245117188,-106.325622558594
14,tobillo_derecho,1,154.976806640625,-127.674438476563
14,tobillo_derecho,2,201.0,-165.046508789063
14,tobillo_derecho,3,269.720947265625,-217.069763183594
14,tobillo_derecho,4,365.093017578125,-254.023254394531
14,tobillo_derecho,5,458.860473632813,-257.3720703125
14,tobillo_derecho,6,511.093139648438,-242.0
14,talon_derecho,0,101.012451171875,-84.9903564453125
14,talon_derecho,1,136.337036132813,-112.247253417969
14,talon_derecho,2,175.865112304688,-159.269836425781
14,talon_derecho,3,239.359619140625,-221.764282226563
14,talon_derecho,4,343.764282226563,-282.53955078125
14,talon_derecho,5,458.644653320313,-294.706420898438
14,talon_derecho,6,393.0,-320.0
14,punta_derecha,0,103.255737304688,-87.906982421875
14,punta_derecha,1,131.604614257813,-115.023193359375
14,punta_derecha,2,170.627807617188,-158.697692871094
14,punta_derecha,3,242.372192382813,-223.767456054688
14,punta_derecha,4,342.744140625,-280.093017578125
14,punta_derecha,5,457.255859375,-296.697692871094
14,punta_derecha,6,533.023193359375,-270.651123046875
15,rodilla_derecha,0,247.405639648438,-141.176940917969
15,rodilla_derecha,1,296.99560546875,-137.535339355469
15,rodilla_derecha,2,341.705078125,-124.0
15,rodilla_derecha,3,361.015380859375,-117.912658691406
15,rodilla_derecha,4,375.58837890625,-113.704956054688
15,rodilla_derecha,5,386.650390625,-115.830322265625
15,tobillo_derecho,0,117.529541015625,-108.057495117188
15,tobillo_derecho,1,161.411499023438,-138.821533203125
15,tobillo_derecho,2,213.644653320313,-181.822998046875
15,tobillo_derecho,3,296.6513671875,-220.576232910156
15,tobillo_derecho,4,391.650512695313,-241.589965820313
15,tobillo_derecho,5,463.6015625,-220.175537109375
15,talon_derecho,0,101.531005859375,-91.5280151367188
15,talon_derecho,1,136.118041992188,-126.467590332031
15,talon_derecho,2,185.986328125,-179.804931640625
15,talon_derecho,3,273.353393554688,-239.108642578125
15,talon_derecho,4,384.547973632813,-270.348999023438
15,talon_derecho,5,467.679077148438,-250.228088378906
15,punta_derecha,0,72.99853515625,-114.880554199219
15,punta_derecha,1,126.045776367188,-160.283325195313
15,punta_derecha,2,206.861572265625,-227.109191894531
15,punta_derecha,3,335.834228515625,-279.350463867188
15,punta_derecha,4,457.089233398438,-278.29150390625
15,punta_derecha,5,534.761108398438,-238.35107421875
15,cadera_derecha,0,227.058959960938,-19.70654296875
15,cadera_derecha,1,236.166870117188,-21.8717651367188
15,cadera_derecha,2,250.412963867188,-24.5294799804688
15,cadera_derecha,3,266.469970703125,-23.0736083984375
15,cadera_derecha,4,269.40869140625,-21.8820190429688
15,cadera_derecha,5,278.469360351563,-20.8059692382813
16,cadera_derecha,0,236.635375976563,-26.6251831054688
16,cadera_derecha,1,255.16064453125,-29.6783447265625
16,cadera_derecha,2,265.1005859375,-31.57373046875
16,cadera_derecha,3,280.439697265625,-33.544189453125
16,cadera_derecha,4,288.96484375,-34.7135009765625
16,cadera_derecha,5,291.426879882813,-26.7520751953125
16,cadera_derecha,6,291.842529296875,-30.1251220703125
16,cadera_derecha,7,285.572875976563,-27.517578125
16,rodilla_derecha,0,230.111572265625,-156.222290039063
16,rodilla_derecha,1,285.060424804688,-161.0
16,rodilla_derecha,2,333.463134765625,-156.765502929688
16,rodilla_derecha,3,371.122436523438,-141.053161621094
16,rodilla_derecha,4,390.118041992188,-135.34375
16,rodilla_derecha,5,398.70654296875,-136.0
16,rodilla_derecha,6,414.5927734375,-128.948303222656
16,rodilla_derecha,7,417.0703125,-117.462341308594
16,tobillo_derecho,0,89.26513671875,-103.2724609375
16,tobillo_derecho,1,129.29345703125,-135.353942871094
16,tobillo_derecho,2,178.588500976563,-180.119506835938
16,tobillo_derecho,3,252.178466796875,-235.178466796875
16,tobillo_derecho,4,355.06201171875,-278.883483886719
16,tobillo_derecho,5,461.479248046875,-277.297912597656
16,tobillo_derecho,6,508.780029296875,-250.116577148438
16,tobillo_derecho,7,540.0,-205.0
16,talon_derecho,0,72.8507080078125,-83.6810913085938
16,talon_derecho,1,109.822998046875,-118.824462890625
16,talon_derecho,2,151.057495117188,-171.530944824219
16,talon_derecho,3,218.588500976563,-240.297912597656
16,talon_derecho,4,334.179931640625,-307.415893554688
16,talon_derecho,5,459.233154296875,-312.471984863281
16,talon_derecho,6,541.490966796875,-284.411499023438
16,talon_derecho,7,568.0,-229.0
16,punta_derecha,0,34.1974487304688,-110.685424804688
16,punta_derecha,1,83.1180419921875,-150.6474609375
16,punta_derecha,2,150.3642578125,-217.893615722656
16,punta_derecha,3,262.08837890625,-302.61328125
16,punta_derecha,4,423.0556640625,-344.443603515625
16,punta_derecha,5,532.94384765625,-314.824462890625
16,punta_derecha,6,591.718139648438,-246.519226074219
16,punta_derecha,7,612.0,-181.0
17,rodilla_derecha,0,199.437744140625,-168.196472167969
17,rodilla_derecha,1,253.713500976563,-168.321655273438
17,rodilla_derecha,2,306.46728515625,-152.447265625
17,rodilla_derecha,3,340.482421875,-141.628051757813
17,rodilla_derecha,4,362.462280273438,-130.140747070313
17,rodilla_derecha,5,369.180908203125,-121.703491210938
17,rodilla_derecha,6,377.517578125,-118.125610351563
17,tobillo_derecho,0,60.131103515625,-122.040649414063
17,tobillo_derecho,1,106.321533203125,-147.713623046875
17,tobillo_derecho,2,158.678466796875,-186.909606933594
17,tobillo_derecho,3,233.783935546875,-235.336669921875
17,tobillo_derecho,4,334.728759765625,-272.593139648438
17,tobillo_derecho,5,425.201171875,-265.71875
17,tobillo_derecho,6,477.909912109375,-232.990112304688
17,talon_derecho,0,40.8295288085938,-102.739074707031
17,talon_derecho,1,83.482421875,-130.03515625
17,talon_derecho,2,129.125732421875,-179.944702148438
17,talon_derecho,3,204.859252929688,-242.366943359375
17,talon_derecho,4,314.889526367188,-296.130859375
17,talon_derecho,5,418.110717773438,-296.271606445313
17,talon_derecho,6,499.191162109375,-262.70361328125
17,punta_derecha,0,8.26171875,-137.985412597656
17,punta_derecha,1,64.1959228515625,-172.035217285156
17,punta_derecha,2,134.492553710938,-225.708679199219
17,punta_derecha,3,249.462524414063,-296.201171875
17,punta_derecha,4,393.804443359375,-325.573120117188
17,punta_derecha,5,488.6337890625,-300.397216796875
17,punta_derecha,6,550.734375,-222.351806640625
17,cadera_derecha,0,190.206665039063,-33.9248657226563
17,cadera_derecha,1,204.517578125,-34.678466796875
17,cadera_derecha,2,218.0,-40.0
17,cadera_derecha,3,235.874389648438,-39.9647827148438
17,cadera_derecha,4,244.8291015625,-33.3818359375
17,cadera_derecha,5,254.025024414063,-24.668212890625
17,cadera_derecha,6,256.8994140625,-25.1858520507813
18,rodilla_derecha,0,167.9306640625,-157.8642578125
18,rodilla_derecha,1,220.479370117188,-158.504089355469
18,rodilla_derecha,2,268.35107421875,-146.495849609375
18,rodilla_derecha,3,297.29345703125,-129.594970703125
18,rodilla_derecha,4,316.177734375,-130.876159667969
18,rodilla_derecha,5,329.227294921875,-129.252075195313
18,rodilla_derecha,6,350.471069335938,-125.45458984375
18,cadera_derecha,0,166.434936523438,-29.471435546875
18,cadera_derecha,1,180.0,-31.0
18,cadera_derecha,2,190.0,-29.0
18,cadera_derecha,3,207.495849609375,-33.0165405273438
18,cadera_derecha,4,215.0,-33.0
18,cadera_derecha,5,216.318115234375,-27.3099365234375
18,cadera_derecha,6,214.0,-25.0
18,tobillo_derecho,0,26.5709228515625,-116.727783203125
18,tobillo_derecho,1,73.495849609375,-151.975219726563
18,tobillo_derecho,2,125.748046875,-198.219055175781
18,tobillo_derecho,3,209.950439453125,-256.177734375
18,tobillo_derecho,4,322.888671875,-279.36376953125
18,tobillo_derecho,5,403.731323242188,-256.756164550781
18,tobillo_derecho,6,453.450561523438,-226.814025878906
18,talon_derecho,0,7.87255859375,-97.281494140625
18,talon_derecho,1,44.2685546875,-136.99169921875
18,talon_derecho,2,95.2603759765625,-194.958740234375
18,talon_derecho,3,184.772705078125,-272.458862304688
18,talon_derecho,4,309.677978515625,-311.351501464844
18,talon_derecho,5,413.272827148438,-292.45458984375
18,talon_derecho,6,476.574462890625,-246.375854492188
18,punta_derecha,0,-25.7845458984375,-131.6865234375
18,punta_derecha,1,29.2355346679688,-181.739624023438
18,punta_derecha,2,111.27294921875,-254.297607421875
18,punta_derecha,3,241.1533203125,-316.124206542969
18,punta_derecha,4,389.244506835938,-326.595275878906
18,punta_derecha,5,487.814453125,-289.950500488281
18,punta_derecha,6,527.8720703125,-199.024719238281
19,cadera_derecha,0,308.95458984375,-29.9822998046875
19,cadera_derecha,1,320.333618164063,-31.0
19,cadera_derecha,2,328.33447265625,-34.3330078125
19,cadera_derecha,3,338.668823242188,-31.6663208007813
19,cadera_derecha,4,341.00341796875,-33.3325805664063
19,cadera_derecha,5,351.670776367188,-28.3348388671875
19,cadera_derecha,6,352.334350585938,-32.3344116210938
19,rodilla_derecha,0,314.287353515625,-153.969543457031
19,rodilla_derecha,1,365.99853515625,-155.000183105469
19,rodilla_derecha,2,412.995849609375,-143.335021972656
19,rodilla_derecha,3,440.662475585938,-131.327880859375
19,rodilla_derecha,4,456.999755859375,-126.0
19,rodilla_derecha,5,463.0,-127.0
19,rodilla_derecha,6,472.000366210938,-121.999450683594
19,tobillo_derecho,0,181.63427734375,-96.64208984375
19,tobillo_derecho,1,221.666870117188,-126.666198730469
19,tobillo_derecho,2,266.33349609375,-173.331787109375
19,tobillo_derecho,3,338.33203125,-224.331909179688
19,tobillo_derecho,4,432.998413085938,-261.332397460938
19,tobillo_derecho,5,523.65576171875,-257.332763671875
19,tobillo_derecho,6,568.322509765625,-233.667236328125
19,talon_derecho,0,168.30224609375,-78.97802734375
19,talon_derecho,1,199.001098632813,-113.332580566406
19,talon_derecho,2,237.667602539063,-165.99853515625
19,talon_derecho,3,307.666015625,-229.331115722656
19,talon_derecho,4,416.321533203125,-281.325805664063
19,talon_derecho,5,523.6650390625,-290.324096679688
19,talon_derecho,6,595.986572265625,-257.334228515625
19,punta_derecha,0,128.306396484375,-99.9750366210938
19,punta_derecha,1,176.666381835938,-142.333251953125
19,punta_derecha,2,241.992919921875,-213.659240722656
19,punta_derecha,3,354.98828125,-284.325988769531
19,punta_derecha,4,496.30712890625,-312.989685058594
19,punta_derecha,5,588.665283203125,-286.665893554688
19,punta_derecha,6,641.9931640625,-230.005065917969
20,rodilla_derecha,0,262.300048828125,-165.311401367188
20,rodilla_derecha,1,318.331909179688,-160.667175292969
20,rodilla_derecha,2,369.3291015625,-149.668090820313
20,rodilla_derecha,3,401.660400390625,-133.66064453125
20,rodilla_derecha,4,418.996337890625,-121.997314453125
20,rodilla_derecha,5,422.331787109375,-112.334838867188
20,rodilla_derecha,6,431.329956054688,-111.66552734375
20,cadera_derecha,0,251.301147460938,-35.324951171875
20,cadera_derecha,1,270.0,-35.0
20,cadera_derecha,2,279.668090820313,-37.6663818359375
20,cadera_derecha,3,295.001220703125,-36.999755859375
20,cadera_derecha,4,297.672973632813,-35.0046997070313
20,cadera_derecha,5,295.340698242188,-29.337890625
20,cadera_derecha,6,297.673583984375,-28.6708984375
20,tobillo_derecho,0,123.647705078125,-117.316284179688
20,tobillo_derecho,1,170.666748046875,-142.665954589844
20,tobillo_derecho,2,226.666137695313,-177.998962402344
20,tobillo_derecho,3,296.9990234375,-225.331787109375
20,tobillo_derecho,4,397.663696289063,-257.997802734375
20,tobillo_derecho,5,483.986328125,-252.657958984375
20,tobillo_derecho,6,529.648315429688,-224.660827636719
20,talon_derecho,0,104.98291015625,-99.3181762695313
20,talon_derecho,1,145.667236328125,-125.999816894531
20,talon_derecho,2,193.667114257813,-170.665161132813
20,talon_derecho,3,269.665771484375,-231.997497558594
20,talon_derecho,4,377.664306640625,-285.330444335938
20,talon_derecho,5,476.98974609375,-282.99609375
20,talon_derecho,6,549.64892578125,-254.332336425781
20,punta_derecha,0,74.9859619140625,-129.981689453125
20,punta_derecha,1,131.3330078125,-160.999633789063
20,punta_derecha,2,201.992309570313,-218.99365234375
20,punta_derecha,3,320.321044921875,-287.992797851563
20,punta_derecha,4,455.640502929688,-311.32373046875
20,punta_derecha,5,552.9638671875,-290.6591796875
20,punta_derecha,6,608.291381835938,-211.333984375
21,talon_derecho,0,210.227172851563,-117.8916015625
21,talon_derecho,1,256.435302734375,-157.099792480469
21,talon_derecho,2,314.217651367188,-212.664428710938
21,talon_derecho,3,404.91162109375,-283.022827148438
21,talon_derecho,4,521.3564453125,-328.174865722656
21,talon_derecho,5,624.582763671875,-312.247131347656
21,talon_derecho,6,690.566284179688,-268.619750976563
21,tobillo_derecho,0,232.614990234375,-136.12060546875
21,tobillo_derecho,1,283.405883789063,-170.882080078125
21,tobillo_derecho,2,344.941040039063,-218.476196289063
21,tobillo_derecho,3,439.111206054688,-267.793701171875
21,tobillo_derecho,4,536.369873046875,-299.728088378906
21,tobillo_derecho,5,619.462890625,-282.317504882813
21,tobillo_derecho,6,661.644775390625,-247.318115234375
21,punta_derecha,0,186.396484375,-152.972534179688
21,punta_derecha,1,251.438354492188,-202.660461425781
21,punta_derecha,2,348.433349609375,-270.916320800781
21,punta_derecha,3,485.671875,-348.150146484375
21,punta_derecha,4,618.157470703125,-343.991394042969
21,punta_derecha,5,702.508422851563,-321.206298828125
21,punta_derecha,6,748.855712890625,-235.024719238281
21,rodilla_derecha,0,387.676635742188,-184.837341308594
21,rodilla_derecha,1,445.135864257813,-179.247131347656
21,rodilla_derecha,2,490.458129882813,-169.553283691406
21,rodilla_derecha,3,522.616943359375,-156.489562988281
21,rodilla_derecha,4,537.188232421875,-145.653015136719
21,rodilla_derecha,5,546.011352539063,-142.557983398438
21,rodilla_derecha,6,554.260375976563,-140.235595703125
21,cadera_derecha,0,356.783081054688,-47.4105834960938
21,cadera_derecha,1,376.0,-51.0
21,cadera_derecha,2,385.124633789063,-49.5009765625
21,cadera_derecha,3,397.578002929688,-49.2130126953125
21,cadera_derecha,4,405.0,-42.4353637695313
21,cadera_derecha,5,409.0,-37.0
21,cadera_derecha,6,410.0,-34.0
22,rodilla_derecha,0,223.25830078125,-152.606811523438
22,rodilla_derecha,1,270.913818359375,-148.069946289063
22,rodilla_derecha,2,314.730590820313,-139.595275878906
22,rodilla_derecha,3,343.460815429688,-131.516540527344
22,rodilla_derecha,4,360.5732421875,-123.258728027344
22,rodilla_derecha,5,368.662963867188,-127.415771484375
22,rodilla_derecha,6,378.0,-124.0
22,tobillo_derecho,0,83.83154296875,-121.752746582031
22,tobillo_derecho,1,125.56396484375,-147.182312011719
22,tobillo_derecho,2,177.719116210938,-187.7978515625
22,tobillo_derecho,3,250.325927734375,-233.74169921875
22,tobillo_derecho,4,345.325927734375,-264.663024902344
22,tobillo_derecho,5,430.270629882813,-258.056213378906
22,tobillo_derecho,6,468.607666015625,-235.674011230469
22,talon_derecho,0,62.6068115234375,-107.528076171875
22,talon_derecho,1,99.6087646484375,-135.856262207031
22,talon_derecho,2,148.528076171875,-184.404724121094
22,talon_derecho,3,222.85400390625,-244.011474609375
22,talon_derecho,4,328.764282226563,-291.764282226563
22,talon_derecho,5,432.696655273438,-289.662963867188
22,talon_derecho,6,486.012451171875,-256.482971191406
22,punta_derecha,0,32.2808227539063,-137.168518066406
22,punta_derecha,1,84.035400390625,-175.025268554688
22,punta_derecha,2,154.787353515625,-234.461303710938
22,punta_derecha,3,266.787719726563,-293.461303710938
22,punta_derecha,4,406.8876953125,-317.224670410156
22,punta_derecha,5,495.775268554688,-288.336975097656
22,punta_derecha,6,539.338500976563,-222.022521972656
22,cadera_derecha,0,203.0,-30.0
22,cadera_derecha,1,213.812133789063,-27.3158569335938
22,cadera_derecha,2,229.0,-29.0
22,cadera_derecha,3,248.280883789063,-34.528076171875
22,cadera_derecha,4,253.932250976563,-32.0335693359375
22,cadera_derecha,5,258.46044921875,-35.8314819335938
22,cadera_derecha,6,257.179565429688,-34.685546875
23,cadera_derecha,0,317.658569335938,-42.4381103515625
23,cadera_derecha,1,332.206298828125,-49.0703735351563
23,cadera_derecha,2,349.188232421875,-55.4058837890625
23,cadera_derecha,3,363.811767578125,-50.2471313476563
23,cadera_derecha,4,370.0,-46.0
23,cadera_derecha,5,373.0,-44.0
23,cadera_derecha,6,380.0,-43.0
23,rodilla_derecha,0,344.987426757813,-178.488403320313
23,rodilla_derecha,1,400.199584960938,-172.276672363281
23,rodilla_derecha,2,442.29931640625,-160.612182617188
23,rodilla_derecha,3,475.369873046875,-154.9638671875
23,rodilla_derecha,4,489.594116210938,-149.276611328125
23,rodilla_derecha,5,500.417236328125,-147.181518554688
23,rodilla_derecha,6,506.535278320313,-137.505737304688
23,tobillo_derecho,0,186.361206054688,-144.0302734375
23,tobillo_derecho,1,239.188232421875,-178.129272460938
23,tobillo_derecho,2,303.941162109375,-225.2880859375
23,tobillo_derecho,3,398.44677734375,-277.099792480469
23,tobillo_derecho,4,514.079833984375,-303.240478515625
23,tobillo_derecho,5,583.580688476563,-285.882141113281
23,tobillo_derecho,6,625.347045898438,-250.376403808594
23,talon_derecho,0,165.5673828125,-127.395324707031
23,talon_derecho,1,208.08837890625,-165.782348632813
23,talon_derecho,2,273.188232421875,-225.417297363281
23,talon_derecho,3,372.664428710938,-296.091186523438
23,talon_derecho,4,503.922973632813,-332.852661132813
23,talon_derecho,5,594.809814453125,-319.170166015625
23,talon_derecho,6,651.628295898438,-273.253845214844
23,punta_derecha,0,137.644409179688,-158.288757324219
23,punta_derecha,1,203.723388671875,-208.129333496094
23,punta_derecha,2,295.680541992188,-279.886840820313
23,punta_derecha,3,449.467529296875,-350.292724609375
23,punta_derecha,4,582.0,-348.0
23,punta_derecha,5,688.4970703125,-315.94775390625
23,punta_derecha,6,716.744262695313,-221.700622558594
49,punta_derecha,0,-213.101928710938,-85.098388671875
49,punta_derecha,1,-173.764038085938,-114.058959960938
49,punta_derecha,2,-124.764038085938,-159.64892578125
49,punta_derecha,3,-55.3998413085938,-215.246215820313
49,punta_derecha,4,47.7815551757813,-254.182800292969
49,punta_derecha,5,150.252075195313,-254.529479980469
49,punta_derecha,6,212.222778320313,-222.474853515625
49,punta_derecha,7,256.0,-185.0
49,punta_derecha,8,280.0,-152.0
49,punta_derecha,9,294.0,-126.0
49,punta_derecha,10,305.0,-110.0
49,punta_derecha,11,305.0,-96.0
49,talon_derecho,0,-168.094665527344,-74.5084838867188
49,talon_derecho,1,-135.765502929688,-98.7064819335938
49,talon_derecho,2,-109.296264648438,-130.824401855469
49,talon_derecho,3,-61.294921875,-180.884948730469
49,talon_derecho,4,17.4129638671875,-225.414428710938
49,talon_derecho,5,110.721069335938,-247.238891601563
49,talon_derecho,6,177.246215820313,-231.644592285156
49,talon_derecho,7,230.479248046875,-199.230163574219
49,talon_derecho,8,257.483520507813,-165.34228515625
49,talon_derecho,9,271.0,-140.0
49,talon_derecho,10,274.587036132813,-126.6474609375
49,talon_derecho,11,276.410034179688,-115.176940917969
49,tobillo_derecho,0,-162.270141601563,-84.5687866210938
49,tobillo_derecho,1,-125.588500976563,-107.765502929688
49,tobillo_derecho,2,-95.9366455078125,-136.887939453125
49,tobillo_derecho,3,-41.9409790039063,-175.294921875
49,tobillo_derecho,4,34.00146484375,-208.294921875
49,tobillo_derecho,5,119.778564453125,-225.473388671875
49,tobillo_derecho,6,172.198852539063,-211.706481933594
49,tobillo_derecho,7,219.058959960938,-185.530944824219
49,tobillo_derecho,8,240.411499023438,-155.530944824219
49,tobillo_derecho,9,256.058959960938,-132.824462890625
49,tobillo_derecho,10,261.822998046875,-115.294982910156
49,tobillo_derecho,11,268.0,-97.0
49,rodilla_derecha,0,-70.6670532226563,-121.104248046875
49,rodilla_derecha,1,-18.2920532226563,-119.64599609375
49,rodilla_derecha,2,25.9439697265625,-114.99853515625
49,rodilla_derecha,3,60.890869140625,-112.880554199219
49,rodilla_derecha,4,87.1180419921875,-109.764038085938
49,rodilla_derecha,5,100.470458984375,-108.176940917969
49,rodilla_derecha,6,113.177001953125,-110.529479980469
49,rodilla_derecha,7,127.0,-108.0
49,rodilla_derecha,8,143.0,-98.0
49,rodilla_derecha,9,153.0,-80.0
49,rodilla_derecha,10,163.0,-65.0
49,rodilla_derecha,11,173.0,-51.0
49,cadera_derecha,0,-37.4266357421875,-30.8536376953125
49,cadera_derecha,1,-17.2467651367188,-33.6190795898438
49,cadera_derecha,2,-0.349609375,-31.4690551757813
49,cadera_derecha,3,13.6475219726563,-31.4705200195313
49,cadera_derecha,4,24.0,-31.0
49,cadera_derecha,5,34.0,-30.0
49,cadera_derecha,6,42.0,-28.0
49,cadera_derecha,7,48.0,-24.0
49,cadera_derecha,8,53.0,-26.0
49,cadera_derecha,9,59.0,-23.0
49,cadera_derecha,10,66.0,-18.0
49,cadera_derecha,11,72.0,-10.0
50,talon_derecho,0,-167.189025878906,-50.136474609375
50,talon_derecho,1,-135.893249511719,-73.0
50,talon_derecho,2,-107.635009765625,-106.466369628906
50,talon_derecho,3,-65.76416015625,-154.612609863281
50,talon_derecho,4,-2.1910400390625,-210.140869140625
50,talon_derecho,5,87.00732421875,-235.235717773438
50,talon_derecho,6,163.860961914063,-229.691101074219
50,talon_derecho,7,222.41064453125,-198.1064453125
50,talon_derecho,8,260.157348632813,-162.966613769531
50,talon_derecho,9,278.579467773438,-133.158752441406
50,talon_derecho,10,295.0,-107.626525878906
50,talon_derecho,11,304.317626953125,-86.1029663085938
50,talon_derecho,12,312.0,-68.0
50,talon_derecho,13,318.0,-56.0
50,talon_derecho,14,323.0,-50.0
50,talon_derecho,15,323.373413085938,-49.0
50,punta_derecha,0,-211.555053710938,-62.0468139648438
50,punta_derecha,1,-168.98291015625,-85.5111694335938
50,punta_derecha,2,-128.915710449219,-129.910339355469
50,punta_derecha,3,-68.5784912109375,-189.24755859375
50,punta_derecha,4,22.1983642578125,-237.618957519531
50,punta_derecha,5,138.0,-237.0
50,punta_derecha,6,191.181274414063,-223.694763183594
50,punta_derecha,7,249.0,-180.0
50,punta_derecha,8,281.848388671875,-143.928161621094
50,punta_derecha,9,301.10302734375,-96.6998291015625
50,punta_derecha,10,315.0,-66.0
50,punta_derecha,11,318.008666992188,-39.2705078125
50,punta_derecha,12,317.2705078125,-17.8970336914063
50,punta_derecha,13,320.588134765625,-6.57940673828125
50,punta_derecha,14,326.0,0.0
50,punta_derecha,15,332.0,1.0
50,tobillo_derecho,0,-161.23388671875,-61.153564453125
50,tobillo_derecho,1,-129.106750488281,-81.2134399414063
50,tobillo_derecho,2,-95.9776000976563,-113.275329589844
50,tobillo_derecho,3,-50.1910400390625,-155.76416015625
50,tobillo_derecho,4,14.5731201171875,-193.359619140625
50,tobillo_derecho,5,90.8038330078125,-211.080444335938
50,tobillo_derecho,6,161.043212890625,-206.87451171875
50,tobillo_derecho,7,213.093017578125,-183.39453125
50,tobillo_derecho,8,235.18359375,-148.743225097656
50,tobillo_derecho,9,260.308837890625,-122.523559570313
50,tobillo_derecho,10,275.26171875,-97.3648071289063
50,tobillo_derecho,11,286.682495117188,-74.0
50,tobillo_derecho,12,295.785400390625,-53.214599609375
50,tobillo_derecho,13,302.62646484375,-40.7940673828125
50,tobillo_derecho,14,308.047119140625,-33.9528198242188
50,tobillo_derecho,15,311.785400390625,-32.7940673828125
50,rodilla_derecha,0,-73.2884521484375,-101.946411132813
50,rodilla_derecha,1,-28.5784301757813,-104.915710449219
50,rodilla_derecha,2,19.0629272460938,-103.129150390625
50,rodilla_derecha,3,53.30517578125,-101.342651367188
50,rodilla_derecha,4,81.698974609375,-96.5784912109375
50,rodilla_derecha,5,97.0,-96.0
50,rodilla_derecha,6,112.991333007813,-93.8970336914063
50,rodilla_derecha,7,124.0,-89.0
50,rodilla_derecha,8,145.308959960938,-80.4205932617188
50,rodilla_derecha,9,159.682373046875,-63.4764404296875
50,rodilla_derecha,10,174.888427734375,-45.7940063476563
50,rodilla_derecha,11,188.0,-31.0
50,rodilla_derecha,12,200.0,-18.0
50,rodilla_derecha,13,205.0,-5.0
50,rodilla_derecha,14,213.0,4.0
50,rodilla_derecha,15,221.82958984375,11.6235961914063
50,cadera_derecha,0,-28.7313842773438,-9.9390869140625
50,cadera_derecha,1,-11.1636352539063,-9.641357421875
50,cadera_derecha,2,3.4439697265625,-12.7865600585938
50,cadera_derecha,3,16.0,-16.0
50,cadera_derecha,4,31.0,-14.0
50,cadera_derecha,5,41.0,-12.0
50,cadera_derecha,6,48.0,-8.0
50,cadera_derecha,7,53.0,-5.0
50,cadera_derecha,8,57.0,-2.0
50,cadera_derecha,9,61.0,2.0
50,cadera_derecha,10,67.0,6.0
50,cadera_derecha,11,75.0,9.0
50,cadera_derecha,12,82.0,16.0
50,cadera_derecha,13,90.0,21.0
50,cadera_derecha,14,100.0,22.0
50,cadera_derecha,15,110.0,21.0
51,talon_derecho,0,-281.054809570313,-39.1482543945313
51,talon_derecho,1,-258.303405761719,-57.0
51,talon_derecho,2,-242.955810546875,-85.471923828125
51,talon_derecho,3,-214.606811523438,-125.078735351563
51,talon_derecho,4,-166.831420898438,-176.764282226563
51,talon_derecho,5,-88.9654541015625,-215.461364746094
51,talon_derecho,6,-14.4028930664063,-219.236694335938
51,talon_derecho,7,48.70849609375,-191.156982421875
51,talon_derecho,8,99.0225830078125,-157.528137207031
51,talon_derecho,9,126.887573242188,-132.471923828125
51,talon_derecho,10,151.247192382813,-102.224670410156
51,talon_derecho,11,168.662963867188,-77.696533203125
51,talon_derecho,12,178.0,-57.0
51,tobillo_derecho,0,-278.335693359375,-47.9461059570313
51,tobillo_derecho,1,-252.0,-66.359619140625
51,tobillo_derecho,2,-229.203063964844,-93.1123657226563
51,tobillo_derecho,3,-199.303405761719,-128.831481933594
51,tobillo_derecho,4,-148.584228515625,-171.438232421875
51,tobillo_derecho,5,-73.9093627929688,-197.899108886719
51,tobillo_derecho,6,-16.335693359375,-194.123779296875
51,tobillo_derecho,7,39.157958984375,-171.348022460938
51,tobillo_derecho,8,83.8876953125,-141.415771484375
51,tobillo_derecho,9,111.831420898438,-117.359558105469
51,tobillo_derecho,10,138.134887695313,-89.1123657226563
51,tobillo_derecho,11,155.96630859375,-65.1685180664063
51,tobillo_derecho,12,165.0,-45.0
51,punta_derecha,0,-322.223754882813,-51.24951171875
51,punta_derecha,1,-297.0,-70.0
51,punta_derecha,2,-265.696594238281,-108.022583007813
51,punta_derecha,3,-227.336975097656,-156.292297363281
51,punta_derecha,4,-158.909301757813,-206.787231445313
51,punta_derecha,5,-64.1451416015625,-230.539611816406
51,punta_derecha,6,12.1680297851563,-206.42724609375
51,punta_derecha,7,67.57177734375,-168.472412109375
51,punta_derecha,8,122.157470703125,-126.674072265625
51,punta_derecha,9,146.471923828125,-91.9212646484375
51,punta_derecha,10,167.471923828125,-60.2247314453125
51,punta_derecha,11,177.752807617188,-35.7528076171875
51,punta_derecha,12,186.0,-13.0
51,rodilla_derecha,0,-207.076416015625,-90.41845703125
51,rodilla_derecha,1,-172.393188476563,-98.471923828125
51,rodilla_derecha,2,-131.336547851563,-98.0
51,rodilla_derecha,3,-91.2799682617188,-93.16845703125
51,rodilla_derecha,4,-62.8651123046875,-88.2808227539063
51,rodilla_derecha,5,-44.7527465820313,-85.6629638671875
51,rodilla_derecha,6,-34.640380859375,-83.94384765625
51,rodilla_derecha,7,-19.5617065429688,-78.1123657226563
51,rodilla_derecha,8,0.1348876953125,-69.94384765625
51,rodilla_derecha,9,17.0,-57.0
51,rodilla_derecha,10,38.8650512695313,-39.0336303710938
51,rodilla_derecha,11,54.9212646484375,-19.1459350585938
51,rodilla_derecha,12,65.224609375,-5.528076171875
51,cadera_derecha,0,-146.671264648438,0.189208984375
51,cadera_derecha,1,-135.280883789063,-4.8876953125
51,cadera_derecha,2,-124.0,-6.0
51,cadera_derecha,3,-112.0,-7.0
51,cadera_derecha,4,-102.0,-7.0
51,cadera_derecha,5,-94.0,-4.0
51,cadera_derecha,6,-90.0,-2.0
51,cadera_derecha,7,-86.0,0.0
51,cadera_derecha,8,-82.0,0.0
51,cadera_derecha,9,-78.0,2.0
51,cadera_derecha,10,-73.0,4.0
51,cadera_derecha,11,-66.0,7.0
51,cadera_derecha,12,-59.0,11.0
52,talon_derecho,0,-204.624145507813,-55.8434448242188
52,talon_derecho,1,-177.883422851563,-83.7064819335938
52,talon_derecho,2,-151.591430664063,-119.942443847656
52,talon_derecho,3,-98.4144287109375,-170.827392578125
52,talon_derecho,4,-19.4602661132813,-217.952697753906
52,talon_derecho,5,66.8375244140625,-224.942504882813
52,talon_derecho,6,137.790283203125,-205.880554199219
52,talon_derecho,7,198.951171875,-173.759643554688
52,talon_derecho,8,232.235961914063,-130.882080078125
52,talon_derecho,9,251.0,-98.0
52,talon_derecho,10,264.0,-67.0
52,tobillo_derecho,0,-198.799682617188,-66.962890625
52,tobillo_derecho,1,-167.185729980469,-93.8820190429688
52,tobillo_derecho,2,-135.353942871094,-125.529479980469
52,tobillo_derecho,3,-81.4114990234375,-167.824462890625
52,tobillo_derecho,4,-3.04583740234375,-205.418884277344
52,tobillo_derecho,5,77.5426025390625,-209.765441894531
52,tobillo_derecho,6,128.374389648438,-188.585571289063
52,tobillo_derecho,7,183.35400390625,-157.647521972656
52,tobillo_derecho,8,219.294921875,-120.177001953125
52,tobillo_derecho,9,238.0,-88.0
52,tobillo_derecho,10,246.293701171875,-58.0589599609375
52,punta_derecha,0,-241.68896484375,-67.492431640625
52,punta_derecha,1,-207.411499023438,-102.883422851563
52,punta_derecha,2,-161.64599609375,-149.591369628906
52,punta_derecha,3,-86.9365844726563,-206.712341308594
52,punta_derecha,4,7.83905029296875,-239.887817382813
52,punta_derecha,5,101.250610351563,-228.939575195313
52,punta_derecha,6,153.141357421875,-198.228698730469
52,punta_derecha,7,210.71533203125,-163.053161621094
52,punta_derecha,8,246.824462890625,-115.057495117188
52,punta_derecha,9,269.765380859375,-64.0560913085938
52,punta_derecha,10,281.411499023438,-30.0
52,rodilla_derecha,0,-114.609497070313,-100.850769042969
52,rodilla_derecha,1,-72.7791748046875,-105.616271972656
52,rodilla_derecha,2,-25.65380859375,-100.321350097656
52,rodilla_derecha,3,8.2340087890625,-93.4378662109375
52,rodilla_derecha,4,37.3563232421875,-91.849365234375
52,rodilla_derecha,5,56.9476928710938,-92.3788452148438
52,rodilla_derecha,6,77.0687255859375,-89.2018432617188
52,rodilla_derecha,7,94.3525390625,-82.177001953125
52,rodilla_derecha,8,109.587036132813,-67.5885009765625
52,rodilla_derecha,9,124.175537109375,-45.7639770507813
52,rodilla_derecha,10,134.411499023438,-24.3524780273438
52,cadera_derecha,0,-73.8381958007813,-8.7181396484375
52,cadera_derecha,1,-54.4100341796875,-9.52947998046875
52,cadera_derecha,2,-44.64599609375,-10.4705200195313
52,cadera_derecha,3,-26.7034912109375,-11.9410400390625
52,cadera_derecha,4,-10.9970703125,-12.529541015625
52,cadera_derecha,5,-3.05615234375,-9.0
52,cadera_derecha,6,4.94390869140625,-4.94097900390625
52,cadera_derecha,7,10.4734497070313,-4.6474609375
52,cadera_derecha,8,16.1209106445313,-4.2359619140625
52,cadera_derecha,9,24.827392578125,1.94097900390625
52,cadera_derecha,10,34.4749145507813,4.94097900390625
53,punta_derecha,0,-309.57177734375,-108.249572753906
53,punta_derecha,1,-266.192016601563,-167.966857910156
53,punta_derecha,2,-192.5732421875,-218.933654785156
53,punta_derecha,3,-92.0101318359375,-243.483459472656
53,punta_derecha,4,-8.79833984375,-222.011535644531
53,punta_derecha,5,53.8541259765625,-174.876159667969
53,punta_derecha,6,97.0,-138.0
53,punta_derecha,7,133.134887695313,-98.6965942382813
53,punta_derecha,8,147.0,-68.0
53,punta_derecha,9,168.550659179688,-31.2808227539063
53,talon_derecho,0,-281.256896972656,-84.181884765625
53,talon_derecho,1,-263.404724121094,-136.517028808594
53,talon_derecho,2,-206.112365722656,-187.269775390625
53,talon_derecho,3,-117.8642578125,-227.382568359375
53,talon_derecho,4,-36.69482421875,-224.551025390625
53,talon_derecho,5,32.3715209960938,-195.213134765625
53,talon_derecho,6,83.7191162109375,-160.719177246094
53,talon_derecho,7,116.775390625,-123.528076171875
53,talon_derecho,8,133.0,-89.0
53,talon_derecho,9,147.471923828125,-54.2246704101563
53,tobillo_derecho,0,-270.762390136719,-94.1482543945313
53,tobillo_derecho,1,-242.494445800781,-136.606811523438
53,tobillo_derecho,2,-186.640380859375,-179.663024902344
53,tobillo_derecho,3,-108.302490234375,-206.090270996094
53,tobillo_derecho,4,-36.5713500976563,-201.843017578125
53,tobillo_derecho,5,27.1372680664063,-181.078735351563
53,tobillo_derecho,6,73.0,-147.719177246094
53,tobillo_derecho,7,104.94384765625,-113.359619140625
53,tobillo_derecho,8,123.0,-76.0
53,tobillo_derecho,9,137.0,-45.528076171875
53,rodilla_derecha,0,-170.356872558594,-104.946105957031
53,rodilla_derecha,1,-129.300231933594,-97.867431640625
53,rodilla_derecha,2,-94.0335693359375,-95.1685180664063
53,rodilla_derecha,3,-71.5055541992188,-91.6404418945313
53,rodilla_derecha,4,-56.3370361328125,-94.7191772460938
53,rodilla_derecha,5,-39.3480834960938,-85.8651123046875
53,rodilla_derecha,6,-22.528076171875,-74.0562133789063
53,rodilla_derecha,7,-1.71917724609375,-57.1685180664063
53,rodilla_derecha,8,13.1459350585938,-31.8088989257813
53,rodilla_derecha,9,25.3595581054688,-10.05615234375
53,cadera_derecha,0,-151.480224609375,-8.67535400390625
53,cadera_derecha,1,-139.0,-10.0
53,cadera_derecha,2,-128.0,-10.0
53,cadera_derecha,3,-119.0,-9.0
53,cadera_derecha,4,-111.0,-5.0
53,cadera_derecha,5,-105.0,-2.0
53,cadera_derecha,6,-101.0,1.0
53,cadera_derecha,7,-99.0,5.0
53,cadera_derecha,8,-95.0,10.0
53,cadera_derecha,9,-90.0,18.0
54,talon_derecho,0,-242.571350097656,-46.6873779296875
54,talon_derecho,1,-210.0,-70.0
54,talon_derecho,2,-185.62939453125,-107.719177246094
54,talon_derecho,3,-146.438293457031,-157.213623046875
54,talon_derecho,4,-73.2808227539063,-205.213623046875
54,talon_derecho,5,21.7191772460938,-235.415222167969
54,talon_derecho,6,104.776123046875,-225.033081054688
54,talon_derecho,7,159.68603515625,-193.853576660156
54,talon_derecho,8,205.933715820313,-153.268859863281
54,talon_derecho,9,233.247192382813,-118.1123046875
54,talon_derecho,10,245.584228515625,-85.1123046875
54,tobillo_derecho,0,-235.964538574219,-58.9571533203125
54,tobillo_derecho,1,-203.0,-81.0
54,tobillo_derecho,2,-171.573181152344,-113.831420898438
54,tobillo_derecho,3,-127.719177246094,-157.550659179688
54,tobillo_derecho,4,-54.8651123046875,-194.663024902344
54,tobillo_derecho,5,25.3604736328125,-214.011535644531
54,tobillo_derecho,6,101.338745117188,-208.820434570313
54,tobillo_derecho,7,152.91064453125,-179.213134765625
54,tobillo_derecho,8,193.96728515625,-141.4599609375
54,tobillo_derecho,9,217.359497070313,-107.528076171875
54,tobillo_derecho,10,232.8876953125,-76.0
54,punta_derecha,0,-277.965026855469,-62.7324829101563
54,punta_derecha,1,-245.0,-87.0
54,punta_derecha,2,-200.495361328125,-135.4833984375
54,punta_derecha,3,-144.393188476563,-195.651916503906
54,punta_derecha,4,-52.0326538085938,-228.034057617188
54,punta_derecha,5,52.7090454101563,-248.292358398438
54,punta_derecha,6,126.62841796875,-217.258728027344
54,punta_derecha,7,184.673950195313,-177.145935058594
54,punta_derecha,8,233.269775390625,-132.640441894531
54,punta_derecha,9,251.0,-93.05615234375
54,punta_derecha,10,268.359619140625,-55.2808227539063
54,rodilla_derecha,0,-147.716430664063,-96.7665405273438
54,rodilla_derecha,1,-106.337036132813,-102.584289550781
54,rodilla_derecha,2,-58.673583984375,-103.528137207031
54,rodilla_derecha,3,-20.3931884765625,-100.752746582031
54,rodilla_derecha,4,11.22509765625,-88.9548950195313
54,rodilla_derecha,5,32.3034057617188,-91.7752685546875
54,rodilla_derecha,6,51.6519165039063,-89.8876342773438
54,rodilla_derecha,7,76.1910400390625,-88.4157104492188
54,rodilla_derecha,8,96.7979736328125,-79.3034057617188
54,rodilla_derecha,9,111.528076171875,-59.1123046875
54,rodilla_derecha,10,126.584228515625,-37.2246704101563
54,cadera_derecha,0,-92.9742431640625,-0.439697265625
54,cadera_derecha,1,-78.0,-2.0
54,cadera_derecha,2,-64.0,-6.0
54,cadera_derecha,3,-50.0,-9.0
54,cadera_derecha,4,-36.0,-10.0
54,cadera_derecha,5,-27.0,-7.0
54,cadera_derecha,6,-19.0,-3.0
54,cadera_derecha,7,-14.0,1.0
54,cadera_derecha,8,-9.0,1.0
54,cadera_derecha,9,-3.0,3.0
54,cadera_derecha,10,4.0,6.0
55,rodilla_derecha,0,-122.027038574219,-89.96875
55,rodilla_derecha,1,-85.333984375,-98.6663208007813
55,rodilla_derecha,2,-46.6712646484375,-97.999755859375
55,rodilla_derecha,3,-6.6756591796875,-91.6670532226563
55,rodilla_derecha,4,19.66552734375,-87.6676025390625
55,rodilla_derecha,5,32.99755859375,-83.6680297851563
55,rodilla_derecha,6,50.3291625976563,-83.6680297851563
55,rodilla_derecha,7,61.6613159179688,-73.00244140625
55,rodilla_derecha,8,82.6651611328125,-59.0006103515625
55,rodilla_derecha,9,100.663940429688,-37.9977416992188
55,talon_derecho,0,-202.685363769531,-33.9744262695313
55,talon_derecho,1,-178.333190917969,-59.0
55,talon_derecho,2,-160.665588378906,-95.3330078125
55,talon_derecho,3,-126.666198730469,-139.332580566406
55,talon_derecho,4,-69.3331298828125,-194.664733886719
55,talon_derecho,5,18.6578369140625,-231.32763671875
55,talon_derecho,6,87.3411865234375,-211.329711914063
55,talon_derecho,7,152.6796875,-182.660827636719
55,talon_derecho,8,191.3330078125,-147.333190917969
55,talon_derecho,9,217.999633789063,-115.0
55,tobillo_derecho,0,-200.685485839844,-45.3067016601563
55,tobillo_derecho,1,-174.333374023438,-70.0
55,tobillo_derecho,2,-148.325561523438,-103.666381835938
55,tobillo_derecho,3,-109.333374023438,-140.000122070313
55,tobillo_derecho,4,-54.0,-181.332641601563
55,tobillo_derecho,5,21.9921264648438,-213.995971679688
55,tobillo_derecho,6,82.6524658203125,-189.331787109375
55,tobillo_derecho,7,145.66015625,-172.334838867188
55,tobillo_derecho,8,178.6669921875,-135.666625976563
55,tobillo_derecho,9,203.999633789063,-102.333374023438
55,punta_derecha,0,-238.015014648438,-42.6401977539063
55,punta_derecha,1,-210.333618164063,-71.6663818359375
55,punta_derecha,2,-183.666381835938,-121.331726074219
55,punta_derecha,3,-130.334838867188,-177.998168945313
55,punta_derecha,4,-51.0082397460938,-225.66162109375
55,punta_derecha,5,50.00439453125,-238.331970214844
55,punta_derecha,6,110.007690429688,-210.330017089844
55,punta_derecha,7,174.013305664063,-162.329650878906
55,punta_derecha,8,213.333251953125,-122.666870117188
55,punta_derecha,9,234.666870117188,-75.3348388671875
55,cadera_derecha,0,-73.6986694335938,-5.31109619140625
55,cadera_derecha,1,-61.0,-7.0
55,cadera_derecha,2,-49.0,-9.0
55,cadera_derecha,3,-37.0,-11.0
55,cadera_derecha,4,-23.0004272460938,-6.3336181640625
55,cadera_derecha,5,-16.0,-1.0
55,cadera_derecha,6,-11.0,4.0
55,cadera_derecha,7,-8.0,10.0
55,cadera_derecha,8,-5.0,14.0
55,cadera_derecha,9,-2.0,19.0
56,punta_derecha,0,-332.358520507813,-129.634704589844
56,punta_derecha,1,-290.667175292969,-185.33154296875
56,punta_derecha,2,-218.3408203125,-235.661499023438
56,punta_derecha,3,-117.677062988281,-260.997314453125
56,punta_derecha,4,-24.3356323242188,-246.666870117188
56,punta_derecha,5,16.326904296875,-210.670593261719
56,punta_derecha,6,78.66015625,-180.003051757813
56,punta_derecha,7,122.665771484375,-131.000671386719
56,punta_derecha,8,141.0,-78.3344116210938
56,talon_derecho,0,-304.361389160156,-98.3045654296875
56,talon_derecho,1,-279.332397460938,-149.998352050781
56,talon_derecho,2,-226.666809082031,-202.998413085938
56,talon_derecho,3,-146.675048828125,-240.327941894531
56,talon_derecho,4,-58.3424682617188,-246.665954589844
56,talon_derecho,5,9.65960693359375,-219.336120605469
56,talon_derecho,6,70.3199462890625,-188.005920410156
56,talon_derecho,7,111.332763671875,-137.667419433594
56,talon_derecho,8,121.001098632813,-95.6666259765625
56,tobillo_derecho,0,-291.029418945313,-109.63671875
56,tobillo_derecho,1,-261.332763671875,-147.333251953125
56,tobillo_derecho,2,-207.333618164063,-192.332580566406
56,tobillo_derecho,3,-137.666748046875,-219.332214355469
56,tobillo_derecho,4,-57.3416748046875,-230.332092285156
56,tobillo_derecho,5,3.3270263671875,-196.670104980469
56,tobillo_derecho,6,58.6546630859375,-169.339538574219
56,tobillo_derecho,7,96.99951171875,-127.0
56,tobillo_derecho,8,109.333984375,-86.6666259765625
56,rodilla_derecha,0,-185.706909179688,-106.303771972656
56,rodilla_derecha,1,-148.377807617188,-105.303771972656
56,rodilla_derecha,2,-117.000793457031,-104.000610351563
56,rodilla_derecha,3,-93.6678466796875,-100.333801269531
56,rodilla_derecha,4,-73.6676635742188,-100.999389648438
56,rodilla_derecha,5,-56.3361206054688,-94.3334350585938
56,rodilla_derecha,6,-37.6713256835938,-84.33447265625
56,rodilla_derecha,7,-22.0059204101563,-65.3307495117188
56,rodilla_derecha,8,-7.0,-43.0
56,cadera_derecha,0,-159.709716796875,-8.6474609375
56,cadera_derecha,1,-147.0,-10.0
56,cadera_derecha,2,-135.0,-12.0
56,cadera_derecha,3,-126.0,-13.0
56,cadera_derecha,4,-121.0,-12.0
56,cadera_derecha,5,-117.0,-8.0
56,cadera_derecha,6,-115.0,-6.0
56,cadera_derecha,7,-113.0,0.0
56,cadera_derecha,8,-111.0,5.0
57,punta_derecha,0,-355.41455078125,-79.7830810546875
57,punta_derecha,1,-324.623596191406,-109.970520019531
57,punta_derecha,2,-279.870727539063,-150.129272460938
57,punta_derecha,3,-218.6005859375,-201.258544921875
57,punta_derecha,4,-124.689392089844,-239.12744140625
57,punta_derecha,5,-30.3489379882813,-247.91162109375
57,punta_derecha,6,30.419189453125,-200.546508789063
57,punta_derecha,7,93.91162109375,-152.870727539063
57,punta_derecha,8,124.970581054688,-112.62353515625
57,talon_derecho,0,-313.421203613281,-57.395263671875
57,talon_derecho,1,-291.129272460938,-85.5646362304688
57,talon_derecho,2,-264.911560058594,-123.911560058594
57,talon_derecho,3,-222.248718261719,-171.762634277344
57,talon_derecho,4,-146.247131347656,-214.0703125
57,talon_derecho,5,-58.7646484375,-237.170166015625
57,talon_derecho,6,14.421875,-211.931274414063
57,talon_derecho,7,77.41064453125,-176.135925292969
57,talon_derecho,8,109.970458984375,-135.435363769531
57,tobillo_derecho,0,-309.668334960938,-72.65380859375
57,tobillo_derecho,1,-280.188232421875,-96.8118286132813
57,tobillo_derecho,2,-250.346984863281,-127.0
57,tobillo_derecho,3,-203.209411621094,-171.513732910156
57,tobillo_derecho,4,-130.939575195313,-199.715148925781
57,tobillo_derecho,5,-52.39453125,-217.847961425781
57,tobillo_derecho,6,6.687255859375,-191.707275390625
57,tobillo_derecho,7,63.4400634765625,-161.888793945313
57,tobillo_derecho,8,94.970458984375,-126.782348632813
57,rodilla_derecha,0,-223.52294921875,-101.1708984375
57,rodilla_derecha,1,-186.058959960938,-103.435424804688
57,rodilla_derecha,2,-140.312744140625,-101.058959960938
57,rodilla_derecha,3,-107.653076171875,-96.4354248046875
57,rodilla_derecha,4,-77.9363403320313,-92.3469848632813
57,rodilla_derecha,5,-60.1131591796875,-88.7823486328125
57,rodilla_derecha,6,-42.2899780273438,-94.1293334960938
57,rodilla_derecha,7,-30.4078369140625,-82.84130859375
57,rodilla_derecha,8,-7.4058837890625,-65.4647827148438
57,cadera_derecha,0,-177.182678222656,-6.11395263671875
57,cadera_derecha,1,-157.646484375,-8.27667236328125
57,cadera_derecha,2,-144.576171875,-10.0589599609375
57,cadera_derecha,3,-134.0,-9.0
57,cadera_derecha,4,-123.0,-14.0
57,cadera_derecha,5,-115.0,-10.0
57,cadera_derecha,6,-109.0,-7.0
57,cadera_derecha,7,-105.0,-5.0
57,cadera_derecha,8,-103.0,1.0
58,punta_derecha,0,-294.786682128906,-44.8260498046875
58,punta_derecha,1,-265.0,-69.0
58,punta_derecha,2,-230.317626953125,-116.038452148438
58,punta_derecha,3,-179.326293945313,-173.347351074219
58,punta_derecha,4,-98.5720825195313,-218.351013183594
58,punta_derecha,5,1.1015625,-238.188537597656
58,punta_derecha,6,66.369873046875,-218.647583007813
58,punta_derecha,7,127.827514648438,-176.361145019531
58,punta_derecha,8,168.047119140625,-130.485107421875
58,punta_derecha,9,183.429321289063,-87.9616088867188
58,punta_derecha,10,197.317626953125,-57.1588134765625
58,punta_derecha,11,207.0,-33.0
58,punta_derecha,12,213.0,-13.0
58,punta_derecha,13,216.0,1.0
58,punta_derecha,14,221.0,9.0
58,punta_derecha,15,227.0,11.0
58,punta_derecha,16,235.0,7.0
58,punta_derecha,17,244.0,0.0
58,punta_derecha,18,254.841186523438,-15.4677124023438
58,punta_derecha,19,264.0,-33.6265258789063
58,talon_derecho,0,-258.615600585938,-32.6287841796875
58,talon_derecho,1,-230.0,-57.0
58,talon_derecho,2,-210.300170898438,-92.3088989257813
58,talon_derecho,3,-174.626586914063,-137.514892578125
58,talon_derecho,4,-116.0,-191.506225585938
58,talon_derecho,5,-30.6192626953125,-228.518493652344
58,talon_derecho,6,48.8731689453125,-223.471374511719
58,talon_derecho,7,102.256713867188,-192.717163085938
58,talon_derecho,8,138.0,-157.0
58,talon_derecho,9,169.991333007813,-129.682373046875
58,talon_derecho,10,189.36474609375,-98.317626953125
58,talon_derecho,11,200.0,-74.0
58,talon_derecho,12,207.0,-55.0
58,talon_derecho,13,211.0,-41.0
58,talon_derecho,14,216.0,-33.0
58,talon_derecho,15,218.214721679688,-30.7940673828125
58,talon_derecho,16,225.373413085938,-35.1588134765625
58,talon_derecho,17,234.0,-42.0
58,talon_derecho,18,243.0,-53.0
58,talon_derecho,19,252.0,-66.0
58,tobillo_derecho,0,-254.830200195313,-44.8260498046875
58,tobillo_derecho,1,-225.0,-68.0
58,tobillo_derecho,2,-198.380798339844,-102.373474121094
58,tobillo_derecho,3,-161.36474609375,-141.36474609375
58,tobillo_derecho,4,-96.7469482421875,-180.888366699219
58,tobillo_derecho,5,-21.8810424804688,-209.909362792969
58,tobillo_derecho,6,43.1885375976563,-206.008728027344
58,tobillo_derecho,7,90.9478759765625,-178.661376953125
58,tobillo_derecho,8,129.205932617188,-146.682434082031
58,tobillo_derecho,9,153.682373046875,-118.0
58,tobillo_derecho,10,175.467651367188,-88.7382202148438
58,tobillo_derecho,11,185.0,-65.0
58,tobillo_derecho,12,193.0,-46.0
58,tobillo_derecho,13,197.0,-32.0
58,tobillo_derecho,14,202.0,-25.0
58,tobillo_derecho,15,208.0,-23.0
58,tobillo_derecho,16,214.317626953125,-23.6351928710938
58,tobillo_derecho,17,223.0,-30.0
58,tobillo_derecho,18,232.0,-40.0
58,tobillo_derecho,19,241.0,-54.0
58,rodilla_derecha,0,-182.487915039063,-104.129943847656
58,rodilla_derecha,1,-138.90576171875,-111.0
58,rodilla_derecha,2,-91.7991333007813,-108.897094726563
58,rodilla_derecha,3,-50.8984375,-101.588134765625
58,rodilla_derecha,4,-21.89697265625,-95.2704467773438
58,rodilla_derecha,5,-5.4764404296875,-91.5236206054688
58,rodilla_derecha,6,7.6265869140625,-90.7940063476563
58,rodilla_derecha,7,21.4677124023438,-85.9442138671875
58,rodilla_derecha,8,35.2617797851563,-75.7382202148438
58,rodilla_derecha,9,52.682373046875,-61.317626953125
58,rodilla_derecha,10,65.0,-44.4764404296875
58,rodilla_derecha,11,77.2618408203125,-28.5794067382813
58,rodilla_derecha,12,87.0,-17.0
58,rodilla_derecha,13,95.63525390625,-8.1588134765625
58,rodilla_derecha,14,103.0,-3.0
58,rodilla_derecha,15,109.89697265625,0.8411865234375
58,rodilla_derecha,16,118.055786132813,1.5235595703125
58,rodilla_derecha,17,130.0,-4.0
58,rodilla_derecha,18,140.0,-9.0
58,rodilla_derecha,19,147.0,-15.0
58,cadera_derecha,0,-126.707580566406,-11.86083984375
58,cadera_derecha,1,-113.0,-13.0
58,cadera_derecha,2,-100.0,-15.5235595703125
58,cadera_derecha,3,-87.0,-17.0
58,cadera_derecha,4,-76.0,-17.0
58,cadera_derecha,5,-68.0,-14.0
58,cadera_derecha,6,-61.0,-9.0
58,cadera_derecha,7,-57.0,-5.0
58,cadera_derecha,8,-53.0,-3.0
58,cadera_derecha,9,-48.0,-1.0
58,cadera_derecha,10,-44.0,1.0
58,cadera_derecha,11,-36.0,2.0
58,cadera_derecha,12,-28.0,2.0
58,cadera_derecha,13,-19.0,3.0
58,cadera_derecha,14,-10.0,1.0
58,cadera_derecha,15,-2.0,-1.0
58,cadera_derecha,16,8.0,-5.0
58,cadera_derecha,17,17.0,-6.0
58,cadera_derecha,18,28.0,-9.0
58,cadera_derecha,19,37.0,-12.0
59,punta_derecha,0,-373.34716796875,-64.0359497070313
59,punta_derecha,1,-343.640441894531,-102.966430664063
59,punta_derecha,2,-307.415710449219,-156.517028808594
59,punta_derecha,3,-234.707641601563,-211.876586914063
59,punta_derecha,4,-131.157409667969,-248.383483886719
59,punta_derecha,5,-46.471923828125,-235.033630371094
59,punta_derecha,6,21.3038330078125,-183.31494140625
59,punta_derecha,7,69.8314208984375,-146.056213378906
59,punta_derecha,8,94.0,-104.977416992188
59,punta_derecha,9,108.584228515625,-70.6404418945313
59,punta_derecha,10,119.0,-45.0
59,punta_derecha,11,119.921142578125,-25.6404418945313
59,punta_derecha,12,119.168579101563,-10.471923828125
59,punta_derecha,13,118.393188476563,-5.77532958984375
59,punta_derecha,14,122.0,-4.0
59,punta_derecha,15,126.0,-5.0
59,talon_derecho,0,-335.122009277344,-49.87841796875
59,talon_derecho,1,-314.854064941406,-82.1910400390625
59,talon_derecho,2,-293.045104980469,-122.191040039063
59,talon_derecho,3,-245.359558105469,-180.236206054688
59,talon_derecho,4,-162.145935058594,-233.551086425781
59,talon_derecho,5,-70.8641967773438,-233.471923828125
59,talon_derecho,6,-5.0556640625,-204.494934082031
59,talon_derecho,7,46.7752685546875,-170.662963867188
59,talon_derecho,8,76.2471923828125,-137.0
59,talon_derecho,9,93.0,-109.0
59,talon_derecho,10,104.0,-84.0
59,talon_derecho,11,110.0,-66.0
59,talon_derecho,12,115.0,-53.0
59,talon_derecho,13,119.0,-46.0
59,talon_derecho,14,122.0,-44.0
59,talon_derecho,15,126.0,-46.0
59,tobillo_derecho,0,-330.874755859375,-62.6201171875
59,tobillo_derecho,1,-304.415710449219,-92.415771484375
59,tobillo_derecho,2,-276.966369628906,-126.1123046875
59,tobillo_derecho,3,-227.0,-175.629333496094
59,tobillo_derecho,4,-149.393188476563,-210.708129882813
59,tobillo_derecho,5,-72.0778198242188,-215.662963867188
59,tobillo_derecho,6,-12.1445922851563,-185.460388183594
59,tobillo_derecho,7,33.94384765625,-155.134887695313
59,tobillo_derecho,8,60.3595581054688,-124.0
59,tobillo_derecho,9,77.415771484375,-100.719177246094
59,tobillo_derecho,10,91.177001953125,-75.4705200195313
59,tobillo_derecho,11,97.6474609375,-56.3525390625
59,tobillo_derecho,12,100.6474609375,-41.1165161132813
59,tobillo_derecho,13,106.70654296875,-33.175537109375
59,tobillo_derecho,14,110.71923828125,-32.2808227539063
59,tobillo_derecho,15,114.0,-34.0
59,rodilla_derecha,0,-243.514282226563,-104.676818847656
59,rodilla_derecha,1,-202.929565429688,-107.980224609375
59,rodilla_derecha,2,-156.2099609375,-102.317260742188
59,rodilla_derecha,3,-125.505493164063,-97.2246704101563
59,rodilla_derecha,4,-102.011108398438,-93.8089599609375
59,rodilla_derecha,5,-89.1685180664063,-90.528076171875
59,rodilla_derecha,6,-76.8987426757813,-89.584228515625
59,rodilla_derecha,7,-59.730224609375,-85.0
59,rodilla_derecha,8,-43.1123046875,-70.1123657226563
59,rodilla_derecha,9,-27.8088989257813,-52.2246704101563
59,rodilla_derecha,10,-18.0,-36.0
59,rodilla_derecha,11,-7.528076171875,-22.6404418945313
59,rodilla_derecha,12,2.0,-14.0
59,rodilla_derecha,13,12.0,-7.0
59,rodilla_derecha,14,18.0,-3.0
59,rodilla_derecha,15,25.0,-3.0
59,cadera_derecha,0,-196.37890625,-8.82177734375
59,cadera_derecha,1,-183.0,-10.0
59,cadera_derecha,2,-168.0,-14.0
59,cadera_derecha,3,-158.0,-14.0
59,cadera_derecha,4,-152.0,-10.0
59,cadera_derecha,5,-146.0,-8.0
59,cadera_derecha,6,-142.0,-8.0
59,cadera_derecha,7,-140.0,-8.0
59,cadera_derecha,8,-139.0,-8.0
59,cadera_derecha,9,-135.0,-5.0
59,cadera_derecha,10,-131.0,-2.0
59,cadera_derecha,11,-125.0,2.0
59,cadera_derecha,12,-117.0,1.0
59,cadera_derecha,13,-109.0,3.0
59,cadera_derecha,14,-101.0,4.0
59,cadera_derecha,15,-92.0,2.0
60,punta_derecha,0,-329.639526367188,-44.5975952148438
60,punta_derecha,1,-299.696594238281,-73.7752685546875
60,punta_derecha,2,-263.280883789063,-118.910217285156
60,punta_derecha,3,-215.977416992188,-180.562133789063
60,punta_derecha,4,-129.616943359375,-231.057006835938
60,punta_derecha,5,-17.6842041015625,-243.269775390625
60,punta_derecha,6,52.51611328125,-218.42724609375
60,punta_derecha,7,112.449462890625,-175.011047363281
60,punta_derecha,8,154.0,-143.359558105469
60,punta_derecha,9,175.0,-108.0
60,punta_derecha,10,187.224609375,-78.05615234375
60,punta_derecha,11,195.280883789063,-45.9774169921875
60,talon_derecho,0,-286.919921875,-34.406494140625
60,talon_derecho,1,-266.606811523438,-59.471923828125
60,talon_derecho,2,-245.325988769531,-96.9663696289063
60,talon_derecho,3,-215.595825195313,-142.460876464844
60,talon_derecho,4,-151.112365722656,-197.404724121094
60,talon_derecho,5,-55.7854614257813,-236.573669433594
60,talon_derecho,6,24.2914428710938,-225.809387207031
60,talon_derecho,7,82.989501953125,-197.62890625
60,talon_derecho,8,122.0,-163.0
60,talon_derecho,9,148.8876953125,-130.0
60,talon_derecho,10,164.0,-101.0
60,talon_derecho,11,171.337036132813,-77.584228515625
60,tobillo_derecho,0,-285.97607421875,-48.5640258789063
60,tobillo_derecho,1,-259.0,-71.0
60,tobillo_derecho,2,-233.606811523438,-102.640380859375
60,tobillo_derecho,3,-192.966369628906,-142.056213378906
60,tobillo_derecho,4,-132.94384765625,-186.91015625
60,tobillo_derecho,5,-51.74169921875,-214.752319335938
60,tobillo_derecho,6,21.4052124023438,-204.370239257813
60,tobillo_derecho,7,77.978759765625,-183.134094238281
60,tobillo_derecho,8,117.0,-149.0
60,tobillo_derecho,9,139.191040039063,-120.966369628906
60,tobillo_derecho,10,152.640502929688,-92.0
60,tobillo_derecho,11,159.808837890625,-65.2246704101563
60,rodilla_derecha,0,-206.6943359375,-96.2274169921875
60,rodilla_derecha,1,-169.280883789063,-100.640380859375
60,rodilla_derecha,2,-122.08935546875,-103.471923828125
60,rodilla_derecha,3,-80.9774169921875,-97.9212646484375
60,rodilla_derecha,4,-53.010986328125,-96.0
60,rodilla_derecha,5,-42.0,-90.0
60,rodilla_derecha,6,-21.2357788085938,-91.8314819335938
60,rodilla_derecha,7,-7.8651123046875,-87.83154296875
60,rodilla_derecha,8,12.6068115234375,-76.05615234375
60,rodilla_derecha,9,27.0,-61.0
60,rodilla_derecha,10,47.5506591796875,-43.6404418945313
60,rodilla_derecha,11,57.1123657226563,-26.05615234375
60,cadera_derecha,0,-145.345336914063,-9.39501953125
60,cadera_derecha,1,-129.415710449219,-13.8876953125
60,cadera_derecha,2,-116.0,-17.0
60,cadera_derecha,3,-103.0,-19.0
60,cadera_derecha,4,-91.0,-20.0
60,cadera_derecha,5,-84.0,-16.0
60,cadera_derecha,6,-78.0,-12.0
60,cadera_derecha,7,-74.0,-8.0
60,cadera_derecha,8,-72.0,-4.0
60,cadera_derecha,9,-69.0,0.0
60,cadera_derecha,10,-62.0,5.0
60,cadera_derecha,11,-55.0,10.0
85,cadera_derecha,0,106.890380859375,6.8079833984375
85,cadera_derecha,1,117.662841796875,5.842529296875
85,cadera_derecha,2,127.550537109375,8.08978271484375
85,cadera_derecha,3,132.775390625,13.2808837890625
85,cadera_derecha,4,137.8876953125,13.16845703125
85,cadera_derecha,5,140.0,14.0
85,cadera_derecha,6,142.0,15.0
85,cadera_derecha,7,145.0,15.0
85,rodilla_derecha,0,116.800659179688,-82.8558959960938
85,rodilla_derecha,1,146.91015625,-80.5617065429688
85,rodilla_derecha,2,173.876708984375,-72.1344604492188
85,rodilla_derecha,3,191.550659179688,-65.2803955078125
85,rodilla_derecha,4,205.078735351563,-58.8088989257813
85,rodilla_derecha,5,218.134887695313,-59.0
85,rodilla_derecha,6,228.550537109375,-50.3034057617188
85,rodilla_derecha,7,240.303344726563,-36.8876953125
85,tobillo_derecho,0,20.5299682617188,-99.4290771484375
85,tobillo_derecho,1,61.359619140625,-124.325988769531
85,tobillo_derecho,2,114.438354492188,-147.550659179688
85,tobillo_derecho,3,179.382202148438,-160.606811523438
85,tobillo_derecho,4,228.933227539063,-150.224670410156
85,tobillo_derecho,5,277.551147460938,-133.482971191406
85,tobillo_derecho,6,308.83154296875,-102.280822753906
85,tobillo_derecho,7,328.775390625,-70.2246704101563
85,talon_derecho,0,7.3162841796875,-91.822265625
85,talon_derecho,1,46.5281372070313,-120.62939453125
85,talon_derecho,2,99.0787353515625,-153.101257324219
85,talon_derecho,3,170.4609375,-171.74169921875
85,talon_derecho,4,222.8544921875,-165.808898925781
85,talon_derecho,5,280.045654296875,-148.954833984375
85,talon_derecho,6,317.966430664063,-114.224670410156
85,talon_derecho,7,342.022583007813,-79.2808837890625
85,punta_derecha,0,7.3162841796875,-118.24951171875
85,punta_derecha,1,56.9102172851563,-144.382141113281
85,punta_derecha,2,126.764282226563,-172.494445800781
85,punta_derecha,3,201.764282226563,-178.247192382813
85,punta_derecha,4,258.57373046875,-161.482971191406
85,punta_derecha,5,308.933227539063,-128.325500488281
85,punta_derecha,6,340.831420898438,-85.7301635742188
85,punta_derecha,7,351.808959960938,-41.6740112304688
86,cadera_derecha,0,104.598510742188,-0.06854248046875
86,cadera_derecha,1,116.191040039063,0.786376953125
86,cadera_derecha,2,125.191040039063,3.4493408203125
86,cadera_derecha,3,130.415771484375,5.75274658203125
86,cadera_derecha,4,137.775268554688,5.64044189453125
86,cadera_derecha,5,140.0,5.0
86,cadera_derecha,6,142.0,4.0
86,cadera_derecha,7,144.0,0.16851806640625
86,rodilla_derecha,0,112.149169921875,-91.6201171875
86,rodilla_derecha,1,145.134887695313,-88.9212646484375
86,rodilla_derecha,2,170.516967773438,-83.7974853515625
86,rodilla_derecha,3,190.74169921875,-75.2803955078125
86,rodilla_derecha,4,205.606811523438,-69.2246704101563
86,rodilla_derecha,5,215.415771484375,-66.6404418945313
86,rodilla_derecha,6,225.022583007813,-56.8088989257813
86,rodilla_derecha,7,238.0,-44.0
86,tobillo_derecho,0,7.384033203125,-110.496826171875
86,tobillo_derecho,1,47.471923828125,-131.550598144531
86,tobillo_derecho,2,103.382202148438,-153.191162109375
86,tobillo_derecho,3,171.685424804688,-171.134948730469
86,tobillo_derecho,4,225.483764648438,-168.303405761719
86,tobillo_derecho,5,274.0791015625,-149.539123535156
86,tobillo_derecho,6,314.19189453125,-117.448913574219
86,tobillo_derecho,7,332.359619140625,-81.8089599609375
86,talon_derecho,0,-3.9420166015625,-100.586547851563
86,talon_derecho,1,34.1123657226563,-127.269775390625
86,talon_derecho,2,87.135009765625,-157.74169921875
86,talon_derecho,3,157.213623046875,-183.517028808594
86,talon_derecho,4,219.348999023438,-186.269836425781
86,talon_derecho,5,278.933227539063,-165.707641601563
86,talon_derecho,6,320.4619140625,-130.785888671875
86,talon_derecho,7,347.85400390625,-95.1685180664063
86,punta_derecha,0,-5.35772705078125,-129.485717773438
86,punta_derecha,1,42.4945068359375,-155.325988769531
86,punta_derecha,2,113.180053710938,-181.550598144531
86,punta_derecha,3,196.180053710938,-187.94384765625
86,punta_derecha,4,252.809936523438,-177.561767578125
86,punta_derecha,5,313.180419921875,-143.325500488281
86,punta_derecha,6,346.214477539063,-102.740844726563
86,punta_derecha,7,365.83154296875,-59.9774169921875
87,cadera_derecha,0,155.56787109375,-2.41552734375
87,cadera_derecha,1,165.62646484375,-0.51483154296875
87,cadera_derecha,2,173.102905273438,5.1588134765625
87,cadera_derecha,3,177.420654296875,9.05584716796875
87,cadera_derecha,4,184.785400390625,7.63525390625
87,cadera_derecha,5,187.10302734375,7.37347412109375
87,cadera_derecha,6,188.26171875,6.89703369140625
87,rodilla_derecha,0,172.812255859375,-94.9464111328125
87,rodilla_derecha,1,204.085571289063,-90.3908081054688
87,rodilla_derecha,2,228.982543945313,-80.4169921875
87,rodilla_derecha,3,246.047119140625,-75.1588134765625
87,rodilla_derecha,4,261.888305664063,-73.952880859375
87,rodilla_derecha,5,274.047119140625,-63.8970336914063
87,rodilla_derecha,6,287.841186523438,-53.2059326171875
87,tobillo_derecho,0,72.2900390625,-125.229248046875
87,tobillo_derecho,1,120.467651367188,-149.570678710938
87,tobillo_derecho,2,183.09423828125,-172.570739746094
87,tobillo_derecho,3,251.4677734375,-178.523559570313
87,tobillo_derecho,4,303.0869140625,-165.476440429688
87,tobillo_derecho,5,346.200927734375,-139.153747558594
87,tobillo_derecho,6,372.36474609375,-104.476440429688
87,talon_derecho,0,57.9899291992188,-120.18212890625
87,talon_derecho,1,103.523559570313,-149.617858886719
87,talon_derecho,2,166.253051757813,-181.56201171875
87,talon_derecho,3,238.673706054688,-192.83251953125
87,talon_derecho,4,301.886962890625,-184.420593261719
87,talon_derecho,5,351.891967773438,-156.24072265625
87,talon_derecho,6,386.09423828125,-120.579406738281
87,punta_derecha,0,61.7752685546875,-147.94140625
87,punta_derecha,1,123.244384765625,-177.038452148438
87,punta_derecha,2,202.07177734375,-196.767944335938
87,punta_derecha,3,275.35595703125,-196.055847167969
87,punta_derecha,4,335.921630859375,-169.137756347656
87,punta_derecha,5,385.81005859375,-128.996337890625
87,punta_derecha,6,409.897094726563,-82.6911010742188
88,cadera_derecha,0,129.678100585938,3.527099609375
88,cadera_derecha,1,140.622802734375,4.380615234375
88,cadera_derecha,2,148.123291015625,6.753173828125
88,cadera_derecha,3,156.498291015625,7.62744140625
88,cadera_derecha,4,162.12451171875,9.0
88,cadera_derecha,5,167.0,7.49945068359375
88,cadera_derecha,6,167.87548828125,5.125732421875
88,cadera_derecha,7,168.125732421875,5.12457275390625
88,rodilla_derecha,0,138.9248046875,-88.43701171875
88,rodilla_derecha,1,170.621704101563,-85.753173828125
88,rodilla_derecha,2,200.366821289063,-77.5121459960938
88,rodilla_derecha,3,222.0537109375,-66.6994018554688
88,rodilla_derecha,4,235.236694335938,-65.9872436523438
88,rodilla_derecha,5,245.37255859375,-64.3771362304688
88,rodilla_derecha,6,252.874267578125,-53.87548828125
88,rodilla_derecha,7,267.998901367188,-43.7496948242188
88,tobillo_derecho,0,34.3401489257813,-101.182189941406
88,tobillo_derecho,1,75.874267578125,-120.372497558594
88,tobillo_derecho,2,126.8720703125,-147.370239257813
88,tobillo_derecho,3,195.369018554688,-168.371398925781
88,tobillo_derecho,4,255.345825195313,-162.74853515625
88,tobillo_derecho,5,303.731201171875,-143.756652832031
88,tobillo_derecho,6,340.371337890625,-114.0
88,tobillo_derecho,7,359.7451171875,-81.8754272460938
88,talon_derecho,0,23.8442993164063,-92.1856079101563
88,talon_derecho,1,61.8754272460938,-117.620544433594
88,talon_derecho,2,112.747314453125,-150.118774414063
88,talon_derecho,3,181.7451171875,-178.742797851563
88,talon_derecho,4,248.743896484375,-179.997680664063
88,talon_derecho,5,308.351806640625,-160.632080078125
88,talon_derecho,6,350.495971679688,-124.626281738281
88,talon_derecho,7,373.746215820313,-89.7508544921875
88,punta_derecha,0,18.9711303710938,-117.67578125
88,punta_derecha,1,71.86962890625,-146.494750976563
88,punta_derecha,2,135.868408203125,-172.372497558594
88,punta_derecha,3,220.467163085938,-185.869689941406
88,punta_derecha,4,286.332153320313,-176.877746582031
88,punta_derecha,5,339.976928710938,-138.137268066406
88,punta_derecha,6,375.873168945313,-99.2526245117188
88,punta_derecha,7,387.250366210938,-61.3760375976563
89,cadera_derecha,0,138.0146484375,-7.398193359375
89,cadera_derecha,1,146.2060546875,-3.46771240234375
89,cadera_derecha,2,152.0,0.0
89,cadera_derecha,3,155.523559570313,1.37347412109375
89,cadera_derecha,4,159.682373046875,0.89703369140625
89,cadera_derecha,5,162.420654296875,0.317626953125
89,rodilla_derecha,0,175.868041992188,-93.6201171875
89,rodilla_derecha,1,199.9267578125,-82.31396484375
89,rodilla_derecha,2,218.150024414063,-75.317626953125
89,rodilla_derecha,3,233.047119140625,-75.317626953125
89,rodilla_derecha,4,242.36474609375,-67.8970336914063
89,rodilla_derecha,5,251.047119140625,-55.4205932617188
89,tobillo_derecho,0,92.5904541015625,-148.297485351563
89,tobillo_derecho,1,147.729614257813,-167.888366699219
89,tobillo_derecho,2,217.094360351563,-179.253112792969
89,tobillo_derecho,3,268.82763671875,-167.897033691406
89,tobillo_derecho,4,311.650634765625,-143.97998046875
89,tobillo_derecho,5,342.09423828125,-112.476440429688
89,talon_derecho,0,72.8223876953125,-146.194458007813
89,talon_derecho,1,133.935546875,-178.982543945313
89,talon_derecho,2,207.197265625,-191.935485839844
89,talon_derecho,3,269.35107421875,-183.626525878906
89,talon_derecho,4,315.68603515625,-161.970275878906
89,talon_derecho,5,352.094360351563,-124.373413085938
89,punta_derecha,0,91.7491455078125,-176.056701660156
89,punta_derecha,1,170.815063476563,-197.467651367188
89,punta_derecha,2,241.815185546875,-197.261779785156
89,punta_derecha,3,303.642700195313,-173.70849609375
89,punta_derecha,4,351.74560546875,-134.987670898438
89,punta_derecha,5,374.604125976563,-89.3299560546875
90,talon_derecho,0,79.9232177734375,-100.586547851563
90,talon_derecho,1,118.83154296875,-129.85400390625
90,talon_derecho,2,172.247192382813,-166.404663085938
90,talon_derecho,3,247.91015625,-186.910217285156
90,talon_derecho,4,313.978271484375,-187.382080078125
90,talon_derecho,5,367.270263671875,-164.820007324219
90,talon_derecho,6,403.438232421875,-130.415771484375
90,tobillo_derecho,0,91.2491455078125,-109.0810546875
90,tobillo_derecho,1,131.775268554688,-132.966430664063
90,tobillo_derecho,2,189.382080078125,-160.325988769531
90,tobillo_derecho,3,257.797973632813,-173.719116210938
90,tobillo_derecho,4,317.88818359375,-168.404602050781
90,tobillo_derecho,5,361.77587890625,-146.291931152344
90,tobillo_derecho,6,392.494384765625,-114.471923828125
90,punta_derecha,0,75.203857421875,-126.541870117188
90,punta_derecha,1,126.74169921875,-157.325927734375
90,punta_derecha,2,203.539672851563,-188.022583007813
90,punta_derecha,3,288.888549804688,-196.494445800781
90,punta_derecha,4,356.372436523438,-179.977416992188
90,punta_derecha,5,401.899658203125,-143.550231933594
90,punta_derecha,6,431.94384765625,-100.752746582031
90,rodilla_derecha,0,190.8232421875,-98.2269897460938
90,rodilla_derecha,1,225.932739257813,-94.786376953125
90,rodilla_derecha,2,255.708129882813,-84.7186889648438
90,rodilla_derecha,3,273.303344726563,-77.9769897460938
90,rodilla_derecha,4,285.8876953125,-75.8088989257813
90,rodilla_derecha,5,296.303344726563,-70.528076171875
90,rodilla_derecha,6,306.0,-59.359619140625
90,cadera_derecha,0,179.250122070313,-5.2596435546875
90,cadera_derecha,1,191.359619140625,-5.0
90,cadera_derecha,2,200.359619140625,-1.16851806640625
90,cadera_derecha,3,206.303344726563,3.69659423828125
90,cadera_derecha,4,210.0,6.0
90,cadera_derecha,5,212.0,6.0
90,cadera_derecha,6,213.0,5.0
91,cadera_derecha,0,194.721435546875,0.0888671875
91,cadera_derecha,1,203.247314453125,2.03363037109375
91,cadera_derecha,2,209.415771484375,6.16845703125
91,cadera_derecha,3,214.0,9.0
91,cadera_derecha,4,217.0,10.0
91,cadera_derecha,5,219.0,10.0
91,cadera_derecha,6,222.0,10.0
91,cadera_derecha,7,225.0,12.0
91,rodilla_derecha,0,222.092529296875,-90.9907836914063
91,rodilla_derecha,1,249.4609375,-85.3255004882813
91,rodilla_derecha,2,268.078735351563,-77.1680297851563
91,rodilla_derecha,3,282.494506835938,-73.7753295898438
91,rodilla_derecha,4,294.910278320313,-68.2246704101563
91,rodilla_derecha,5,306.214599609375,-58.4052124023438
91,rodilla_derecha,6,321.900146484375,-51.7421264648438
91,rodilla_derecha,7,328.775390625,-34.8314819335938
91,tobillo_derecho,0,130.900634765625,-128.440551757813
91,tobillo_derecho,1,182.96630859375,-152.550598144531
91,tobillo_derecho,2,248.629516601563,-167.247192382813
91,tobillo_derecho,3,299.596435546875,-163.0
91,tobillo_derecho,4,351.382568359375,-146.482971191406
91,tobillo_derecho,5,386.304321289063,-119.583801269531
91,tobillo_derecho,6,408.012451171875,-86.0778198242188
91,tobillo_derecho,7,417.0,-59.0
91,talon_derecho,0,117.327270507813,-124.968627929688
91,talon_derecho,1,168.191040039063,-158.988952636719
91,talon_derecho,2,234.382080078125,-180.685546875
91,talon_derecho,3,291.966430664063,-183.022583007813
91,talon_derecho,4,356.59619140625,-166.954895019531
91,talon_derecho,5,395.765258789063,-136.280395507813
91,talon_derecho,6,422.1923828125,-100.886779785156
91,talon_derecho,7,432.0,-71.0
91,punta_derecha,0,126.765625,-150.924011230469
91,punta_derecha,1,198.067626953125,-182.269836425781
91,punta_derecha,2,275.899169921875,-184.359619140625
91,punta_derecha,3,336.900146484375,-177.663024902344
91,punta_derecha,4,388.820922851563,-143.213195800781
91,punta_derecha,5,430.765258789063,-106.40380859375
91,punta_derecha,6,439.787719726563,-63.4595336914063
91,punta_derecha,7,448.0,-32.0
92,rodilla_derecha,0,207.314819335938,-89.0878295898438
92,rodilla_derecha,1,240.617797851563,-85.3821411132813
92,rodilla_derecha,2,265.982543945313,-79.828857421875
92,rodilla_derecha,3,284.047119140625,-74.7344970703125
92,rodilla_derecha,4,296.73828125,-74.1116333007813
92,rodilla_derecha,5,311.83251953125,-71.214599609375
92,rodilla_derecha,6,317.2060546875,-62.9441528320313
92,rodilla_derecha,7,328.0,-51.0
92,cadera_derecha,0,190.491088867188,-2.4453125
92,cadera_derecha,1,202.523681640625,-3.682373046875
92,cadera_derecha,2,211.726440429688,-0.32061767578125
92,cadera_derecha,3,219.044189453125,1.708740234375
92,cadera_derecha,4,225.232421875,2.461669921875
92,cadera_derecha,5,225.782348632813,2.21771240234375
92,cadera_derecha,6,229.0,-1.0
92,cadera_derecha,7,232.0,-1.0
92,tobillo_derecho,0,108.895629882813,-106.332275390625
92,tobillo_derecho,1,152.102905273438,-128.570678710938
92,tobillo_derecho,2,210.356079101563,-155.776672363281
92,tobillo_derecho,3,276.523681640625,-169.523559570313
92,tobillo_derecho,4,330.780395507813,-162.373413085938
92,tobillo_derecho,5,378.565673828125,-143.668640136719
92,tobillo_derecho,6,405.047119140625,-116.261779785156
92,tobillo_derecho,7,422.570678710938,-90.1588134765625
92,talon_derecho,0,93.492431640625,-101.023315429688
92,talon_derecho,1,133.89697265625,-127.514892578125
92,talon_derecho,2,196.4736328125,-166.553344726563
92,talon_derecho,3,266.308837890625,-184.4677734375
92,talon_derecho,4,325.610595703125,-182.200866699219
92,talon_derecho,5,386.406860351563,-160.970275878906
92,talon_derecho,6,419.308959960938,-131.944152832031
92,talon_derecho,7,435.205932617188,-102.738220214844
92,punta_derecha,0,92.07177734375,-128.203186035156
92,punta_derecha,1,149.459106445313,-153.673706054688
92,punta_derecha,2,226.65625,-185.197204589844
92,punta_derecha,3,305.071899414063,-192.570678710938
92,punta_derecha,4,369.434448242188,-173.694763183594
92,punta_derecha,5,424.07177734375,-135.931762695313
92,punta_derecha,6,447.0087890625,-92.8970336914063
92,punta_derecha,7,454.4365234375,-54.9180297851563
93,cadera_derecha,0,205.800170898438,-4.54052734375
93,cadera_derecha,1,216.359619140625,-5.0
93,cadera_derecha,2,223.71923828125,-1.66302490234375
93,cadera_derecha,3,229.325927734375,1.52813720703125
93,cadera_derecha,4,231.831420898438,4.16851806640625
93,cadera_derecha,5,234.0,3.0
93,rodilla_derecha,0,225.62060546875,-96.035888671875
93,rodilla_derecha,1,255.71875,-94.2471923828125
93,rodilla_derecha,2,282.4609375,-83.359130859375
93,rodilla_derecha,3,298.415771484375,-74.6173706054688
93,rodilla_derecha,4,309.775390625,-74.471923828125
93,rodilla_derecha,5,319.359619140625,-69.1123046875
93,tobillo_derecho,0,127.934204101563,-114.912475585938
93,tobillo_derecho,1,174.303344726563,-135.382141113281
93,tobillo_derecho,2,230.438232421875,-158.85400390625
93,tobillo_derecho,3,298.438354492188,-173.550598144531
93,tobillo_derecho,4,349.88671875,-164.224609375
93,tobillo_derecho,5,388.48388671875,-139.932312011719
93,talon_derecho,0,112.832885742188,-106.418029785156
93,talon_derecho,1,156.0,-133.685546875
93,talon_derecho,2,215.438232421875,-168.404724121094
93,talon_derecho,3,286.910278320313,-185.910217285156
93,talon_derecho,4,348.731201171875,-181.662902832031
93,talon_derecho,5,396.607299804688,-157.876159667969
93,punta_derecha,0,111.889038085938,-136.148681640625
93,punta_derecha,1,168.685546875,-164.74169921875
93,punta_derecha,2,247.753784179688,-189.4833984375
93,punta_derecha,3,325.471435546875,-192.708129882813
93,punta_derecha,4,386.876586914063,-172.415771484375
93,punta_derecha,5,435.585205078125,-134.718688964844
94,rodilla_derecha,0,107.511352539063,-92.9155883789063
94,rodilla_derecha,1,142.824462890625,-92.822998046875
94,rodilla_derecha,2,172.70947265625,-86.525146484375
94,rodilla_derecha,3,195.766967773438,-76.1107177734375
94,rodilla_derecha,4,213.589965820313,-69.8820190429688
94,rodilla_derecha,5,223.70654296875,-68.8229370117188
94,rodilla_derecha,6,236.295043945313,-66.1180419921875
94,rodilla_derecha,7,242.23583984375,-53.6474609375
94,rodilla_derecha,8,255.117919921875,-41.6474609375
94,tobillo_derecho,0,10.0838012695313,-97.151611328125
94,tobillo_derecho,1,46.882080078125,-114.824462890625
94,tobillo_derecho,2,92.177001953125,-137.001403808594
94,tobillo_derecho,3,151.531127929688,-162.178527832031
94,tobillo_derecho,4,223.178466796875,-168.117919921875
94,tobillo_derecho,5,268.867431640625,-155.118041992188
94,tobillo_derecho,6,309.59716796875,-128.182800292969
94,tobillo_derecho,7,333.01318359375,-93.828857421875
94,tobillo_derecho,8,342.058959960938,-62.8820190429688
94,talon_derecho,0,-3.15362548828125,-86.5616455078125
94,talon_derecho,1,32.3525390625,-108.530944824219
94,talon_derecho,2,75.0,-138.237426757813
94,talon_derecho,3,137.589965820313,-171.591430664063
94,talon_derecho,4,208.472045898438,-185.119506835938
94,talon_derecho,5,274.185791015625,-174.0
94,talon_derecho,6,317.418823242188,-145.407165527344
94,talon_derecho,7,347.070556640625,-107.812805175781
94,talon_derecho,8,356.0,-75.3524780273438
94,punta_derecha,0,-12.6845703125,-113.036499023438
94,punta_derecha,1,31.2360229492188,-138.64892578125
94,punta_derecha,2,90.29638671875,-168.237487792969
94,punta_derecha,3,174.190185546875,-189.179870605469
94,punta_derecha,4,250.473388671875,-188.411499023438
94,punta_derecha,5,308.188598632813,-154.523620605469
94,punta_derecha,6,350.837646484375,-113.525085449219
94,punta_derecha,7,364.899536132813,-67.9351806640625
94,punta_derecha,8,368.542602539063,-32.179931640625
94,cadera_derecha,0,106.452392578125,-4.01898193359375
94,cadera_derecha,1,119.118041992188,-6.0
94,cadera_derecha,2,128.588500976563,-3.0
94,cadera_derecha,3,137.235961914063,-0.177001953125
94,cadera_derecha,4,143.0,3.0
94,cadera_derecha,5,146.0,5.0
94,cadera_derecha,6,148.0,5.0
94,cadera_derecha,7,151.0,3.0
94,cadera_derecha,8,152.0,4.0
95,cadera_derecha,0,163.804931640625,-7.30816650390625
95,cadera_derecha,1,176.35400390625,-7.00146484375
95,cadera_derecha,2,186.6474609375,-4.4114990234375
95,cadera_derecha,3,190.588500976563,0.88201904296875
95,cadera_derecha,4,194.0,3.0
95,cadera_derecha,5,196.0,3.0
95,cadera_derecha,6,198.0,2.0
95,cadera_derecha,7,200.0,2.0
95,rodilla_derecha,0,175.3359375,-96.2637939453125
95,rodilla_derecha,1,207.178466796875,-94.9395141601563
95,rodilla_derecha,2,234.532470703125,-86.1121215820313
95,rodilla_derecha,3,251.647338867188,-81.6401977539063
95,rodilla_derecha,4,265.35400390625,-79.70654296875
95,rodilla_derecha,5,279.00146484375,-73.175537109375
95,rodilla_derecha,6,288.235961914063,-63.2949829101563
95,rodilla_derecha,7,298.0,-49.0
95,tobillo_derecho,0,74.2017822265625,-113.207641601563
95,tobillo_derecho,1,118.647583007813,-137.883483886719
95,tobillo_derecho,2,177.060424804688,-165.766906738281
95,tobillo_derecho,3,243.765502929688,-174.6474609375
95,tobillo_derecho,4,297.774169921875,-165.64599609375
95,tobillo_derecho,5,341.588500976563,-146.235961914063
95,tobillo_derecho,6,371.235961914063,-114.764038085938
95,tobillo_derecho,7,388.177001953125,-82.7050170898438
95,talon_derecho,0,58.8463745117188,-104.735656738281
95,talon_derecho,1,100.0,-135.237487792969
95,talon_derecho,2,161.060424804688,-172.532409667969
95,talon_derecho,3,232.119506835938,-189.766967773438
95,talon_derecho,4,290.36572265625,-183.940979003906
95,talon_derecho,5,346.65625,-164.467529296875
95,talon_derecho,6,384.178466796875,-129.822998046875
95,talon_derecho,7,400.58837890625,-96.2935180664063
95,punta_derecha,0,58.3168334960938,-134.387573242188
95,punta_derecha,1,113.178466796875,-166.766906738281
95,punta_derecha,2,192.9541015625,-195.651916503906
95,punta_derecha,3,270.895141601563,-197.6474609375
95,punta_derecha,4,334.168212890625,-176.6533203125
95,punta_derecha,5,382.01025390625,-140.994201660156
95,punta_derecha,6,411.0,-94.821533203125
95,punta_derecha,7,421.249145507813,-53.3568725585938
96,cadera_derecha,0,178.594970703125,-4.02081298828125
96,cadera_derecha,1,190.564575195313,-4.78228759765625
96,cadera_derecha,2,198.7529296875,-1.34698486328125
96,cadera_derecha,3,200.782348632813,2.81182861328125
96,cadera_derecha,4,203.188232421875,3.4058837890625
96,cadera_derecha,5,204.0,3.0
96,cadera_derecha,6,206.593994140625,0.741455078125
96,rodilla_derecha,0,206.517822265625,-92.5426635742188
96,rodilla_derecha,1,234.417236328125,-89.0770263671875
96,rodilla_derecha,2,254.911499023438,-78.471435546875
96,rodilla_derecha,3,268.346923828125,-78.0
96,rodilla_derecha,4,283.3173828125,-74.8412475585938
96,rodilla_derecha,5,294.882202148438,-64.51904296875
96,rodilla_derecha,6,309.37646484375,-55.7528686523438
96,tobillo_derecho,0,111.866821289063,-127.40673828125
96,tobillo_derecho,1,161.564697265625,-151.317504882813
96,tobillo_derecho,2,231.852661132813,-171.181518554688
96,tobillo_derecho,3,288.292846679688,-171.775634765625
96,tobillo_derecho,4,338.65771484375,-153.523742675781
96,tobillo_derecho,5,375.53515625,-124.811767578125
96,tobillo_derecho,6,393.941040039063,-91.8118286132813
96,talon_derecho,0,94.2318115234375,-119.871520996094
96,talon_derecho,1,145.15869140625,-155.823120117188
96,talon_derecho,2,215.2880859375,-184.392578125
96,talon_derecho,3,281.505737304688,-191.2880859375
96,talon_derecho,4,341.94580078125,-171.335571289063
96,talon_derecho,5,382.91162109375,-141.782287597656
96,talon_derecho,6,408.693969726563,-105.435363769531
96,punta_derecha,0,99.578857421875,-151.359130859375
96,punta_derecha,1,172.358276367188,-187.040893554688
96,punta_derecha,2,258.739501953125,-194.723388671875
96,punta_derecha,3,326.97998046875,-187.188232421875
96,punta_derecha,4,376.251953125,-153.076965332031
96,punta_derecha,5,414.15869140625,-112.682495117188
96,punta_derecha,6,430.811767578125,-69.653076171875
97,tobillo_derecho,0,209.032104492188,-126.042297363281
97,tobillo_derecho,1,261.471923828125,-148.353942871094
97,tobillo_derecho,2,325.471923828125,-169.412963867188
97,tobillo_derecho,3,390.070678710938,-173.64892578125
97,tobillo_derecho,4,437.890869140625,-161.529479980469
97,tobillo_derecho,5,475.949829101563,-133.828857421875
97,tobillo_derecho,6,497.117919921875,-98.1754760742188
97,talon_derecho,0,193.6767578125,-121.806335449219
97,talon_derecho,1,243.177001953125,-152.296447753906
97,talon_derecho,2,308.00146484375,-181.414428710938
97,talon_derecho,3,384.943969726563,-189.942504882813
97,talon_derecho,4,439.774291992188,-177.0
97,talon_derecho,5,486.536743164063,-147.877563476563
97,talon_derecho,6,510.235961914063,-110.705017089844
97,punta_derecha,0,198.442138671875,-145.6337890625
97,punta_derecha,1,269.35693359375,-179.414428710938
97,punta_derecha,2,349.6474609375,-195.0
97,punta_derecha,3,422.765502929688,-195.411499023438
97,punta_derecha,4,483.128295898438,-161.523681640625
97,punta_derecha,5,522.311157226563,-121.281860351563
97,punta_derecha,6,533.4306640625,-73.6270751953125
97,rodilla_derecha,0,306.459716796875,-94.8019409179688
97,rodilla_derecha,1,339.297973632813,-90.5841064453125
97,rodilla_derecha,2,362.060302734375,-81.8171997070313
97,rodilla_derecha,3,373.588500976563,-79.4705200195313
97,rodilla_derecha,4,386.589965820313,-74.7640380859375
97,rodilla_derecha,5,399.942504882813,-71.3539428710938
97,rodilla_derecha,6,406.0,-56.0
97,cadera_derecha,0,274.219360351563,-5.7283935546875
97,cadera_derecha,1,283.765380859375,-5.531005859375
97,cadera_derecha,2,290.706420898438,-1.70648193359375
97,cadera_derecha,3,297.0,1.0
97,cadera_derecha,4,299.0,3.0
97,cadera_derecha,5,302.0,2.0
97,cadera_derecha,6,305.0,1.0
98,tobillo_derecho,0,103.906860351563,-117.925842285156
98,tobillo_derecho,1,153.294921875,-142.530944824219
98,tobillo_derecho,2,217.178466796875,-163.824462890625
98,tobillo_derecho,3,286.827392578125,-171.060424804688
98,tobillo_derecho,4,333.184204101563,-155.234497070313
98,tobillo_derecho,5,371.837524414063,-121.935180664063
98,tobillo_derecho,6,391.529418945313,-89.3525390625
98,talon_derecho,0,91.7283935546875,-111.042297363281
98,talon_derecho,1,137.58837890625,-141.766967773438
98,talon_derecho,2,200.00146484375,-173.884887695313
98,talon_derecho,3,275.9453125,-185.945434570313
98,talon_derecho,4,334.457397460938,-172.01025390625
98,talon_derecho,5,378.3896484375,-139.364196777344
98,talon_derecho,6,405.883422851563,-101.116516113281
98,punta_derecha,0,90.139892578125,-136.987731933594
98,punta_derecha,1,154.0029296875,-170.35546875
98,punta_derecha,2,236.601684570313,-190.650451660156
98,punta_derecha,3,314.437866210938,-190.650390625
98,punta_derecha,4,371.163818359375,-158.007263183594
98,punta_derecha,5,417.214111328125,-114.182861328125
98,punta_derecha,6,426.215576171875,-65.4691162109375
98,rodilla_derecha,0,201.33447265625,-91.450927734375
98,rodilla_derecha,1,232.768310546875,-90.2316284179688
98,rodilla_derecha,2,255.64892578125,-80.69921875
98,rodilla_derecha,3,271.297973632813,-75.812744140625
98,rodilla_derecha,4,283.883544921875,-72.29345703125
98,rodilla_derecha,5,294.883422851563,-63.9883422851563
98,rodilla_derecha,6,305.588500976563,-52.7064819335938
98,cadera_derecha,0,178.154541015625,-4.37738037109375
98,cadera_derecha,1,189.6474609375,-3.47052001953125
98,cadera_derecha,2,196.353881835938,1.64605712890625
98,cadera_derecha,3,201.824462890625,5.2344970703125
98,cadera_derecha,4,203.0,8.0
98,cadera_derecha,5,205.0,7.0
98,cadera_derecha,6,207.234497070313,3.8804931640625
99,cadera_derecha,0,195.458251953125,-5.785888671875
99,cadera_derecha,1,208.6474609375,-7.47052001953125
99,cadera_derecha,2,218.70654296875,-6.2359619140625
99,cadera_derecha,3,227.294921875,-3.76544189453125
99,cadera_derecha,4,234.0,-2.0
99,cadera_derecha,5,236.0,-2.0
99,cadera_derecha,6,239.0,-5.0
99,cadera_derecha,7,239.94091796875,-9.64752197265625
99,rodilla_derecha,0,200.223754882813,-98.9775390625
99,rodilla_derecha,1,238.471923828125,-97.175537109375
99,rodilla_derecha,2,268.59130859375,-91.4071655273438
99,rodilla_derecha,3,291.119506835938,-81.7581176757813
99,rodilla_derecha,4,305.824462890625,-78.5885009765625
99,rodilla_derecha,5,318.883422851563,-79.5294799804688
99,rodilla_derecha,6,329.9423828125,-72.1180419921875
99,rodilla_derecha,7,336.588500976563,-61.1179809570313
99,tobillo_derecho,0,95.61767578125,-105.154541015625
99,tobillo_derecho,1,138.058959960938,-123.824462890625
99,tobillo_derecho,2,188.235961914063,-151.64892578125
99,tobillo_derecho,3,253.531005859375,-174.883422851563
99,tobillo_derecho,4,323.954223632813,-178.589904785156
99,tobillo_derecho,5,373.727172851563,-164.293518066406
99,tobillo_derecho,6,412.890747070313,-138.592834472656
99,tobillo_derecho,7,433.412841796875,-103.293518066406
99,talon_derecho,0,81.6162109375,-94.7415161132813
99,talon_derecho,1,120.3525390625,-118.589965820313
99,talon_derecho,2,170.647583007813,-152.943908691406
99,talon_derecho,3,239.64892578125,-188.0029296875
99,talon_derecho,4,315.58984375,-196.35400390625
99,talon_derecho,5,374.3037109375,-183.411560058594
99,talon_derecho,6,420.066284179688,-153.877624511719
99,talon_derecho,7,445.942504882813,-119.588500976563
99,punta_derecha,0,71.5557861328125,-123.334411621094
99,punta_derecha,1,126.766967773438,-146.883422851563
99,punta_derecha,2,195.179809570313,-179.884887695313
99,punta_derecha,3,279.7197265625,-199.120849609375
99,punta_derecha,4,359.412963867188,-196.881958007813
99,punta_derecha,5,415.01025390625,-166.700622558594
99,punta_derecha,6,454.941040039063,-126.234497070313
99,punta_derecha,7,470.3525390625,-83.7640380859375
24,punta_derecha,0,-38.9281616210938,-168.241577148438
24,punta_derecha,1,17.5707397460938,-202.888366699219
24,punta_derecha,2,91.8658447265625,-244.480102539063
24,punta_derecha,3,195.728149414063,-270.076904296875
24,punta_derecha,4,283.324951171875,-266.214660644531
24,punta_derecha,5,351.8818359375,-234.249450683594
24,punta_derecha,6,383.426513671875,-188.8251953125
24,punta_derecha,7,395.203247070313,-146.345092773438
24,talon_derecho,0,-9.06591796875,-133.332275390625
24,talon_derecho,1,27.4293212890625,-160.841186523438
24,talon_derecho,2,73.274169921875,-195.330017089844
24,talon_derecho,3,145.195922851563,-236.127685546875
24,talon_derecho,4,229.735595703125,-250.427917480469
24,talon_derecho,5,291.301147460938,-249.586730957031
24,talon_derecho,6,343.574340820313,-226.708435058594
24,talon_derecho,7,375.53955078125,-194.743225097656
24,tobillo_derecho,0,1.448974609375,-147.632446289063
24,tobillo_derecho,1,46.1588134765625,-169.63525390625
24,tobillo_derecho,2,102.939086914063,-196.973937988281
24,tobillo_derecho,3,173.694702148438,-224.007263183594
24,tobillo_derecho,4,246.457641601563,-231.157348632813
24,tobillo_derecho,5,289.3583984375,-227.371948242188
24,tobillo_derecho,6,332.6796875,-206.342224121094
24,tobillo_derecho,7,356.23291015625,-176.47998046875
24,rodilla_derecha,0,122.15966796875,-153.94140625
24,rodilla_derecha,1,162.7294921875,-145.326293945313
24,rodilla_derecha,2,192.71728515625,-137.656311035156
24,rodilla_derecha,3,215.429321289063,-128.403259277344
24,rodilla_derecha,4,226.10302734375,-122.579406738281
24,rodilla_derecha,5,233.785400390625,-121.10302734375
24,rodilla_derecha,6,241.2060546875,-119.0
24,rodilla_derecha,7,249.047119140625,-117.579406738281
24,cadera_derecha,0,101.971069335938,-52.1574096679688
24,cadera_derecha,1,115.888305664063,-55.10302734375
24,cadera_derecha,2,122.0,-55.0
24,cadera_derecha,3,129.0,-56.0
24,cadera_derecha,4,137.359619140625,-50.2246704101563
24,cadera_derecha,5,144.359497070313,-50.6965942382813
24,cadera_derecha,6,148.415771484375,-49.7528076171875
24,cadera_derecha,7,150.1123046875,-54.0
26,punta_derecha,0,-138.271850585938,-138.259033203125
26,punta_derecha,1,-96.0558471679688,-164.888305664063
26,punta_derecha,2,-39.5880737304688,-200.150085449219
26,punta_derecha,3,35.2864990234375,-234.488830566406
26,punta_derecha,4,136.229248046875,-253.41552734375
26,punta_derecha,5,213.1982421875,-261.406860351563
26,punta_derecha,6,283.437622070313,-217.664978027344
26,punta_derecha,7,316.244018554688,-173.081909179688
26,talon_derecho,0,-98.3153686523438,-115.126281738281
26,talon_derecho,1,-64.7295532226563,-134.102966308594
26,talon_derecho,2,-30.9354858398438,-161.682373046875
26,talon_derecho,3,17.853515625,-199.115234375
26,talon_derecho,4,88.93408203125,-232.762878417969
26,talon_derecho,5,164.7294921875,-237.102966308594
26,talon_derecho,6,226.136352539063,-239.205932617188
26,talon_derecho,7,276.05078125,-211.24072265625
26,tobillo_derecho,0,-92.84765625,-127.323547363281
26,tobillo_derecho,1,-56.5235595703125,-145.420532226563
26,tobillo_derecho,2,-15.2059326171875,-168.738220214844
26,tobillo_derecho,3,38.1341552734375,-194.549682617188
26,tobillo_derecho,4,113.49609375,-216.68603515625
26,tobillo_derecho,5,181.2119140625,-218.789001464844
26,tobillo_derecho,6,221.588989257813,-214.3212890625
26,tobillo_derecho,7,269.389770507813,-191.320983886719
26,rodilla_derecha,0,14.4041748046875,-157.606384277344
26,rodilla_derecha,1,58.411865234375,-154.373474121094
26,rodilla_derecha,2,99.197265625,-139.699768066406
26,rodilla_derecha,3,127.97900390625,-127.390869140625
26,rodilla_derecha,4,146.493774414063,-115.652648925781
26,rodilla_derecha,5,157.36474609375,-110.841186523438
26,rodilla_derecha,6,169.935546875,-111.476440429688
26,rodilla_derecha,7,178.36474609375,-111.420593261719
26,cadera_derecha,0,18.6099853515625,-51.616455078125
26,cadera_derecha,1,28.0,-53.0
26,cadera_derecha,2,39.7853393554688,-56.1588134765625
26,cadera_derecha,3,50.1029663085938,-57.1588134765625
26,cadera_derecha,4,61.3089599609375,-52.4764404296875
26,cadera_derecha,5,67.047119140625,-49.0557861328125
26,cadera_derecha,6,74.0,-48.0
26,cadera_derecha,7,81.0,-47.0
27,punta_derecha,0,-193.588684082031,-131.329345703125
27,punta_derecha,1,-162.0,-156.0
27,punta_derecha,2,-109.033630371094,-203.157409667969
27,punta_derecha,3,-32.693359375,-245.359802246094
27,punta_derecha,4,64.608642578125,-257.270263671875
27,punta_derecha,5,145.798950195313,-255.584228515625
27,punta_derecha,6,206.50732421875,-218.774841308594
27,punta_derecha,7,238.597534179688,-181.021667480469
27,punta_derecha,8,250.395385742188,-143.740356445313
27,punta_derecha,9,258.0,-127.0
27,punta_derecha,10,265.0,-122.0
27,talon_derecho,0,-147.484191894531,-108.277099609375
27,talon_derecho,1,-123.966369628906,-131.8876953125
27,talon_derecho,2,-94.325927734375,-162.359619140625
27,talon_derecho,3,-49.1185913085938,-204.32373046875
27,talon_derecho,4,25.54052734375,-235.034606933594
27,talon_derecho,5,93.496337890625,-246.360595703125
27,talon_derecho,6,155.317260742188,-241.169555664063
27,talon_derecho,7,202.5087890625,-217.101867675781
27,talon_derecho,8,226.309326171875,-191.988525390625
27,talon_derecho,9,239.0,-177.0
27,talon_derecho,10,244.0,-169.0
27,tobillo_derecho,0,-145.479675292969,-120.304321289063
27,tobillo_derecho,1,-114.0,-143.0
27,tobillo_derecho,2,-76.7186889648438,-170.37109375
27,tobillo_derecho,3,-26.4495849609375,-201.988037109375
27,tobillo_derecho,4,44.0916137695313,-223.697509765625
27,tobillo_derecho,5,101.193481445313,-225.585205078125
27,tobillo_derecho,6,152.160400390625,-218.978393554688
27,tobillo_derecho,7,190.385498046875,-197.7421875
27,tobillo_derecho,8,216.3408203125,-176.977905273438
27,tobillo_derecho,9,227.0,-163.0
27,tobillo_derecho,10,233.0,-155.0
27,rodilla_derecha,0,-46.257080078125,-146.029296875
27,rodilla_derecha,1,-4.99853515625,-146.234497070313
27,rodilla_derecha,2,33.1194458007813,-138.585571289063
27,rodilla_derecha,3,61.70947265625,-130.464599609375
27,rodilla_derecha,4,80.2418212890625,-124.64013671875
27,rodilla_derecha,5,88.883544921875,-126.119445800781
27,rodilla_derecha,6,97.9425048828125,-123.882019042969
27,rodilla_derecha,7,102.6474609375,-124.117980957031
27,rodilla_derecha,8,112.35400390625,-117.588500976563
27,rodilla_derecha,9,130.825927734375,-110.059020996094
27,rodilla_derecha,10,142.883544921875,-100.117980957031
27,cadera_derecha,0,-30.2184448242188,-49.811279296875
27,cadera_derecha,1,-13.0575561523438,-54.0589599609375
27,cadera_derecha,2,-0.23309326171875,-57.529541015625
27,cadera_derecha,3,13.5914306640625,-56.8820190429688
27,cadera_derecha,4,25.8863525390625,-54.7640991210938
27,cadera_derecha,5,31.35693359375,-53.822998046875
27,cadera_derecha,6,32.7094116210938,-51.7640380859375
27,cadera_derecha,7,36.1799926757813,-50.2344970703125
27,cadera_derecha,8,39.650390625,-50.822998046875
27,cadera_derecha,9,43.650390625,-48.2935180664063
27,cadera_derecha,10,55.1224365234375,-41.0574951171875
28,punta_derecha,0,-141.021179199219,-157.777587890625
28,punta_derecha,1,-93.2808227539063,-195.606811523438
28,punta_derecha,2,-18.9655151367188,-237.000427246094
28,punta_derecha,3,77.74267578125,-255.404663085938
28,punta_derecha,4,149.0,-252.505981445313
28,punta_derecha,5,224.50634765625,-211.921264648438
28,punta_derecha,6,260.371948242188,-168.976928710938
28,punta_derecha,7,273.585571289063,-123.201110839844
28,punta_derecha,8,276.921264648438,-92.2246704101563
28,talon_derecho,0,-109.40283203125,-126.159301757813
28,talon_derecho,1,-79.4945068359375,-158.359558105469
28,talon_derecho,2,-34.6625366210938,-200.359985351563
28,talon_derecho,3,36.7311401367188,-232.090209960938
28,talon_derecho,4,109.406127929688,-245.303833007813
28,talon_derecho,5,173.652465820313,-236.033630371094
28,talon_derecho,6,223.494873046875,-206.269348144531
28,talon_derecho,7,255.562255859375,-169.662536621094
28,talon_derecho,8,270.191528320313,-144.651000976563
28,tobillo_derecho,0,-98.076904296875,-138.429077148438
28,tobillo_derecho,1,-62.4489135742188,-167.145935058594
28,tobillo_derecho,2,-10.0663452148438,-194.988952636719
28,tobillo_derecho,3,59.9779052734375,-217.0234375
28,tobillo_derecho,4,119.9111328125,-223.630249023438
28,tobillo_derecho,5,168.990234375,-214.663879394531
28,tobillo_derecho,6,211.416137695313,-187.57275390625
28,tobillo_derecho,7,240.6630859375,-156.449340820313
28,tobillo_derecho,8,257.134887695313,-133.145935058594
28,rodilla_derecha,0,7.51971435546875,-140.485290527344
28,rodilla_derecha,1,49.227294921875,-136.512390136719
28,rodilla_derecha,2,78.3182373046875,-124.950439453125
28,rodilla_derecha,3,96.0247802734375,-120.194274902344
28,rodilla_derecha,4,106.512451171875,-117.194274902344
28,rodilla_derecha,5,117.7314453125,-110.690124511719
28,rodilla_derecha,6,127.462646484375,-109.933898925781
28,rodilla_derecha,7,141.876098632813,-102.413269042969
28,rodilla_derecha,8,155.673583984375,-94.4628295898438
28,cadera_derecha,0,-3.69384765625,-48.7651977539063
28,cadera_derecha,1,9.48760986328125,-50.7396850585938
28,cadera_derecha,2,23.218994140625,-53.7314453125
28,cadera_derecha,3,32.71484375,-49.4876098632813
28,cadera_derecha,4,39.71484375,-42.9917602539063
28,cadera_derecha,5,46.2107543945313,-42.9834594726563
28,cadera_derecha,6,48.72314453125,-43.4793701171875
28,cadera_derecha,7,52.4710693359375,-40.4876098632813
28,cadera_derecha,8,57.218994140625,-36.487548828125
29,punta_derecha,0,-179.257385253906,-136.035888671875
29,punta_derecha,1,-139.224670410156,-164.719116210938
29,punta_derecha,2,-79.0897827148438,-206.74169921875
29,punta_derecha,3,-5.9093017578125,-238.562133789063
29,punta_derecha,4,102.540649414063,-261.123840332031
29,punta_derecha,5,179.462768554688,-262.539611816406
29,punta_derecha,6,247.890502929688,-229.033630371094
29,punta_derecha,7,280.45263671875,-195.99951171875
29,punta_derecha,8,301.216918945313,-164.381164550781
29,talon_derecho,0,-135.841186523438,-112.912048339844
29,talon_derecho,1,-106.134887695313,-135.303466796875
29,talon_derecho,2,-73.3259887695313,-168.303344726563
29,talon_derecho,3,-21.8310546875,-202.281188964844
29,talon_derecho,4,58.3945922851563,-234.371459960938
29,talon_derecho,5,129.528076171875,-243.606811523438
29,talon_derecho,6,193.180541992188,-246.775329589844
29,talon_derecho,7,242.551025390625,-227.595336914063
29,talon_derecho,8,271.730712890625,-206.707641601563
29,tobillo_derecho,0,-129.706237792969,-125.65380859375
29,tobillo_derecho,1,-96.2472534179688,-146.05615234375
29,tobillo_derecho,2,-55.1911010742188,-173.056213378906
29,tobillo_derecho,3,-1.8646240234375,-199.483459472656
29,tobillo_derecho,4,79.327392578125,-222.438781738281
29,tobillo_derecho,5,145.3955078125,-222.438781738281
29,tobillo_derecho,6,190.227416992188,-223.382629394531
29,tobillo_derecho,7,233.385375976563,-206.865600585938
29,tobillo_derecho,8,260.359619140625,-189.471862792969
29,rodilla_derecha,0,-22.2141723632813,-148.9384765625
29,rodilla_derecha,1,22.0703735351563,-148.321533203125
29,rodilla_derecha,2,64.9447021484375,-137.894409179688
29,rodilla_derecha,3,96.57275390625,-129.301513671875
29,rodilla_derecha,4,115.0,-125.301513671875
29,rodilla_derecha,5,127.713500976563,-125.497497558594
29,rodilla_derecha,6,141.974975585938,-125.296569824219
29,rodilla_derecha,7,151.6533203125,-126.974975585938
29,rodilla_derecha,8,161.849365234375,-122.778991699219
29,cadera_derecha,0,-11.7274169921875,-51.0911254882813
29,cadera_derecha,1,2.35675048828125,-55.517578125
29,cadera_derecha,2,19.7487182617188,-57.0
29,cadera_derecha,3,38.1407470703125,-58.1608276367188
29,cadera_derecha,4,48.6583251953125,-57.643310546875
29,cadera_derecha,5,57.4974365234375,-58.4823608398438
29,cadera_derecha,6,62.1408081054688,-58.6432495117188
29,cadera_derecha,7,64.10546875,-60.3216552734375
29,cadera_derecha,8,71.1055908203125,-59.4823608398438
31,punta_derecha,0,-276.237731933594,-153.041625976563
31,punta_derecha,1,-232.058959960938,-190.317443847656
31,punta_derecha,2,-171.653015136719,-235.476257324219
31,punta_derecha,3,-80.5076904296875,-261.734802246094
31,punta_derecha,4,16.4334106445313,-262.188232421875
31,punta_derecha,5,88.7823486328125,-253.247131347656
31,punta_derecha,6,136.652954101563,-221.1064453125
31,punta_derecha,7,167.170043945313,-189.024719238281
31,punta_derecha,8,180.240356445313,-161.695861816406
31,talon_derecho,0,-232.867980957031,-126.901000976563
31,talon_derecho,1,-206.882141113281,-152.594116210938
31,talon_derecho,2,-163.53515625,-189.752746582031
31,talon_derecho,3,-108.471557617188,-225.399108886719
31,talon_derecho,4,-29.4554443359375,-251.539794921875
31,talon_derecho,5,29.955078125,-255.698547363281
31,talon_derecho,6,88.4105224609375,-246.682556152344
31,talon_derecho,7,133.562622070313,-227.671203613281
31,talon_derecho,8,159.703369140625,-208.065673828125
31,tobillo_derecho,0,-228.709228515625,-137.594909667969
31,tobillo_derecho,1,-193.376403808594,-162.217651367188
31,tobillo_derecho,2,-147.0361328125,-192.51708984375
31,tobillo_derecho,3,-85.2490844726563,-221.628295898438
31,tobillo_derecho,4,-13.9564208984375,-237.075073242188
31,tobillo_derecho,5,39.5130615234375,-232.322204589844
31,tobillo_derecho,6,84.0711669921875,-221.628356933594
31,tobillo_derecho,7,122.688110351563,-206.369873046875
31,tobillo_derecho,8,146.7822265625,-193.188232421875
31,rodilla_derecha,0,-114.670349121094,-149.853393554688
31,rodilla_derecha,1,-71.4943237304688,-144.653015136719
31,rodilla_derecha,2,-39.9296264648438,-139.335510253906
31,rodilla_derecha,3,-13.1948852539063,-130.423889160156
31,rodilla_derecha,4,1.40594482421875,-130.158813476563
31,rodilla_derecha,5,13.9411010742188,-133.129211425781
31,rodilla_derecha,6,24.5056762695313,-134.723388671875
31,rodilla_derecha,7,40.793701171875,-134.911499023438
31,rodilla_derecha,8,55.3222045898438,-131.240478515625
31,cadera_derecha,0,-113.45263671875,-50.8554077148438
31,cadera_derecha,1,-99.8412475585938,-55.3764038085938
31,cadera_derecha,2,-82.6824951171875,-59.7822875976563
31,cadera_derecha,3,-69.8412475585938,-61.0
31,cadera_derecha,4,-57.2471923828125,-62.7823486328125
31,cadera_derecha,5,-49.0294189453125,-59.811767578125
31,cadera_derecha,6,-42.8412475585938,-59.2177124023438
31,cadera_derecha,7,-38.6236572265625,-59.5941162109375
31,cadera_derecha,8,-29.2471923828125,-56.8118286132813
32,punta_derecha,0,-268.549743652344,-137.62060546875
32,punta_derecha,1,-235.112365722656,-167.247253417969
32,punta_derecha,2,-186.337036132813,-210.85400390625
32,punta_derecha,3,-111.7744140625,-248.135375976563
32,punta_derecha,4,-13.1441040039063,-258.045654296875
32,punta_derecha,5,65.045166015625,-258.640869140625
32,punta_derecha,6,134.810302734375,-220.662475585938
32,punta_derecha,7,172.619750976563,-186.652099609375
32,punta_derecha,8,193.799682617188,-152.234741210938
32,punta_derecha,9,203.238037109375,-126.279357910156
32,punta_derecha,10,216.415771484375,-120.831481933594
32,talon_derecho,0,-223.245849609375,-114.968688964844
32,talon_derecho,1,-200.854064941406,-138.471923828125
32,talon_derecho,2,-173.685546875,-173.662963867188
32,talon_derecho,3,-123.190612792969,-212.831970214844
32,talon_derecho,4,-45.3245849609375,-242.562683105469
32,talon_derecho,5,21.2716674804688,-250.11328125
32,talon_derecho,6,80.46142578125,-244.336975097656
32,talon_derecho,7,135.178344726563,-217.967224121094
32,talon_derecho,8,170.125244140625,-195.2578125
32,talon_derecho,9,187.530029296875,-178.740783691406
32,talon_derecho,10,199.0,-169.0
32,tobillo_derecho,0,-218.526733398438,-127.710388183594
32,tobillo_derecho,1,-193.606811523438,-148.168518066406
32,tobillo_derecho,2,-157.033203125,-180.617858886719
32,tobillo_derecho,3,-103.584228515625,-207.472290039063
32,tobillo_derecho,4,-29.0216064453125,-226.348876953125
32,tobillo_derecho,5,29.9677734375,-229.652221679688
32,tobillo_derecho,6,78.1031494140625,-220.213928222656
32,tobillo_derecho,7,125.822998046875,-199.765502929688
32,tobillo_derecho,8,157.385009765625,-178.685424804688
32,tobillo_derecho,9,175.528076171875,-165.471923828125
32,tobillo_derecho,10,188.8876953125,-157.887634277344
32,rodilla_derecha,0,-124.559387207031,-151.306091308594
32,rodilla_derecha,1,-78.2920532226563,-147.587036132813
32,rodilla_derecha,2,-42.2920532226563,-136.820068359375
32,rodilla_derecha,3,-11.4661254882813,-128.110717773438
32,rodilla_derecha,4,7.01165771484375,-123.765441894531
32,rodilla_derecha,5,15.65771484375,-125.531005859375
32,rodilla_derecha,6,32.780029296875,-125.00439453125
32,rodilla_derecha,7,44.2476196289063,-124.883483886719
32,rodilla_derecha,8,58.824462890625,-118.581237792969
32,rodilla_derecha,9,75.766845703125,-112.935180664063
32,rodilla_derecha,10,92.179931640625,-104.6416015625
32,cadera_derecha,0,-105.739013671875,-54.5635375976563
32,cadera_derecha,1,-92.8230590820313,-58.5294799804688
32,cadera_derecha,2,-75.9395751953125,-60.0590209960938
32,cadera_derecha,3,-61.0560302734375,-62.4114990234375
32,cadera_derecha,4,-49.4675903320313,-60.7639770507813
32,cadera_derecha,5,-43.1151123046875,-57.1754760742188
32,cadera_derecha,6,-36.7035522460938,-58.822998046875
32,cadera_derecha,7,-27.5264892578125,-57.8819580078125
32,cadera_derecha,8,-21.5855712890625,-54.2344970703125
32,cadera_derecha,9,-14.70361328125,-53.7640380859375
32,cadera_derecha,10,-6.46759033203125,-49.175537109375
33,punta_derecha,0,-261.100341796875,-140.968200683594
33,punta_derecha,1,-214.393188476563,-187.269775390625
33,punta_derecha,2,-145.505493164063,-238.494506835938
33,punta_derecha,3,-41.2348022460938,-276.22509765625
33,punta_derecha,4,63.0,-274.112365722656
33,punta_derecha,5,136.383544921875,-258.011047363281
33,punta_derecha,6,186.494873046875,-218.359130859375
33,punta_derecha,7,213.39404296875,-175.414855957031
33,punta_derecha,8,222.832397460938,-142.380798339844
33,punta_derecha,9,229.696533203125,-125.584228515625
33,punta_derecha,10,242.83154296875,-123.247192382813
33,talon_derecho,0,-212.021179199219,-116.956787109375
33,talon_derecho,1,-182.022521972656,-148.528076171875
33,talon_derecho,2,-141.770629882813,-188.746154785156
33,talon_derecho,3,-78.9005737304688,-234.294372558594
33,talon_derecho,4,15.238037109375,-262.731506347656
33,talon_derecho,5,74.6993408203125,-262.731506347656
33,talon_derecho,6,134.877075195313,-248.314453125
33,talon_derecho,7,176.472412109375,-220.62890625
33,talon_derecho,8,197.236206054688,-194.5166015625
33,talon_derecho,9,212.415771484375,-179.0
33,talon_derecho,10,218.16845703125,-170.415771484375
33,tobillo_derecho,0,-206.358215332031,-130.114135742188
33,tobillo_derecho,1,-171.775329589844,-159.168518066406
33,tobillo_derecho,2,-122.583801269531,-197.994812011719
33,tobillo_derecho,3,-53.578857421875,-227.701599121094
33,tobillo_derecho,4,28.4290771484375,-242.225646972656
33,tobillo_derecho,5,82.2274169921875,-240.809936523438
33,tobillo_derecho,6,128.597290039063,-226.880065917969
33,tobillo_derecho,7,163.868774414063,-204.000549316406
33,tobillo_derecho,8,187.520751953125,-181.3486328125
33,tobillo_derecho,9,201.415771484375,-167.0
33,tobillo_derecho,10,211.0,-157.0
33,rodilla_derecha,0,-89.7951049804688,-152.294189453125
33,rodilla_derecha,1,-46.6375732421875,-145.390258789063
33,rodilla_derecha,2,-7.01104736328125,-140.314453125
33,rodilla_derecha,3,16.1589965820313,-133.185180664063
33,rodilla_derecha,4,31.1881713867188,-130.782348632813
33,rodilla_derecha,5,43.7575073242188,-130.417297363281
33,rodilla_derecha,6,54.4354248046875,-132.153991699219
33,rodilla_derecha,7,65.7528076171875,-125.212951660156
33,rodilla_derecha,8,77.0997314453125,-117.460083007813
33,rodilla_derecha,9,92.0703125,-109.124572753906
33,rodilla_derecha,10,111.76416015625,-101.283264160156
33,cadera_derecha,0,-89.3232421875,-50.3604736328125
33,cadera_derecha,1,-75.6965942382813,-56.3034057617188
33,cadera_derecha,2,-56.9774169921875,-59.8876342773438
33,cadera_derecha,3,-43.435302734375,-60.0
33,cadera_derecha,4,-36.0294799804688,-57.6235961914063
33,cadera_derecha,5,-29.811767578125,-59.0
33,cadera_derecha,6,-25.4058837890625,-58.0
33,cadera_derecha,7,-20.0,-58.0
33,cadera_derecha,8,-14.0,-56.0
33,cadera_derecha,9,-7.0,-54.0
33,cadera_derecha,10,2.97052001953125,-48.0294799804688
34,punta_derecha,0,-192.05615234375,-122.624389648438
34,punta_derecha,1,-162.0,-157.91162109375
34,punta_derecha,2,-115.62353515625,-203.099792480469
34,punta_derecha,3,-38.172119140625,-246.963806152344
34,punta_derecha,4,58.4334106445313,-255.505615234375
34,punta_derecha,5,136.317504882813,-255.782287597656
34,punta_derecha,6,200.132080078125,-225.700561523438
34,punta_derecha,7,234.590209960938,-189.460083007813
34,punta_derecha,8,249.44287109375,-156.972534179688
34,punta_derecha,9,253.870849609375,-135.84130859375
34,punta_derecha,10,264.37646484375,-131.970520019531
34,talon_derecho,0,-151.656982421875,-103.612976074219
34,talon_derecho,1,-127.53515625,-128.782287597656
34,talon_derecho,2,-99.6302490234375,-163.523803710938
34,talon_derecho,3,-53.8840942382813,-201.546569824219
34,talon_derecho,4,23.8279418945313,-235.458129882813
34,talon_derecho,5,87.3973388671875,-247.934387207031
34,talon_derecho,6,146.37255859375,-242.211059570313
34,talon_derecho,7,194.716674804688,-222.988586425781
34,talon_derecho,8,223.827880859375,-198.630249023438
34,talon_derecho,9,237.492309570313,-185.559936523438
34,talon_derecho,10,246.188232421875,-177.405944824219
34,tobillo_derecho,0,-147.498229980469,-116.683349609375
34,tobillo_derecho,1,-117.0,-141.0
34,tobillo_derecho,2,-86.4239501953125,-168.111206054688
34,tobillo_derecho,3,-31.7662353515625,-201.975280761719
34,tobillo_derecho,4,42.4970703125,-223.957153320313
34,tobillo_derecho,5,94.7784423828125,-225.739501953125
34,tobillo_derecho,6,143.306884765625,-218.798461914063
34,tobillo_derecho,7,184.300170898438,-203.945861816406
34,tobillo_derecho,8,213.035034179688,-184.340393066406
34,tobillo_derecho,9,228.594116210938,-173.188171386719
34,tobillo_derecho,10,237.0,-166.0
34,rodilla_derecha,0,-47.6883544921875,-139.665283203125
34,rodilla_derecha,1,-7.68255615234375,-137.464782714844
34,rodilla_derecha,2,27.5352172851563,-131.712036132813
34,rodilla_derecha,3,54.011474609375,-126.324157714844
34,rodilla_derecha,4,70.5645751953125,-126.0
34,rodilla_derecha,5,79.752685546875,-127.346923828125
34,rodilla_derecha,6,89.1292724609375,-128.782348632813
34,rodilla_derecha,7,102.505737304688,-129.376403808594
34,rodilla_derecha,8,109.970581054688,-124.158752441406
34,rodilla_derecha,9,128.476196289063,-115.405883789063
34,rodilla_derecha,10,143.882202148438,-110.346984863281
34,cadera_derecha,0,-34.02392578125,-53.1139526367188
34,cadera_derecha,1,-19.6530151367188,-53.811767578125
34,cadera_derecha,2,-5.71197509765625,-58.0294799804688
34,cadera_derecha,3,5.6644287109375,-57.6530151367188
34,cadera_derecha,4,17.6348876953125,-56.8707275390625
34,cadera_derecha,5,24.0408935546875,-61.2177124023438
34,cadera_derecha,6,27.8527221679688,-60.0294799804688
34,cadera_derecha,7,33.44677734375,-59.2471313476563
34,cadera_derecha,8,37.258544921875,-60.811767578125
34,cadera_derecha,9,43.44677734375,-55.6530151367188
34,cadera_derecha,10,55.1996459960938,-53.9002075195313
35,talon_derecho,0,-169.563659667969,-104.66650390625
35,talon_derecho,1,-139.412963867188,-130.411499023438
35,talon_derecho,2,-105.178466796875,-164.822998046875
35,talon_derecho,3,-55.9351806640625,-210.359741210938
35,talon_derecho,4,29.3139038085938,-254.308044433594
35,talon_derecho,5,107.0,-263.294982910156
35,talon_derecho,6,167.892211914063,-270.942443847656
35,talon_derecho,7,222.430541992188,-248.174011230469
35,punta_derecha,0,-218.277465820313,-121.080932617188
35,punta_derecha,1,-179.411499023438,-156.35400390625
35,punta_derecha,2,-125.763977050781,-207.178466796875
35,punta_derecha,3,-38.9263305664063,-261.716735839844
35,punta_derecha,4,76.9599609375,-288.533935546875
35,punta_derecha,5,155.529541015625,-283.470458984375
35,punta_derecha,6,229.129760742188,-251.171081542969
35,punta_derecha,7,266.723999023438,-214.6357421875
35,tobillo_derecho,0,-167.975158691406,-117.903930664063
35,tobillo_derecho,1,-133.177001953125,-142.411499023438
35,tobillo_derecho,2,-88.5783081054688,-174.99853515625
35,tobillo_derecho,3,-30.3335571289063,-211.004333496094
35,tobillo_derecho,4,52.8565673828125,-243.362670898438
35,tobillo_derecho,5,120.102783203125,-245.480651855469
35,tobillo_derecho,6,169.346069335938,-246.539672851563
35,tobillo_derecho,7,214.882690429688,-229.066284179688
35,rodilla_derecha,0,-61.0166015625,-156.6162109375
35,rodilla_derecha,1,-11.4100952148438,-152.99853515625
35,rodilla_derecha,2,33.885009765625,-145.231628417969
35,rodilla_derecha,3,70.4202880859375,-138.34814453125
35,rodilla_derecha,4,92.825927734375,-133.470458984375
35,rodilla_derecha,5,102.235961914063,-134.412963867188
35,rodilla_derecha,6,118.589965820313,-137.177001953125
35,rodilla_derecha,7,126.766967773438,-140.060485839844
35,cadera_derecha,0,-47.7791748046875,-58.6001586914063
35,cadera_derecha,1,-36.0,-60.0
35,cadera_derecha,2,-13.7625732421875,-64.3525390625
35,cadera_derecha,3,1.2359619140625,-62.3525390625
35,cadera_derecha,4,14.177001953125,-59.9409790039063
35,cadera_derecha,5,25.2360229492188,-57.4114990234375
35,cadera_derecha,6,33.6475219726563,-58.0589599609375
35,cadera_derecha,7,42.0,-57.0
36,punta_derecha,0,-293.73193359375,-110.930358886719
36,punta_derecha,1,-259.217712402344,-147.317504882813
36,punta_derecha,2,-211.62353515625,-192.505676269531
36,punta_derecha,3,-133.201477050781,-235.875427246094
36,punta_derecha,4,-38.1444702148438,-241.816467285156
36,punta_derecha,5,32.4534301757813,-234.904907226563
36,punta_derecha,6,91.864013671875,-209.358337402344
36,punta_derecha,7,124.539916992188,-182.029479980469
36,punta_derecha,8,145.333740234375,-152.918273925781
36,punta_derecha,9,155.433471679688,-135.095092773438
36,punta_derecha,10,168.970581054688,-134.188171386719
36,talon_derecho,0,-248.827087402344,-94.8306884765625
36,talon_derecho,1,-225.317443847656,-119.405883789063
36,talon_derecho,2,-193.129272460938,-155.346923828125
36,talon_derecho,3,-146.789001464844,-198.716674804688
36,talon_derecho,4,-71.931640625,-227.233764648438
36,talon_derecho,5,-14.3033447265625,-231.986633300781
36,talon_derecho,6,40.9485473632813,-227.827880859375
36,talon_derecho,7,88.7166748046875,-211.55322265625
36,talon_derecho,8,119.05224609375,-193.77099609375
36,talon_derecho,9,138.063598632813,-181.888854980469
36,talon_derecho,10,147.217651367188,-176.594116210938
36,tobillo_derecho,0,-245.262451171875,-106.712768554688
36,tobillo_derecho,1,-215.188232421875,-130.811767578125
36,tobillo_derecho,2,-178.918273925781,-161.705322265625
36,tobillo_derecho,3,-125.854614257813,-196.757507324219
36,tobillo_derecho,4,-53.9677734375,-211.610168457031
36,tobillo_derecho,5,-1.68646240234375,-211.610168457031
36,tobillo_derecho,6,41.0891723632813,-207.451354980469
36,tobillo_derecho,7,79.7060546875,-193.192810058594
36,tobillo_derecho,8,108.158569335938,-177.594116210938
36,tobillo_derecho,9,126.782348632813,-170.188232421875
36,tobillo_derecho,10,137.593994140625,-165.594116210938
36,rodilla_derecha,0,-145.45263671875,-131.071105957031
36,rodilla_derecha,1,-104.276611328125,-131.058898925781
36,rodilla_derecha,2,-67.8707885742188,-125.276550292969
36,rodilla_derecha,3,-40.5418701171875,-122.306091308594
36,rodilla_derecha,4,-26.2832641601563,-119.9296875
36,rodilla_derecha,5,-15.0589599609375,-119.53515625
36,rodilla_derecha,6,-3.653076171875,-122.752868652344
36,rodilla_derecha,7,7.9410400390625,-119.188232421875
36,rodilla_derecha,8,24.6939086914063,-115.970520019531
36,rodilla_derecha,9,37.53515625,-111.970520019531
36,rodilla_derecha,10,56.0997314453125,-107.941040039063
36,cadera_derecha,0,-129.411743164063,-45.5198364257813
36,cadera_derecha,1,-119.0,-49.0
36,cadera_derecha,2,-103.870727539063,-53.811767578125
36,cadera_derecha,3,-94.0,-54.0
36,cadera_derecha,4,-77.4647827148438,-52.6235961914063
36,cadera_derecha,5,-77.0,-54.0
36,cadera_derecha,6,-71.0,-53.0
36,cadera_derecha,7,-61.4353637695313,-51.4059448242188
36,cadera_derecha,8,-53.2470703125,-50.811767578125
36,cadera_derecha,9,-45.435302734375,-49.46484375
36,cadera_derecha,10,-38.46484375,-45.8118286132813
38,punta_derecha,0,-360.547607421875,-161.729187011719
38,punta_derecha,1,-317.482421875,-204.909545898438
38,punta_derecha,2,-244.768798828125,-248.748779296875
38,punta_derecha,3,-137.582702636719,-271.497497558594
38,punta_derecha,4,-43.482421875,-262.96484375
38,punta_derecha,5,21.7789916992188,-241.145751953125
38,punta_derecha,6,71.291748046875,-206.738647460938
38,punta_derecha,7,98.985107421875,-175.688354492188
38,punta_derecha,8,112.412231445313,-151.351623535156
38,punta_derecha,9,127.517700195313,-144.0
38,talon_derecho,0,-316.070129394531,-137.392456054688
38,talon_derecho,1,-283.03515625,-163.482421875
38,talon_derecho,2,-246.949645996094,-201.246337890625
38,talon_derecho,3,-175.617858886719,-240.688598632813
38,talon_derecho,4,-98.4116821289063,-254.115783691406
38,talon_derecho,5,-32.1151123046875,-249.080627441406
38,talon_derecho,6,26.628662109375,-237.331848144531
38,talon_derecho,7,71.316650390625,-215.180908203125
38,talon_derecho,8,89.7789306640625,-200.075378417969
38,talon_derecho,9,103.0,-189.321655273438
38,tobillo_derecho,0,-308.517333984375,-146.623657226563
38,tobillo_derecho,1,-274.195922851563,-173.482421875
38,tobillo_derecho,2,-227.200866699219,-204.532653808594
38,tobillo_derecho,3,-155.029846191406,-229.708618164063
38,tobillo_derecho,4,-82.0197143554688,-230.547790527344
38,tobillo_derecho,5,-29.1502685546875,-223.834228515625
38,tobillo_derecho,6,17.8447875976563,-212.924682617188
38,tobillo_derecho,7,57.2870483398438,-196.979919433594
38,tobillo_derecho,8,79.0,-183.0
38,tobillo_derecho,9,94.6783447265625,-177.517578125
38,rodilla_derecha,0,-194.386535644531,-142.427612304688
38,rodilla_derecha,1,-150.412048339844,-139.607971191406
38,rodilla_derecha,2,-119.090393066406,-135.859313964844
38,rodilla_derecha,3,-95.0855102539063,-134.914489746094
38,rodilla_derecha,4,-80.49755859375,-133.39697265625
38,rodilla_derecha,5,-65.336669921875,-132.608032226563
38,rodilla_derecha,6,-49.783935546875,-135.517578125
38,rodilla_derecha,7,-35.4271240234375,-131.713562011719
38,rodilla_derecha,8,-15.0,-129.909545898438
38,rodilla_derecha,9,1.90960693359375,-122.713623046875
38,cadera_derecha,0,-185.994567871094,-54.3119506835938
38,cadera_derecha,1,-172.286437988281,-60.6784057617188
38,cadera_derecha,2,-154.733642578125,-65.5175170898438
38,cadera_derecha,3,-142.894409179688,-64.8392333984375
38,cadera_derecha,4,-130.376831054688,-64.8391723632813
38,cadera_derecha,5,-119.020080566406,-66.5176391601563
38,cadera_derecha,6,-114.537719726563,-69.1959838867188
38,cadera_derecha,7,-110.216064453125,-69.1959838867188
38,cadera_derecha,8,-104.055236816406,-66.517578125
38,cadera_derecha,9,-95.216064453125,-59.8040771484375
25,cadera_derecha,0,33.9662475585938,-51.974853515625
25,cadera_derecha,1,45.9996337890625,-53.3333740234375
25,cadera_derecha,2,55.6664428710938,-55.0
25,cadera_derecha,3,69.9990234375,-55.3331909179688
25,cadera_derecha,4,74.9991455078125,-51.0
25,cadera_derecha,5,81.665771484375,-49.6665649414063
25,cadera_derecha,6,84.9993896484375,-47.6668090820313
25,cadera_derecha,7,85.6663818359375,-44.0004272460938
25,cadera_derecha,8,88.3331298828125,-46.3333740234375
25,cadera_derecha,9,92.0,-45.0
25,rodilla_derecha,0,31.9664306640625,-156.630798339844
25,rodilla_derecha,1,73.9991455078125,-150.334350585938
25,rodilla_derecha,2,107.671752929688,-142.999572753906
25,rodilla_derecha,3,134.336059570313,-129.668701171875
25,rodilla_derecha,4,151.001708984375,-126.666564941406
25,rodilla_derecha,5,159.667846679688,-121.0
25,rodilla_derecha,6,169.000610351563,-120.666625976563
25,rodilla_derecha,7,176.000244140625,-113.333374023438
25,rodilla_derecha,8,183.666625976563,-105.999755859375
25,rodilla_derecha,9,186.0,-94.0
25,tobillo_derecho,0,-79.3554077148438,-126.633911132813
25,tobillo_derecho,1,-44.0,-153.0
25,tobillo_derecho,2,-2.00433349609375,-181.663757324219
25,tobillo_derecho,3,60.3304443359375,-218.655456542969
25,tobillo_derecho,4,131.989379882813,-232.987243652344
25,tobillo_derecho,5,186.650390625,-229.654296875
25,tobillo_derecho,6,230.662109375,-219.001037597656
25,tobillo_derecho,7,266.658447265625,-191.003967285156
25,tobillo_derecho,8,290.99951171875,-162.000610351563
25,tobillo_derecho,9,302.0,-139.0
25,talon_derecho,0,-84.0216064453125,-114.301879882813
25,talon_derecho,1,-53.9995727539063,-142.0
25,talon_derecho,2,-23.6690673828125,-178.996520996094
25,talon_derecho,3,32.9917602539063,-220.9921875
25,talon_derecho,4,119.649536132813,-252.988891601563
25,talon_derecho,5,182.993408203125,-253.333190917969
25,talon_derecho,6,238.321044921875,-238.00146484375
25,talon_derecho,7,282.662109375,-212.002624511719
25,talon_derecho,8,305.330932617188,-176.670288085938
25,talon_derecho,9,318.0,-152.0
25,punta_derecha,0,-124.017456054688,-137.966064453125
25,punta_derecha,1,-85.6669921875,-175.999206542969
25,punta_derecha,2,-23.6674194335938,-223.998779296875
25,punta_derecha,3,63.3243408203125,-261.662719726563
25,punta_derecha,4,163.65625,-262.999816894531
25,punta_derecha,5,237.336547851563,-249.996276855469
25,punta_derecha,6,290.008666992188,-212.329895019531
25,punta_derecha,7,314.6728515625,-167.667785644531
25,punta_derecha,8,321.338745117188,-127.005310058594
25,punta_derecha,9,329.0,-99.0
39,talon_derecho,0,11.8463745117188,-92.97021484375
39,talon_derecho,1,51.8820190429688,-114.059020996094
39,talon_derecho,2,98.3525390625,-151.64892578125
39,talon_derecho,3,164.6474609375,-193.827392578125
39,talon_derecho,4,248.190185546875,-224.240356445313
39,talon_derecho,5,332.38037109375,-226.887817382813
39,talon_derecho,6,378.066284179688,-207.9970703125
39,punta_derecha,0,3.43365478515625,-125.26953125
39,punta_derecha,1,52.2949829101563,-151.588500976563
39,punta_derecha,2,119.35546875,-186.00146484375
39,punta_derecha,3,200.542724609375,-219.3583984375
39,punta_derecha,4,297.440795898438,-238.420288085938
39,punta_derecha,5,373.529418945313,-239.999938964844
39,punta_derecha,6,422.2431640625,-200.28759765625
39,tobillo_derecho,0,29.31982421875,-102.501159667969
39,tobillo_derecho,1,70.470458984375,-123.765502929688
39,tobillo_derecho,2,120.058959960938,-151.765502929688
39,tobillo_derecho,3,187.060424804688,-184.707946777344
39,tobillo_derecho,4,262.247680664063,-208.945434570313
39,tobillo_derecho,5,339.306640625,-209.059020996094
39,tobillo_derecho,6,375.522216796875,-189.99853515625
39,rodilla_derecha,0,147.397827148438,-110.443664550781
39,rodilla_derecha,1,191.119506835938,-112.293518066406
39,rodilla_derecha,2,230.650390625,-107.644592285156
39,rodilla_derecha,3,265.172607421875,-99.9205932617188
39,rodilla_derecha,4,291.2978515625,-94.166748046875
39,rodilla_derecha,5,297.824462890625,-93.0487670898438
39,rodilla_derecha,6,314.120971679688,-94.1077270507813
39,cadera_derecha,0,145.809326171875,-19.8995361328125
39,cadera_derecha,1,162.6474609375,-23.4114990234375
39,cadera_derecha,2,181.235961914063,-26.8819580078125
39,cadera_derecha,3,200.589965820313,-29.29345703125
39,cadera_derecha,4,212.060546875,-27.5869750976563
39,cadera_derecha,5,224.237426757813,-27.5280151367188
39,cadera_derecha,6,232.355346679688,-27.99853515625
40,talon_derecho,0,55.7984619140625,-124.6015625
40,talon_derecho,1,102.0,-147.0
40,talon_derecho,2,156.188110351563,-184.258544921875
40,talon_derecho,3,225.53515625,-220.070373535156
40,talon_derecho,4,302.941040039063,-231.0
40,talon_derecho,5,362.3515625,-228.623596191406
40,talon_derecho,6,402.739501953125,-209.582641601563
40,punta_derecha,0,55.204345703125,-163.218505859375
40,punta_derecha,1,112.3173828125,-183.188232421875
40,punta_derecha,2,190.145263671875,-218.240478515625
40,punta_derecha,3,280.449340820313,-240.222351074219
40,punta_derecha,4,352.15869140625,-247.405883789063
40,punta_derecha,5,416.916259765625,-226.01806640625
40,punta_derecha,6,455.057006835938,-193.135986328125
40,tobillo_derecho,0,73.998046875,-132.919067382813
40,tobillo_derecho,1,119.188232421875,-152.564636230469
40,tobillo_derecho,2,178.129272460938,-179.723388671875
40,tobillo_derecho,3,245.723388671875,-203.941101074219
40,tobillo_derecho,4,318.752807617188,-213.0
40,tobillo_derecho,5,359.716674804688,-206.970520019531
40,tobillo_derecho,6,397.363037109375,-193.523742675781
40,rodilla_derecha,0,193.036987304688,-129.354431152344
40,rodilla_derecha,1,233.099853515625,-127.870727539063
40,rodilla_derecha,2,270.528442382813,-117.176818847656
40,rodilla_derecha,3,298.451538085938,-111.235717773438
40,rodilla_derecha,4,308.029541015625,-107.782287597656
40,rodilla_derecha,5,320.099853515625,-102.84130859375
40,rodilla_derecha,6,330.188232421875,-102.0
40,cadera_derecha,0,174.025512695313,-33.703369140625
40,cadera_derecha,1,188.0,-38.0
40,cadera_derecha,2,203.564697265625,-40.4058837890625
40,cadera_derecha,3,219.693969726563,-37.4353637695313
40,cadera_derecha,4,230.44677734375,-32.8707275390625
40,cadera_derecha,5,232.476196289063,-31.46484375
40,cadera_derecha,6,235.882202148438,-29.4647827148438
41,cadera_derecha,0,207.94189453125,-26.9391479492188
41,cadera_derecha,1,222.15869140625,-25.8412475585938
41,cadera_derecha,2,238.882080078125,-29.0
41,cadera_derecha,3,249.852661132813,-26.0294189453125
41,cadera_derecha,4,259.60546875,-23.6235961914063
41,cadera_derecha,5,265.98193359375,-22.0
41,cadera_derecha,6,271.576049804688,-17.2177124023438
41,rodilla_derecha,0,217.447509765625,-134.472290039063
41,rodilla_derecha,1,258.129272460938,-134.653015136719
41,rodilla_derecha,2,298.353637695313,-128.0
41,rodilla_derecha,3,330.117919921875,-120.612182617188
41,rodilla_derecha,4,348.08837890625,-113.594116210938
41,rodilla_derecha,5,359.276611328125,-107.841247558594
41,rodilla_derecha,6,369.2470703125,-107.623596191406
41,tobillo_derecho,0,89.12060546875,-133.284118652344
41,tobillo_derecho,1,132.811767578125,-154.346923828125
41,tobillo_derecho,2,187.7822265625,-182.099792480469
41,tobillo_derecho,3,257.505737304688,-214.317443847656
41,tobillo_derecho,4,338.099731445313,-232.752807617188
41,tobillo_derecho,5,393.841186523438,-228.188232421875
41,tobillo_derecho,6,432.993286132813,-203.829833984375
41,talon_derecho,0,69.51513671875,-121.99609375
41,talon_derecho,1,111.435302734375,-147.346984863281
41,talon_derecho,2,161.058959960938,-182.634948730469
41,talon_derecho,3,231.3173828125,-225.823120117188
41,talon_derecho,4,328.750732421875,-255.528442382813
41,talon_derecho,5,394.539794921875,-246.682495117188
41,talon_derecho,6,440.934448242188,-226.394470214844
41,punta_derecha,0,69.51513671875,-162.989379882813
41,punta_derecha,1,121.15869140625,-188.158813476563
41,punta_derecha,2,191.199584960938,-226.793701171875
41,punta_derecha,3,286.057006835938,-262.240478515625
41,punta_derecha,4,380.224243164063,-265.505676269531
41,punta_derecha,5,443.512329101563,-258.775695800781
41,punta_derecha,6,499.358276367188,-211.84130859375
42,cadera_derecha,0,262.33935546875,-35.6904907226563
42,cadera_derecha,1,280.235595703125,-38.7562255859375
42,cadera_derecha,2,293.975219726563,-37.7561645507813
42,cadera_derecha,3,305.218994140625,-37.7562255859375
42,cadera_derecha,4,314.210693359375,-35.7561645507813
42,rodilla_derecha,0,280.289794921875,-141.897338867188
42,rodilla_derecha,1,322.9833984375,-145.008239746094
42,rodilla_derecha,2,361.83056640625,-136.512451171875
42,rodilla_derecha,3,391.260375976563,-127.537231445313
42,rodilla_derecha,4,405.504028320313,-128.764404296875
42,tobillo_derecho,0,145.661376953125,-149.376647949219
42,tobillo_derecho,1,194.739624023438,-174.966979980469
42,tobillo_derecho,2,260.479248046875,-205.739685058594
42,tobillo_derecho,3,339.47119140625,-242.219055175781
42,tobillo_derecho,4,423.950439453125,-252.218994140625
42,talon_derecho,0,120.231567382813,-138.905517578125
42,talon_derecho,1,170.0,-171.975219726563
42,talon_derecho,2,228.747924804688,-216.202514648438
42,talon_derecho,3,322.45458984375,-263.9091796875
42,talon_derecho,4,413.11572265625,-283.016540527344
42,punta_derecha,0,123.223388671875,-180.0419921875
42,punta_derecha,1,186.7978515625,-215.942932128906
42,punta_derecha,2,272.760498046875,-259.876159667969
42,punta_derecha,3,378.967407226563,-287.549743652344
42,punta_derecha,4,479.938598632813,-298.768798828125
43,cadera_derecha,0,269.634033203125,-31.9835205078125
43,cadera_derecha,1,287.666137695313,-36.6668701171875
43,cadera_derecha,2,303.665649414063,-39.0003662109375
43,cadera_derecha,3,319.664916992188,-41.6670532226563
43,cadera_derecha,4,328.664794921875,-38.3340454101563
43,cadera_derecha,5,337.997680664063,-38.333984375
43,cadera_derecha,6,344.3310546875,-36.0008544921875
43,cadera_derecha,7,351.997314453125,-36.6674194335938
43,cadera_derecha,8,359.330322265625,-34.6674194335938
43,rodilla_derecha,0,285.632446289063,-141.97216796875
43,rodilla_derecha,1,329.332763671875,-143.0
43,rodilla_derecha,2,372.66162109375,-138.333801269531
43,rodilla_derecha,3,409.991088867188,-132.001220703125
43,rodilla_derecha,4,435.665893554688,-123.666809082031
43,rodilla_derecha,5,450.666870117188,-118.333801269531
43,rodilla_derecha,6,460.000244140625,-118.667114257813
43,rodilla_derecha,7,468.666748046875,-115.000244140625
43,rodilla_derecha,8,479.657470703125,-110.325805664063
43,tobillo_derecho,0,147.313354492188,-138.97265625
43,tobillo_derecho,1,194.66650390625,-153.666381835938
43,tobillo_derecho,2,249.3330078125,-177.666259765625
43,tobillo_derecho,3,314.666381835938,-210.665954589844
43,tobillo_derecho,4,397.333251953125,-238.666564941406
43,tobillo_derecho,5,479.324829101563,-243.665954589844
43,tobillo_derecho,6,518.654052734375,-235.000183105469
43,tobillo_derecho,7,549.984130859375,-211.002624511719
43,tobillo_derecho,8,568.0,-189.333190917969
43,talon_derecho,0,126.3154296875,-125.307250976563
43,talon_derecho,1,172.0,-148.999206542969
43,talon_derecho,2,221.000366210938,-178.999206542969
43,talon_derecho,3,289.999389648438,-221.331787109375
43,talon_derecho,4,375.323974609375,-257.994750976563
43,talon_derecho,5,464.665283203125,-266.665954589844
43,talon_derecho,6,520.326049804688,-265.332824707031
43,talon_derecho,7,557.655517578125,-239.335510253906
43,talon_derecho,8,574.33154296875,-212.336059570313
43,punta_derecha,0,125.64892578125,-167.302978515625
43,punta_derecha,1,178.332763671875,-189.666259765625
43,punta_derecha,2,247.992797851563,-222.329895019531
43,punta_derecha,3,336.650390625,-258.992736816406
43,punta_derecha,4,437.989501953125,-283.997314453125
43,punta_derecha,5,522.6474609375,-287.996887207031
43,punta_derecha,6,578.67236328125,-259.995056152344
43,punta_derecha,7,618.992065429688,-216.99609375
43,punta_derecha,8,625.9931640625,-188.663513183594
45,cadera_derecha,0,308.484008789063,-37.7049560546875
45,cadera_derecha,1,329.53271484375,-40.1752319335938
45,cadera_derecha,2,342.357543945313,-42.3575439453125
45,cadera_derecha,3,357.007080078125,-39.9415283203125
45,cadera_derecha,4,365.890380859375,-35.1168212890625
45,cadera_derecha,5,376.598266601563,-35.9415893554688
45,cadera_derecha,6,385.423095703125,-34.8247680664063
45,cadera_derecha,7,394.189331054688,-37.474365234375
45,rodilla_derecha,0,316.958374023438,-139.397216796875
45,rodilla_derecha,1,357.474365234375,-142.233581542969
45,rodilla_derecha,2,397.715087890625,-139.992980957031
45,rodilla_derecha,3,433.495727539063,-129.635375976563
45,rodilla_derecha,4,459.839111328125,-121.890380859375
45,rodilla_derecha,5,478.663696289063,-126.890319824219
45,rodilla_derecha,6,496.378784179688,-128.715087890625
45,rodilla_derecha,7,504.5029296875,-118.94873046875
45,tobillo_derecho,0,184.193603515625,-132.806030273438
45,tobillo_derecho,1,225.233520507813,-153.7080078125
45,tobillo_derecho,2,279.7080078125,-187.415954589844
45,tobillo_derecho,3,353.394653320313,-222.225036621094
45,tobillo_derecho,4,433.43017578125,-248.589660644531
45,tobillo_derecho,5,503.61962890625,-248.0
45,tobillo_derecho,6,558.284790039063,-241.583984375
45,tobillo_derecho,7,583.671020507813,-213.663818359375
45,talon_derecho,0,160.653686523438,-121.68212890625
45,talon_derecho,1,202.175170898438,-150.357543945313
45,talon_derecho,2,253.116821289063,-186.474365234375
45,talon_derecho,3,328.1025390625,-234.232116699219
45,talon_derecho,4,414.729248046875,-269.071166992188
45,talon_derecho,5,497.589599609375,-270.954345703125
45,talon_derecho,6,560.0869140625,-262.467224121094
45,talon_derecho,7,591.341796875,-237.343322753906
45,punta_derecha,0,163.478393554688,-159.170654296875
45,punta_derecha,1,214.88330078125,-186.474365234375
45,punta_derecha,2,281.299072265625,-222.357543945313
45,punta_derecha,3,374.516967773438,-260.962890625
45,punta_derecha,4,482.0,-290.0
45,punta_derecha,5,556.058349609375,-291.116821289063
45,punta_derecha,6,615.378784179688,-257.219421386719
45,punta_derecha,7,655.802001953125,-214.605407714844
46,cadera_derecha,0,329.440551757813,-42.4507446289063
46,cadera_derecha,1,350.213745117188,-47.359619140625
46,cadera_derecha,2,368.325927734375,-48.3595581054688
46,cadera_derecha,3,385.460815429688,-47.7753295898438
46,cadera_derecha,4,395.7978515625,-44.6068115234375
46,cadera_derecha,5,403.74169921875,-43.4944458007813
46,cadera_derecha,6,411.101318359375,-44.269775390625
46,cadera_derecha,7,415.157470703125,-40.3259887695313
46,cadera_derecha,8,419.988891601563,-36.685546875
46,cadera_derecha,9,425.0,-30.0
46,rodilla_derecha,0,352.092651367188,-142.496765136719
46,rodilla_derecha,1,391.325927734375,-142.865112304688
46,rodilla_derecha,2,433.146484375,-133.62890625
46,rodilla_derecha,3,460.517700195313,-125.662536621094
46,rodilla_derecha,4,484.943725585938,-119.674011230469
46,rodilla_derecha,5,500.033569335938,-119.123413085938
46,rodilla_derecha,6,511.505615234375,-118.067199707031
46,rodilla_derecha,7,519.0,-113.0
46,rodilla_derecha,8,521.383056640625,-102.899597167969
46,rodilla_derecha,9,519.022583007813,-91.9102172851563
46,tobillo_derecho,0,222.371948242188,-136.361877441406
46,tobillo_derecho,1,266.168579101563,-159.606811523438
46,tobillo_derecho,2,324.550659179688,-189.494506835938
46,tobillo_derecho,3,395.191162109375,-223.191040039063
46,tobillo_derecho,4,480.135864257813,-244.42724609375
46,tobillo_derecho,5,551.39501953125,-239.236206054688
46,tobillo_derecho,6,584.786865234375,-226.899658203125
46,tobillo_derecho,7,611.011962890625,-201.1689453125
46,tobillo_derecho,8,618.866088867188,-172.921752929688
46,tobillo_derecho,9,616.247192382813,-147.0
46,talon_derecho,0,200.607666015625,-127.867370605469
46,talon_derecho,1,243.696655273438,-156.910217285156
46,talon_derecho,2,301.83154296875,-193.7978515625
46,talon_derecho,3,375.16943359375,-233.8544921875
46,talon_derecho,4,465.607666015625,-260.37109375
46,talon_derecho,5,543.853637695313,-260.808959960938
46,talon_derecho,6,589.91015625,-246.348999023438
46,talon_derecho,7,613.0,-218.0
46,talon_derecho,8,624.775268554688,-189.584228515625
46,talon_derecho,9,629.326049804688,-168.775329589844
46,punta_derecha,0,203.9111328125,-163.732971191406
46,punta_derecha,1,258.191040039063,-190.91015625
46,punta_derecha,2,335.11328125,-226.775695800781
46,punta_derecha,3,428.96826171875,-257.922119140625
46,punta_derecha,4,532.789672851563,-270.663879394531
46,punta_derecha,5,589.067138671875,-265.696533203125
46,punta_derecha,6,631.067626953125,-228.887145996094
46,punta_derecha,7,666.326049804688,-189.921264648438
46,punta_derecha,8,662.831420898438,-158.145935058594
46,punta_derecha,9,651.16845703125,-129.224670410156
47,cadera_derecha,0,204.13671875,-45.6409301757813
47,cadera_derecha,1,223.218994140625,-46.7396850585938
47,cadera_derecha,2,242.690185546875,-48.9835205078125
47,cadera_derecha,3,257.421508789063,-46.235595703125
47,cadera_derecha,4,269.405029296875,-45.9835205078125
47,cadera_derecha,5,278.396850585938,-45.9752197265625
47,cadera_derecha,6,283.396850585938,-42.9752197265625
47,cadera_derecha,7,292.136474609375,-37.4793701171875
47,rodilla_derecha,0,229.566650390625,-151.847778320313
47,rodilla_derecha,1,273.45458984375,-151.285034179688
47,rodilla_derecha,2,311.681884765625,-145.855285644531
47,rodilla_derecha,3,345.388549804688,-144.185974121094
47,rodilla_derecha,4,362.495849609375,-143.243774414063
47,rodilla_derecha,5,380.7646484375,-136.797546386719
47,rodilla_derecha,6,395.756103515625,-133.008239746094
47,rodilla_derecha,7,407.289306640625,-126.086853027344
47,tobillo_derecho,0,88.9217529296875,-173.798156738281
47,tobillo_derecho,1,146.52880859375,-205.479370117188
47,tobillo_derecho,2,217.140380859375,-240.351135253906
47,tobillo_derecho,3,314.979614257813,-272.161193847656
47,tobillo_derecho,4,392.533203125,-272.747924804688
47,tobillo_derecho,5,441.822265625,-258.99169921875
47,tobillo_derecho,6,475.0869140625,-233.136474609375
47,tobillo_derecho,7,496.99169921875,-205.0
47,talon_derecho,0,66.5166015625,-169.05029296875
47,talon_derecho,1,121.0,-205.487609863281
47,talon_derecho,2,197.871704101563,-255.309875488281
47,talon_derecho,3,302.6611328125,-295.797485351563
47,talon_derecho,4,387.561889648438,-296.024780273438
47,talon_derecho,5,440.665283203125,-286.301574707031
47,talon_derecho,6,484.8759765625,-259.074340820313
47,talon_derecho,7,500.45458984375,-226.838745117188
47,punta_derecha,0,76.98779296875,-207.94287109375
47,punta_derecha,1,151.033325195313,-253.566955566406
47,punta_derecha,2,244.491821289063,-287.405029296875
47,punta_derecha,3,358.925659179688,-312.714904785156
47,punta_derecha,4,435.024780273438,-311.756225585938
47,punta_derecha,5,494.223388671875,-272.429809570313
47,punta_derecha,6,534.115966796875,-228.123840332031
47,punta_derecha,7,550.0,-192.520690917969
48,cadera_derecha,0,144.96875,-34.3187866210938
48,cadera_derecha,1,161.332885742188,-39.6666259765625
48,cadera_derecha,2,175.999145507813,-40.3331909179688
48,cadera_derecha,3,193.998413085938,-40.999755859375
48,cadera_derecha,4,205.331298828125,-38.0
48,cadera_derecha,5,212.66455078125,-36.0
48,cadera_derecha,6,217.997924804688,-33.3333740234375
48,cadera_derecha,7,222.331298828125,-33.6663818359375
48,cadera_derecha,8,226.997924804688,-33.6659545898438
48,cadera_derecha,9,232.331176757813,-26.9995727539063
48,cadera_derecha,10,237.664306640625,-19.0
48,rodilla_derecha,0,143.635498046875,-138.974670410156
48,rodilla_derecha,1,185.998779296875,-142.999572753906
48,rodilla_derecha,2,222.998046875,-139.335083007813
48,rodilla_derecha,3,261.6640625,-130.003784179688
48,rodilla_derecha,4,286.996704101563,-121.66455078125
48,rodilla_derecha,5,302.0,-118.999755859375
48,rodilla_derecha,6,315.66845703125,-116.003540039063
48,rodilla_derecha,7,326.666259765625,-112.999328613281
48,rodilla_derecha,8,338.66162109375,-108.3291015625
48,rodilla_derecha,9,346.3330078125,-96.332763671875
48,rodilla_derecha,10,347.99951171875,-80.3330078125
48,tobillo_derecho,0,14.9821166992188,-137.641479492188
48,tobillo_derecho,1,55.3336181640625,-154.999816894531
48,tobillo_derecho,2,107.3330078125,-184.332763671875
48,tobillo_derecho,3,173.999145507813,-218.332397460938
48,tobillo_derecho,4,255.658081054688,-245.33056640625
48,tobillo_derecho,5,324.99267578125,-243.000183105469
48,tobillo_derecho,6,374.001953125,-229.3330078125
48,tobillo_derecho,7,413.6611328125,-198.996887207031
48,tobillo_derecho,8,429.9833984375,-167.327209472656
48,tobillo_derecho,9,438.999389648438,-141.332946777344
48,tobillo_derecho,10,439.66650390625,-125.0
48,talon_derecho,0,-3.6826171875,-126.975952148438
48,talon_derecho,1,36.6669921875,-149.665954589844
48,talon_derecho,2,83.6668701171875,-184.665588378906
48,talon_derecho,3,151.659790039063,-227.327880859375
48,talon_derecho,4,238.990966796875,-266.329223632813
48,talon_derecho,5,317.99169921875,-265.333374023438
48,talon_derecho,6,384.651489257813,-251.334777832031
48,talon_derecho,7,419.653076171875,-221.663330078125
48,talon_derecho,8,439.984252929688,-186.666870117188
48,talon_derecho,9,453.999145507813,-162.666198730469
48,talon_derecho,10,453.666381835938,-145.000183105469
48,punta_derecha,0,-5.015869140625,-162.972229003906
48,punta_derecha,1,43.6663818359375,-187.33251953125
48,punta_derecha,2,108.0068359375,-223.656127929688
48,punta_derecha,3,198.334228515625,-263.652770996094
48,punta_derecha,4,300.656127929688,-273.665588378906
48,punta_derecha,5,368.668090820313,-270.334106445313
48,punta_derecha,6,420.662841796875,-233.004638671875
48,punta_derecha,7,463.998901367188,-196.333618164063
48,punta_derecha,8,478.666015625,-156.667419433594
48,punta_derecha,9,479.0,-117.000793457031
48,punta_derecha,10,481.666381835938,-97.6670532226563
2,rodilla_derecha,0,57.2251586914063,-103.265991210938
2,rodilla_derecha,1,68.30615234375,-103.276611328125
2,rodilla_derecha,2,83.9002685546875,-107.811828613281
2,rodilla_derecha,3,100.900268554688,-116.811767578125
2,rodilla_derecha,4,120.900268554688,-127.623596191406
2,rodilla_derecha,5,147.30615234375,-145.376403808594
2,rodilla_derecha,6,180.276611328125,-159.782287597656
2,rodilla_derecha,7,227.782348632813,-174.405883789063
2,rodilla_derecha,8,276.505615234375,-187.217712402344
2,rodilla_derecha,9,320.476196289063,-190.494201660156
2,rodilla_derecha,10,361.900268554688,-183.423950195313
2,rodilla_derecha,11,383.188110351563,-180.471557617188
2,rodilla_derecha,12,390.211059570313,-184.011413574219
2,rodilla_derecha,13,393.904907226563,-190.952514648438
2,rodilla_derecha,14,398.093139648438,-187.734741210938
2,cadera_derecha,0,165.164306640625,-31.9732666015625
2,cadera_derecha,1,180.564697265625,-38.7528076171875
2,cadera_derecha,2,197.564697265625,-46.346923828125
2,cadera_derecha,3,212.782348632813,-52.1587524414063
2,cadera_derecha,4,229.970458984375,-62.3469848632813
2,cadera_derecha,5,249.53515625,-66.9705200195313
2,cadera_derecha,6,262.3173828125,-70.53515625
2,cadera_derecha,7,273.693969726563,-74.1587524414063
2,cadera_derecha,8,282.69384765625,-76.9705200195313
2,cadera_derecha,9,295.823120117188,-83.723388671875
2,cadera_derecha,10,300.229125976563,-81.346923828125
2,cadera_derecha,11,306.387817382813,-80.9410400390625
2,cadera_derecha,12,314.170166015625,-80.53515625
2,cadera_derecha,13,315.199584960938,-80.3174438476563
2,cadera_derecha,14,311.605590820313,-78.723388671875
2,talon_derecho,0,-43.7728881835938,-71.184326171875
2,talon_derecho,1,-27.0589599609375,-54.0
2,talon_derecho,2,-7.84124755859375,-40.4058837890625
2,talon_derecho,3,19.5352172851563,-32.0
2,talon_derecho,4,49.37646484375,-31.5646362304688
2,talon_derecho,5,78.5941162109375,-44.723388671875
2,talon_derecho,6,108.188232421875,-61.9705200195313
2,talon_derecho,7,137.0,-85.0
2,talon_derecho,8,162.841186523438,-117.811767578125
2,talon_derecho,9,184.995361328125,-155.712036132813
2,talon_derecho,10,216.154052734375,-210.823181152344
2,talon_derecho,11,283.723388671875,-275.399230957031
2,talon_derecho,12,380.562622070313,-321.739562988281
2,talon_derecho,13,438.641723632813,-319.811767578125
2,talon_derecho,14,484.923095703125,-319.886840820313
2,tobillo_derecho,0,-33.0789794921875,-80.6900024414063
2,tobillo_derecho,1,-18.9885864257813,-63.2471313476563
2,tobillo_derecho,2,-2.40594482421875,-50.5941162109375
2,tobillo_derecho,3,20.3764038085938,-44.3764038085938
2,tobillo_derecho,4,47.9524536132813,-44.723388671875
2,tobillo_derecho,5,75.0,-53.37646484375
2,tobillo_derecho,6,104.594116210938,-69.7822875976563
2,tobillo_derecho,7,133.0,-93.0
2,tobillo_derecho,8,165.630249023438,-128.206298828125
2,tobillo_derecho,9,190.460083007813,-167.900207519531
2,tobillo_derecho,10,231.147338867188,-220.635009765625
2,tobillo_derecho,11,305.734741210938,-268.345031738281
2,tobillo_derecho,12,393.310913085938,-302.539855957031
2,tobillo_derecho,13,447.968627929688,-300.757568359375
2,tobillo_derecho,14,480.644409179688,-294.222412109375
2,punta_derecha,0,-61.5960693359375,-110.989379882813
2,punta_derecha,1,-57.1587524414063,-87.4353637695313
2,punta_derecha,2,-47.0,-71.0
2,punta_derecha,3,-24.2177124023438,-53.0588989257813
2,punta_derecha,4,0.0,-39.276611328125
2,punta_derecha,5,30.0,-41.0
2,punta_derecha,6,61.7823486328125,-54.2177124023438
2,punta_derecha,7,89.0,-79.0
2,punta_derecha,8,117.0,-122.0
2,punta_derecha,9,150.301391601563,-178.782287597656
2,punta_derecha,10,215.294677734375,-249.587463378906
2,punta_derecha,11,322.533203125,-320.292724609375
2,punta_derecha,12,445.513061523438,-337.521850585938
2,punta_derecha,13,513.918212890625,-330.381103515625
2,punta_derecha,14,548.131103515625,-286.698608398438
5,tobillo_derecho,0,-91.226318359375,-86.9893798828125
5,tobillo_derecho,1,-76.741455078125,-74.0
5,tobillo_derecho,2,-59.3355712890625,-64.188232421875
5,tobillo_derecho,3,-37.3650512695313,-59.1588134765625
5,tobillo_derecho,4,-9.21771240234375,-63.3764038085938
5,tobillo_derecho,5,20.0,-76.9705200195313
5,tobillo_derecho,6,50.0,-95.0
5,tobillo_derecho,7,81.0,-123.405883789063
5,tobillo_derecho,8,106.734741210938,-161.616943359375
5,tobillo_derecho,9,141.19287109375,-200.23388671875
5,tobillo_derecho,10,211.147338867188,-254.440063476563
5,tobillo_derecho,11,289.975341796875,-289.038879394531
5,tobillo_derecho,12,352.356323242188,-292.603576660156
5,tobillo_derecho,13,394.01416015625,-285.474304199219
5,tobillo_derecho,14,419.37255859375,-271.809875488281
5,punta_derecha,0,-124.496276855469,-117.288818359375
5,punta_derecha,1,-117.970520019531,-98.2177124023438
5,punta_derecha,2,-103.188232421875,-80.2471923828125
5,punta_derecha,3,-83.0,-67.6235961914063
5,punta_derecha,4,-58.5646362304688,-60.8411865234375
5,punta_derecha,5,-26.0294799804688,-67.6235961914063
5,punta_derecha,6,3.0,-86.0
5,punta_derecha,7,33.0,-117.0
5,punta_derecha,8,65.242431640625,-168.970520019531
5,punta_derecha,9,118.718627929688,-232.458129882813
5,punta_derecha,10,214.83935546875,-302.698669433594
5,punta_derecha,11,336.97998046875,-329.922973632813
5,punta_derecha,12,412.30615234375,-325.30615234375
5,punta_derecha,13,456.27001953125,-278.965881347656
5,punta_derecha,14,483.351806640625,-249.478271484375
5,talon_derecho,0,-97.1673583984375,-78.6719360351563
5,talon_derecho,1,-82.2471313476563,-64.0
5,talon_derecho,2,-64.2177124023438,-54.0
5,talon_derecho,3,-38.0294799804688,-49.3764038085938
5,talon_derecho,4,-8.21771240234375,-51.37646484375
5,talon_derecho,5,22.4058837890625,-65.7822875976563
5,talon_derecho,6,52.0,-84.0
5,talon_derecho,7,76.84130859375,-112.811767578125
5,talon_derecho,8,99.7119140625,-150.217712402344
5,talon_derecho,9,127.829833984375,-193.664489746094
5,talon_derecho,10,184.811767578125,-256.022705078125
5,talon_derecho,11,275.145385742188,-306.521728515625
5,talon_derecho,12,343.467651367188,-313.056884765625
5,talon_derecho,13,397.41064453125,-311.217651367188
5,talon_derecho,14,428.898315429688,-291.612121582031
5,rodilla_derecha,0,-2.7044677734375,-104.218505859375
5,rodilla_derecha,1,11.0589599609375,-107.188232421875
5,rodilla_derecha,2,27.0294799804688,-115.0
5,rodilla_derecha,3,47.2176513671875,-125.0
5,rodilla_derecha,4,70.2177734375,-139.782348632813
5,rodilla_derecha,5,97.811767578125,-153.0
5,rodilla_derecha,6,136.346923828125,-166.405883789063
5,rodilla_derecha,7,181.664428710938,-177.217712402344
5,rodilla_derecha,8,232.358276367188,-178.7119140625
5,rodilla_derecha,9,271.111206054688,-178.235717773438
5,rodilla_derecha,10,299.628295898438,-175.265197753906
5,rodilla_derecha,11,306.782348632813,-174.0
5,rodilla_derecha,12,309.37646484375,-175.782287597656
5,rodilla_derecha,13,314.188110351563,-174.594116210938
5,rodilla_derecha,14,325.7529296875,-170.129272460938
5,cadera_derecha,0,97.1053466796875,-26.9846801757813
5,cadera_derecha,1,115.188232421875,-32.4058837890625
5,cadera_derecha,2,131.0,-38.0
5,cadera_derecha,3,146.782348632813,-49.5646362304688
5,cadera_derecha,4,165.188232421875,-54.37646484375
5,cadera_derecha,5,180.37646484375,-61.7822875976563
5,cadera_derecha,6,191.37646484375,-63.5646362304688
5,cadera_derecha,7,202.15869140625,-68.723388671875
5,cadera_derecha,8,211.535278320313,-71.6939086914063
5,cadera_derecha,9,218.129272460938,-74.0997924804688
5,cadera_derecha,10,227.099853515625,-78.8821411132813
5,cadera_derecha,11,234.476196289063,-81.0408935546875
5,cadera_derecha,12,239.476196289063,-77.2880249023438
5,cadera_derecha,13,237.723388671875,-73.3175048828125
5,cadera_derecha,14,237.941040039063,-72.723388671875
6,punta_derecha,0,-56.0,-66.0
6,punta_derecha,1,-25.0193481445313,-93.3074951171875
6,punta_derecha,2,2.0,-134.0
6,punta_derecha,3,31.008544921875,-201.999206542969
6,punta_derecha,4,105.0009765625,-287.32373046875
6,punta_derecha,5,221.654663085938,-360.992370605469
6,punta_derecha,6,364.306640625,-391.655883789063
6,punta_derecha,7,440.3310546875,-379.000366210938
6,punta_derecha,8,487.659545898438,-317.006713867188
6,punta_derecha,9,495.65869140625,-278.344055175781
6,talon_derecho,0,-1.0,-69.0
6,talon_derecho,1,30.974853515625,-95.973876953125
6,talon_derecho,2,54.0006103515625,-128.333801269531
6,talon_derecho,3,73.6729736328125,-175.667419433594
6,talon_derecho,4,110.675659179688,-239.33056640625
6,talon_derecho,5,185.334594726563,-307.990173339844
6,talon_derecho,6,289.323852539063,-362.651184082031
6,talon_derecho,7,363.316284179688,-373.316833496094
6,talon_derecho,8,415.9775390625,-359.318298339844
6,talon_derecho,9,437.308837890625,-335.320739746094
6,tobillo_derecho,0,-5.0,-80.0
6,tobillo_derecho,1,26.3087158203125,-106.639404296875
6,tobillo_derecho,2,57.0,-143.0
6,tobillo_derecho,3,81.0057373046875,-188.334045410156
6,tobillo_derecho,4,132.327392578125,-244.669677734375
6,tobillo_derecho,5,212.668090820313,-300.66064453125
6,tobillo_derecho,6,306.325073242188,-341.323120117188
6,tobillo_derecho,7,367.652099609375,-343.989501953125
6,tobillo_derecho,8,404.981567382813,-329.324340820313
6,tobillo_derecho,9,426.0,-306.000610351563
6,rodilla_derecha,0,76.6669921875,-178.332946777344
6,rodilla_derecha,1,120.965576171875,-195.963623046875
6,rodilla_derecha,2,175.332275390625,-205.666625976563
6,rodilla_derecha,3,227.664916992188,-208.000793457031
6,rodilla_derecha,4,270.335327148438,-204.001831054688
6,rodilla_derecha,5,294.332763671875,-203.6708984375
6,rodilla_derecha,6,304.001098632813,-203.344970703125
6,rodilla_derecha,7,308.332763671875,-203.332214355469
6,rodilla_derecha,8,316.000366210938,-200.667663574219
6,rodilla_derecha,9,323.666137695313,-191.0
6,cadera_derecha,0,167.333251953125,-72.9996337890625
6,cadera_derecha,1,178.293090820313,-76.6425170898438
6,cadera_derecha,2,189.0,-80.0
6,cadera_derecha,3,198.999755859375,-85.332763671875
6,cadera_derecha,4,207.3330078125,-86.9993896484375
6,cadera_derecha,5,219.332397460938,-89.998779296875
6,cadera_derecha,6,224.332397460938,-85.3321533203125
6,cadera_derecha,7,231.66552734375,-83.998779296875
6,cadera_derecha,8,232.332641601563,-79.9989013671875
6,cadera_derecha,9,230.999633789063,-75.3325805664063
7,punta_derecha,0,164.326049804688,-122.975708007813
7,punta_derecha,1,200.0,-175.0
7,punta_derecha,2,258.00634765625,-246.664367675781
7,punta_derecha,3,361.995239257813,-331.655334472656
7,punta_derecha,4,502.985473632813,-390.993835449219
7,punta_derecha,5,618.328247070313,-398.324951171875
7,punta_derecha,6,683.997192382813,-366.999389648438
7,talon_derecho,0,212.321044921875,-120.309326171875
7,talon_derecho,1,239.667358398438,-160.667236328125
7,talon_derecho,2,270.008422851563,-214.666625976563
7,talon_derecho,3,337.334838867188,-287.325805664063
7,talon_derecho,4,438.65771484375,-348.652893066406
7,talon_derecho,5,539.980590820313,-372.650390625
7,talon_derecho,6,598.641235351563,-374.650146484375
7,tobillo_derecho,0,212.9853515625,-132.974670410156
7,tobillo_derecho,1,245.667236328125,-175.666625976563
7,tobillo_derecho,2,286.334594726563,-222.665344238281
7,tobillo_derecho,3,358.337036132813,-283.661926269531
7,tobillo_derecho,4,456.330688476563,-336.657409667969
7,tobillo_derecho,5,554.320678710938,-353.655517578125
7,tobillo_derecho,6,600.649536132813,-349.989074707031
7,rodilla_derecha,0,328.975708007813,-216.632873535156
7,rodilla_derecha,1,387.666015625,-220.667236328125
7,rodilla_derecha,2,443.001098632813,-221.668029785156
7,rodilla_derecha,3,475.664794921875,-209.336059570313
7,rodilla_derecha,4,487.33251953125,-214.669311523438
7,rodilla_derecha,5,494.665893554688,-220.335083007813
7,rodilla_derecha,6,501.332275390625,-221.001098632813
7,cadera_derecha,0,342.3076171875,-88.3126220703125
7,cadera_derecha,1,353.666625976563,-91.6666259765625
7,cadera_derecha,2,365.999267578125,-98.6663818359375
7,cadera_derecha,3,379.666381835938,-98.3336181640625
7,cadera_derecha,4,390.333251953125,-96.3334350585938
7,cadera_derecha,5,399.0,-95.6663818359375
7,cadera_derecha,6,406.0,-94.0001831054688
62,punta_derecha,0,-97.3276977539063,-109.035034179688
62,punta_derecha,1,-62.7639770507813,-125.177001953125
62,punta_derecha,2,-23.0574951171875,-161.884948730469
62,punta_derecha,3,31.3539428710938,-198.35400390625
62,punta_derecha,4,111.837646484375,-220.592895507813
62,punta_derecha,5,187.555786132813,-221.122375488281
62,punta_derecha,6,243.212036132813,-195.177001953125
62,punta_derecha,7,286.411499023438,-163.528015136719
62,talon_derecho,0,-70.852783203125,-80.442138671875
62,talon_derecho,1,-45.9410400390625,-94.824462890625
62,talon_derecho,2,-22.4129638671875,-122.707946777344
62,talon_derecho,3,15.1180419921875,-159.825927734375
62,talon_derecho,4,71.9425048828125,-196.884887695313
62,talon_derecho,5,145.58984375,-216.7080078125
62,talon_derecho,6,198.480712890625,-208.294982910156
62,talon_derecho,7,246.713745117188,-185.761108398438
62,tobillo_derecho,0,-61.851318359375,-93.0911254882813
62,tobillo_derecho,1,-34.1180419921875,-105.117980957031
62,tobillo_derecho,2,-7.70648193359375,-129.589965820313
62,tobillo_derecho,3,32.8834838867188,-158.530944824219
62,tobillo_derecho,4,88.2965087890625,-187.589965820313
62,tobillo_derecho,5,157.131225585938,-201.356872558594
62,tobillo_derecho,6,202.961547851563,-187.589904785156
62,tobillo_derecho,7,243.126831054688,-166.420227050781
62,rodilla_derecha,0,41.4006958007813,-114.507019042969
62,rodilla_derecha,1,69.883544921875,-113.411499023438
62,rodilla_derecha,2,97.1195068359375,-107.821533203125
62,rodilla_derecha,3,126.179931640625,-98.4071044921875
62,rodilla_derecha,4,146.824462890625,-87.8230590820313
62,rodilla_derecha,5,156.0,-82.0
62,rodilla_derecha,6,159.411499023438,-81.2344970703125
62,rodilla_derecha,7,171.7080078125,-78.529541015625
62,cadera_derecha,0,44.0481567382813,-16.3729248046875
62,cadera_derecha,1,49.2935180664063,-20.7654418945313
62,cadera_derecha,2,57.7064819335938,-17.4705200195313
62,cadera_derecha,3,69.4129638671875,-10.7050170898438
62,cadera_derecha,4,80.00439453125,-9.5870361328125
62,cadera_derecha,5,86.1783447265625,-7.2344970703125
62,cadera_derecha,6,93.41455078125,-1.52801513671875
62,cadera_derecha,7,96.4144287109375,-1.175537109375
63,punta_derecha,0,-217.725341796875,-148.4951171875
63,punta_derecha,1,-179.217712402344,-176.158752441406
63,punta_derecha,2,-126.870727539063,-213.752868652344
63,punta_derecha,3,-56.3897705078125,-256.122619628906
63,punta_derecha,4,41.6939697265625,-280.158813476563
63,punta_derecha,5,121.594116210938,-281.0
63,punta_derecha,6,180.682495117188,-247.870727539063
63,punta_derecha,7,242.723388671875,-202.653076171875
63,talon_derecho,0,-179.702514648438,-106.313598632813
63,talon_derecho,1,-154.288024902344,-130.505676269531
63,talon_derecho,2,-124.188232421875,-168.040893554688
63,talon_derecho,3,-80.3764038085938,-210.664428710938
63,talon_derecho,4,-8.900146484375,-254.98193359375
63,talon_derecho,5,70.53515625,-269.476257324219
63,talon_derecho,6,133.682495117188,-250.693908691406
63,talon_derecho,7,194.192993164063,-224.453430175781
63,tobillo_derecho,0,-169.602722167969,-122.354431152344
63,tobillo_derecho,1,-140.158752441406,-142.346923828125
63,tobillo_derecho,2,-106.594116210938,-171.882141113281
63,tobillo_derecho,3,-61.0,-208.099792480469
63,tobillo_derecho,4,14.0114135742188,-239.288024902344
63,tobillo_derecho,5,81.7396240234375,-245.8232421875
63,tobillo_derecho,6,139.962036132813,-226.2177734375
63,tobillo_derecho,7,187.376342773438,-201.62353515625
63,rodilla_derecha,0,-55.0989990234375,-147.554077148438
63,rodilla_derecha,1,-18.4353637695313,-139.523803710938
63,rodilla_derecha,2,16.6644287109375,-131.800354003906
63,rodilla_derecha,3,48.775634765625,-122.095031738281
63,rodilla_derecha,4,70.02294921875,-106.999877929688
63,rodilla_derecha,5,81.8526611328125,-98.5618896484375
63,rodilla_derecha,6,92.934326171875,-98.811767578125
63,rodilla_derecha,7,104.063598632813,-101.53515625
63,cadera_derecha,0,-53.7225952148438,-31.8915405273438
63,cadera_derecha,1,-40.653076171875,-33.0
63,cadera_derecha,2,-29.9819946289063,-33.707275390625
63,cadera_derecha,3,-17.5579223632813,-29.013427734375
63,cadera_derecha,4,-8.84600830078125,-20.6663818359375
63,cadera_derecha,5,-2.28131103515625,-13.013427734375
63,cadera_derecha,6,-0.09307861328125,-10.9544067382813
63,cadera_derecha,7,7.2833251953125,-8.5780029296875
64,cadera_derecha,0,167.699096679688,-20.281494140625
64,cadera_derecha,1,178.6474609375,-25.2344970703125
64,cadera_derecha,2,191.762573242188,-24.9883422851563
64,cadera_derecha,3,207.172607421875,-22.3983154296875
64,cadera_derecha,4,217.464599609375,-16.9263916015625
64,cadera_derecha,5,221.169677734375,-13.9263916015625
64,cadera_derecha,6,229.523559570313,-11.9264526367188
64,rodilla_derecha,0,175.178466796875,-121.185974121094
64,rodilla_derecha,1,208.472045898438,-120.411499023438
64,rodilla_derecha,2,240.405639648438,-113.471984863281
64,rodilla_derecha,3,261.05615234375,-105.0
64,rodilla_derecha,4,280.292114257813,-97.1077880859375
64,rodilla_derecha,5,291.355346679688,-92.7713623046875
64,rodilla_derecha,6,297.528076171875,-91.4661254882813
64,tobillo_derecho,0,60.7443237304688,-108.537841796875
64,tobillo_derecho,1,91.94091796875,-125.353942871094
64,tobillo_derecho,2,124.588500976563,-151.061950683594
64,tobillo_derecho,3,172.583984375,-183.893676757813
64,tobillo_derecho,4,240.29931640625,-209.061889648438
64,tobillo_derecho,5,299.772705078125,-218.948303222656
64,tobillo_derecho,6,351.66357421875,-201.474853515625
64,talon_derecho,0,50.2732543945313,-95.822998046875
64,talon_derecho,1,77.2935791015625,-117.35546875
64,talon_derecho,2,108.879028320313,-148.710815429688
64,talon_derecho,3,152.758178710938,-188.129699707031
64,talon_derecho,4,223.650390625,-225.713806152344
64,talon_derecho,5,294.890747070313,-241.128173828125
64,talon_derecho,6,349.95849609375,-223.654846191406
64,punta_derecha,0,23.3475341796875,-128.732116699219
64,punta_derecha,1,62.294921875,-153.942504882813
64,punta_derecha,2,115.061889648438,-192.061889648438
64,punta_derecha,3,181.355346679688,-229.61181640625
64,punta_derecha,4,270.836181640625,-247.142822265625
64,punta_derecha,5,348.9658203125,-240.260803222656
64,punta_derecha,6,397.504150390625,-216.0234375
65,talon_derecho,0,-103.210998535156,-83.9029541015625
65,talon_derecho,1,-80.5235595703125,-107.7294921875
65,talon_derecho,2,-54.2059936523438,-144.973937988281
65,talon_derecho,3,-6.4293212890625,-178.776672363281
65,talon_derecho,4,50.83251953125,-198.879638671875
65,talon_derecho,5,99.4677734375,-198.102966308594
65,talon_derecho,6,147.398193359375,-190.506164550781
65,talon_derecho,7,187.888305664063,-168.841186523438
65,punta_derecha,0,-122.137756347656,-120.494689941406
65,punta_derecha,1,-86.7468872070313,-144.205993652344
65,punta_derecha,2,-40.9702758789063,-183.9267578125
65,punta_derecha,3,22.9601440429688,-203.274169921875
65,punta_derecha,4,83.1051025390625,-205.797790527344
65,punta_derecha,5,136.935546875,-201.055786132813
65,punta_derecha,6,187.509887695313,-174.296569824219
65,punta_derecha,7,224.205932617188,-138.176208496094
65,tobillo_derecho,0,-90.5930786132813,-95.6796264648438
65,tobillo_derecho,1,-66.2617797851563,-118.094299316406
65,tobillo_derecho,2,-34.952880859375,-146.609130859375
65,tobillo_derecho,3,10.6737060546875,-170.205932617188
65,tobillo_derecho,4,61.047119140625,-183.467712402344
65,tobillo_derecho,5,108.239379882813,-183.991271972656
65,tobillo_derecho,6,144.513549804688,-173.158813476563
65,tobillo_derecho,7,179.944213867188,-154.373474121094
65,rodilla_derecha,0,4.6201171875,-111.400390625
65,rodilla_derecha,1,33.3560791015625,-105.16748046875
65,rodilla_derecha,2,59.9788818359375,-95.4293212890625
65,rodilla_derecha,3,76.120361328125,-87.193603515625
65,rodilla_derecha,4,87.89697265625,-81.0856323242188
65,rodilla_derecha,5,97.785400390625,-74.9826049804688
65,rodilla_derecha,6,105.88818359375,-73.7208251953125
65,rodilla_derecha,7,114.514770507813,-68.9913330078125
65,cadera_derecha,0,-7.7359619140625,-20.3931274414063
65,cadera_derecha,1,2.71209716796875,-18.879638671875
65,cadera_derecha,2,13.2059326171875,-19.1116943359375
65,cadera_derecha,3,21.7294921875,-15.6911010742188
65,cadera_derecha,4,28.09423828125,-10.2704467773438
65,cadera_derecha,5,34.7208251953125,-6.21466064453125
65,cadera_derecha,6,38.1414184570313,-5.4764404296875
65,cadera_derecha,7,41.6178588867188,-4.2705078125
66,talon_derecho,0,-74.084716796875,-44.8311157226563
66,talon_derecho,1,-57.2531127929688,-68.9912719726563
66,talon_derecho,2,-39.150146484375,-98.2531127929688
66,talon_derecho,3,-2.53228759765625,-138.720825195313
66,talon_derecho,4,55.1972045898438,-176.9267578125
66,talon_derecho,5,110.579467773438,-186.944152832031
66,talon_derecho,6,162.312622070313,-182.317626953125
66,punta_derecha,0,-105.208740234375,-66.2814331054688
66,punta_derecha,1,-77.0558471679688,-96.6177978515625
66,punta_derecha,2,-36.120361328125,-134.300231933594
66,punta_derecha,3,18.4590454101563,-177.916687011719
66,punta_derecha,4,90.514892578125,-201.785339355469
66,punta_derecha,5,144.10302734375,-205.420654296875
66,punta_derecha,6,199.008666992188,-178.2705078125
66,tobillo_derecho,0,-67.3551635742188,-58.2901611328125
66,tobillo_derecho,1,-46.6265869140625,-79.047119140625
66,tobillo_derecho,2,-23.785400390625,-103.411865234375
66,tobillo_derecho,3,13.4677734375,-137.300170898438
66,tobillo_derecho,4,70.3646240234375,-164.944213867188
66,tobillo_derecho,5,123.780151367188,-174.776672363281
66,tobillo_derecho,6,161.213134765625,-163.841247558594
66,rodilla_derecha,0,20.1285400390625,-97.5642700195313
66,rodilla_derecha,1,49.9354858398438,-93.6911010742188
66,rodilla_derecha,2,80.923095703125,-82.5968017578125
66,rodilla_derecha,3,104.214599609375,-75.0347900390625
66,rodilla_derecha,4,116.094360351563,-65.514892578125
66,rodilla_derecha,5,122.617797851563,-60.9913330078125
66,rodilla_derecha,6,126.879638671875,-58.5707397460938
66,cadera_derecha,0,16.3431396484375,-6.55694580078125
66,cadera_derecha,1,26.5061645507813,-6.73822021484375
66,cadera_derecha,2,36.6004638671875,-4.05584716796875
66,cadera_derecha,3,42.6475830078125,-3.4764404296875
66,cadera_derecha,4,51.6388549804688,-0.7940673828125
66,cadera_derecha,5,58.5272216796875,4.78533935546875
66,cadera_derecha,6,67.2568359375,9.4677734375
68,talon_derecho,0,-212.417602539063,-38.957275390625
68,talon_derecho,1,-197.621704101563,-54.874267578125
68,talon_derecho,2,-184.996520996094,-80.7473754882813
68,talon_derecho,3,-167.497131347656,-117.118774414063
68,talon_derecho,4,-129.126892089844,-161.617065429688
68,talon_derecho,5,-74.0010986328125,-183.621704101563
68,talon_derecho,6,-11.4025268554688,-188.244506835938
68,talon_derecho,7,36.0127563476563,-178.124572753906
68,punta_derecha,0,-252.527160644531,-57.7000732421875
68,punta_derecha,1,-229.875427246094,-78.6228637695313
68,punta_derecha,2,-206.626281738281,-117.367919921875
68,punta_derecha,3,-166.13037109375,-157.370239257813
68,punta_derecha,4,-108.626342773438,-196.246826171875
68,punta_derecha,5,-47.6275024414063,-202.499450683594
68,punta_derecha,6,-2.27001953125,-200.87548828125
68,punta_derecha,7,68.57763671875,-170.137329101563
68,tobillo_derecho,0,-209.418762207031,-51.3275146484375
68,tobillo_derecho,1,-191.373718261719,-65.3748779296875
68,tobillo_derecho,2,-172.499389648438,-89.498291015625
68,tobillo_derecho,3,-151.874267578125,-121.743896484375
68,tobillo_derecho,4,-115.126831054688,-153.870788574219
68,tobillo_derecho,5,-60.3771362304688,-174.498168945313
68,tobillo_derecho,6,-10.1465454101563,-175.247924804688
68,tobillo_derecho,7,33.1095581054688,-161.485595703125
68,rodilla_derecha,0,-140.829040527344,-105.227844238281
68,rodilla_derecha,1,-111.326354980469,-106.682434082031
68,rodilla_derecha,2,-81.6997680664063,-97.2233276367188
68,rodilla_derecha,3,-58.6649780273438,-88.5968017578125
68,rodilla_derecha,4,-39.5794067382813,-77.1551513671875
68,rodilla_derecha,5,-24.6526489257813,-65.5235595703125
68,rodilla_derecha,6,-15.3995361328125,-60.3648071289063
68,rodilla_derecha,7,-10.6699829101563,-57.5706787109375
68,cadera_derecha,0,-134.447631835938,-11.8430786132813
68,cadera_derecha,1,-123.738220214844,-13.10302734375
68,cadera_derecha,2,-115.373474121094,-11.5794067382813
68,cadera_derecha,3,-106.849853515625,-10.1588134765625
68,cadera_derecha,4,-100.429321289063,-8.0
68,cadera_derecha,5,-92.485107421875,-5.42059326171875
68,cadera_derecha,6,-88.0645141601563,-2.0
68,cadera_derecha,7,-84.223388671875,2.5235595703125
70,talon_derecho,0,-259.350891113281,-118.9736328125
70,talon_derecho,1,-235.665405273438,-147.666259765625
70,talon_derecho,2,-212.998779296875,-202.33154296875
70,talon_derecho,3,-171.666381835938,-260.332336425781
70,talon_derecho,4,-98.6676635742188,-338.330322265625
70,talon_derecho,5,6.665771484375,-387.664672851563
70,talon_derecho,6,92.6666259765625,-379.0
70,talon_derecho,7,173.668090820313,-355.998168945313
70,punta_derecha,0,-325.344116210938,-158.969543457031
70,punta_derecha,1,-285.333801269531,-199.666625976563
70,punta_derecha,2,-235.333801269531,-266.99951171875
70,punta_derecha,3,-159.667419433594,-338.665954589844
70,punta_derecha,4,-46.0004272460938,-394.0
70,punta_derecha,5,67.3328857421875,-402.333190917969
70,punta_derecha,6,164.999267578125,-385.000427246094
70,punta_derecha,7,251.666137695313,-332.000366210938
70,tobillo_derecho,0,-252.018310546875,-139.63818359375
70,tobillo_derecho,1,-220.3330078125,-170.666015625
70,tobillo_derecho,2,-187.999633789063,-210.999328613281
70,tobillo_derecho,3,-144.0,-262.999145507813
70,tobillo_derecho,4,-69.6678466796875,-327.33154296875
70,tobillo_derecho,5,21.6661987304688,-360.666625976563
70,tobillo_derecho,6,100.66552734375,-354.6669921875
70,tobillo_derecho,7,171.667236328125,-324.333374023438
70,rodilla_derecha,0,-122.698303222656,-215.297180175781
70,rodilla_derecha,1,-75.6676025390625,-218.333618164063
70,rodilla_derecha,2,-26.0018920898438,-210.668029785156
70,rodilla_derecha,3,15.3311157226563,-194.00244140625
70,rodilla_derecha,4,49.994873046875,-178.006408691406
70,rodilla_derecha,5,69.997314453125,-161.681457519531
70,rodilla_derecha,6,81.3330078125,-153.35498046875
70,rodilla_derecha,7,86.665771484375,-148.355346679688
70,cadera_derecha,0,-96.0343627929688,-49.6474609375
70,cadera_derecha,1,-79.33447265625,-49.6721801757813
70,cadera_derecha,2,-58.3323364257813,-56.6769409179688
70,cadera_derecha,3,-52.9964599609375,-56.34326171875
70,cadera_derecha,4,-42.00146484375,-50.3362426757813
70,cadera_derecha,5,-34.0020751953125,-41.3358764648438
70,cadera_derecha,6,-25.6690673828125,-33.3362426757813
70,cadera_derecha,7,-19.6692504882813,-28.3364868164063
71,punta_derecha,0,26.7085571289063,-52.2822265625
71,punta_derecha,1,53.0,-71.0562133789063
71,punta_derecha,2,84.5506591796875,-106.191040039063
71,punta_derecha,3,121.966430664063,-153.404663085938
71,punta_derecha,4,179.460327148438,-211.203491210938
71,punta_derecha,5,257.1123046875,-254.280822753906
71,punta_derecha,6,354.438354492188,-270.0
71,punta_derecha,7,414.112182617188,-267.16845703125
71,punta_derecha,8,460.831787109375,-244.044555664063
71,talon_derecho,0,76.7315673828125,-45.6754150390625
71,talon_derecho,1,97.2808837890625,-57.3370361328125
71,talon_derecho,2,111.786376953125,-79.94384765625
71,talon_derecho,3,128.033569335938,-119.157470703125
71,talon_derecho,4,163.943725585938,-165.269775390625
71,talon_derecho,5,217.662963867188,-215.045104980469
71,talon_derecho,6,289.651977539063,-249.696166992188
71,talon_derecho,7,363.787231445313,-258.472412109375
71,talon_derecho,8,419.473266601563,-244.786865234375
71,tobillo_derecho,0,73.484375,-62.6643676757813
71,tobillo_derecho,1,99.6966552734375,-74.6404418945313
71,tobillo_derecho,2,123.224609375,-96.471923828125
71,tobillo_derecho,3,146.752807617188,-125.719116210938
71,tobillo_derecho,4,184.606811523438,-163.91015625
71,tobillo_derecho,5,236.078735351563,-204.494506835938
71,tobillo_derecho,6,303.988891601563,-229.247253417969
71,tobillo_derecho,7,369.888427734375,-236.7978515625
71,tobillo_derecho,8,411.4169921875,-229.719116210938
71,rodilla_derecha,0,168.283203125,-140.642700195313
71,rodilla_derecha,1,204.910278320313,-144.359558105469
71,rodilla_derecha,2,242.629516601563,-137.449401855469
71,rodilla_derecha,3,276.68505859375,-131.763793945313
71,rodilla_derecha,4,305.1123046875,-116.527648925781
71,rodilla_derecha,5,321.516967773438,-108.549743652344
71,rodilla_derecha,6,331.42724609375,-100.111389160156
71,rodilla_derecha,7,338.921630859375,-93.9097900390625
71,rodilla_derecha,8,345.528442382813,-93.3816528320313
71,cadera_derecha,0,189.575561523438,-26.7987670898438
71,cadera_derecha,1,199.0,-29.0
71,cadera_derecha,2,214.606811523438,-27.8093872070313
71,cadera_derecha,3,224.820434570313,-30.2476806640625
71,cadera_derecha,4,233.034057617188,-27.7196044921875
71,cadera_derecha,5,249.382568359375,-24.6298217773438
71,cadera_derecha,6,261.5400390625,-16.5175170898438
71,cadera_derecha,7,265.25927734375,-12.2928466796875
71,cadera_derecha,8,268.337890625,-8.62982177734375
72,talon_derecho,0,-114.709228515625,-45.771728515625
72,talon_derecho,1,-101.346923828125,-70.2471313476563
72,talon_derecho,2,-85.723388671875,-103.129272460938
72,talon_derecho,3,-60.1587524414063,-150.011413574219
72,talon_derecho,4,-8.058837890625,-197.417297363281
72,talon_derecho,5,58.2633056640625,-227.716735839844
72,talon_derecho,6,127.716674804688,-230.269897460938
72,talon_derecho,7,171.6806640625,-213.634948730469
72,punta_derecha,0,-162.237731933594,-59.4361572265625
72,punta_derecha,1,-134.088439941406,-94.346923828125
72,punta_derecha,2,-103.653076171875,-142.011413574219
72,punta_derecha,3,-54.0703735351563,-191.703369140625
72,punta_derecha,4,20.0,-236.0
72,punta_derecha,5,100.204345703125,-241.941040039063
72,punta_derecha,6,151.770874023438,-237.247131347656
72,punta_derecha,7,208.652954101563,-200.759521484375
72,tobillo_derecho,0,-113.144592285156,-61.0302124023438
72,tobillo_derecho,1,-95.1587524414063,-83.0
72,tobillo_derecho,2,-73.9705810546875,-114.723388671875
72,tobillo_derecho,3,-42.4058837890625,-153.852600097656
72,tobillo_derecho,4,8.31756591796875,-191.693969726563
72,tobillo_derecho,5,68.9410400390625,-213.941101074219
72,tobillo_derecho,6,126.83447265625,-211.081726074219
72,tobillo_derecho,7,167.233764648438,-194.852661132813
72,rodilla_derecha,0,-17.8699340820313,-123.005493164063
72,rodilla_derecha,1,12.53515625,-118.247131347656
72,rodilla_derecha,2,43.5760498046875,-110.176879882813
72,rodilla_derecha,3,68.916259765625,-99.154052734375
72,rodilla_derecha,4,88.7528076171875,-93.8412475585938
72,rodilla_derecha,5,98.0,-83.6121826171875
72,rodilla_derecha,6,101.829833984375,-86.326171875
72,rodilla_derecha,7,109.69384765625,-89.3355712890625
72,cadera_derecha,0,-17.2757568359375,-23.1956176757813
72,cadera_derecha,1,-7.8411865234375,-25.0
72,cadera_derecha,2,1.9410400390625,-22.0
72,cadera_derecha,3,14.4762573242188,-19.2176513671875
72,cadera_derecha,4,24.0113525390625,-14.15869140625
72,cadera_derecha,5,36.2994384765625,-9.2880859375
72,cadera_derecha,6,41.4876098632813,-6.72344970703125
72,cadera_derecha,7,43.864013671875,-1.72332763671875
73,rodilla_derecha,0,348.529296875,-164.794494628906
73,rodilla_derecha,1,388.535278320313,-167.029479980469
73,rodilla_derecha,2,430.135986328125,-164.682495117188
73,rodilla_derecha,3,470.15869140625,-160.147338867188
73,rodilla_derecha,4,499.675903320313,-147.906860351563
73,rodilla_derecha,5,523.44677734375,-137.46484375
73,rodilla_derecha,6,542.0703125,-126.276611328125
73,rodilla_derecha,7,559.3583984375,-117.98193359375
73,cadera_derecha,0,380.016845703125,-18.05029296875
73,cadera_derecha,1,389.811889648438,-18.7823486328125
73,cadera_derecha,2,401.0,-16.7528686523438
73,cadera_derecha,3,408.62353515625,-19.0114135742188
73,cadera_derecha,4,415.594116210938,-18.6758422851563
73,cadera_derecha,5,422.317504882813,-20.5285034179688
73,cadera_derecha,6,429.022827148438,-20.598876953125
73,cadera_derecha,7,434.387817382813,-22.2927856445313
73,tobillo_derecho,0,221.984741210938,-104.789855957031
73,tobillo_derecho,1,252.029418945313,-125.782348632813
73,tobillo_derecho,2,288.782348632813,-152.941040039063
73,tobillo_derecho,3,333.91162109375,-184.317443847656
73,tobillo_derecho,4,384.37646484375,-215.129272460938
73,tobillo_derecho,5,447.365112304688,-240.152099609375
73,tobillo_derecho,6,510.775634765625,-251.51708984375
73,tobillo_derecho,7,570.423828125,-249.405822753906
73,talon_derecho,0,213.667236328125,-83.99609375
73,talon_derecho,1,237.870727539063,-110.53515625
73,talon_derecho,2,274.37646484375,-139.970520019531
73,talon_derecho,3,308.841186523438,-173.752868652344
73,talon_derecho,4,357.970458984375,-219.258544921875
73,talon_derecho,5,421.53515625,-250.099792480469
73,talon_derecho,6,492.934326171875,-274.399230957031
73,talon_derecho,7,561.235717773438,-273.811767578125
73,punta_derecha,0,176.832641601563,-124.989379882813
73,punta_derecha,1,220.188232421875,-156.317504882813
73,punta_derecha,2,273.188232421875,-195.070373535156
73,punta_derecha,3,331.346923828125,-237.170104980469
73,punta_derecha,4,405.01611328125,-268.063598632813
73,punta_derecha,5,484.626342773438,-290.6396484375
73,punta_derecha,6,574.916259765625,-285.229064941406
73,punta_derecha,7,640.217651367188,-277.217651367188
74,talon_derecho,0,80.502685546875,-30.3802490234375
74,talon_derecho,1,108.175537109375,-42.2935180664063
74,talon_derecho,2,128.939575195313,-60.9409790039063
74,talon_derecho,3,151.94091796875,-91.4719848632813
74,talon_derecho,4,179.0,-126.35400390625
74,talon_derecho,5,217.117919921875,-172.355407714844
74,talon_derecho,6,277.824462890625,-216.884948730469
74,talon_derecho,7,339.240356445313,-232.296447753906
74,talon_derecho,8,406.188598632813,-243.119445800781
74,tobillo_derecho,0,83.6795654296875,-48.9126586914063
74,tobillo_derecho,1,112.234497070313,-59.2935180664063
74,tobillo_derecho,2,141.822998046875,-76.3524780273438
74,tobillo_derecho,3,169.411499023438,-103.824462890625
74,tobillo_derecho,4,197.882080078125,-135.412963867188
74,tobillo_derecho,5,237.883422851563,-170.825927734375
74,tobillo_derecho,6,303.825927734375,-204.118041992188
74,tobillo_derecho,7,353.945190429688,-219.0029296875
74,tobillo_derecho,8,413.175537109375,-215.765502929688
74,punta_derecha,0,32.318359375,-56.8551025390625
74,punta_derecha,1,68.5294189453125,-76.177001953125
74,punta_derecha,2,105.118041992188,-103.294982910156
74,punta_derecha,3,148.05908203125,-141.530944824219
74,punta_derecha,4,196.177001953125,-184.591430664063
74,punta_derecha,5,256.868896484375,-221.00439453125
74,punta_derecha,6,340.0,-247.479248046875
74,punta_derecha,7,399.881958007813,-256.882019042969
74,punta_derecha,8,471.24609375,-238.879089355469
74,rodilla_derecha,0,161.515747070313,-143.692749023438
74,rodilla_derecha,1,197.236083984375,-150.411499023438
74,rodilla_derecha,2,243.885009765625,-150.64599609375
74,rodilla_derecha,3,289.122314453125,-149.64599609375
74,rodilla_derecha,4,328.530883789063,-140.585571289063
74,rodilla_derecha,5,355.064819335938,-120.874755859375
74,rodilla_derecha,6,375.831787109375,-107.296447753906
74,rodilla_derecha,7,392.069213867188,-95.2359619140625
74,rodilla_derecha,8,403.249145507813,-85.177001953125
74,cadera_derecha,0,209.170532226563,-14.495361328125
74,cadera_derecha,1,220.117919921875,-15.9424438476563
74,cadera_derecha,2,227.117919921875,-16.1194458007813
74,cadera_derecha,3,236.942504882813,-15.5309448242188
74,cadera_derecha,4,243.00146484375,-18.2374877929688
74,cadera_derecha,5,248.650390625,-16.1798706054688
74,cadera_derecha,6,253.237426757813,-17.8834838867188
74,cadera_derecha,7,259.0029296875,-14.8834838867188
74,cadera_derecha,8,259.35546875,-12.7655029296875
78,talon_derecho,0,-13.6951904296875,-19.1021728515625
78,talon_derecho,1,6.69659423828125,-35.0
78,talon_derecho,2,23.471923828125,-54.0
78,talon_derecho,3,29.5054931640625,-79.7753295898438
78,talon_derecho,4,47.0,-109.775329589844
78,talon_derecho,5,71.584228515625,-154.629333496094
78,talon_derecho,6,118.134887695313,-195.404724121094
78,talon_derecho,7,177.662963867188,-218.078735351563
78,talon_derecho,8,222.067749023438,-227.236206054688
78,talon_derecho,9,279.203125,-217.0234375
78,tobillo_derecho,0,-12.7514038085938,-37.0349731445313
78,tobillo_derecho,1,11.0,-53.0
78,tobillo_derecho,2,28.640380859375,-69.1685180664063
78,tobillo_derecho,3,43.224609375,-90.0
78,tobillo_derecho,4,62.0,-122.078735351563
78,tobillo_derecho,5,89.2471923828125,-154.74169921875
78,tobillo_derecho,6,137.438354492188,-187.213623046875
78,tobillo_derecho,7,193.191040039063,-205.0
78,tobillo_derecho,8,235.876708984375,-206.5732421875
78,tobillo_derecho,9,277.910766601563,-197.39404296875
78,punta_derecha,0,-58.5271606445313,-45.0575561523438
78,punta_derecha,1,-34.0,-63.0
78,punta_derecha,2,-8.7191162109375,-89.3595581054688
78,punta_derecha,3,18.2246704101563,-124.629333496094
78,punta_derecha,4,49.6966552734375,-169.820434570313
78,punta_derecha,5,101.74169921875,-208.764221191406
78,punta_derecha,6,165.450317382813,-229.528442382813
78,punta_derecha,7,221.608154296875,-238.966735839844
78,punta_derecha,8,278.1123046875,-227.101318359375
78,punta_derecha,9,329.550659179688,-198.719116210938
78,rodilla_derecha,0,40.1031494140625,-138.968688964844
78,rodilla_derecha,1,71.2471923828125,-147.943786621094
78,rodilla_derecha,2,109.213623046875,-150.168579101563
78,rodilla_derecha,3,145.876586914063,-149.336975097656
78,rodilla_derecha,4,177.977905273438,-139.674072265625
78,rodilla_derecha,5,209.4501953125,-123.190551757813
78,rodilla_derecha,6,226.303344726563,-108.775329589844
78,rodilla_derecha,7,238.237060546875,-98.2352294921875
78,rodilla_derecha,8,246.134887695313,-89.9774169921875
78,rodilla_derecha,9,251.16845703125,-77.3370361328125
78,cadera_derecha,0,92.9576416015625,-13.439208984375
78,cadera_derecha,1,99.0,-12.0
78,cadera_derecha,2,102.0,-14.9774169921875
78,cadera_derecha,3,105.662963867188,-18.1910400390625
78,cadera_derecha,4,110.60693359375,-22.8540649414063
78,cadera_derecha,5,113.078735351563,-22.6068115234375
78,cadera_derecha,6,115.494506835938,-23.3595581054688
78,cadera_derecha,7,117.325927734375,-21.2472534179688
78,cadera_derecha,8,120.562133789063,-22.0119018554688
78,cadera_derecha,9,121.146362304688,-23.7311401367188
83,talon_derecho,0,47.6445922851563,-80.9783935546875
83,talon_derecho,1,72.3333740234375,-104.665954589844
83,talon_derecho,2,94.3338623046875,-132.332763671875
83,talon_derecho,3,128.999755859375,-166.998962402344
83,talon_derecho,4,171.999877929688,-200.332214355469
83,talon_derecho,5,220.999755859375,-221.332763671875
83,talon_derecho,6,276.998291015625,-237.657165527344
83,talon_derecho,7,330.326049804688,-239.656921386719
83,talon_derecho,8,381.0,-229.0
83,punta_derecha,0,26.3134155273438,-134.306274414063
83,punta_derecha,1,62.999755859375,-152.999816894531
83,punta_derecha,2,102.999877929688,-181.665588378906
83,punta_derecha,3,155.665405273438,-214.33154296875
83,punta_derecha,4,215.659301757813,-238.995666503906
83,punta_derecha,5,268.987182617188,-249.661254882813
83,punta_derecha,6,328.333618164063,-241.666198730469
83,punta_derecha,7,384.666625976563,-233.0
83,punta_derecha,8,444.332885742188,-215.667419433594
83,tobillo_derecho,0,57.6435546875,-96.3101806640625
83,tobillo_derecho,1,84.0,-113.0
83,tobillo_derecho,2,109.666870117188,-136.999145507813
83,tobillo_derecho,3,147.665771484375,-167.331970214844
83,tobillo_derecho,4,192.332885742188,-195.665771484375
83,tobillo_derecho,5,238.999755859375,-212.333129882813
83,tobillo_derecho,6,290.6650390625,-216.991333007813
83,tobillo_derecho,7,334.660522460938,-217.991333007813
83,tobillo_derecho,8,380.332763671875,-205.999816894531
83,rodilla_derecha,0,159.633056640625,-155.637329101563
83,rodilla_derecha,1,195.332641601563,-155.333435058594
83,rodilla_derecha,2,238.335693359375,-151.667602539063
83,rodilla_derecha,3,270.996704101563,-138.001892089844
83,rodilla_derecha,4,295.663330078125,-125.337280273438
83,rodilla_derecha,5,313.990356445313,-113.660217285156
83,rodilla_derecha,6,328.992309570313,-107.329284667969
83,rodilla_derecha,7,342.99267578125,-97.3311157226563
83,rodilla_derecha,8,354.325805664063,-84.3330078125
83,cadera_derecha,0,161.6328125,-14.318603515625
83,cadera_derecha,1,175.332275390625,-15.3338012695313
83,cadera_derecha,2,183.665771484375,-17.3323974609375
83,cadera_derecha,3,192.666015625,-19.997314453125
83,cadera_derecha,4,199.999389648438,-18.328857421875
83,cadera_derecha,5,207.0,-16.32763671875
83,cadera_derecha,6,213.334228515625,-17.6585693359375
83,cadera_derecha,7,220.668212890625,-19.3231201171875
83,cadera_derecha,8,223.002685546875,-17.6550903320313
84,talon_derecho,0,180.99853515625,-19.4100341796875
84,talon_derecho,1,199.021850585938,-30.31689453125
84,talon_derecho,2,213.94091796875,-50.6474609375
84,talon_derecho,3,225.3525390625,-75.9439086914063
84,talon_derecho,4,250.234497070313,-114.945373535156
84,talon_derecho,5,290.588500976563,-152.709350585938
84,talon_derecho,6,348.884887695313,-189.00439453125
84,talon_derecho,7,395.125366210938,-191.117980957031
84,punta_derecha,0,130.0,-34.0
84,punta_derecha,1,157.191650390625,-53.0852661132813
84,punta_derecha,2,188.29345703125,-82.2359619140625
84,punta_derecha,3,218.705078125,-121.884948730469
84,punta_derecha,4,265.942504882813,-162.238891601563
84,punta_derecha,5,327.112060546875,-188.470520019531
84,punta_derecha,6,385.831787109375,-215.134094238281
84,punta_derecha,7,449.35400390625,-204.764038085938
84,tobillo_derecho,0,179.941040039063,-34.5885009765625
84,tobillo_derecho,1,200.6103515625,-47.790283203125
84,tobillo_derecho,2,222.0,-65.0
84,tobillo_derecho,3,237.996948242188,-88.4705810546875
84,tobillo_derecho,4,266.469116210938,-117.473449707031
84,tobillo_derecho,5,304.824462890625,-147.29638671875
84,tobillo_derecho,6,360.064819335938,-172.581237792969
84,tobillo_derecho,7,407.461669921875,-173.458801269531
84,rodilla_derecha,0,236.234497070313,-125.0
84,rodilla_derecha,1,275.799072265625,-131.450927734375
84,rodilla_derecha,2,316.709350585938,-128.765502929688
84,rodilla_derecha,3,354.942504882813,-113.938110351563
84,rodilla_derecha,4,379.7109375,-99.171142578125
84,rodilla_derecha,5,401.479248046875,-83.7538452148438
84,rodilla_derecha,6,412.827392578125,-64.349609375
84,rodilla_derecha,7,423.70947265625,-58.1150512695313
84,cadera_derecha,0,258.0,-14.0
84,cadera_derecha,1,268.915649414063,-18.6679077148438
84,cadera_derecha,2,277.294921875,-22.64892578125
84,cadera_derecha,3,288.886352539063,-24.5338745117188
84,cadera_derecha,4,296.35546875,-22.1784057617188
84,cadera_derecha,5,299.944091796875,-19.2374267578125
84,cadera_derecha,6,303.885009765625,-15.6475219726563
84,cadera_derecha,7,304.828857421875,-13.65185546875
