archivo,marcador,frame,X (px),Y (px)
99,cadera_derecha,0,-145.063537597656,-214.591674804688
99,cadera_derecha,1,-142.151550292969,-219.74169921875
99,cadera_derecha,2,-141.303100585938,-220.399169921875
99,cadera_derecha,3,-142.730041503906,-216.590148925781
99,cadera_derecha,4,-143.831420898438,-215.870910644531
99,cadera_derecha,5,-147.129272460938,-215.74169921875
99,cadera_derecha,6,-150.702270507813,-216.191040039063
99,cadera_derecha,7,-154.719299316406,-217.404418945313
99,cadera_derecha,8,-158.208129882813,-215.893310546875
99,rodilla_derecha,0,-96.7071533203125,-278.691955566406
99,rodilla_derecha,1,-93.0,-271.387390136719
99,rodilla_derecha,2,-93.382080078125,-266.218811035156
99,rodilla_derecha,3,-94.4044799804688,-262.067260742188
99,rodilla_derecha,4,-97.9775390625,-256.342529296875
99,rodilla_derecha,5,-103.061767578125,-250.662719726563
99,rodilla_derecha,6,-108.061950683594,-248.0224609375
99,rodilla_derecha,7,-114.977600097656,-241.084289550781
99,rodilla_derecha,8,-124.25830078125,-229.932739257813
99,tobillo_derecho,0,-121.822509765625,-294.061096191406
99,tobillo_derecho,1,-103.112060546875,-307.146240234375
99,tobillo_derecho,2,-86.7748413085938,-317.657409667969
99,tobillo_derecho,3,-71.482421875,-323.01708984375
99,tobillo_derecho,4,-67.6115112304688,-314.977600097656
99,tobillo_derecho,5,-72.1685791015625,-297.921020507813
99,tobillo_derecho,6,-83.7246704101563,-277.061889648438
99,tobillo_derecho,7,-96.7640991210938,-257.7470703125
99,tobillo_derecho,8,-110.421508789063,-239.791870117188
99,cadera_izquierda,0,-187.04736328125,-224.837341308594
99,cadera_izquierda,1,-186.51123046875,-227.573181152344
99,cadera_izquierda,2,-187.213500976563,-228.168640136719
99,cadera_izquierda,3,-187.915649414063,-227.9775390625
99,cadera_izquierda,4,-188.915710449219,-226.382080078125
99,cadera_izquierda,5,-191.595520019531,-224.0
99,cadera_izquierda,6,-194.595581054688,-221.786560058594
99,cadera_izquierda,7,-196.191040039063,-220.893310546875
99,cadera_izquierda,8,-197.382080078125,-221.022399902344
99,rodilla_izquierda,0,-148.437255859375,-268.570861816406
99,rodilla_izquierda,1,-147.51123046875,-268.488830566406
99,rodilla_izquierda,2,-147.521850585938,-267.966857910156
99,rodilla_izquierda,3,-147.628601074219,-267.669128417969
99,rodilla_izquierda,4,-148.22412109375,-267.073547363281
99,rodilla_izquierda,5,-148.948852539063,-265.75341796875
99,rodilla_izquierda,6,-148.864501953125,-265.242248535156
99,rodilla_izquierda,7,-149.566711425781,-264.646728515625
99,rodilla_izquierda,8,-152.460021972656,-264.753479003906
99,tobillo_izquierdo,0,-116.538940429688,-322.500549316406
99,tobillo_izquierdo,1,-115.791931152344,-321.887939453125
99,tobillo_izquierdo,2,-116.213439941406,-320.595520019531
99,tobillo_izquierdo,3,-115.51123046875,-320.0
99,tobillo_izquierdo,4,-115.51123046875,-320.297790527344
99,tobillo_izquierdo,5,-116.518920898438,-320.53125
99,tobillo_izquierdo,6,-117.0,-320.0
99,tobillo_izquierdo,7,-117.0,-320.0
99,tobillo_izquierdo,8,-117.893310546875,-318.51123046875
98,rodilla_derecha,0,-125.441040039063,-284.5078125
98,rodilla_derecha,1,-118.617919921875,-275.364990234375
98,rodilla_derecha,2,-116.426879882813,-267.325500488281
98,rodilla_derecha,3,-116.617858886719,-262.263610839844
98,rodilla_derecha,4,-119.502319335938,-257.334106445313
98,rodilla_derecha,5,-122.816345214844,-252.402404785156
98,rodilla_derecha,6,-127.984985351563,-246.638305664063
98,rodilla_derecha,7,-136.024353027344,-237.812377929688
98,rodilla_derecha,8,-145.850402832031,-225.49755859375
98,rodilla_derecha,9,-153.29443359375,-213.587158203125
98,tobillo_derecho,0,-157.003356933594,-293.738342285156
98,tobillo_derecho,1,-141.112060546875,-301.337280273438
98,tobillo_derecho,2,-121.98828125,-315.932739257813
98,tobillo_derecho,3,-101.99365234375,-326.208068847656
98,tobillo_derecho,4,-90.0833129882813,-321.443969726563
98,tobillo_derecho,5,-92.9147338867188,-309.977600097656
98,tobillo_derecho,6,-99.2743530273438,-285.263610839844
98,tobillo_derecho,7,-112.971252441406,-260.251953125
98,tobillo_derecho,8,-123.98828125,-238.813293457031
98,tobillo_derecho,9,-139.876220703125,-224.223205566406
98,cadera_derecha,0,-171.784545898438,-216.023376464844
98,cadera_derecha,1,-169.151489257813,-219.337219238281
98,cadera_derecha,2,-168.117553710938,-220.803588867188
98,cadera_derecha,3,-168.381652832031,-219.92626953125
98,cadera_derecha,4,-169.044860839844,-217.955200195313
98,cadera_derecha,5,-169.480590820313,-216.105590820313
98,cadera_derecha,6,-170.409851074219,-214.781188964844
98,cadera_derecha,7,-171.552551269531,-213.359680175781
98,cadera_derecha,8,-175.116333007813,-210.213928222656
98,cadera_derecha,9,-177.795349121094,-205.716247558594
98,cadera_izquierda,0,-217.74609375,-222.574096679688
98,cadera_izquierda,1,-217.334899902344,-223.502319335938
98,cadera_izquierda,2,-216.660461425781,-224.679077148438
98,cadera_izquierda,3,-215.990661621094,-224.846496582031
98,cadera_izquierda,4,-215.99072265625,-224.846496582031
98,cadera_izquierda,5,-218.0,-222.0
98,cadera_izquierda,6,-220.172119140625,-219.990661621094
98,cadera_izquierda,7,-222.516235351563,-218.148864746094
98,cadera_izquierda,8,-226.1953125,-214.130249023438
98,cadera_izquierda,9,-228.023254394531,-213.288391113281
98,rodilla_izquierda,0,-170.104736328125,-269.0244140625
98,rodilla_izquierda,1,-169.0,-269.0
98,rodilla_izquierda,2,-169.502380371094,-268.0
98,rodilla_izquierda,3,-169.1953125,-267.479064941406
98,rodilla_izquierda,4,-169.865112304688,-267.325561523438
98,rodilla_izquierda,5,-172.032531738281,-265.493041992188
98,rodilla_izquierda,6,-173.38134765625,-263.81396484375
98,rodilla_izquierda,7,-175.041809082031,-263.990661621094
98,rodilla_izquierda,8,-175.520935058594,-263.846496582031
98,rodilla_izquierda,9,-177.348815917969,-264.855773925781
98,tobillo_izquierdo,0,-137.649047851563,-325.109741210938
98,tobillo_izquierdo,1,-137.539001464844,-326.309448242188
98,tobillo_izquierdo,2,-134.98291015625,-326.528259277344
98,tobillo_izquierdo,3,-134.51123046875,-325.0
98,tobillo_izquierdo,4,-135.213439941406,-325.595581054688
98,tobillo_izquierdo,5,-136.106750488281,-324.404418945313
98,tobillo_izquierdo,6,-137.106750488281,-324.106750488281
98,tobillo_izquierdo,7,-137.702209472656,-324.106689453125
98,tobillo_izquierdo,8,-138.0,-322.915710449219
98,tobillo_izquierdo,9,-138.595520019531,-322.320190429688
97,tobillo_derecho,0,-135.912170410156,-287.259033203125
97,tobillo_derecho,1,-124.746948242188,-293.7294921875
97,tobillo_derecho,2,-107.129089355469,-305.094299316406
97,tobillo_derecho,3,-90.541015625,-314.626586914063
97,tobillo_derecho,4,-79.8499145507813,-312.626525878906
97,tobillo_derecho,5,-80.4205932617188,-303.16748046875
97,tobillo_derecho,6,-83.9441528320313,-283.232055664063
97,tobillo_derecho,7,-92.5794067382813,-261.373474121094
97,tobillo_derecho,8,-103.785400390625,-239.167541503906
97,tobillo_derecho,9,-117.0,-224.0
97,tobillo_derecho,10,-127.356079101563,-213.429260253906
97,rodilla_derecha,0,-104.367553710938,-275.061767578125
97,rodilla_derecha,1,-100.476440429688,-269.952880859375
97,rodilla_derecha,2,-100.317626953125,-261.120361328125
97,rodilla_derecha,3,-101.0,-256.0
97,rodilla_derecha,4,-104.0,-251.0
97,rodilla_derecha,5,-107.0,-247.0
97,rodilla_derecha,6,-109.420593261719,-244.158813476563
97,rodilla_derecha,7,-114.888305664063,-238.111694335938
97,rodilla_derecha,8,-121.047180175781,-229.794067382813
97,rodilla_derecha,9,-129.102966308594,-218.738159179688
97,rodilla_derecha,10,-134.270446777344,-208.420593261719
97,cadera_derecha,0,-146.847595214844,-211.972534179688
97,cadera_derecha,1,-144.055847167969,-217.7294921875
97,cadera_derecha,2,-142.429321289063,-219.356018066406
97,cadera_derecha,3,-142.905700683594,-217.038452148438
97,cadera_derecha,4,-144.643920898438,-214.038452148438
97,cadera_derecha,5,-146.120361328125,-212.56201171875
97,cadera_derecha,6,-147.43798828125,-212.188598632813
97,cadera_derecha,7,-148.596801757813,-212.394470214844
97,cadera_derecha,8,-151.493835449219,-209.497497558594
97,cadera_derecha,9,-152.811462402344,-207.021057128906
97,cadera_derecha,10,-155.652648925781,-201.132690429688
97,cadera_izquierda,0,-188.579406738281,-221.205932617188
97,cadera_izquierda,1,-186.738220214844,-222.047180175781
97,cadera_izquierda,2,-185.121765136719,-223.32861328125
97,cadera_izquierda,3,-185.63525390625,-223.308898925781
97,cadera_izquierda,4,-186.476440429688,-223.7294921875
97,cadera_izquierda,5,-186.476440429688,-221.626586914063
97,cadera_izquierda,6,-189.158813476563,-220.36474609375
97,cadera_izquierda,7,-190.579406738281,-218.261840820313
97,cadera_izquierda,8,-194.682373046875,-214.476440429688
97,cadera_izquierda,9,-197.36474609375,-215.317626953125
97,cadera_izquierda,10,-197.682373046875,-214.897033691406
97,tobillo_izquierdo,0,-119.205932617188,-312.523559570313
97,tobillo_izquierdo,1,-118.785400390625,-314.205993652344
97,tobillo_izquierdo,2,-117.746887207031,-312.673706054688
97,tobillo_izquierdo,3,-118.73828125,-313.102966308594
97,tobillo_izquierdo,4,-119.158813476563,-312.261840820313
97,tobillo_izquierdo,5,-119.158813476563,-311.420654296875
97,tobillo_izquierdo,6,-119.738220214844,-311.420532226563
97,tobillo_izquierdo,7,-120.158813476563,-310.579467773438
97,tobillo_izquierdo,8,-120.579406738281,-310.158813476563
97,tobillo_izquierdo,9,-120.420593261719,-310.420532226563
97,tobillo_izquierdo,10,-121.470520019531,-308.318481445313
97,rodilla_izquierda,0,-147.968017578125,-263.314697265625
97,rodilla_izquierda,1,-147.102966308594,-260.635192871094
97,rodilla_izquierda,2,-147.0,-260.0
97,rodilla_izquierda,3,-148.158813476563,-260.205932617188
97,rodilla_izquierda,4,-148.0,-261.0
97,rodilla_izquierda,5,-149.0,-260.0
97,rodilla_izquierda,6,-150.579406738281,-258.841186523438
97,rodilla_izquierda,7,-152.0,-257.0
97,rodilla_izquierda,8,-152.476440429688,-257.047119140625
97,rodilla_izquierda,9,-154.2705078125,-255.776672363281
97,rodilla_izquierda,10,-156.0,-255.0
96,tobillo_derecho,0,-151.799377441406,-297.68505859375
96,tobillo_derecho,1,-133.768188476563,-308.981567382813
96,tobillo_derecho,2,-112.505187988281,-322.373657226563
96,tobillo_derecho,3,-94.5120849609375,-332.494750976563
96,tobillo_derecho,4,-81.5167236328125,-326.4970703125
96,tobillo_derecho,5,-82.6216430664063,-314.13037109375
96,tobillo_derecho,6,-89.26416015625,-293.134948730469
96,tobillo_derecho,7,-101.259521484375,-270.643676757813
96,tobillo_derecho,8,-113.629821777344,-250.026550292969
96,tobillo_derecho,9,-128.249145507813,-235.156921386719
96,rodilla_derecha,0,-118.812072753906,-284.93994140625
96,rodilla_derecha,1,-112.002319335938,-279.876647949219
96,rodilla_derecha,2,-109.877746582031,-272.379455566406
96,rodilla_derecha,3,-108.502868652344,-269.380615234375
96,rodilla_derecha,4,-110.379455566406,-265.252563476563
96,rodilla_derecha,5,-112.628601074219,-261.504028320313
96,rodilla_derecha,6,-119.377197265625,-255.628601074219
96,rodilla_derecha,7,-122.128051757813,-247.627380371094
96,rodilla_derecha,8,-132.001220703125,-236.378295898438
96,rodilla_derecha,9,-141.628601074219,-222.62744140625
96,cadera_derecha,0,-166.418762207031,-219.340209960938
96,cadera_derecha,1,-164.003479003906,-224.122253417969
96,cadera_derecha,2,-163.256103515625,-225.370239257813
96,cadera_derecha,3,-162.758972167969,-227.117614746094
96,cadera_derecha,4,-163.504089355469,-224.371459960938
96,cadera_derecha,5,-165.131469726563,-220.245666503906
96,cadera_derecha,6,-164.634399414063,-219.369079589844
96,cadera_derecha,7,-168.136169433594,-216.742797851563
96,cadera_derecha,8,-172.137329101563,-214.116455078125
96,cadera_derecha,9,-174.388732910156,-211.115356445313
96,tobillo_izquierdo,0,-128.281494140625,-328.461303710938
96,tobillo_izquierdo,1,-129.530639648438,-328.836181640625
96,tobillo_izquierdo,2,-128.884643554688,-327.73583984375
96,tobillo_izquierdo,3,-129.005798339844,-327.242248535156
96,tobillo_izquierdo,4,-129.070434570313,-327.676940917969
96,tobillo_izquierdo,5,-130.0,-327.0
96,tobillo_izquierdo,6,-130.749694824219,-326.250244140625
96,tobillo_izquierdo,7,-130.749755859375,-325.125732421875
96,tobillo_izquierdo,8,-130.749694824219,-324.001159667969
96,tobillo_izquierdo,9,-131.124572753906,-324.750854492188
96,rodilla_izquierda,0,-162.271057128906,-275.72314453125
96,rodilla_izquierda,1,-162.001159667969,-275.74853515625
96,rodilla_izquierda,2,-161.001098632813,-276.123413085938
96,rodilla_izquierda,3,-161.001159667969,-276.498229980469
96,rodilla_izquierda,4,-162.4326171875,-274.447387695313
96,rodilla_izquierda,5,-162.875427246094,-273.499450683594
96,rodilla_izquierda,6,-163.625183105469,-271.625183105469
96,rodilla_izquierda,7,-163.750854492188,-269.998779296875
96,rodilla_izquierda,8,-164.25146484375,-270.871948242188
96,rodilla_izquierda,9,-166.129150390625,-269.742797851563
96,cadera_izquierda,0,-207.918151855469,-228.585876464844
96,cadera_izquierda,1,-206.500549316406,-230.998840332031
96,cadera_izquierda,2,-204.750854492188,-234.123413085938
96,cadera_izquierda,3,-203.875427246094,-235.499450683594
96,cadera_izquierda,4,-205.374877929688,-233.500610351563
96,cadera_izquierda,5,-208.998840332031,-231.500610351563
96,cadera_izquierda,6,-209.749694824219,-230.250244140625
96,cadera_izquierda,7,-211.874267578125,-226.626342773438
96,cadera_izquierda,8,-213.749694824219,-224.500549316406
96,cadera_izquierda,9,-216.12451171875,-222.500549316406
95,cadera_derecha,0,-166.048522949219,-219.46826171875
95,cadera_derecha,1,-161.504028320313,-223.622863769531
95,cadera_derecha,2,-159.006896972656,-224.746215820313
95,cadera_derecha,3,-158.258361816406,-223.619384765625
95,cadera_derecha,4,-158.134948730469,-222.742736816406
95,cadera_derecha,5,-158.386474609375,-220.366821289063
95,cadera_derecha,6,-159.512084960938,-218.990844726563
95,cadera_derecha,7,-161.387573242188,-216.989624023438
95,cadera_derecha,8,-163.637878417969,-214.863830566406
95,cadera_derecha,9,-167.386413574219,-209.990783691406
95,cadera_derecha,10,-170.38525390625,-206.991882324219
95,rodilla_derecha,0,-123.31494140625,-286.5673828125
95,rodilla_derecha,1,-115.25146484375,-282.750854492188
95,rodilla_derecha,2,-113.002319335938,-274.379516601563
95,rodilla_derecha,3,-112.752075195313,-270.630920410156
95,rodilla_derecha,4,-114.753173828125,-266.378295898438
95,rodilla_derecha,5,-117.003479003906,-259.504028320313
95,rodilla_derecha,6,-120.504089355469,-255.377197265625
95,rodilla_derecha,7,-126.629760742188,-247.875427246094
95,rodilla_derecha,8,-133.880065917969,-238.374877929688
95,rodilla_derecha,9,-142.006896972656,-227.873168945313
95,rodilla_derecha,10,-148.630920410156,-219.12451171875
95,tobillo_derecho,0,-158.551391601563,-298.187927246094
95,tobillo_derecho,1,-137.256103515625,-310.619384765625
95,tobillo_derecho,2,-116.257202148438,-323.746215820313
95,tobillo_derecho,3,-97.7623901367188,-332.244506835938
95,tobillo_derecho,4,-84.267578125,-327.371398925781
95,tobillo_derecho,5,-85.3921508789063,-316.500610351563
95,tobillo_derecho,6,-90.6286010742188,-294.498291015625
95,tobillo_derecho,7,-103.126892089844,-269.501708984375
95,tobillo_derecho,8,-115.998840332031,-250.752014160156
95,tobillo_derecho,9,-128.0,-237.499389648438
95,tobillo_derecho,10,-140.747375488281,-230.124572753906
95,tobillo_izquierdo,0,-125.530578613281,-330.337890625
95,tobillo_izquierdo,1,-126.030029296875,-329.213317871094
95,tobillo_izquierdo,2,-124.15576171875,-330.337890625
95,tobillo_izquierdo,3,-125.006958007813,-327.61474609375
95,tobillo_izquierdo,4,-125.001159667969,-327.249145507813
95,tobillo_izquierdo,5,-126.875427246094,-326.874328613281
95,tobillo_izquierdo,6,-128.0,-325.749694824219
95,tobillo_izquierdo,7,-128.250305175781,-325.749755859375
95,tobillo_izquierdo,8,-128.941345214844,-325.552429199219
95,tobillo_izquierdo,9,-129.749694824219,-324.625122070313
95,tobillo_izquierdo,10,-130.499389648438,-323.875427246094
95,rodilla_izquierda,0,-161.251403808594,-276.124572753906
95,rodilla_izquierda,1,-159.875427246094,-274.749694824219
95,rodilla_izquierda,2,-160.0,-272.376037597656
95,rodilla_izquierda,3,-159.750854492188,-271.625183105469
95,rodilla_izquierda,4,-161.000061035156,-270.750793457031
95,rodilla_izquierda,5,-162.749816894531,-269.251403808594
95,rodilla_izquierda,6,-164.625122070313,-270.0
95,rodilla_izquierda,7,-164.998840332031,-269.752014160156
95,rodilla_izquierda,8,-166.051940917969,-270.073852539063
95,rodilla_izquierda,9,-167.877685546875,-270.245666503906
95,rodilla_izquierda,10,-169.0,-270.0
95,cadera_izquierda,0,-210.787841796875,-229.959594726563
95,cadera_izquierda,1,-209.500610351563,-231.249145507813
95,cadera_izquierda,2,-207.3759765625,-233.249206542969
95,cadera_izquierda,3,-206.250305175781,-233.749694824219
95,cadera_izquierda,4,-207.0,-233.0
95,cadera_izquierda,5,-208.124572753906,-231.500549316406
95,cadera_izquierda,6,-210.124572753906,-229.125732421875
95,cadera_izquierda,7,-213.124572753906,-227.500610351563
95,cadera_izquierda,8,-217.6240234375,-223.626281738281
95,cadera_izquierda,9,-220.124572753906,-221.125732421875
95,cadera_izquierda,10,-223.124572753906,-218.3759765625
94,tobillo_derecho,0,-175.914733886719,-303.814208984375
94,tobillo_derecho,1,-156.520202636719,-314.853454589844
94,tobillo_derecho,2,-137.402587890625,-328.72314453125
94,tobillo_derecho,3,-116.410705566406,-336.220275878906
94,tobillo_derecho,4,-104.914794921875,-331.34716796875
94,tobillo_derecho,5,-105.664489746094,-316.352905273438
94,tobillo_derecho,6,-112.378295898438,-291.247924804688
94,tobillo_derecho,7,-124.874267578125,-264.127990722656
94,tobillo_derecho,8,-139.998840332031,-244.251403808594
94,rodilla_derecha,0,-139.427917480469,-289.944519042969
94,rodilla_derecha,1,-132.252563476563,-283.377197265625
94,rodilla_derecha,2,-130.128051757813,-274.380615234375
94,rodilla_derecha,3,-129.502868652344,-268.757751464844
94,rodilla_derecha,4,-133.002319335938,-266.006896972656
94,rodilla_derecha,5,-136.126892089844,-260.382995605469
94,rodilla_derecha,6,-142.126770019531,-255.755493164063
94,rodilla_derecha,7,-147.126953125,-247.628601074219
94,rodilla_derecha,8,-155.500549316406,-234.629699707031
94,cadera_derecha,0,-191.65869140625,-220.221374511719
94,cadera_derecha,1,-188.752014160156,-223.997741699219
94,cadera_derecha,2,-187.130310058594,-224.746215820313
94,cadera_derecha,3,-185.507507324219,-224.994201660156
94,cadera_derecha,4,-187.259521484375,-223.742797851563
94,cadera_derecha,5,-187.509765625,-221.491333007813
94,cadera_derecha,6,-188.512145996094,-219.239929199219
94,cadera_derecha,7,-192.88818359375,-216.739318847656
94,cadera_derecha,8,-196.639038085938,-213.988464355469
94,rodilla_izquierda,0,-188.291870117188,-275.69189453125
94,rodilla_izquierda,1,-188.0,-274.0
94,rodilla_izquierda,2,-188.0,-272.0
94,rodilla_izquierda,3,-188.0,-271.0
94,rodilla_izquierda,4,-189.12451171875,-270.875366210938
94,rodilla_izquierda,5,-191.0,-269.749694824219
94,rodilla_izquierda,6,-192.499450683594,-269.250366210938
94,rodilla_izquierda,7,-192.12451171875,-269.250244140625
94,rodilla_izquierda,8,-192.250244140625,-268.123413085938
94,cadera_izquierda,0,-235.148803710938,-229.209838867188
94,cadera_izquierda,1,-233.875427246094,-231.623962402344
94,cadera_izquierda,2,-231.001159667969,-233.6240234375
94,cadera_izquierda,3,-232.0,-233.0
94,cadera_izquierda,4,-232.374877929688,-231.875427246094
94,cadera_izquierda,5,-233.0,-231.0
94,cadera_izquierda,6,-234.499389648438,-229.500549316406
94,cadera_izquierda,7,-238.249145507813,-224.876586914063
94,cadera_izquierda,8,-241.499389648438,-224.0
94,tobillo_izquierdo,0,-156.374877929688,-334.12451171875
94,tobillo_izquierdo,1,-156.0,-333.0
94,tobillo_izquierdo,2,-155.679443359375,-333.044860839844
94,tobillo_izquierdo,3,-156.0,-333.0
94,tobillo_izquierdo,4,-156.0,-333.0
94,tobillo_izquierdo,5,-156.0,-333.0
94,tobillo_izquierdo,6,-157.124572753906,-333.0
94,tobillo_izquierdo,7,-157.12451171875,-331.500549316406
93,tobillo_derecho,0,-152.406982421875,-295.679321289063
93,tobillo_derecho,1,-135.225036621094,-301.761291503906
93,tobillo_derecho,2,-117.852355957031,-314.456726074219
93,tobillo_derecho,3,-100.959106445313,-324.024963378906
93,tobillo_derecho,4,-90.31591796875,-322.009033203125
93,tobillo_derecho,5,-92.3363037109375,-311.643249511719
93,tobillo_derecho,6,-98.345458984375,-290.954528808594
93,tobillo_derecho,7,-109.672729492188,-267.652282714844
93,tobillo_derecho,8,-119.674987792969,-247.981811523438
93,tobillo_derecho,9,-134.672729492188,-235.672729492188
93,rodilla_derecha,0,-127.01611328125,-286.324829101563
93,rodilla_derecha,1,-118.993225097656,-280.656799316406
93,rodilla_derecha,2,-116.990905761719,-270.968200683594
93,rodilla_derecha,3,-116.9931640625,-265.956848144531
93,rodilla_derecha,4,-117.32275390625,-262.963684082031
93,rodilla_derecha,5,-120.320495605469,-257.302307128906
93,rodilla_derecha,6,-124.997680664063,-252.961364746094
93,rodilla_derecha,7,-129.674926757813,-245.945556640625
93,rodilla_derecha,8,-137.013671875,-235.945434570313
93,rodilla_derecha,9,-145.352294921875,-226.279602050781
93,cadera_derecha,0,-172.452392578125,-216.499938964844
93,cadera_derecha,1,-168.659057617188,-221.338684082031
93,cadera_derecha,2,-166.979553222656,-223.018188476563
93,cadera_derecha,3,-167.638671875,-222.693115234375
93,cadera_derecha,4,-167.295471191406,-221.033996582031
93,cadera_derecha,5,-168.627319335938,-218.711303710938
93,cadera_derecha,6,-167.950012207031,-218.056762695313
93,cadera_derecha,7,-170.629516601563,-216.372680664063
93,cadera_derecha,8,-174.290893554688,-214.04541015625
93,cadera_derecha,9,-177.645446777344,-212.363586425781
93,tobillo_izquierdo,0,-136.297729492188,-322.731811523438
93,tobillo_izquierdo,1,-136.650024414063,-323.022705078125
93,tobillo_izquierdo,2,-136.6865234375,-322.679321289063
93,tobillo_izquierdo,3,-137.0,-322.0
93,tobillo_izquierdo,4,-137.0,-322.0
93,tobillo_izquierdo,5,-137.0,-322.0
93,tobillo_izquierdo,6,-137.334106445313,-321.665954589844
93,tobillo_izquierdo,7,-137.665893554688,-320.665893554688
93,tobillo_izquierdo,8,-137.665954589844,-319.665893554688
93,rodilla_izquierda,0,-169.427429199219,-271.5634765625
93,rodilla_izquierda,1,-168.663635253906,-270.674926757813
93,rodilla_izquierda,2,-168.66357421875,-270.6728515625
93,rodilla_izquierda,3,-168.665954589844,-270.004577636719
93,rodilla_izquierda,4,-169.002197265625,-269.33642578125
93,rodilla_izquierda,5,-168.999938964844,-269.674987792969
93,rodilla_izquierda,6,-169.334045410156,-269.340881347656
93,rodilla_izquierda,7,-169.331787109375,-268.668151855469
93,rodilla_izquierda,8,-169.331787109375,-268.000061035156
93,rodilla_izquierda,9,-170.986328125,-267.024963378906
93,cadera_izquierda,0,-209.852355957031,-228.4658203125
93,cadera_izquierda,1,-207.663635253906,-232.009094238281
93,cadera_izquierda,2,-205.659118652344,-233.679504394531
93,cadera_izquierda,3,-206.0,-232.665954589844
93,cadera_izquierda,4,-208.0068359375,-232.334045410156
93,cadera_izquierda,5,-208.674987792969,-230.32958984375
93,cadera_izquierda,6,-210.011352539063,-229.327331542969
93,cadera_izquierda,7,-211.0,-229.0
93,cadera_izquierda,8,-212.670471191406,-227.663635253906
93,cadera_izquierda,9,-214.004516601563,-226.995422363281
92,tobillo_derecho,0,-147.68408203125,-295.932983398438
92,tobillo_derecho,1,-129.756652832031,-303.621704101563
92,tobillo_derecho,2,-109.76123046875,-317.746215820313
92,tobillo_derecho,3,-91.7681884765625,-324.868530273438
92,tobillo_derecho,4,-83.1465454101563,-321.494812011719
92,tobillo_derecho,5,-83.896240234375,-311.373718261719
92,tobillo_derecho,6,-91.0184936523438,-291.131530761719
92,tobillo_derecho,7,-103.638977050781,-269.764709472656
92,tobillo_derecho,8,-118.633239746094,-253.64599609375
92,rodilla_derecha,0,-117.695617675781,-281.313598632813
92,rodilla_derecha,1,-112.001098632813,-276.002319335938
92,rodilla_derecha,2,-108.376037597656,-269.004699707031
92,rodilla_derecha,3,-109.377197265625,-264.252624511719
92,rodilla_derecha,4,-111.251403808594,-263.127990722656
92,rodilla_derecha,5,-113.750854492188,-260.87890625
92,rodilla_derecha,6,-119.123413085938,-258.254943847656
92,rodilla_derecha,7,-126.496032714844,-251.132568359375
92,rodilla_derecha,8,-134.245666503906,-241.507446289063
92,cadera_derecha,0,-173.549133300781,-220.212158203125
92,cadera_derecha,1,-172.373718261719,-224.373657226563
92,cadera_derecha,2,-171.001220703125,-225.497192382813
92,cadera_derecha,3,-169.754333496094,-227.494873046875
92,cadera_derecha,4,-170.880065917969,-227.742797851563
92,cadera_derecha,5,-169.633178710938,-226.116394042969
92,cadera_derecha,6,-171.133850097656,-222.99072265625
92,cadera_derecha,7,-172.511047363281,-222.114196777344
92,cadera_derecha,8,-175.51220703125,-218.988403320313
92,rodilla_izquierda,0,-163.0,-268.750854492188
92,rodilla_izquierda,1,-163.373718261719,-266.752014160156
92,rodilla_izquierda,2,-162.374816894531,-266.875427246094
92,rodilla_izquierda,3,-162.124572753906,-267.250244140625
92,rodilla_izquierda,4,-162.499450683594,-266.125732421875
92,rodilla_izquierda,5,-162.749694824219,-266.500610351563
92,rodilla_izquierda,6,-163.3115234375,-266.219116210938
92,rodilla_izquierda,7,-163.749755859375,-265.750854492188
92,rodilla_izquierda,8,-166.250305175781,-266.123413085938
92,cadera_izquierda,0,-208.043884277344,-228.858093261719
92,cadera_izquierda,1,-205.502868652344,-230.873107910156
92,cadera_izquierda,2,-202.129211425781,-234.621704101563
92,cadera_izquierda,3,-199.505126953125,-236.870849609375
92,cadera_izquierda,4,-200.880065917969,-235.746215820313
92,cadera_izquierda,5,-204.253723144531,-234.996520996094
92,cadera_izquierda,6,-207.129150390625,-230.996520996094
92,cadera_izquierda,7,-210.002319335938,-230.123413085938
92,cadera_izquierda,8,-211.752014160156,-228.499450683594
92,tobillo_izquierdo,0,-131.073913574219,-324.321716308594
92,tobillo_izquierdo,1,-130.500610351563,-322.875427246094
92,tobillo_izquierdo,2,-131.374816894531,-322.0
92,tobillo_izquierdo,3,-132.0,-322.0
92,tobillo_izquierdo,4,-132.0,-322.0
92,tobillo_izquierdo,5,-132.749694824219,-320.500549316406
91,tobillo_derecho,0,-160.804016113281,-303.430114746094
91,tobillo_derecho,1,-140.132690429688,-314.995361328125
91,tobillo_derecho,2,-120.504028320313,-326.998840332031
91,tobillo_derecho,3,-105.134887695313,-329.622863769531
91,tobillo_derecho,4,-99.2617797851563,-320.626342773438
91,tobillo_derecho,5,-98.8754272460938,-304.630859375
91,tobillo_derecho,6,-106.002319335938,-282.498291015625
91,tobillo_derecho,7,-115.250305175781,-258.62744140625
91,tobillo_derecho,8,-125.499450683594,-237.252624511719
91,rodilla_derecha,0,-132.689819335938,-282.063354492188
91,rodilla_derecha,1,-126.876586914063,-277.626281738281
91,rodilla_derecha,2,-122.998840332031,-273.00927734375
91,rodilla_derecha,3,-123.873107910156,-267.76123046875
91,rodilla_derecha,4,-125.3759765625,-261.880065917969
91,rodilla_derecha,5,-126.752014160156,-256.253784179688
91,rodilla_derecha,6,-131.002319335938,-249.252624511719
91,rodilla_derecha,7,-137.377136230469,-239.126892089844
91,rodilla_derecha,8,-144.753173828125,-228.625122070313
91,cadera_derecha,0,-182.920532226563,-217.963073730469
91,cadera_derecha,1,-180.126892089844,-221.122253417969
91,cadera_derecha,2,-177.754333496094,-223.7451171875
91,cadera_derecha,3,-175.881164550781,-222.49365234375
91,cadera_derecha,4,-177.132629394531,-220.367980957031
91,cadera_derecha,5,-178.009216308594,-218.366760253906
91,cadera_derecha,6,-179.883483886719,-216.366760253906
91,cadera_derecha,7,-182.132629394531,-214.243347167969
91,cadera_derecha,8,-184.756591796875,-212.618225097656
91,tobillo_izquierdo,0,-138.63671875,-324.732421875
91,tobillo_izquierdo,1,-139.260681152344,-325.85693359375
91,tobillo_izquierdo,2,-140.005798339844,-325.365600585938
91,tobillo_izquierdo,3,-140.005798339844,-325.8662109375
91,tobillo_izquierdo,4,-139.824829101563,-325.667724609375
91,tobillo_izquierdo,5,-140.0,-325.0
91,tobillo_izquierdo,6,-141.124572753906,-323.500549316406
91,tobillo_izquierdo,7,-141.874267578125,-322.750854492188
91,tobillo_izquierdo,8,-142.0,-321.625122070313
91,rodilla_izquierda,0,-175.061218261719,-268.689636230469
91,rodilla_izquierda,1,-174.625122070313,-269.249145507813
91,rodilla_izquierda,2,-174.124572753906,-268.0
91,rodilla_izquierda,3,-173.374816894531,-266.125732421875
91,rodilla_izquierda,4,-173.749755859375,-265.749755859375
91,rodilla_izquierda,5,-175.625183105469,-265.373718261719
91,rodilla_izquierda,6,-176.125732421875,-265.74853515625
91,rodilla_izquierda,7,-176.750915527344,-266.498229980469
91,rodilla_izquierda,8,-177.752014160156,-265.746276855469
91,cadera_izquierda,0,-217.794738769531,-227.455505371094
91,cadera_izquierda,1,-215.376037597656,-229.249145507813
91,cadera_izquierda,2,-214.750854492188,-231.873107910156
91,cadera_izquierda,3,-214.626342773438,-230.748596191406
91,cadera_izquierda,4,-215.376037597656,-229.6240234375
91,cadera_izquierda,5,-216.749694824219,-227.125732421875
91,cadera_izquierda,6,-219.249145507813,-224.3759765625
91,cadera_izquierda,7,-221.874328613281,-222.875427246094
91,cadera_izquierda,8,-223.374877929688,-221.250244140625
90,rodilla_derecha,0,-121.906616210938,-290.751525878906
90,rodilla_derecha,1,-113.182006835938,-287.0
90,rodilla_derecha,2,-107.67333984375,-280.800476074219
90,rodilla_derecha,3,-106.109741210938,-274.037353515625
90,rodilla_derecha,4,-106.473754882813,-268.4912109375
90,rodilla_derecha,5,-109.291687011719,-263.982482910156
90,rodilla_derecha,6,-112.673278808594,-258.91015625
90,rodilla_derecha,7,-117.927673339844,-251.092163085938
90,rodilla_derecha,8,-125.436401367188,-244.401428222656
90,rodilla_derecha,9,-135.309204101563,-231.092163085938
90,tobillo_derecho,0,-160.794555664063,-291.878662109375
90,tobillo_derecho,1,-144.109680175781,-296.945190429688
90,tobillo_derecho,2,-123.8203125,-309.162231445313
90,tobillo_derecho,3,-104.785278320313,-320.997680664063
90,tobillo_derecho,4,-87.87744140625,-328.887939453125
90,tobillo_derecho,5,-81.6779174804688,-320.997680664063
90,tobillo_derecho,6,-82.8051147460938,-307.471374511719
90,tobillo_derecho,7,-92.9544677734375,-285.558959960938
90,tobillo_derecho,8,-105.789916992188,-260.760864257813
90,tobillo_derecho,9,-118.18896484375,-243.289428710938
90,cadera_derecha,0,-165.866943359375,-214.102722167969
90,cadera_derecha,1,-161.618408203125,-218.127258300781
90,cadera_derecha,2,-159.418823242188,-220.945251464844
90,cadera_derecha,3,-158.092224121094,-222.017456054688
90,cadera_derecha,4,-157.710571289063,-222.162170410156
90,cadera_derecha,5,-157.892578125,-219.980102539063
90,cadera_derecha,6,-159.947448730469,-217.107360839844
90,cadera_derecha,7,-161.710632324219,-215.471374511719
90,cadera_derecha,8,-165.019836425781,-212.035034179688
90,cadera_derecha,9,-168.274230957031,-209.035034179688
90,tobillo_izquierdo,0,-121.563598632813,-329.945190429688
90,tobillo_izquierdo,1,-119.945129394531,-329.199523925781
90,tobillo_izquierdo,2,-121.0,-330.508728027344
90,tobillo_izquierdo,3,-117.618347167969,-330.508728027344
90,tobillo_izquierdo,4,-117.618469238281,-328.817993164063
90,tobillo_izquierdo,5,-118.745666503906,-328.817993164063
90,tobillo_izquierdo,6,-120.235595703125,-328.365173339844
90,tobillo_izquierdo,7,-120.436401367188,-328.254333496094
90,tobillo_izquierdo,8,-122.127197265625,-326.563598632813
90,tobillo_izquierdo,9,-123.25439453125,-325.436401367188
90,rodilla_izquierda,0,-158.56005859375,-274.823852539063
90,rodilla_izquierda,1,-155.945129394531,-274.0
90,rodilla_izquierda,2,-155.0,-274.0
90,rodilla_izquierda,3,-155.0,-272.0
90,rodilla_izquierda,4,-155.0,-271.0
90,rodilla_izquierda,5,-155.0,-271.0
90,rodilla_izquierda,6,-156.309204101563,-270.381530761719
90,rodilla_izquierda,7,-157.309204101563,-269.508728027344
90,rodilla_izquierda,8,-158.436401367188,-267.817993164063
90,rodilla_izquierda,9,-160.800476074219,-268.399108886719
90,cadera_izquierda,0,-205.33837890625,-226.354736328125
90,cadera_izquierda,1,-203.563598632813,-227.817993164063
90,cadera_izquierda,2,-200.872802734375,-230.381591796875
90,cadera_izquierda,3,-198.182067871094,-230.563598632813
90,cadera_izquierda,4,-198.436401367188,-230.563537597656
90,cadera_izquierda,5,-200.127197265625,-228.309204101563
90,cadera_izquierda,6,-202.690795898438,-226.872802734375
90,cadera_izquierda,7,-205.182006835938,-223.690734863281
90,cadera_izquierda,8,-207.74560546875,-221.817993164063
90,cadera_izquierda,9,-209.563598632813,-219.872802734375
89,tobillo_derecho,0,-147.884399414063,-313.35009765625
89,tobillo_derecho,1,-130.65576171875,-322.5810546875
89,tobillo_derecho,2,-114.927734375,-333.0
89,tobillo_derecho,3,-100.473693847656,-339.763122558594
89,tobillo_derecho,4,-89.9825439453125,-330.945190429688
89,tobillo_derecho,5,-89.4189453125,-317.982482910156
89,tobillo_derecho,6,-94.6732788085938,-294.199523925781
89,tobillo_derecho,7,-103.0,-269.364074707031
89,tobillo_derecho,8,-112.817993164063,-245.546081542969
89,rodilla_derecha,0,-119.141174316406,-293.624328613281
89,rodilla_derecha,1,-113.236877441406,-287.927673339844
89,rodilla_derecha,2,-111.236877441406,-279.037292480469
89,rodilla_derecha,3,-111.438720703125,-272.741027832031
89,rodilla_derecha,4,-114.184326171875,-267.050170898438
89,rodilla_derecha,5,-116.366394042969,-259.668640136719
89,rodilla_derecha,6,-122.493530273438,-252.414245605469
89,rodilla_derecha,7,-125.802856445313,-245.596313476563
89,rodilla_derecha,8,-133.620788574219,-233.833129882813
89,cadera_derecha,0,-170.991821289063,-220.920654296875
89,cadera_derecha,1,-167.618408203125,-223.25439453125
89,cadera_derecha,2,-166.673217773438,-224.635986328125
89,cadera_derecha,3,-167.418884277344,-222.890319824219
89,cadera_derecha,4,-168.600891113281,-221.708251953125
89,cadera_derecha,5,-169.219360351563,-219.399108886719
89,cadera_derecha,6,-169.274230957031,-217.780578613281
89,cadera_derecha,7,-171.456237792969,-216.5986328125
89,cadera_derecha,8,-173.07470703125,-214.416564941406
89,cadera_izquierda,0,-212.134216308594,-227.683776855469
89,cadera_izquierda,1,-211.872802734375,-229.25439453125
89,cadera_izquierda,2,-209.182006835938,-230.381591796875
89,cadera_izquierda,3,-210.563598632813,-230.0
89,cadera_izquierda,4,-209.436401367188,-230.563598632813
89,cadera_izquierda,5,-209.563598632813,-229.563598632813
89,cadera_izquierda,6,-211.254272460938,-227.563537597656
89,cadera_izquierda,7,-213.690795898438,-224.436462402344
89,cadera_izquierda,8,-215.0,-223.0
89,rodilla_izquierda,0,-169.301025390625,-273.898498535156
89,rodilla_izquierda,1,-168.309204101563,-274.381591796875
89,rodilla_izquierda,2,-166.618408203125,-272.381530761719
89,rodilla_izquierda,3,-166.74560546875,-271.945190429688
89,rodilla_izquierda,4,-166.182067871094,-270.945190429688
89,rodilla_izquierda,5,-166.054809570313,-270.072387695313
89,rodilla_izquierda,6,-166.618408203125,-268.508728027344
89,rodilla_izquierda,7,-167.0,-268.0
89,rodilla_izquierda,8,-168.0,-267.0
89,tobillo_izquierdo,0,-136.728088378906,-338.089904785156
89,tobillo_izquierdo,1,-136.0,-336.127197265625
89,tobillo_izquierdo,2,-136.0,-335.0
89,tobillo_izquierdo,3,-135.485290527344,-335.330261230469
89,tobillo_izquierdo,4,-136.0,-333.872802734375
89,tobillo_izquierdo,5,-136.0,-333.309204101563
89,tobillo_izquierdo,6,-136.0,-333.872802734375
88,rodilla_derecha,0,-132.8037109375,-284.05615234375
88,rodilla_derecha,1,-126.732788085938,-278.310363769531
88,rodilla_derecha,2,-125.506469726563,-270.0302734375
88,rodilla_derecha,3,-126.461120605469,-265.963439941406
88,rodilla_derecha,4,-128.771484375,-260.762939453125
88,rodilla_derecha,5,-132.926696777344,-256.051818847656
88,rodilla_derecha,6,-139.215454101563,-246.006530761719
88,rodilla_derecha,7,-144.504272460938,-237.806091308594
88,rodilla_derecha,8,-151.838317871094,-226.405212402344
88,tobillo_derecho,0,-159.82958984375,-308.237182617188
88,tobillo_derecho,1,-138.308166503906,-321.157348632813
88,tobillo_derecho,2,-119.995666503906,-331.090515136719
88,tobillo_derecho,3,-105.060302734375,-331.090576171875
88,tobillo_derecho,4,-101.504211425781,-321.133605957031
88,tobillo_derecho,5,-104.34912109375,-300.508605957031
88,tobillo_derecho,6,-113.0,-275.954711914063
88,tobillo_derecho,7,-124.978454589844,-254.599182128906
88,tobillo_derecho,8,-136.066833496094,-236.866394042969
88,cadera_derecha,0,-192.150817871094,-215.53662109375
88,cadera_derecha,1,-188.933044433594,-219.5107421875
88,cadera_derecha,2,-186.754333496094,-222.200378417969
88,cadera_derecha,3,-185.077514648438,-221.469787597656
88,cadera_derecha,4,-184.308166503906,-221.090637207031
88,cadera_derecha,5,-185.262878417969,-219.22412109375
88,cadera_derecha,6,-185.484985351563,-218.847045898438
88,cadera_derecha,7,-185.862121582031,-216.269409179688
88,cadera_derecha,8,-188.950378417969,-212.69189453125
88,rodilla_izquierda,0,-179.0,-271.496520996094
88,rodilla_izquierda,1,-177.992980957031,-271.755249023438
88,rodilla_izquierda,2,-177.405578613281,-270.937072753906
88,rodilla_izquierda,3,-178.0,-270.0
88,rodilla_izquierda,4,-178.258728027344,-269.755187988281
88,rodilla_izquierda,5,-178.503479003906,-269.244750976563
88,rodilla_izquierda,6,-178.503479003906,-268.992980957031
88,rodilla_izquierda,7,-179.489440917969,-268.028015136719
88,rodilla_izquierda,8,-181.971984863281,-267.573486328125
88,cadera_izquierda,0,-229.209777832031,-222.797180175781
88,cadera_izquierda,1,-227.734252929688,-226.531433105469
88,cadera_izquierda,2,-226.482604980469,-228.265747070313
88,cadera_izquierda,3,-226.503479003906,-229.251708984375
88,cadera_izquierda,4,-225.992980957031,-228.244812011719
88,cadera_izquierda,5,-227.755249023438,-225.979064941406
88,cadera_izquierda,6,-229.727294921875,-223.006896972656
88,cadera_izquierda,7,-230.496520996094,-221.748291015625
88,cadera_izquierda,8,-233.461486816406,-220.783203125
88,tobillo_izquierdo,0,-145.573364257813,-331.244689941406
88,tobillo_izquierdo,1,-145.992980957031,-330.755249023438
88,tobillo_izquierdo,2,-146.496459960938,-330.755249023438
88,tobillo_izquierdo,3,-146.50341796875,-331.000061035156
88,tobillo_izquierdo,4,-146.832092285156,-330.237731933594
88,tobillo_izquierdo,5,-147.503540039063,-329.748291015625
88,tobillo_izquierdo,6,-147.748291015625,-329.251770019531
88,tobillo_izquierdo,7,-148.251770019531,-327.748229980469
87,tobillo_derecho,0,-117.590393066406,-314.696655273438
87,tobillo_derecho,1,-100.473754882813,-327.072326660156
87,tobillo_derecho,2,-83.4737548828125,-334.508728027344
87,tobillo_derecho,3,-71.1097412109375,-331.25439453125
87,tobillo_derecho,4,-68.4189453125,-319.052490234375
87,tobillo_derecho,5,-71.67333984375,-299.129577636719
87,tobillo_derecho,6,-81.364013671875,-274.508728027344
87,tobillo_derecho,7,-92.6907958984375,-250.109680175781
87,tobillo_derecho,8,-105.817932128906,-229.927673339844
87,tobillo_derecho,9,-119.326721191406,-215.054809570313
87,rodilla_derecha,0,-97.301025390625,-282.57177734375
87,rodilla_derecha,1,-92.4363403320313,-277.491271972656
87,rodilla_derecha,2,-91.7631225585938,-273.383911132813
87,rodilla_derecha,3,-93.5811157226563,-269.511108398438
87,rodilla_derecha,4,-96.6907958984375,-261.982482910156
87,rodilla_derecha,5,-101.690795898438,-255.364074707031
87,rodilla_derecha,6,-105.0,-250.0
87,rodilla_derecha,7,-109.309204101563,-238.0
87,rodilla_derecha,8,-118.745666503906,-224.127197265625
87,rodilla_derecha,9,-128.800476074219,-210.690795898438
87,cadera_derecha,0,-150.27880859375,-214.376892089844
87,cadera_derecha,1,-147.872802734375,-217.381591796875
87,cadera_derecha,2,-145.109680175781,-218.890319824219
87,cadera_derecha,3,-143.346557617188,-218.708312988281
87,cadera_derecha,4,-141.583435058594,-216.962646484375
87,cadera_derecha,5,-141.329040527344,-216.034973144531
87,cadera_derecha,6,-144.201904296875,-212.598571777344
87,cadera_derecha,7,-148.074645996094,-209.852966308594
87,cadera_derecha,8,-151.511047363281,-206.980163574219
87,cadera_derecha,9,-154.947509765625,-202.416564941406
87,rodilla_izquierda,0,-142.388549804688,-270.736328125
87,rodilla_izquierda,1,-142.74560546875,-271.25439453125
87,rodilla_izquierda,2,-142.74560546875,-271.381591796875
87,rodilla_izquierda,3,-143.309204101563,-270.25439453125
87,rodilla_izquierda,4,-144.872802734375,-269.25439453125
87,rodilla_izquierda,5,-146.309204101563,-268.5087890625
87,rodilla_izquierda,6,-146.054809570313,-268.072387695313
87,rodilla_izquierda,7,-148.618408203125,-267.763122558594
87,rodilla_izquierda,8,-151.236877441406,-266.962646484375
87,rodilla_izquierda,9,-154.0,-265.872802734375
87,cadera_izquierda,0,-189.563598632813,-224.309204101563
87,cadera_izquierda,1,-189.0,-226.0
87,cadera_izquierda,2,-187.872802734375,-229.25439453125
87,cadera_izquierda,3,-186.182067871094,-229.945129394531
87,cadera_izquierda,4,-187.182006835938,-228.25439453125
87,cadera_izquierda,5,-189.73046875,-225.648803710938
87,cadera_izquierda,6,-192.817993164063,-223.182006835938
87,cadera_izquierda,7,-194.945190429688,-221.491271972656
87,cadera_izquierda,8,-198.254333496094,-219.309204101563
87,cadera_izquierda,9,-201.690734863281,-216.182006835938
87,tobillo_izquierdo,0,-111.291687011719,-331.144714355469
87,tobillo_izquierdo,1,-111.910095214844,-330.052551269531
87,tobillo_izquierdo,2,-111.872802734375,-330.0
87,tobillo_izquierdo,3,-112.436401367188,-329.563598632813
87,tobillo_izquierdo,4,-113.0,-329.436401367188
87,tobillo_izquierdo,5,-113.436401367188,-330.127197265625
87,tobillo_izquierdo,6,-113.872802734375,-329.0
87,tobillo_izquierdo,7,-114.208862304688,-328.222900390625
87,tobillo_izquierdo,8,-116.127197265625,-326.74560546875
86,tobillo_derecho,0,-145.843383789063,-318.783325195313
86,tobillo_derecho,1,-126.447021484375,-332.013854980469
86,tobillo_derecho,2,-105.354858398438,-338.543762207031
86,tobillo_derecho,3,-93.299560546875,-335.027648925781
86,tobillo_derecho,4,-91.520751953125,-322.4423828125
86,tobillo_derecho,5,-94.95849609375,-301.027648925781
86,tobillo_derecho,6,-105.483825683594,-276.004577636719
86,tobillo_derecho,7,-116.51611328125,-252.95849609375
86,tobillo_derecho,8,-129.0,-236.0
86,tobillo_derecho,9,-141.0,-224.0
86,rodilla_derecha,0,-123.23974609375,-288.645080566406
86,rodilla_derecha,1,-119.502258300781,-281.474670410156
86,rodilla_derecha,2,-118.33642578125,-275.313293457031
86,rodilla_derecha,3,-120.313354492188,-270.308715820313
86,rodilla_derecha,4,-122.294982910156,-263.294921875
86,rodilla_derecha,5,-126.285766601563,-258.797180175781
86,rodilla_derecha,6,-131.33642578125,-252.244201660156
86,rodilla_derecha,7,-139.373291015625,-239.686584472656
86,rodilla_derecha,8,-146.875549316406,-227.152038574219
86,rodilla_derecha,9,-154.382507324219,-216.626708984375
86,cadera_derecha,0,-179.497802734375,-214.304077148438
86,cadera_derecha,1,-178.935485839844,-216.041442871094
86,cadera_derecha,2,-177.405578613281,-217.064514160156
86,cadera_derecha,3,-175.391723632813,-217.566833496094
86,cadera_derecha,4,-175.870910644531,-216.078308105469
86,cadera_derecha,5,-176.857177734375,-215.101318359375
86,cadera_derecha,6,-181.35498046875,-212.608215332031
86,cadera_derecha,7,-183.838623046875,-212.129089355469
86,cadera_derecha,8,-187.354858398438,-209.617431640625
86,cadera_derecha,9,-188.861755371094,-207.106018066406
86,tobillo_izquierdo,0,-141.825012207031,-334.354675292969
86,tobillo_izquierdo,1,-140.995361328125,-333.004638671875
86,tobillo_izquierdo,2,-142.0,-332.502258300781
86,tobillo_izquierdo,3,-142.502258300781,-332.502319335938
86,tobillo_izquierdo,4,-142.502319335938,-332.0
86,tobillo_izquierdo,5,-142.327331542969,-332.345458984375
86,tobillo_izquierdo,6,-141.995361328125,-330.995422363281
86,tobillo_izquierdo,7,-142.0,-330.0
86,tobillo_izquierdo,8,-142.502319335938,-327.990783691406
86,rodilla_izquierda,0,-175.0,-275.0
86,rodilla_izquierda,1,-173.995361328125,-274.004638671875
86,rodilla_izquierda,2,-172.990783691406,-273.009216308594
86,rodilla_izquierda,3,-173.972351074219,-272.571350097656
86,rodilla_izquierda,4,-174.0,-272.0
86,rodilla_izquierda,5,-174.0,-271.0
86,rodilla_izquierda,6,-174.497741699219,-270.511474609375
86,rodilla_izquierda,7,-174.497741699219,-268.990783691406
86,rodilla_izquierda,8,-176.479248046875,-268.552978515625
86,rodilla_izquierda,9,-179.0,-268.0
86,cadera_izquierda,0,-224.202819824219,-225.857055664063
86,cadera_izquierda,1,-222.488464355469,-230.023071289063
86,cadera_izquierda,2,-220.479309082031,-232.0322265625
86,cadera_izquierda,3,-221.0,-232.0
86,cadera_izquierda,4,-221.502258300781,-230.995422363281
86,cadera_izquierda,5,-222.0,-228.995361328125
86,cadera_izquierda,6,-224.004638671875,-225.990783691406
86,cadera_izquierda,7,-226.502319335938,-224.497680664063
86,cadera_izquierda,8,-229.004638671875,-222.995361328125
86,cadera_izquierda,9,-231.497680664063,-222.0
85,cadera_derecha,0,-209.880798339844,-209.913330078125
85,cadera_derecha,1,-205.411682128906,-212.102905273438
85,cadera_derecha,2,-201.249877929688,-214.264709472656
85,cadera_derecha,3,-198.19091796875,-214.264709472656
85,cadera_derecha,4,-197.779296875,-211.264709472656
85,cadera_derecha,5,-199.308715820313,-208.897033691406
85,cadera_derecha,6,-201.308776855469,-204.264709472656
85,cadera_derecha,7,-204.573486328125,-204.426574707031
85,cadera_derecha,8,-207.941101074219,-201.529418945313
85,cadera_derecha,9,-209.308776855469,-199.161804199219
85,rodilla_derecha,0,-159.924133300781,-289.591064453125
85,rodilla_derecha,1,-151.838195800781,-284.573425292969
85,rodilla_derecha,2,-148.102905273438,-278.308715820313
85,rodilla_derecha,3,-147.36767578125,-273.264770507813
85,rodilla_derecha,4,-148.735229492188,-267.63232421875
85,rodilla_derecha,5,-151.0,-263.0
85,rodilla_derecha,6,-153.0,-260.0
85,rodilla_derecha,7,-156.264709472656,-250.102905273438
85,rodilla_derecha,8,-164.264709472656,-238.0
85,rodilla_derecha,9,-172.264709472656,-225.0
85,tobillo_derecho,0,-194.424499511719,-304.503112792969
85,tobillo_derecho,1,-175.3818359375,-314.456359863281
85,tobillo_derecho,2,-156.043334960938,-327.735961914063
85,tobillo_derecho,3,-135.499633789063,-336.485412597656
85,tobillo_derecho,4,-122.852355957031,-333.323608398438
85,tobillo_derecho,5,-121.587646484375,-321.308715820313
85,tobillo_derecho,6,-125.41162109375,-297.691284179688
85,tobillo_derecho,7,-132.735290527344,-271.941101074219
85,tobillo_derecho,8,-144.161804199219,-247.41162109375
85,tobillo_derecho,9,-158.58837890625,-230.838195800781
85,tobillo_izquierdo,0,-173.144897460938,-332.797546386719
85,tobillo_izquierdo,1,-176.236328125,-333.322998046875
85,tobillo_izquierdo,2,-172.102844238281,-331.897094726563
85,tobillo_izquierdo,3,-172.367614746094,-331.632385253906
85,tobillo_izquierdo,4,-172.367614746094,-330.999938964844
85,tobillo_izquierdo,5,-173.0,-330.367614746094
85,tobillo_izquierdo,6,-174.264770507813,-330.367614746094
85,tobillo_izquierdo,7,-174.264770507813,-329.102905273438
85,tobillo_izquierdo,8,-174.2646484375,-329.102844238281
85,tobillo_izquierdo,9,-174.897155761719,-329.102844238281
85,rodilla_izquierda,0,-204.130676269531,-269.561340332031
85,rodilla_izquierda,1,-202.794189453125,-269.0
85,rodilla_izquierda,2,-202.632385253906,-268.000061035156
85,rodilla_izquierda,3,-202.735290527344,-267.529479980469
85,rodilla_izquierda,4,-203.0,-267.0
85,rodilla_izquierda,5,-204.0,-266.0
85,rodilla_izquierda,6,-206.0,-265.529479980469
85,rodilla_izquierda,7,-206.0,-266.264709472656
85,rodilla_izquierda,8,-206.0,-266.0
85,rodilla_izquierda,9,-206.146911621094,-265.603271484375
85,cadera_izquierda,0,-256.616760253906,-220.869323730469
85,cadera_izquierda,1,-254.102905273438,-224.426574707031
85,cadera_izquierda,2,-251.838134765625,-225.897094726563
85,cadera_izquierda,3,-249.470581054688,-225.0
85,cadera_izquierda,4,-248.735290527344,-224.36767578125
85,cadera_izquierda,5,-249.0,-222.102966308594
85,cadera_izquierda,6,-250.264709472656,-219.470581054688
85,cadera_izquierda,7,-251.63232421875,-217.735290527344
85,cadera_izquierda,8,-253.0,-215.102905273438
85,cadera_izquierda,9,-255.264770507813,-213.735290527344
84,cadera_derecha,0,-89.6574096679688,-124.104614257813
84,cadera_derecha,1,-87.2904663085938,-127.290466308594
84,cadera_derecha,2,-85.8047485351563,-129.300048828125
84,cadera_derecha,3,-83.5809936523438,-131.128540039063
84,cadera_derecha,4,-82.2904663085938,-129.580993652344
84,cadera_derecha,5,-82.70947265625,-128.290466308594
84,cadera_derecha,6,-82.0,-126.580993652344
84,cadera_derecha,7,-81.0,-125.290466308594
84,cadera_derecha,8,-80.0,-125.0
84,cadera_derecha,9,-80.0,-124.290466308594
84,cadera_derecha,10,-79.7095336914063,-122.580932617188
84,cadera_derecha,11,-80.0,-121.29052734375
84,cadera_derecha,12,-80.0,-121.0
84,rodilla_derecha,0,-83.2716674804688,-196.475952148438
84,rodilla_derecha,1,-75.7428588867188,-200.966613769531
84,rodilla_derecha,2,-68.4857177734375,-204.642822265625
84,rodilla_derecha,3,-61.8095092773438,-205.352355957031
84,rodilla_derecha,4,-57.5523681640625,-200.385681152344
84,rodilla_derecha,5,-52.5857543945313,-189.742858886719
84,rodilla_derecha,6,-51.1666870117188,-176.971496582031
84,rodilla_derecha,7,-51.876220703125,-168.457153320313
84,rodilla_derecha,8,-51.5857543945313,-161.361999511719
84,rodilla_derecha,9,-50.5857543945313,-156.395263671875
84,rodilla_derecha,10,-51.0047607421875,-149.200012207031
84,rodilla_derecha,11,-49.5857543945313,-147.071411132813
84,rodilla_derecha,12,-51.4190063476563,-147.419067382813
84,tobillo_derecho,0,-115.909729003906,-143.971313476563
84,tobillo_derecho,1,-105.195251464844,-144.580932617188
84,tobillo_derecho,2,-94.8428344726563,-153.771423339844
84,tobillo_derecho,3,-87.1666870117188,-159.028564453125
84,tobillo_derecho,4,-81.9095458984375,-165.123779296875
84,tobillo_derecho,5,-70.2667236328125,-176.476196289063
84,tobillo_derecho,6,-61.7191162109375,-190.699890136719
84,tobillo_derecho,7,-51.94775390625,-206.985656738281
84,tobillo_derecho,8,-45.5619506835938,-215.628540039063
84,tobillo_derecho,9,-43.0143432617188,-216.014221191406
84,tobillo_derecho,10,-39.628662109375,-210.499938964844
84,tobillo_derecho,11,-39.17626953125,-195.43798828125
84,tobillo_derecho,12,-36.0476684570313,-180.828491210938
84,tobillo_izquierdo,0,-92.5809936523438,-236.419006347656
84,tobillo_izquierdo,1,-90.452392578125,-237.128601074219
84,tobillo_izquierdo,2,-89.7428588867188,-237.128601074219
84,tobillo_izquierdo,3,-91.1619873046875,-235.0
84,tobillo_izquierdo,4,-91.1619262695313,-235.0
84,tobillo_izquierdo,5,-91.8714599609375,-234.290466308594
84,tobillo_izquierdo,6,-92.5809326171875,-234.290466308594
84,tobillo_izquierdo,7,-92.7907104492188,-234.114074707031
84,tobillo_izquierdo,8,-93.0,-234.0
84,tobillo_izquierdo,9,-93.0,-234.0
84,tobillo_izquierdo,10,-93.0,-234.0
84,tobillo_izquierdo,11,-93.0,-234.0
84,tobillo_izquierdo,12,-93.0,-234.0
84,rodilla_izquierda,0,-105.390502929688,-174.380920410156
84,rodilla_izquierda,1,-100.971435546875,-173.961853027344
84,rodilla_izquierda,2,-99.2619018554688,-174.090515136719
84,rodilla_izquierda,3,-97.971435546875,-177.218933105469
84,rodilla_izquierda,4,-99.1619262695313,-177.257202148438
84,rodilla_izquierda,5,-100.290466308594,-177.257141113281
84,rodilla_izquierda,6,-100.290466308594,-177.547607421875
84,rodilla_izquierda,7,-100.595520019531,-176.642700195313
84,rodilla_izquierda,8,-101.0,-177.223754882813
84,rodilla_izquierda,9,-100.580932617188,-176.061889648438
84,rodilla_izquierda,10,-100.580932617188,-176.190490722656
84,rodilla_izquierda,11,-100.290466308594,-176.190490722656
84,rodilla_izquierda,12,-98.8713989257813,-174.061889648438
84,cadera_izquierda,0,-127.485717773438,-126.318969726563
84,cadera_izquierda,1,-128.614318847656,-129.866638183594
84,cadera_izquierda,2,-125.90478515625,-132.899963378906
84,cadera_izquierda,3,-124.742858886719,-133.642822265625
84,cadera_izquierda,4,-123.161865234375,-133.676208496094
84,cadera_izquierda,5,-121.871398925781,-133.257141113281
84,cadera_izquierda,6,-120.161926269531,-133.257080078125
84,cadera_izquierda,7,-119.752685546875,-131.942749023438
84,cadera_izquierda,8,-118.871459960938,-132.547607421875
84,cadera_izquierda,9,-118.161926269531,-132.966674804688
84,cadera_izquierda,10,-118.580932617188,-132.385681152344
84,cadera_izquierda,11,-118.580932617188,-129.966674804688
84,cadera_izquierda,12,-119.0,-129.128601074219
83,tobillo_derecho,0,-30.4989013671875,-212.018798828125
83,tobillo_derecho,1,-21.5987548828125,-228.564086914063
83,tobillo_derecho,2,-12.9417724609375,-240.535034179688
83,tobillo_derecho,3,-7.0755615234375,-246.715148925781
83,tobillo_derecho,4,-3.523193359375,-244.848876953125
83,tobillo_derecho,5,3.95355224609375,-238.581420898438
83,tobillo_derecho,6,10.7152099609375,-229.133728027344
83,tobillo_derecho,7,15.0291137695313,-217.267517089844
83,tobillo_derecho,8,15.8953857421875,-201.581420898438
83,rodilla_derecha,0,-6.77197265625,-209.332763671875
83,rodilla_derecha,1,-3.31396484375,-199.151123046875
83,rodilla_derecha,2,-2.76165771484375,-192.500305175781
83,rodilla_derecha,3,-0.86627197265625,-190.081848144531
83,rodilla_derecha,4,1.02911376953125,-185.977233886719
83,rodilla_derecha,5,2.9244384765625,-178.500366210938
83,rodilla_derecha,6,4.3720703125,-173.814270019531
83,rodilla_derecha,7,5.02911376953125,-167.575927734375
83,rodilla_derecha,8,5.0291748046875,-160.546813964844
83,cadera_derecha,0,-28.7081909179688,-130.093627929688
83,cadera_derecha,1,-26.2384033203125,-128.761596679688
83,cadera_derecha,2,-24.68603515625,-128.761596679688
83,cadera_derecha,3,-23.1337890625,-129.209289550781
83,cadera_derecha,4,-20.2384033203125,-128.761596679688
83,cadera_derecha,5,-20.0291137695313,-128.761596679688
83,cadera_derecha,6,-15.8953247070313,-126.970886230469
83,cadera_derecha,7,-13.4476928710938,-126.075561523438
83,cadera_derecha,8,-12.4476318359375,-124.627868652344
83,tobillo_izquierdo,0,-38.2384033203125,-248.238403320313
83,tobillo_izquierdo,1,-38.2384033203125,-246.895385742188
83,tobillo_izquierdo,2,-37.2384033203125,-245.552307128906
83,tobillo_izquierdo,3,-36.2383422851563,-245.104675292969
83,tobillo_izquierdo,4,-36.5814208984375,-245.104614257813
83,tobillo_izquierdo,5,-35.5523071289063,-244.656982421875
83,tobillo_izquierdo,6,-36.0,-245.104675292969
83,tobillo_izquierdo,7,-35.2896118164063,-245.600158691406
83,tobillo_izquierdo,8,-34.2092895507813,-246.895324707031
83,rodilla_izquierda,0,-48.2723388671875,-186.059020996094
83,rodilla_izquierda,1,-47.8953857421875,-185.104614257813
83,rodilla_izquierda,2,-47.8953247070313,-185.0
83,rodilla_izquierda,3,-47.8953857421875,-184.447692871094
83,rodilla_izquierda,4,-47.4476318359375,-184.790710449219
83,rodilla_izquierda,5,-47.0,-185.029113769531
83,rodilla_izquierda,6,-46.0,-185.1337890625
83,rodilla_izquierda,7,-44.1046752929688,-186.133728027344
83,rodilla_izquierda,8,-43.5523071289063,-185.895324707031
83,cadera_izquierda,0,-70.6561889648438,-131.889892578125
83,cadera_izquierda,1,-69.0,-131.447692871094
83,cadera_izquierda,2,-66.5523071289063,-131.895385742188
83,cadera_izquierda,3,-65.0,-131.895385742188
83,cadera_izquierda,4,-63.0,-131.0
83,cadera_izquierda,5,-61.0,-129.656921386719
83,cadera_izquierda,6,-59.0,-128.552368164063
83,cadera_izquierda,7,-56.5523681640625,-127.552307128906
83,cadera_izquierda,8,-54.1046142578125,-127.0
78,cadera_derecha,0,-44.8504028320313,-135.766418457031
78,cadera_derecha,1,-43.5294189453125,-137.0
78,cadera_derecha,2,-41.0,-138.058288574219
78,cadera_derecha,3,-40.6323852539063,-137.425842285156
78,cadera_derecha,4,-40.0,-137.425842285156
78,cadera_derecha,5,-39.6323852539063,-135.896362304688
78,cadera_derecha,6,-39.8970947265625,-135.264038085938
78,cadera_derecha,7,-41.426513671875,-134.896423339844
78,cadera_derecha,8,-40.1618041992188,-136.161071777344
78,cadera_derecha,9,-39.794189453125,-135.073120117188
78,cadera_derecha,10,-39.426513671875,-135.396728515625
78,cadera_derecha,11,-36.8970947265625,-138.676391601563
78,cadera_derecha,12,-34.8970947265625,-139.044006347656
78,cadera_derecha,13,-33.2647094726563,-138.779235839844
78,cadera_derecha,14,-33.6323852539063,-139.941101074219
78,rodilla_derecha,0,-44.850341796875,-216.708862304688
78,rodilla_derecha,1,-39.4705810546875,-222.955993652344
78,rodilla_derecha,2,-37.1029052734375,-229.58837890625
78,rodilla_derecha,3,-31.6763916015625,-232.794189453125
78,rodilla_derecha,4,-28.205810546875,-235.161804199219
78,rodilla_derecha,5,-25.205810546875,-231.838195800781
78,rodilla_derecha,6,-21.573486328125,-221.514587402344
78,rodilla_derecha,7,-22.63232421875,-203.926208496094
78,rodilla_derecha,8,-21.7352905273438,-196.426513671875
78,rodilla_derecha,9,-20.7352905273438,-189.323608398438
78,rodilla_derecha,10,-20.0000610351563,-186.426452636719
78,rodilla_derecha,11,-17.1029052734375,-180.999938964844
78,rodilla_derecha,12,-16.7352905273438,-176.0
78,rodilla_derecha,13,-16.3676147460938,-172.955993652344
78,rodilla_derecha,14,-17.63232421875,-168.647216796875
78,tobillo_derecho,0,-75.836181640625,-152.840209960938
78,tobillo_derecho,1,-70.205810546875,-153.367614746094
78,tobillo_derecho,2,-60.4556274414063,-156.1611328125
78,tobillo_derecho,3,-50.97021484375,-165.646606445313
78,tobillo_derecho,4,-44.4549560546875,-172.926879882813
78,tobillo_derecho,5,-35.13134765625,-184.779968261719
78,tobillo_derecho,6,-30.30810546875,-197.058898925781
78,tobillo_derecho,7,-22.8225708007813,-214.294494628906
78,tobillo_derecho,8,-16.5869750976563,-236.310119628906
78,tobillo_derecho,9,-13.160400390625,-248.692626953125
78,tobillo_derecho,10,-10.6309814453125,-251.222106933594
78,tobillo_derecho,11,-13.160400390625,-246.795532226563
78,tobillo_derecho,12,-11.2633666992188,-232.251220703125
78,tobillo_derecho,13,-10.9986572265625,-218.662841796875
78,tobillo_derecho,14,-12.7927856445313,-196.20654296875
78,tobillo_izquierdo,0,-57.1029052734375,-254.367614746094
78,tobillo_izquierdo,1,-57.7352294921875,-254.36767578125
78,tobillo_izquierdo,2,-59.0,-255.0
78,tobillo_izquierdo,3,-59.0,-255.0
78,tobillo_izquierdo,4,-59.0,-255.0
78,tobillo_izquierdo,5,-59.0,-255.0
78,tobillo_izquierdo,6,-59.0,-255.0
78,tobillo_izquierdo,7,-59.0,-255.0
78,tobillo_izquierdo,8,-59.0,-255.0
78,tobillo_izquierdo,9,-59.0,-255.0
78,tobillo_izquierdo,10,-59.0,-255.0
78,tobillo_izquierdo,11,-58.1300048828125,-255.283020019531
78,tobillo_izquierdo,12,-58.0,-255.0
78,tobillo_izquierdo,13,-56.41162109375,-256.324279785156
78,tobillo_izquierdo,14,-57.0,-256.0
78,rodilla_izquierda,0,-63.0,-186.0
78,rodilla_izquierda,1,-62.0880737304688,-188.058837890625
78,rodilla_izquierda,2,-61.617431640625,-188.058898925781
78,rodilla_izquierda,3,-63.1469116210938,-186.161804199219
78,rodilla_izquierda,4,-64.176025390625,-184.530151367188
78,rodilla_izquierda,5,-65.3378295898438,-182.941772460938
78,rodilla_izquierda,6,-66.573486328125,-182.367614746094
78,rodilla_izquierda,7,-68.4705200195313,-183.0
78,rodilla_izquierda,8,-69.7352905273438,-182.36767578125
78,rodilla_izquierda,9,-71.0,-183.0
78,rodilla_izquierda,10,-70.1448974609375,-183.825988769531
78,rodilla_izquierda,11,-71.0,-183.0
78,rodilla_izquierda,12,-70.0,-183.0
78,rodilla_izquierda,13,-69.0,-183.0
78,rodilla_izquierda,14,-68.0,-183.0
78,cadera_izquierda,0,-88.4833984375,-132.604614257813
78,cadera_izquierda,1,-87.3236083984375,-136.57275390625
78,cadera_izquierda,2,-88.5294799804688,-138.675720214844
78,cadera_izquierda,3,-86.0,-138.632385253906
78,cadera_izquierda,4,-86.0,-138.632385253906
78,cadera_izquierda,5,-86.0,-138.0
78,cadera_izquierda,6,-85.0,-138.0
78,cadera_izquierda,7,-85.0,-138.0
78,cadera_izquierda,8,-86.5294799804688,-137.205871582031
78,cadera_izquierda,9,-87.0,-137.0
78,cadera_izquierda,10,-84.7352905273438,-140.794189453125
78,cadera_izquierda,11,-83.7352294921875,-141.897094726563
78,cadera_izquierda,12,-82.7352905273438,-142.897094726563
78,cadera_izquierda,13,-82.3676147460938,-144.529479980469
78,cadera_izquierda,14,-82.0,-145.897094726563
74,tobillo_derecho,0,-26.86181640625,-161.516052246094
74,tobillo_derecho,1,-19.4561767578125,-157.317993164063
74,tobillo_derecho,2,-11.9677734375,-154.51611328125
74,tobillo_derecho,3,-4.47003173828125,-156.529968261719
74,tobillo_derecho,4,4.53912353515625,-161.023071289063
74,tobillo_derecho,5,10.0276489257813,-166.529907226563
74,tobillo_derecho,6,19.5437622070313,-181.069091796875
74,tobillo_derecho,7,27.036865234375,-192.580627441406
74,tobillo_derecho,8,33.0322875976563,-207.612915039063
74,tobillo_derecho,9,40.0414428710938,-224.631286621094
74,tobillo_derecho,10,36.9862060546875,-226.511535644531
74,tobillo_derecho,11,33.5022583007813,-222.525329589844
74,tobillo_derecho,12,30.5069580078125,-213.018371582031
74,tobillo_derecho,13,25.995361328125,-197.986145019531
74,rodilla_derecha,0,0.48846435546875,-205.502319335938
74,rodilla_derecha,1,4.99542236328125,-206.488464355469
74,rodilla_derecha,2,8.8017578125,-209.234924316406
74,rodilla_derecha,3,12.5115356445313,-212.013793945313
74,rodilla_derecha,4,17.0184326171875,-213.506958007813
74,rodilla_derecha,5,19.5115356445313,-210.488464355469
74,rodilla_derecha,6,20.0045776367188,-207.488525390625
74,rodilla_derecha,7,17.9907836914063,-186.405639648438
74,rodilla_derecha,8,16.0,-177.0
74,rodilla_derecha,9,16.0045776367188,-171.520751953125
74,rodilla_derecha,10,18.5115356445313,-169.036865234375
74,rodilla_derecha,11,18.0,-165.0
74,rodilla_derecha,12,19.004638671875,-161.497680664063
74,rodilla_derecha,13,18.4976806640625,-159.995422363281
74,cadera_derecha,0,-11.2904663085938,-123.341003417969
74,cadera_derecha,1,-9.5299072265625,-128.543762207031
74,cadera_derecha,2,-6.51611328125,-130.51611328125
74,cadera_derecha,3,-5.49774169921875,-130.000061035156
74,cadera_derecha,4,-4.98614501953125,-129.493041992188
74,cadera_derecha,5,-4.99078369140625,-126.488525390625
74,cadera_derecha,6,-4.99078369140625,-125.995361328125
74,cadera_derecha,7,-3.99078369140625,-124.990783691406
74,cadera_derecha,8,-3.4930419921875,-124.990783691406
74,cadera_derecha,9,-1.995361328125,-125.493103027344
74,cadera_derecha,10,-2.50689697265625,-124.990783691406
74,cadera_derecha,11,-0.50689697265625,-124.990783691406
74,cadera_derecha,12,-0.0091552734375,-125.995422363281
74,cadera_derecha,13,0.995361328125,-125.995422363281
74,tobillo_izquierdo,0,-20.35498046875,-246.838623046875
74,tobillo_izquierdo,1,-18.995361328125,-246.0
74,tobillo_izquierdo,2,-16.9954223632813,-244.497741699219
74,tobillo_izquierdo,3,-17.0045776367188,-245.0
74,tobillo_izquierdo,4,-16.995361328125,-244.497680664063
74,tobillo_izquierdo,5,-17.0,-244.0
74,tobillo_izquierdo,6,-17.0,-244.0
74,tobillo_izquierdo,7,-17.0,-244.0
74,tobillo_izquierdo,8,-18.0,-244.0
74,tobillo_izquierdo,9,-18.0,-244.0
74,tobillo_izquierdo,10,-18.0,-244.0
74,tobillo_izquierdo,11,-18.0,-244.0
74,tobillo_izquierdo,12,-17.4654541015625,-243.110534667969
74,tobillo_izquierdo,13,-18.0,-243.0
74,rodilla_izquierda,0,-32.4193725585938,-186.059753417969
74,rodilla_izquierda,1,-31.0,-186.986206054688
74,rodilla_izquierda,2,-29.0,-186.474670410156
74,rodilla_izquierda,3,-27.0,-181.986206054688
74,rodilla_izquierda,4,-27.004638671875,-179.488464355469
74,rodilla_izquierda,5,-27.5023193359375,-177.488464355469
74,rodilla_izquierda,6,-27.0,-178.0
74,rodilla_izquierda,7,-28.0,-177.013793945313
74,rodilla_izquierda,8,-29.0,-176.041442871094
74,rodilla_izquierda,9,-29.4976806640625,-176.534545898438
74,rodilla_izquierda,10,-31.0,-176.529968261719
74,rodilla_izquierda,11,-31.0,-176.506958007813
74,rodilla_izquierda,12,-31.0,-175.009155273438
74,rodilla_izquierda,13,-29.4976806640625,-176.004577636719
74,cadera_izquierda,0,-51.497802734375,-128.797180175781
74,cadera_izquierda,1,-50.0092163085938,-134.069091796875
74,cadera_izquierda,2,-50.0092163085938,-136.552978515625
74,cadera_izquierda,3,-49.4976806640625,-135.502258300781
74,cadera_izquierda,4,-48.9954223632813,-136.004638671875
74,cadera_izquierda,5,-47.9862060546875,-135.036865234375
74,cadera_izquierda,6,-47.9815673828125,-133.995422363281
74,cadera_izquierda,7,-46.488525390625,-133.041442871094
74,cadera_izquierda,8,-45.488525390625,-132.534545898438
74,cadera_izquierda,9,-43.995361328125,-132.502319335938
74,cadera_izquierda,10,-43.0,-132.0
74,cadera_izquierda,11,-42.0,-132.0
74,cadera_izquierda,12,-41.4976806640625,-132.51611328125
74,cadera_izquierda,13,-42.0,-134.00927734375
73,rodilla_derecha,0,37.3223876953125,-201.626647949219
73,rodilla_derecha,1,42.0184326171875,-201.497680664063
73,rodilla_derecha,2,43.5299682617188,-192.95849609375
73,rodilla_derecha,3,44.5068969726563,-188.48388671875
73,rodilla_derecha,4,44.0,-184.483825683594
73,rodilla_derecha,5,41.9907836914063,-180.483825683594
73,rodilla_derecha,6,39.9907836914063,-172.967712402344
73,rodilla_derecha,7,38.995361328125,-165.972351074219
73,rodilla_derecha,8,36.9908447265625,-159.976928710938
73,rodilla_derecha,9,35.4931030273438,-155.48388671875
73,rodilla_derecha,10,34.995361328125,-151.48388671875
73,rodilla_derecha,11,35.0045776367188,-148.0
73,cadera_derecha,0,21.7510375976563,-123.267272949219
73,cadera_derecha,1,24.0138549804688,-125.009216308594
73,cadera_derecha,2,26.0184326171875,-124.009216308594
73,cadera_derecha,3,27.0276489257813,-122.018432617188
73,cadera_derecha,4,27.5346069335938,-120.036865234375
73,cadera_derecha,5,27.5253295898438,-118.986206054688
73,cadera_derecha,6,27.520751953125,-118.48388671875
73,cadera_derecha,7,27.525390625,-116.976989746094
73,cadera_derecha,8,28.5253295898438,-117.479248046875
73,cadera_derecha,9,28.5253295898438,-116.976989746094
73,cadera_derecha,10,29.027587890625,-116.474670410156
73,cadera_derecha,11,29.0230712890625,-117.981506347656
73,tobillo_derecho,0,19.7418212890625,-172.493041992188
73,tobillo_derecho,1,27.5391845703125,-173.506896972656
73,tobillo_derecho,2,36.5437622070313,-185.055297851563
73,tobillo_derecho,3,44.5391845703125,-196.552978515625
73,tobillo_derecho,4,50.5299072265625,-207.050720214844
73,tobillo_derecho,5,56.525390625,-220.059875488281
73,tobillo_derecho,6,58.511474609375,-226.529968261719
73,tobillo_derecho,7,58.5023193359375,-229.013793945313
73,tobillo_derecho,8,56.5068969726563,-223.51611328125
73,tobillo_derecho,9,53.5115356445313,-214.036865234375
73,tobillo_derecho,10,48.4976806640625,-201.511474609375
73,tobillo_derecho,11,41.9861450195313,-181.976928710938
73,tobillo_izquierdo,0,14.5115356445313,-233.506896972656
73,tobillo_izquierdo,1,14.0,-233.0
73,tobillo_izquierdo,2,13.004638671875,-232.0
73,tobillo_izquierdo,3,12.7095947265625,-232.755615234375
73,tobillo_izquierdo,4,12.0,-232.0
73,tobillo_izquierdo,5,13.004638671875,-231.497680664063
73,tobillo_izquierdo,6,13.0,-229.995361328125
73,tobillo_izquierdo,7,13.5022583007813,-229.0
73,tobillo_izquierdo,8,14.004638671875,-229.0
73,tobillo_izquierdo,9,15.0045776367188,-230.004577636719
73,tobillo_izquierdo,10,16.525390625,-231.571411132813
73,tobillo_izquierdo,11,17.0045776367188,-233.009216308594
73,rodilla_izquierda,0,-1.479248046875,-180.046081542969
73,rodilla_izquierda,1,-2.48846435546875,-178.013793945313
73,rodilla_izquierda,2,-4.99542236328125,-176.004638671875
73,rodilla_izquierda,3,-5.87567138671875,-175.995300292969
73,rodilla_izquierda,4,-6.0,-175.0
73,rodilla_izquierda,5,-6.0,-175.0
73,rodilla_izquierda,6,-6.0,-174.0
73,rodilla_izquierda,7,-5.0,-174.0
73,rodilla_izquierda,8,-3.99542236328125,-174.525329589844
73,rodilla_izquierda,9,-3.50225830078125,-175.013793945313
73,rodilla_izquierda,10,-0.98614501953125,-178.07373046875
73,rodilla_izquierda,11,1.50689697265625,-179.036865234375
73,cadera_izquierda,0,-15.0138549804688,-126.520751953125
73,cadera_izquierda,1,-14.5115356445313,-127.023010253906
73,cadera_izquierda,2,-14.511474609375,-127.023010253906
73,cadera_izquierda,3,-14.9171752929688,-125.764831542969
73,cadera_izquierda,4,-15.51611328125,-125.013793945313
73,cadera_izquierda,5,-15.0138549804688,-124.009216308594
73,cadera_izquierda,6,-13.5068969726563,-124.511474609375
73,cadera_izquierda,7,-12.0,-123.004577636719
73,cadera_izquierda,8,-11.0,-123.004638671875
73,cadera_izquierda,9,-9.49310302734375,-124.511535644531
73,cadera_izquierda,10,-9.49310302734375,-124.511535644531
73,cadera_izquierda,11,-9.995361328125,-125.013793945313
72,cadera_derecha,0,-94.3360595703125,-144.067626953125
72,cadera_derecha,1,-90.381591796875,-147.945190429688
72,cadera_derecha,2,-85.6907958984375,-150.381530761719
72,cadera_derecha,3,-83.2543334960938,-151.199523925781
72,cadera_derecha,4,-79.127197265625,-153.453918457031
72,cadera_derecha,5,-78.381591796875,-153.199523925781
72,cadera_derecha,6,-77.381591796875,-150.945190429688
72,cadera_derecha,7,-75.25439453125,-149.817993164063
72,cadera_derecha,8,-73.6907958984375,-145.690734863281
72,cadera_derecha,9,-72.6907958984375,-144.127197265625
72,cadera_derecha,10,-71.0,-141.0
72,cadera_derecha,11,-71.0,-139.0
72,rodilla_derecha,0,-56.702392578125,-229.606811523438
72,rodilla_derecha,1,-46.8553466796875,-226.74560546875
72,rodilla_derecha,2,-38.4014282226563,-223.364074707031
72,rodilla_derecha,3,-31.91015625,-213.997680664063
72,rodilla_derecha,4,-31.3092041015625,-204.346557617188
72,rodilla_derecha,5,-33.2543334960938,-198.872802734375
72,rodilla_derecha,6,-36.25439453125,-199.199523925781
72,rodilla_derecha,7,-37.0,-199.0
72,rodilla_derecha,8,-41.5087280273438,-199.0
72,rodilla_derecha,9,-45.25439453125,-196.182067871094
72,rodilla_derecha,10,-49.9451293945313,-191.4912109375
72,rodilla_derecha,11,-56.1995849609375,-181.982543945313
72,tobillo_derecho,0,-94.8995971679688,-181.828491210938
72,tobillo_derecho,1,-80.1096801757813,-186.0
72,tobillo_derecho,2,-72.1820678710938,-193.109680175781
72,tobillo_derecho,3,-59.8004760742188,-207.728088378906
72,tobillo_derecho,4,-44.1470336914063,-223.74560546875
72,tobillo_derecho,5,-30.6207885742188,-247.980102539063
72,tobillo_derecho,6,-18.6580810546875,-268.03271484375
72,tobillo_derecho,7,-11.7677612304688,-275.486633300781
72,tobillo_derecho,8,-15.9673461914063,-263.887939453125
72,tobillo_derecho,9,-21.73046875,-250.107360839844
72,tobillo_derecho,10,-32.0571899414063,-228.708312988281
72,tobillo_derecho,11,-44.4562377929688,-209.546142578125
72,tobillo_izquierdo,0,-75.127197265625,-272.563537597656
72,tobillo_izquierdo,1,-75.6907958984375,-271.563598632813
72,tobillo_izquierdo,2,-76.2543334960938,-271.436401367188
72,tobillo_izquierdo,3,-75.6907958984375,-272.0
72,tobillo_izquierdo,4,-76.6907958984375,-271.436401367188
72,tobillo_izquierdo,5,-77.0,-271.0
72,tobillo_izquierdo,6,-77.0,-271.0
72,tobillo_izquierdo,7,-77.0,-271.0
72,tobillo_izquierdo,8,-78.6907958984375,-271.0
72,tobillo_izquierdo,9,-79.5635986328125,-272.127197265625
72,tobillo_izquierdo,10,-80.0,-270.309204101563
72,tobillo_izquierdo,11,-79.6300659179688,-269.422424316406
72,rodilla_izquierda,0,-102.271850585938,-198.057189941406
72,rodilla_izquierda,1,-103.962646484375,-199.747924804688
72,rodilla_izquierda,2,-104.399047851563,-199.747863769531
72,rodilla_izquierda,3,-105.982482910156,-201.653442382813
72,rodilla_izquierda,4,-107.546081542969,-199.83544921875
72,rodilla_izquierda,5,-109.109680175781,-200.399047851563
72,rodilla_izquierda,6,-111.364074707031,-199.962646484375
72,rodilla_izquierda,7,-112.618469238281,-198.271911621094
72,rodilla_izquierda,8,-112.800537109375,-197.471435546875
72,rodilla_izquierda,9,-113.364074707031,-197.416564941406
72,rodilla_izquierda,10,-111.763122558594,-193.65576171875
72,rodilla_izquierda,11,-110.064208984375,-193.082885742188
72,cadera_izquierda,0,-132.563598632813,-147.453918457031
72,cadera_izquierda,1,-131.127197265625,-151.83544921875
72,cadera_izquierda,2,-129.127197265625,-156.326782226563
72,cadera_izquierda,3,-125.309204101563,-156.199523925781
72,cadera_izquierda,4,-124.872802734375,-154.945190429688
72,cadera_izquierda,5,-126.563537597656,-154.25439453125
72,cadera_izquierda,6,-126.0,-151.0
72,cadera_izquierda,7,-125.0,-151.0
72,cadera_izquierda,8,-124.0,-150.0
72,cadera_izquierda,9,-122.0,-148.0
72,cadera_izquierda,10,-121.0,-144.0
72,cadera_izquierda,11,-119.081665039063,-140.359375
71,cadera_derecha,0,-28.0128173828125,-138.428955078125
71,cadera_derecha,1,-26.2219848632813,-140.978454589844
71,cadera_derecha,2,-23.7327880859375,-140.689697265625
71,cadera_derecha,3,-24.0883178710938,-138.978454589844
71,cadera_derecha,4,-23.59912109375,-137.178894042969
71,cadera_derecha,5,-23.887939453125,-136.601318359375
71,cadera_derecha,6,-23.4655151367188,-133.890075683594
71,cadera_derecha,7,-24.5323486328125,-128.689697265625
71,cadera_derecha,8,-25.1099243164063,-124.467712402344
71,cadera_derecha,9,-25.2434692382813,-120.91162109375
71,cadera_derecha,10,-26.6658935546875,-116.355590820313
71,cadera_derecha,11,-28.310302734375,-114.288757324219
71,rodilla_derecha,0,7.32550048828125,-206.060485839844
71,rodilla_derecha,1,10.5560913085938,-202.799560546875
71,rodilla_derecha,2,13.7349243164063,-195.047424316406
71,rodilla_derecha,3,10.5775756835938,-185.732727050781
71,rodilla_derecha,4,7.51080322265625,-180.08837890625
71,rodilla_derecha,5,4.79962158203125,-179.577575683594
71,rodilla_derecha,6,1.0216064453125,-179.577575683594
71,rodilla_derecha,7,0.22198486328125,-179.799560546875
71,rodilla_derecha,8,-3.08831787109375,-172.090576171875
71,rodilla_derecha,9,-8.4439697265625,-167.512939453125
71,rodilla_derecha,10,-15.0,-157.89013671875
71,rodilla_derecha,11,-21.1336059570313,-152.956909179688
71,tobillo_derecho,0,-14.7218017578125,-177.9677734375
71,tobillo_derecho,1,-8.57757568359375,-179.310363769531
71,tobillo_derecho,2,0.86639404296875,-191.715515136719
71,tobillo_derecho,3,9.89007568359375,-208.407409667969
71,tobillo_derecho,4,21.7586059570313,-230.144470214844
71,tobillo_derecho,5,27.9375610351563,-242.213500976563
71,tobillo_derecho,6,26.4268188476563,-246.659606933594
71,tobillo_derecho,7,19.5581665039063,-232.433288574219
71,tobillo_derecho,8,8.935302734375,-216.922546386719
71,tobillo_derecho,9,-2.0216064453125,-200.476440429688
71,tobillo_derecho,10,-12.200439453125,-189.008666992188
71,tobillo_derecho,11,-19.3555908203125,-179.183227539063
71,tobillo_izquierdo,0,-32.5839233398438,-245.661804199219
71,tobillo_izquierdo,1,-33.0,-245.0
71,tobillo_izquierdo,2,-33.0,-245.0
71,tobillo_izquierdo,3,-33.2887573242188,-245.0
71,tobillo_izquierdo,4,-34.0,-245.0
71,tobillo_izquierdo,5,-34.0,-245.0
71,tobillo_izquierdo,6,-33.288818359375,-243.933227539063
71,tobillo_izquierdo,7,-34.0,-243.0
71,tobillo_izquierdo,8,-34.0,-242.644409179688
71,tobillo_izquierdo,9,-34.0,-242.0
71,tobillo_izquierdo,10,-34.0,-240.577575683594
71,tobillo_izquierdo,11,-34.0,-239.644409179688
71,rodilla_izquierda,0,-48.9417114257813,-187.27587890625
71,rodilla_izquierda,1,-50.5560913085938,-189.0
71,rodilla_izquierda,2,-52.689697265625,-188.644409179688
71,rodilla_izquierda,3,-53.7564697265625,-187.57763671875
71,rodilla_izquierda,4,-54.3340454101563,-186.911682128906
71,rodilla_izquierda,5,-55.4676513671875,-186.866394042969
71,rodilla_izquierda,6,-55.7564697265625,-186.844848632813
71,rodilla_izquierda,7,-56.1121215820313,-185.622802734375
71,rodilla_izquierda,8,-56.9783935546875,-181.245788574219
71,rodilla_izquierda,9,-55.7780151367188,-178.512939453125
71,rodilla_izquierda,10,-55.799560546875,-176.892272949219
71,rodilla_izquierda,11,-55.0430908203125,-174.250061035156
71,cadera_izquierda,0,-68.144287109375,-141.114196777344
71,cadera_izquierda,1,-67.711181640625,-140.711181640625
71,cadera_izquierda,2,-68.0,-140.778015136719
71,cadera_izquierda,3,-68.0,-140.355590820313
71,cadera_izquierda,4,-68.0,-141.0
71,cadera_izquierda,5,-68.0,-140.0
71,cadera_izquierda,6,-68.0668334960938,-138.155212402344
71,cadera_izquierda,7,-67.288818359375,-135.422424316406
71,cadera_izquierda,8,-67.0,-132.0
71,cadera_izquierda,9,-66.711181640625,-127.08837890625
71,cadera_izquierda,10,-67.1336059570313,-121.553894042969
71,cadera_izquierda,11,-67.8448486328125,-117.909484863281
70,tobillo_izquierdo,0,135.576049804688,-284.312194824219
70,tobillo_izquierdo,1,134.7353515625,-283.470520019531
70,tobillo_izquierdo,2,134.0,-283.0
70,tobillo_izquierdo,3,134.0,-281.735290527344
70,tobillo_izquierdo,4,133.36767578125,-281.632385253906
70,tobillo_izquierdo,5,132.735229492188,-281.367614746094
70,tobillo_izquierdo,6,132.7353515625,-280.735290527344
70,tobillo_izquierdo,7,132.735229492188,-280.735290527344
70,tobillo_izquierdo,8,132.102905273438,-280.102905273438
70,tobillo_izquierdo,9,132.102905273438,-280.102905273438
70,rodilla_izquierda,0,109.649291992188,-223.605224609375
70,rodilla_izquierda,1,106.735229492188,-221.691223144531
70,rodilla_izquierda,2,106.161865234375,-221.441467285156
70,rodilla_izquierda,3,103.58837890625,-220.618103027344
70,rodilla_izquierda,4,101.80908203125,-219.162475585938
70,rodilla_izquierda,5,100.544311523438,-217.897766113281
70,rodilla_izquierda,6,100.015014648438,-216.309387207031
70,rodilla_izquierda,7,99.117919921875,-214.412292480469
70,rodilla_izquierda,8,99.11767578125,-210.309387207031
70,rodilla_izquierda,9,99.014892578125,-209.0595703125
70,cadera_izquierda,0,86.2518310546875,-155.942443847656
70,cadera_izquierda,1,86.0,-156.264709472656
70,cadera_izquierda,2,85.63232421875,-158.161804199219
70,cadera_izquierda,3,85.63232421875,-159.529479980469
70,cadera_izquierda,4,84.6324462890625,-158.897094726563
70,cadera_izquierda,5,85.2647705078125,-156.897094726563
70,cadera_izquierda,6,85.0,-155.0
70,cadera_izquierda,7,86.0,-152.102966308594
70,cadera_izquierda,8,86.0,-147.102905273438
70,cadera_izquierda,9,87.2646484375,-143.735290527344
70,cadera_derecha,0,140.63525390625,-145.824645996094
70,cadera_derecha,1,141.882202148438,-149.249816894531
70,cadera_derecha,2,141.352783203125,-151.74951171875
70,cadera_derecha,3,143.249877929688,-154.278930664063
70,cadera_derecha,4,144.14697265625,-154.911315917969
70,cadera_derecha,5,145.205810546875,-155.499694824219
70,cadera_derecha,6,144.794189453125,-151.985107421875
70,cadera_derecha,7,144.9560546875,-149.411682128906
70,cadera_derecha,8,144.220703125,-144.573425292969
70,cadera_derecha,9,143.220703125,-140.367614746094
70,rodilla_derecha,0,186.165283203125,-243.208557128906
70,rodilla_derecha,1,189.161743164063,-232.882202148438
70,rodilla_derecha,2,191.323608398438,-225.588317871094
70,rodilla_derecha,3,186.279663085938,-216.426513671875
70,rodilla_derecha,4,179.955932617188,-212.632385253906
70,rodilla_derecha,5,173.808227539063,-212.176025390625
70,rodilla_derecha,6,169.102172851563,-212.616821289063
70,rodilla_derecha,7,166.1171875,-207.955322265625
70,rodilla_derecha,8,161.131958007813,-203.455688476563
70,rodilla_derecha,9,151.661499023438,-191.632385253906
70,tobillo_derecho,0,157.708862304688,-216.016967773438
70,tobillo_derecho,1,161.0,-221.0
70,tobillo_derecho,2,177.80908203125,-231.117858886719
70,tobillo_derecho,3,189.191528320313,-250.088745117188
70,tobillo_derecho,4,205.000732421875,-273.486145019531
70,tobillo_derecho,5,208.162475585938,-286.133422851563
70,tobillo_derecho,6,204.368286132813,-281.706909179688
70,tobillo_derecho,7,195.779907226563,-267.794860839844
70,tobillo_derecho,8,180.25048828125,-246.059631347656
70,tobillo_derecho,9,159.867919921875,-228.589050292969
68,cadera_derecha,0,-193.757568359375,-154.38525390625
68,cadera_derecha,1,-191.209289550781,-158.814208984375
68,cadera_derecha,2,-187.8662109375,-161.790710449219
68,cadera_derecha,3,-183.951721191406,-162.943237304688
68,cadera_derecha,4,-180.511352539063,-162.116455078125
68,cadera_derecha,5,-173.21484375,-159.907043457031
68,cadera_derecha,6,-171.424072265625,-155.145629882813
68,cadera_derecha,7,-168.394897460938,-146.802612304688
68,cadera_derecha,8,-166.947265625,-143.250244140625
68,cadera_derecha,9,-162.232116699219,-137.488586425781
68,cadera_derecha,10,-160.022827148438,-137.383972167969
68,rodilla_derecha,0,-160.328735351563,-250.309265136719
68,rodilla_derecha,1,-144.742919921875,-249.128601074219
68,rodilla_derecha,2,-130.552429199219,-239.604736328125
68,rodilla_derecha,3,-122.519104003906,-228.157104492188
68,rodilla_derecha,4,-122.066650390625,-212.061889648438
68,rodilla_derecha,5,-121.647644042969,-203.771362304688
68,rodilla_derecha,6,-122.228637695313,-202.86669921875
68,rodilla_derecha,7,-126.228576660156,-198.833312988281
68,rodilla_derecha,8,-127.099975585938,-199.800048828125
68,rodilla_derecha,9,-128.519104003906,-194.123779296875
68,rodilla_derecha,10,-129.809509277344,-184.576110839844
68,tobillo_derecho,0,-223.476318359375,-214.961669921875
68,tobillo_derecho,1,-201.128540039063,-220.323852539063
68,tobillo_derecho,2,-184.676208496094,-226.8095703125
68,tobillo_derecho,3,-172.171508789063,-241.376159667969
68,tobillo_derecho,4,-151.142944335938,-265.080871582031
68,tobillo_derecho,5,-131.98583984375,-282.818969726563
68,tobillo_derecho,6,-115.666809082031,-289.914184570313
68,tobillo_derecho,7,-104.314453125,-281.39990234375
68,tobillo_derecho,8,-99.1952514648438,-266.190490722656
68,tobillo_derecho,9,-99.3381958007813,-237.747680664063
68,tobillo_derecho,10,-109.161926269531,-210.161926269531
68,tobillo_izquierdo,0,-166.656982421875,-295.343017578125
68,tobillo_izquierdo,1,-166.209289550781,-294.0
68,tobillo_izquierdo,2,-167.104675292969,-293.104614257813
68,tobillo_izquierdo,3,-166.928466796875,-293.908630371094
68,tobillo_izquierdo,4,-168.0,-293.104614257813
68,tobillo_izquierdo,5,-168.0,-292.0
68,tobillo_izquierdo,6,-168.0,-292.0
68,tobillo_izquierdo,7,-168.447692871094,-291.761596679688
68,tobillo_izquierdo,8,-169.343017578125,-291.552307128906
68,tobillo_izquierdo,9,-169.895324707031,-290.104614257813
68,tobillo_izquierdo,10,-170.895324707031,-289.104614257813
68,rodilla_izquierda,0,-195.854553222656,-219.936218261719
68,rodilla_izquierda,1,-191.075561523438,-220.058166503906
68,rodilla_izquierda,2,-191.604370117188,-217.820617675781
68,rodilla_izquierda,3,-192.0,-216.895385742188
68,rodilla_izquierda,4,-193.341552734375,-216.907836914063
68,rodilla_izquierda,5,-192.895324707031,-215.104614257813
68,rodilla_izquierda,6,-195.238403320313,-212.761596679688
68,rodilla_izquierda,7,-196.0,-210.209228515625
68,rodilla_izquierda,8,-197.790710449219,-205.075500488281
68,rodilla_izquierda,9,-197.895324707031,-203.209289550781
68,rodilla_izquierda,10,-197.895385742188,-201.209289550781
68,cadera_izquierda,0,-237.214050292969,-156.128173828125
68,cadera_izquierda,1,-234.552307128906,-159.686096191406
68,cadera_izquierda,2,-232.104675292969,-162.1337890625
68,cadera_izquierda,3,-230.552307128906,-164.238403320313
68,cadera_izquierda,4,-228.656921386719,-164.895385742188
68,cadera_izquierda,5,-225.761596679688,-162.209289550781
68,cadera_izquierda,6,-224.895324707031,-159.313903808594
68,cadera_izquierda,7,-226.0,-154.343017578125
68,cadera_izquierda,8,-225.0,-150.0
68,cadera_izquierda,9,-221.895385742188,-145.941772460938
68,cadera_izquierda,10,-221.209289550781,-145.610534667969
66,cadera_derecha,0,-184.8193359375,-147.0712890625
66,cadera_derecha,1,-181.709533691406,-151.838134765625
66,cadera_derecha,2,-176.290466308594,-153.0
66,cadera_derecha,3,-172.161926269531,-155.547607421875
66,cadera_derecha,4,-168.323791503906,-153.838134765625
66,cadera_derecha,5,-163.357238769531,-152.676208496094
66,cadera_derecha,6,-160.100036621094,-151.642822265625
66,cadera_derecha,7,-158.390502929688,-147.09521484375
66,cadera_derecha,8,-155.842895507813,-143.804809570313
66,cadera_derecha,9,-155.423828125,-140.223754882813
66,cadera_derecha,10,-154.004821777344,-138.352355957031
66,cadera_derecha,11,-152.166687011719,-134.480895996094
66,rodilla_derecha,0,-153.600280761719,-221.571166992188
66,rodilla_derecha,1,-140.357116699219,-220.699951171875
66,rodilla_derecha,2,-128.809509277344,-214.766662597656
66,rodilla_derecha,3,-121.580932617188,-207.82373046875
66,rodilla_derecha,4,-118.871459960938,-197.066711425781
66,rodilla_derecha,5,-119.0,-189.0
66,rodilla_derecha,6,-120.0,-187.385681152344
66,rodilla_derecha,7,-120.70947265625,-185.838073730469
66,rodilla_derecha,8,-121.128479003906,-185.580932617188
66,rodilla_derecha,9,-123.128540039063,-184.161926269531
66,rodilla_derecha,10,-126.838073730469,-178.580993652344
66,rodilla_derecha,11,-131.0,-167.0
66,tobillo_derecho,0,-200.428833007813,-190.352172851563
66,tobillo_derecho,1,-185.0,-192.0
66,tobillo_derecho,2,-173.547607421875,-198.452331542969
66,tobillo_derecho,3,-151.552429199219,-209.09521484375
66,tobillo_derecho,4,-136.100036621094,-226.738098144531
66,tobillo_derecho,5,-117.423828125,-248.509521484375
66,tobillo_derecho,6,-101.995178222656,-259.438049316406
66,tobillo_derecho,7,-98.2571411132813,-254.419067382813
66,tobillo_derecho,8,-95.6143188476563,-248.609558105469
66,tobillo_derecho,9,-98.56201171875,-228.357177734375
66,tobillo_derecho,10,-109.0,-207.161926269531
66,tobillo_derecho,11,-117.547607421875,-188.033325195313
66,tobillo_izquierdo,0,-163.0,-267.0
66,tobillo_izquierdo,1,-162.824035644531,-267.690185546875
66,tobillo_izquierdo,2,-162.290466308594,-267.0
66,tobillo_izquierdo,3,-162.290466308594,-267.0
66,tobillo_izquierdo,4,-161.580932617188,-267.0
66,tobillo_izquierdo,5,-161.290466308594,-267.0
66,tobillo_izquierdo,6,-161.290466308594,-267.128540039063
66,tobillo_izquierdo,7,-160.580932617188,-265.580993652344
66,tobillo_izquierdo,8,-161.0,-265.0
66,tobillo_izquierdo,9,-161.709533691406,-263.580932617188
66,tobillo_izquierdo,10,-162.0,-263.0
66,tobillo_izquierdo,11,-162.0,-263.0
66,rodilla_izquierda,0,-189.204833984375,-202.185668945313
66,rodilla_izquierda,1,-186.395263671875,-200.638061523438
66,rodilla_izquierda,2,-185.166687011719,-199.704711914063
66,rodilla_izquierda,3,-187.0,-199.0
66,rodilla_izquierda,4,-186.657409667969,-198.156860351563
66,rodilla_izquierda,5,-188.128540039063,-196.161926269531
66,rodilla_izquierda,6,-188.709533691406,-195.29052734375
66,rodilla_izquierda,7,-189.419067382813,-192.161865234375
66,rodilla_izquierda,8,-189.290466308594,-190.580993652344
66,rodilla_izquierda,9,-188.290466308594,-188.580993652344
66,rodilla_izquierda,10,-187.580932617188,-185.838073730469
66,rodilla_izquierda,11,-187.290466308594,-183.547607421875
66,cadera_izquierda,0,-227.390625,-152.037963867188
66,cadera_izquierda,1,-223.580932617188,-154.838073730469
66,cadera_izquierda,2,-219.161926269531,-155.419006347656
66,cadera_izquierda,3,-215.161926269531,-158.547668457031
66,cadera_izquierda,4,-213.290466308594,-156.871398925781
66,cadera_izquierda,5,-212.0,-154.580932617188
66,cadera_izquierda,6,-208.580932617188,-152.580993652344
66,cadera_izquierda,7,-207.0,-150.290466308594
66,cadera_izquierda,8,-205.70947265625,-147.0
66,cadera_izquierda,9,-205.419067382813,-144.0
66,cadera_izquierda,10,-205.0,-142.128540039063
66,cadera_izquierda,11,-201.580932617188,-141.419067382813
65,cadera_derecha,0,-170.495483398438,-150.97607421875
65,cadera_derecha,1,-168.0,-153.0
65,cadera_derecha,2,-166.0,-154.0
65,cadera_derecha,3,-161.749572753906,-153.997375488281
65,cadera_derecha,4,-158.113708496094,-152.931823730469
65,cadera_derecha,5,-156.46435546875,-150.863586425781
65,cadera_derecha,6,-155.509887695313,-150.619995117188
65,cadera_derecha,7,-154.860534667969,-148.681701660156
65,cadera_derecha,8,-152.035888671875,-145.269348144531
65,cadera_derecha,9,-151.035888671875,-140.444702148438
65,cadera_derecha,10,-148.753356933594,-136.902526855469
65,rodilla_derecha,0,-124.37646484375,-230.442626953125
65,rodilla_derecha,1,-116.290466308594,-222.6142578125
65,rodilla_derecha,2,-114.128601074219,-212.809509277344
65,rodilla_derecha,3,-114.128540039063,-205.71435546875
65,rodilla_derecha,4,-115.804748535156,-199.038146972656
65,rodilla_derecha,5,-116.676208496094,-196.938171386719
65,rodilla_derecha,6,-118.257202148438,-190.485717773438
65,rodilla_derecha,7,-119.514282226563,-183.680908203125
65,rodilla_derecha,8,-122.352355957031,-177.099975585938
65,rodilla_derecha,9,-124.514221191406,-169.066650390625
65,rodilla_derecha,10,-126.0,-161.0
65,tobillo_derecho,0,-165.52880859375,-229.023559570313
65,tobillo_derecho,1,-150.623840332031,-239.63330078125
65,tobillo_derecho,2,-133.71435546875,-255.861877441406
65,tobillo_derecho,3,-115.552429199219,-273.447631835938
65,tobillo_derecho,4,-101.361938476563,-279.833374023438
65,tobillo_derecho,5,-93.0,-269.0
65,tobillo_derecho,6,-93.0,-250.0
65,tobillo_derecho,7,-89.533447265625,-241.576171875
65,tobillo_derecho,8,-94.0333251953125,-218.580932617188
65,tobillo_derecho,9,-102.871398925781,-193.742919921875
65,tobillo_derecho,10,-109.128540039063,-177.033325195313
65,tobillo_izquierdo,0,-164.0,-271.0
65,tobillo_izquierdo,1,-164.0,-271.0
65,tobillo_izquierdo,2,-164.0,-271.0
65,tobillo_izquierdo,3,-164.0,-271.0
65,tobillo_izquierdo,4,-163.482055664063,-270.385925292969
65,tobillo_izquierdo,5,-164.0,-270.36767578125
65,tobillo_izquierdo,6,-164.632385253906,-269.735290527344
65,tobillo_izquierdo,7,-164.632385253906,-269.102905273438
65,tobillo_izquierdo,8,-165.264770507813,-269.102905273438
65,tobillo_izquierdo,9,-165.367614746094,-268.367614746094
65,tobillo_izquierdo,10,-165.36767578125,-267.367614746094
65,rodilla_izquierda,0,-184.36767578125,-197.735229492188
65,rodilla_izquierda,1,-185.0,-198.36767578125
65,rodilla_izquierda,2,-185.0,-199.0
65,rodilla_izquierda,3,-185.0,-199.0
65,rodilla_izquierda,4,-184.63232421875,-199.897033691406
65,rodilla_izquierda,5,-184.0,-198.529418945313
65,rodilla_izquierda,6,-184.0,-196.470520019531
65,rodilla_izquierda,7,-183.367614746094,-195.264709472656
65,rodilla_izquierda,8,-182.452880859375,-193.869995117188
65,rodilla_izquierda,9,-181.735290527344,-192.955932617188
65,rodilla_izquierda,10,-179.470520019531,-191.058837890625
65,cadera_izquierda,0,-214.703430175781,-154.031127929688
65,cadera_izquierda,1,-213.0,-154.0
65,cadera_izquierda,2,-212.0,-154.0
65,cadera_izquierda,3,-211.0,-153.0
65,cadera_izquierda,4,-209.0,-153.0
65,cadera_izquierda,5,-208.0,-152.0
65,cadera_izquierda,6,-207.0,-150.0
65,cadera_izquierda,7,-206.0,-147.0
65,cadera_izquierda,8,-205.0,-144.0
65,cadera_izquierda,9,-203.0,-142.0
65,cadera_izquierda,10,-201.0,-141.0
64,cadera_derecha,0,-73.34228515625,-138.52392578125
64,cadera_derecha,1,-71.0,-142.0
64,cadera_derecha,2,-70.0,-143.0
64,cadera_derecha,3,-70.0,-142.0
64,cadera_derecha,4,-71.0,-141.0
64,cadera_derecha,5,-72.2092895507813,-138.895385742188
64,cadera_derecha,6,-73.656982421875,-138.0
64,cadera_derecha,7,-75.4185791015625,-137.029113769531
64,cadera_derecha,8,-76.18017578125,-134.924499511719
64,cadera_derecha,9,-78.2848510742188,-132.715148925781
64,cadera_derecha,10,-78.661376953125,-129.683044433594
64,cadera_derecha,11,-78.4428100585938,-126.781433105469
64,rodilla_derecha,0,-29.4697875976563,-198.512939453125
64,rodilla_derecha,1,-26.5523681640625,-193.0
64,rodilla_derecha,2,-27.0,-186.209289550781
64,rodilla_derecha,3,-28.4476928710938,-184.343017578125
64,rodilla_derecha,4,-31.7907104492188,-183.070007324219
64,rodilla_derecha,5,-35.6861572265625,-183.756103515625
64,rodilla_derecha,6,-37.8953247070313,-182.651428222656
64,rodilla_derecha,7,-40.1046142578125,-176.308410644531
64,rodilla_derecha,8,-44.1046752929688,-169.96533203125
64,rodilla_derecha,9,-51.4476928710938,-161.488586425781
64,rodilla_derecha,10,-58.0291137695313,-152.116394042969
64,rodilla_derecha,11,-62.81982421875,-145.610534667969
64,tobillo_derecho,0,-60.359619140625,-207.914184570313
64,tobillo_derecho,1,-50.2556762695313,-216.058227539063
64,tobillo_derecho,2,-35.3312377929688,-231.221069335938
64,tobillo_derecho,3,-23.4650268554688,-246.221069335938
64,tobillo_derecho,4,-14.5987548828125,-252.81982421875
64,tobillo_derecho,5,-9.18017578125,-243.581420898438
64,tobillo_derecho,6,-12.2092895507813,-228.790771484375
64,tobillo_derecho,7,-20.0,-212.0
64,tobillo_derecho,8,-29.0,-196.0
64,tobillo_derecho,9,-38.0,-183.0
64,tobillo_derecho,10,-48.0,-170.0
64,tobillo_derecho,11,-58.3721313476563,-158.656982421875
64,tobillo_izquierdo,0,-65.900146484375,-247.257202148438
64,tobillo_izquierdo,1,-66.0,-247.0
64,tobillo_izquierdo,2,-66.0,-247.0
64,tobillo_izquierdo,3,-66.0,-247.0
64,tobillo_izquierdo,4,-66.0,-247.0
64,tobillo_izquierdo,5,-66.8953857421875,-246.104614257813
64,tobillo_izquierdo,6,-68.3430786132813,-245.552307128906
64,tobillo_izquierdo,7,-70.7907104492188,-244.104614257813
64,tobillo_izquierdo,8,-71.0,-244.0
64,tobillo_izquierdo,9,-71.8953857421875,-243.552368164063
64,tobillo_izquierdo,10,-72.4476928710938,-243.0
64,tobillo_izquierdo,11,-73.0,-243.0
64,rodilla_izquierda,0,-88.7317504882813,-185.925231933594
64,rodilla_izquierda,1,-89.8953857421875,-185.447692871094
64,rodilla_izquierda,2,-90.8953857421875,-186.343017578125
64,rodilla_izquierda,3,-93.4186401367188,-186.744323730469
64,rodilla_izquierda,4,-95.4186401367188,-186.325805664063
64,rodilla_izquierda,5,-97.0,-184.68603515625
64,rodilla_izquierda,6,-98.1046752929688,-183.343078613281
64,rodilla_izquierda,7,-98.55224609375,-181.104614257813
64,rodilla_izquierda,8,-97.523193359375,-180.610595703125
64,rodilla_izquierda,9,-96.0755615234375,-180.715148925781
64,rodilla_izquierda,10,-96.523193359375,-180.267578125
64,rodilla_izquierda,11,-97.4185791015625,-179.267517089844
64,cadera_izquierda,0,-112.458740234375,-143.395751953125
64,cadera_izquierda,1,-112.552307128906,-145.238403320313
64,cadera_izquierda,2,-112.104614257813,-146.790710449219
64,cadera_izquierda,3,-113.104675292969,-148.238342285156
64,cadera_izquierda,4,-114.0,-148.0
64,cadera_izquierda,5,-114.552307128906,-147.104614257813
64,cadera_izquierda,6,-114.552307128906,-145.656982421875
64,cadera_izquierda,7,-114.552368164063,-144.104675292969
64,cadera_izquierda,8,-115.895324707031,-140.761596679688
64,cadera_izquierda,9,-116.0,-138.656982421875
64,cadera_izquierda,10,-116.0,-137.104614257813
64,cadera_izquierda,11,-116.790710449219,-135.656982421875
63,cadera_derecha,0,-23.0128173828125,-149.442138671875
63,cadera_derecha,1,-20.0,-150.0
63,cadera_derecha,2,-17.0,-151.0
63,cadera_derecha,3,-16.0,-151.0
63,cadera_derecha,4,-14.4705200195313,-148.0
63,cadera_derecha,5,-15.205810546875,-145.264709472656
63,cadera_derecha,6,-14.0440673828125,-143.058898925781
63,cadera_derecha,7,-12.6174926757813,-138.588317871094
63,cadera_derecha,8,-12.4556884765625,-134.117797851563
63,rodilla_derecha,0,32.6350708007813,-222.796264648438
63,rodilla_derecha,1,33.9411010742188,-214.14697265625
63,rodilla_derecha,2,29.985107421875,-205.985107421875
63,rodilla_derecha,3,26.4556884765625,-204.676391601563
63,rodilla_derecha,4,24.2938842773438,-203.41162109375
63,rodilla_derecha,5,22.779296875,-200.058959960938
63,rodilla_derecha,6,20.4705200195313,-197.132690429688
63,rodilla_derecha,7,16.779296875,-188.426513671875
63,rodilla_derecha,8,7.014892578125,-176.337219238281
63,tobillo_derecho,0,12.3994750976563,-239.237670898438
63,tobillo_derecho,1,25.1766967773438,-251.500305175781
63,tobillo_derecho,2,41.25048828125,-269.265380859375
63,tobillo_derecho,3,51.0,-274.794189453125
63,tobillo_derecho,4,54.2647094726563,-272.485473632813
63,tobillo_derecho,5,51.4705200195313,-258.088012695313
63,tobillo_derecho,6,41.2647094726563,-235.264709472656
63,tobillo_derecho,7,28.0,-213.735290527344
63,tobillo_derecho,8,16.8822021484375,-194.882141113281
63,tobillo_izquierdo,0,-23.0128173828125,-277.811828613281
63,tobillo_izquierdo,1,-23.3676147460938,-277.0
63,tobillo_izquierdo,2,-23.3676147460938,-277.0
63,tobillo_izquierdo,3,-23.3676147460938,-277.0
63,tobillo_izquierdo,4,-24.0,-275.735290527344
63,tobillo_izquierdo,5,-24.0,-275.0
63,tobillo_izquierdo,6,-24.0,-275.0
63,tobillo_izquierdo,7,-24.0,-275.0
63,tobillo_izquierdo,8,-24.0,-274.367614746094
63,rodilla_izquierda,0,-49.6323852539063,-203.249816894531
63,rodilla_izquierda,1,-50.6323852539063,-204.676330566406
63,rodilla_izquierda,2,-50.6323852539063,-203.573425292969
63,rodilla_izquierda,3,-50.2044677734375,-203.825317382813
63,rodilla_izquierda,4,-51.0,-200.897094726563
63,rodilla_izquierda,5,-51.6323852539063,-197.102905273438
63,rodilla_izquierda,6,-51.0,-193.470581054688
63,rodilla_izquierda,7,-49.36767578125,-191.264709472656
63,rodilla_izquierda,8,-48.36767578125,-188.897094726563
63,cadera_izquierda,0,-72.337158203125,-157.662841796875
63,cadera_izquierda,1,-73.0,-157.0
63,cadera_izquierda,2,-72.0,-157.0
63,cadera_izquierda,3,-71.0,-156.0
63,cadera_izquierda,4,-71.0,-153.897094726563
63,cadera_izquierda,5,-70.0,-152.529418945313
63,cadera_izquierda,6,-69.0,-148.0
63,cadera_izquierda,7,-67.0,-145.0
63,cadera_izquierda,8,-66.0,-142.0
62,cadera_derecha,0,-125.997924804688,-145.148986816406
62,cadera_derecha,1,-124.0,-148.0
62,cadera_derecha,2,-123.0,-149.0
62,cadera_derecha,3,-120.470520019531,-148.367614746094
62,cadera_derecha,4,-119.308715820313,-145.0
62,cadera_derecha,5,-119.779357910156,-142.529418945313
62,cadera_derecha,6,-118.720397949219,-137.691284179688
62,cadera_derecha,7,-117.55859375,-134.58837890625
62,cadera_derecha,8,-116.926208496094,-129.323669433594
62,cadera_derecha,9,-115.661437988281,-125.955993652344
62,rodilla_derecha,0,-78.5707397460938,-215.9736328125
62,rodilla_derecha,1,-71.8970947265625,-209.470581054688
62,rodilla_derecha,2,-71.6912841796875,-201.676391601563
62,rodilla_derecha,3,-71.426513671875,-195.205871582031
62,rodilla_derecha,4,-75.4854736328125,-189.573425292969
62,rodilla_derecha,5,-77.85302734375,-188.367614746094
62,rodilla_derecha,6,-80.9559326171875,-185.794128417969
62,rodilla_derecha,7,-84.2647094726563,-181.176696777344
62,rodilla_derecha,8,-88.4705810546875,-171.867980957031
62,rodilla_derecha,9,-94.36767578125,-161.867980957031
62,tobillo_derecho,0,-114.615356445313,-219.238403320313
62,tobillo_derecho,1,-101.985107421875,-227.058898925781
62,tobillo_derecho,2,-84.1320190429688,-243.662109375
62,tobillo_derecho,3,-67.2938232421875,-256.279602050781
62,tobillo_derecho,4,-56.2498168945313,-263.58837890625
62,tobillo_derecho,5,-50.205810546875,-253.058898925781
62,tobillo_derecho,6,-50.5734252929688,-236.794189453125
62,tobillo_derecho,7,-57.4705810546875,-220.426513671875
62,tobillo_derecho,8,-69.3676147460938,-198.735290527344
62,tobillo_derecho,9,-78.6912841796875,-182.470520019531
62,tobillo_izquierdo,0,-117.335754394531,-260.606689453125
62,tobillo_izquierdo,1,-116.735290527344,-261.264770507813
62,tobillo_izquierdo,2,-117.632385253906,-260.367614746094
62,tobillo_izquierdo,3,-117.367614746094,-259.367614746094
62,tobillo_izquierdo,4,-118.0,-259.0
62,tobillo_izquierdo,5,-119.264770507813,-259.0
62,tobillo_izquierdo,6,-120.0,-257.735290527344
62,tobillo_izquierdo,7,-121.264709472656,-257.0
62,tobillo_izquierdo,8,-122.0,-256.367614746094
62,tobillo_izquierdo,9,-122.0,-256.0
62,rodilla_izquierda,0,-139.100891113281,-193.576171875
62,rodilla_izquierda,1,-140.0,-193.0
62,rodilla_izquierda,2,-140.573425292969,-192.955932617188
62,rodilla_izquierda,3,-141.735290527344,-192.529479980469
62,rodilla_izquierda,4,-143.264770507813,-192.0
62,rodilla_izquierda,5,-145.264770507813,-190.102905273438
62,rodilla_izquierda,6,-146.63232421875,-188.7353515625
62,rodilla_izquierda,7,-146.897094726563,-187.632385253906
62,rodilla_izquierda,8,-145.7353515625,-187.853088378906
62,rodilla_izquierda,9,-143.470581054688,-186.9560546875
62,cadera_izquierda,0,-170.454284667969,-148.678405761719
62,cadera_izquierda,1,-170.0,-149.897094726563
62,cadera_izquierda,2,-167.735229492188,-149.63232421875
62,cadera_izquierda,3,-167.0,-149.0
62,cadera_izquierda,4,-167.0,-148.0
62,cadera_izquierda,5,-166.0,-148.0
62,cadera_izquierda,6,-166.0,-145.0
62,cadera_izquierda,7,-166.0,-142.0
62,cadera_izquierda,8,-165.0,-140.0
62,cadera_izquierda,9,-164.0,-139.0
13,cadera_derecha,0,-21.6064453125,-114.848754882813
13,cadera_derecha,1,-20.59228515625,-118.388427734375
13,cadera_derecha,2,-19.7960815429688,-121.634460449219
13,cadera_derecha,3,-18.203857421875,-123.165161132813
13,cadera_derecha,4,-18.9578857421875,-122.961364746094
13,cadera_derecha,5,-20.5694580078125,-121.307556152344
13,cadera_derecha,6,-23.6309204101563,-119.53076171875
13,cadera_derecha,7,-25.8348999023438,-118.65380859375
13,cadera_derecha,8,-26.1002807617188,-118.980651855469
13,rodilla_derecha,0,26.1614990234375,-175.620239257813
13,rodilla_derecha,1,28.6766357421875,-171.453369140625
13,rodilla_derecha,2,24.4921264648438,-161.757446289063
13,rodilla_derecha,3,18.511474609375,-158.492065429688
13,rodilla_derecha,4,12.7152709960938,-159.330322265625
13,rodilla_derecha,5,7.5535888671875,-161.168640136719
13,rodilla_derecha,6,1.5535888671875,-161.760925292969
13,rodilla_derecha,7,-9.55010986328125,-157.31103515625
13,rodilla_derecha,8,-18.796142578125,-152.003479003906
13,tobillo_derecho,0,-3.560791015625,-169.251159667969
13,tobillo_derecho,1,8.7381591796875,-179.676574707031
13,tobillo_derecho,2,22.5992431640625,-198.049133300781
13,tobillo_derecho,3,35.4603881835938,-212.890930175781
13,tobillo_derecho,4,42.1563110351563,-214.810119628906
13,tobillo_derecho,5,35.8488159179688,-207.725769042969
13,tobillo_derecho,6,23.1107177734375,-194.722229003906
13,tobillo_derecho,7,6.87347412109375,-178.3427734375
13,tobillo_derecho,8,-11.1265258789063,-170.304016113281
13,tobillo_izquierdo,0,-5.265625,-225.481384277344
13,tobillo_izquierdo,1,-6.0,-225.0
13,tobillo_izquierdo,2,-6.0,-225.0
13,tobillo_izquierdo,3,-6.0,-225.0
13,tobillo_izquierdo,4,-6.0,-225.0
13,tobillo_izquierdo,5,-6.0,-225.0
13,tobillo_izquierdo,6,-7.0,-225.0
13,tobillo_izquierdo,7,-7.0,-225.0
13,tobillo_izquierdo,8,-8.0,-225.0
13,rodilla_izquierda,0,-33.1302490234375,-176.121154785156
13,rodilla_izquierda,1,-34.0,-176.0
13,rodilla_izquierda,2,-35.0,-176.0
13,rodilla_izquierda,3,-35.796142578125,-175.46923828125
13,rodilla_izquierda,4,-37.0,-175.0
13,rodilla_izquierda,5,-38.0,-175.734619140625
13,rodilla_izquierda,6,-38.796142578125,-176.673156738281
13,rodilla_izquierda,7,-40.0,-177.0
13,rodilla_izquierda,8,-42.326904296875,-176.734619140625
13,cadera_izquierda,0,-64.2409057617188,-118.690612792969
13,cadera_izquierda,1,-63.0808715820313,-121.857666015625
13,cadera_izquierda,2,-62.5501098632813,-125.511413574219
13,cadera_izquierda,3,-62.673095703125,-126.59228515625
13,cadera_izquierda,4,-64.0,-126.0
13,cadera_izquierda,5,-65.9349975585938,-124.391845703125
13,cadera_izquierda,6,-67.0,-124.0
13,cadera_izquierda,7,-68.0,-124.0
13,cadera_izquierda,8,-70.0,-124.0
14,cadera_derecha,0,10.7046508789063,-122.472839355469
14,cadera_derecha,1,13.2491455078125,-125.74853515625
14,cadera_derecha,2,15.622802734375,-129.497131347656
14,cadera_derecha,3,15.2479858398438,-129.872009277344
14,cadera_derecha,4,14.2479248046875,-127.622863769531
14,cadera_derecha,5,11.8720092773438,-126.123413085938
14,cadera_derecha,6,7.7474365234375,-125.373718261719
14,cadera_derecha,7,4.9976806640625,-122.749694824219
14,cadera_derecha,8,1.37371826171875,-120.125732421875
14,rodilla_derecha,0,54.5628662109375,-185.823486328125
14,rodilla_derecha,1,57.3737182617188,-181.125732421875
14,rodilla_derecha,2,55.6239624023438,-172.5029296875
14,rodilla_derecha,3,50.5006103515625,-167.628601074219
14,rodilla_derecha,4,45.2514038085938,-168.874328613281
14,rodilla_derecha,5,38.5028076171875,-167.002258300781
14,rodilla_derecha,6,34.5017700195313,-165.3759765625
14,rodilla_derecha,7,25.5028686523438,-159.753173828125
14,rodilla_derecha,8,13.6263427734375,-147.752014160156
14,tobillo_derecho,0,19.7012329101563,-175.702331542969
14,tobillo_derecho,1,36.6182250976563,-187.995361328125
14,tobillo_derecho,2,50.8627319335938,-205.36328125
14,tobillo_derecho,3,66.2318115234375,-223.356384277344
14,tobillo_derecho,4,72.622802734375,-229.247924804688
14,tobillo_derecho,5,66.1246337890625,-220.3759765625
14,tobillo_derecho,6,54.6286010742188,-204.257263183594
14,tobillo_derecho,7,42.2583618164063,-183.64013671875
14,tobillo_derecho,8,28.26416015625,-166.272216796875
14,tobillo_izquierdo,0,24.1809692382813,-234.546630859375
14,tobillo_izquierdo,1,24.0,-234.0
14,tobillo_izquierdo,2,24.0,-234.0
14,tobillo_izquierdo,3,24.0,-234.0
14,tobillo_izquierdo,4,24.0,-234.0
14,tobillo_izquierdo,5,24.0,-234.0
14,tobillo_izquierdo,6,23.0,-234.0
14,tobillo_izquierdo,7,21.5006103515625,-233.250305175781
14,tobillo_izquierdo,8,20.0,-233.0
14,rodilla_izquierda,0,-8.0,-185.0
14,rodilla_izquierda,1,-8.0,-185.0
14,rodilla_izquierda,2,-8.0,-185.124572753906
14,rodilla_izquierda,3,-8.6251220703125,-184.374877929688
14,rodilla_izquierda,4,-9.0,-184.0
14,rodilla_izquierda,5,-11.0,-184.0
14,rodilla_izquierda,6,-11.87548828125,-184.12451171875
14,rodilla_izquierda,7,-13.250244140625,-183.749694824219
14,rodilla_izquierda,8,-14.0542602539063,-183.19140625
14,cadera_izquierda,0,-36.545654296875,-127.337951660156
14,cadera_izquierda,1,-37.1245727539063,-130.124572753906
14,cadera_izquierda,2,-36.7508544921875,-133.373718261719
14,cadera_izquierda,3,-37.6251831054688,-133.749694824219
14,cadera_izquierda,4,-39.0,-133.0
14,cadera_izquierda,5,-40.3748779296875,-130.750854492188
14,cadera_izquierda,6,-42.12451171875,-129.626281738281
14,cadera_izquierda,7,-44.3748779296875,-127.125732421875
14,cadera_izquierda,8,-46.749755859375,-125.125671386719
15,cadera_derecha,0,-22.0206909179688,-124.664367675781
15,cadera_derecha,1,-19.696533203125,-130.134887695313
15,cadera_derecha,2,-17.1685180664063,-136.134887695313
15,cadera_derecha,3,-14.696533203125,-138.359558105469
15,cadera_derecha,4,-16.0,-137.528076171875
15,cadera_derecha,5,-19.0,-133.640441894531
15,cadera_derecha,6,-20.1123657226563,-131.584228515625
15,cadera_derecha,7,-22.584228515625,-130.05615234375
15,cadera_derecha,8,-24.0,-130.0
15,cadera_derecha,9,-26.5281372070313,-128.1123046875
15,rodilla_derecha,0,19.979736328125,-186.957214355469
15,rodilla_derecha,1,26.1911010742188,-182.224670410156
15,rodilla_derecha,2,25.74169921875,-176.438293457031
15,rodilla_derecha,3,20.9663696289063,-167.775329589844
15,rodilla_derecha,4,15.6630249023438,-164.719116210938
15,rodilla_derecha,5,9.52801513671875,-163.775268554688
15,rodilla_derecha,6,4.2808837890625,-161.0
15,rodilla_derecha,7,-0.88763427734375,-161.719177246094
15,rodilla_derecha,8,-9.1910400390625,-155.8876953125
15,rodilla_derecha,9,-21.8540649414063,-146.05615234375
15,tobillo_derecho,0,-14.4700927734375,-169.496337890625
15,tobillo_derecho,1,-3.0335693359375,-180.438293457031
15,tobillo_derecho,2,13.0676879882813,-190.764221191406
15,tobillo_derecho,3,28.697021484375,-208.281311035156
15,tobillo_derecho,4,43.1012573242188,-221.685546875
15,tobillo_derecho,5,46.359619140625,-221.0
15,tobillo_derecho,6,33.4157104492188,-208.719177246094
15,tobillo_derecho,7,20.3374633789063,-189.381652832031
15,tobillo_derecho,8,3.4608154296875,-170.808471679688
15,tobillo_derecho,9,-14.6293334960938,-157.336975097656
15,tobillo_izquierdo,0,-18.1104736328125,-234.50830078125
15,tobillo_izquierdo,1,-14.640380859375,-233.471862792969
15,tobillo_izquierdo,2,-14.528076171875,-232.528076171875
15,tobillo_izquierdo,3,-15.0,-232.0
15,tobillo_izquierdo,4,-15.0,-232.0
15,tobillo_izquierdo,5,-15.0,-232.0
15,tobillo_izquierdo,6,-15.0,-232.0
15,tobillo_izquierdo,7,-15.0,-232.0
15,tobillo_izquierdo,8,-16.0,-232.0
15,tobillo_izquierdo,9,-17.4157104492188,-231.528076171875
15,rodilla_izquierda,0,-42.6500854492188,-184.957214355469
15,rodilla_izquierda,1,-42.0,-184.0
15,rodilla_izquierda,2,-42.3931884765625,-181.74169921875
15,rodilla_izquierda,3,-43.0,-181.056213378906
15,rodilla_izquierda,4,-43.9999389648438,-179.584289550781
15,rodilla_izquierda,5,-45.0,-177.584289550781
15,rodilla_izquierda,6,-46.0,-177.0
15,rodilla_izquierda,7,-46.8876342773438,-177.696533203125
15,rodilla_izquierda,8,-47.0,-178.0
15,rodilla_izquierda,9,-48.0,-177.0
15,cadera_izquierda,0,-68.133544921875,-132.574584960938
15,cadera_izquierda,1,-67.1124267578125,-138.191101074219
15,cadera_izquierda,2,-65.2246704101563,-140.494445800781
15,cadera_izquierda,3,-63.8651123046875,-144.269775390625
15,cadera_izquierda,4,-63.4493408203125,-146.62939453125
15,cadera_izquierda,5,-63.9774169921875,-144.74169921875
15,cadera_izquierda,6,-65.3931884765625,-144.325927734375
15,cadera_izquierda,7,-68.2808837890625,-140.494506835938
15,cadera_izquierda,8,-69.7527465820313,-139.078735351563
15,cadera_izquierda,9,-72.6965942382813,-136.719177246094
16,cadera_derecha,0,35.2975463867188,-118.186279296875
16,cadera_derecha,1,36.0022583007813,-121.340942382813
16,cadera_derecha,2,37.3363647460938,-125.009094238281
16,cadera_derecha,3,39.6727294921875,-130.345458984375
16,cadera_derecha,4,38.331787109375,-129.331787109375
16,cadera_derecha,5,36.331787109375,-128.331787109375
16,cadera_derecha,6,34.3318481445313,-126.663635253906
16,cadera_derecha,7,31.3295288085938,-125.665893554688
16,cadera_derecha,8,29.331787109375,-123.663635253906
16,cadera_derecha,9,27.32958984375,-123.0
16,rodilla_derecha,0,73.3839111328125,-182.999816894531
16,rodilla_derecha,1,78.6680908203125,-182.665893554688
16,rodilla_derecha,2,83.706787109375,-178.045471191406
16,rodilla_derecha,3,81.0045166015625,-172.0068359375
16,rodilla_derecha,4,77.6568603515625,-168.659118652344
16,rodilla_derecha,5,71.6658935546875,-168.677307128906
16,rodilla_derecha,6,65.32958984375,-168.997741699219
16,rodilla_derecha,7,59.9954833984375,-166.663635253906
16,rodilla_derecha,8,51.6658935546875,-162.670471191406
16,rodilla_derecha,9,40.3318481445313,-154.009094238281
16,tobillo_derecho,0,33.961181640625,-162.620300292969
16,tobillo_derecho,1,46.02490234375,-168.009094238281
16,tobillo_derecho,2,58.7203369140625,-178.699951171875
16,tobillo_derecho,3,74.088623046875,-198.411315917969
16,tobillo_derecho,4,89.0318603515625,-218.045471191406
16,tobillo_derecho,5,100.67041015625,-230.997680664063
16,tobillo_derecho,6,98.0,-224.0
16,tobillo_derecho,7,85.013671875,-209.359069824219
16,tobillo_derecho,8,71.0841064453125,-187.922790527344
16,tobillo_derecho,9,52.6431884765625,-169.9794921875
16,tobillo_izquierdo,0,32.6406860351563,-236.095153808594
16,tobillo_izquierdo,1,35.3363647460938,-236.0
16,tobillo_izquierdo,2,37.0045166015625,-235.665954589844
16,tobillo_izquierdo,3,35.6704711914063,-234.329528808594
16,tobillo_izquierdo,4,35.0023193359375,-234.329528808594
16,tobillo_izquierdo,5,34.668212890625,-233.327270507813
16,tobillo_izquierdo,6,35.0,-233.0
16,tobillo_izquierdo,7,35.0,-233.0
16,tobillo_izquierdo,8,34.0,-233.0
16,tobillo_izquierdo,9,34.0,-233.0
16,rodilla_izquierda,0,8.92034912109375,-187.317993164063
16,rodilla_izquierda,1,9.66815185546875,-187.0
16,rodilla_izquierda,2,9.668212890625,-185.663635253906
16,rodilla_izquierda,3,9.331787109375,-184.663635253906
16,rodilla_izquierda,4,8.99993896484375,-183.659118652344
16,rodilla_izquierda,5,7.995361328125,-182.656799316406
16,rodilla_izquierda,6,6.9954833984375,-181.988647460938
16,rodilla_izquierda,7,5.99542236328125,-181.988647460938
16,rodilla_izquierda,8,3.661376953125,-180.988586425781
16,rodilla_izquierda,9,2.9931640625,-180.984069824219
16,cadera_izquierda,0,-13.1296997070313,-128.852172851563
16,cadera_izquierda,1,-12.6636352539063,-132.677185058594
16,cadera_izquierda,2,-11.3272705078125,-136.009094238281
16,cadera_izquierda,3,-10.3272094726563,-139.674987792969
16,cadera_izquierda,4,-11.0,-140.002319335938
16,cadera_izquierda,5,-13.0,-138.0
16,cadera_izquierda,6,-15.0045166015625,-136.661376953125
16,cadera_izquierda,7,-17.331787109375,-135.665893554688
16,cadera_izquierda,8,-19.6658935546875,-134.0
16,cadera_izquierda,9,-20.6658935546875,-133.665893554688
17,cadera_derecha,0,31.3278198242188,-130.360961914063
17,cadera_derecha,1,32.4157104492188,-132.359558105469
17,cadera_derecha,2,33.359619140625,-135.719116210938
17,cadera_derecha,3,33.3595581054688,-133.831481933594
17,cadera_derecha,4,31.1911010742188,-130.471923828125
17,cadera_derecha,5,29.1910400390625,-129.1123046875
17,cadera_derecha,6,26.6629638671875,-128.1123046875
17,cadera_derecha,7,24.91015625,-127.191101074219
17,rodilla_derecha,0,74.27197265625,-189.350341796875
17,rodilla_derecha,1,71.7752685546875,-178.303344726563
17,rodilla_derecha,2,66.584228515625,-173.05615234375
17,rodilla_derecha,3,63.0,-170.303344726563
17,rodilla_derecha,4,56.4718627929688,-168.550720214844
17,rodilla_derecha,5,50.3594970703125,-165.854064941406
17,rodilla_derecha,6,43.0,-162.966369628906
17,rodilla_derecha,7,35.528076171875,-159.7978515625
17,tobillo_derecho,0,48.3167724609375,-188.87841796875
17,tobillo_derecho,1,62.74169921875,-199.382141113281
17,tobillo_derecho,2,72.5958251953125,-214.842956542969
17,tobillo_derecho,3,81.966552734375,-230.51708984375
17,tobillo_derecho,4,83.8314208984375,-228.584228515625
17,tobillo_derecho,5,74.4493408203125,-214.786376953125
17,tobillo_derecho,6,59.843017578125,-191.471435546875
17,tobillo_derecho,7,41.9549560546875,-168.348083496094
17,tobillo_izquierdo,0,27.0695190429688,-237.081481933594
17,tobillo_izquierdo,1,27.0,-237.0
17,tobillo_izquierdo,2,27.94384765625,-236.528076171875
17,tobillo_izquierdo,3,27.471923828125,-236.471923828125
17,tobillo_izquierdo,4,27.471923828125,-236.0
17,tobillo_izquierdo,5,27.0,-236.0
17,tobillo_izquierdo,6,27.0,-236.0
17,tobillo_izquierdo,7,26.0,-236.0
17,rodilla_izquierda,0,2.0579833984375,-186.586547851563
17,rodilla_izquierda,1,2.0,-185.0
17,rodilla_izquierda,2,2.05621337890625,-183.16845703125
17,rodilla_izquierda,3,2.0,-181.112365722656
17,rodilla_izquierda,4,1.05621337890625,-181.0
17,rodilla_izquierda,5,0.0,-181.0
17,rodilla_izquierda,6,-1.0,-181.0
17,rodilla_izquierda,7,-2.0,-181.0
17,cadera_izquierda,0,-18.706298828125,-136.091613769531
17,cadera_izquierda,1,-18.05615234375,-140.719116210938
17,cadera_izquierda,2,-16.6965942382813,-146.606811523438
17,cadera_izquierda,3,-16.05615234375,-146.0
17,cadera_izquierda,4,-17.528076171875,-143.528137207031
17,cadera_izquierda,5,-20.0,-140.0
17,cadera_izquierda,6,-21.9437866210938,-137.112365722656
17,cadera_izquierda,7,-23.94384765625,-134.640441894531
18,cadera_derecha,0,26.88623046875,-128.120361328125
18,cadera_derecha,1,28.6727294921875,-132.009094238281
18,cadera_derecha,2,30.3408813476563,-133.345458984375
18,cadera_derecha,3,28.3408813476563,-130.672668457031
18,cadera_derecha,4,24.0045166015625,-126.32958984375
18,cadera_derecha,5,20.6727294921875,-123.990905761719
18,cadera_derecha,6,19.0068359375,-123.656799316406
18,cadera_derecha,7,18.0090942382813,-123.32275390625
18,rodilla_derecha,0,71.9884033203125,-181.908935546875
18,rodilla_derecha,1,70.995361328125,-176.322814941406
18,rodilla_derecha,2,67.654541015625,-172.315856933594
18,rodilla_derecha,3,63.3251953125,-170.997680664063
18,rodilla_derecha,4,54.9863891601563,-169.334106445313
18,rodilla_derecha,5,49.9909057617188,-165.33642578125
18,rodilla_derecha,6,43.3272705078125,-164.340881347656
18,rodilla_derecha,7,33.66357421875,-156.038635253906
18,tobillo_derecho,0,52.9453125,-188.256652832031
18,tobillo_derecho,1,67.699951171875,-205.038635253906
18,tobillo_derecho,2,82.4000244140625,-225.759033203125
18,tobillo_derecho,3,92.3568115234375,-237.027221679688
18,tobillo_derecho,4,88.486328125,-227.340942382813
18,tobillo_derecho,5,74.790771484375,-212.640930175781
18,tobillo_derecho,6,61.4295043945313,-187.918212890625
18,tobillo_derecho,7,43.3886108398438,-165.868225097656
18,tobillo_izquierdo,0,23.6681518554688,-239.334045410156
18,tobillo_izquierdo,1,24.0023193359375,-239.334106445313
18,tobillo_izquierdo,2,24.0022583007813,-238.331848144531
18,tobillo_izquierdo,3,24.0023193359375,-237.997741699219
18,tobillo_izquierdo,4,23.3341064453125,-237.66357421875
18,tobillo_izquierdo,5,23.3341064453125,-237.997741699219
18,tobillo_izquierdo,6,22.668212890625,-237.997741699219
18,tobillo_izquierdo,7,22.8726196289063,-238.704284667969
18,rodilla_izquierda,0,-1.99774169921875,-185.336364746094
18,rodilla_izquierda,1,-2.0,-185.0
18,rodilla_izquierda,2,-2.0,-184.0
18,rodilla_izquierda,3,-2.0023193359375,-181.9931640625
18,rodilla_izquierda,4,-2.668212890625,-180.9931640625
18,rodilla_izquierda,5,-4.00225830078125,-180.9931640625
18,rodilla_izquierda,6,-5.33636474609375,-180.325012207031
18,rodilla_izquierda,7,-5.85919189453125,-182.242980957031
18,cadera_izquierda,0,-23.6658935546875,-136.352233886719
18,cadera_izquierda,1,-21.9931640625,-141.363647460938
18,cadera_izquierda,2,-19.9863891601563,-145.372680664063
18,cadera_izquierda,3,-20.6522827148438,-145.038635253906
18,cadera_izquierda,4,-23.6591186523438,-141.361328125
18,cadera_izquierda,5,-26.0,-137.681823730469
18,cadera_izquierda,6,-27.3295288085938,-137.020385742188
18,cadera_izquierda,7,-29.57958984375,-133.131774902344
19,cadera_derecha,0,7.704345703125,-122.847595214844
19,cadera_derecha,1,8.66363525390625,-127.674987792969
19,cadera_derecha,2,10.661376953125,-134.015930175781
19,cadera_derecha,3,9.98638916015625,-135.347717285156
19,cadera_derecha,4,8.977294921875,-135.67041015625
19,cadera_derecha,5,6.9908447265625,-133.338623046875
19,cadera_derecha,6,5.3250732421875,-131.334106445313
19,cadera_derecha,7,2.66131591796875,-129.66357421875
19,cadera_derecha,8,0.32720947265625,-129.663635253906
19,rodilla_derecha,0,44.4542846679688,-180.311157226563
19,rodilla_derecha,1,49.6727294921875,-178.663635253906
19,rodilla_derecha,2,51.668212890625,-176.320495605469
19,rodilla_derecha,3,45.9886474609375,-168.302307128906
19,rodilla_derecha,4,42.9795532226563,-168.970520019531
19,rodilla_derecha,5,38.638671875,-168.636352539063
19,rodilla_derecha,6,30.9749755859375,-164.647766113281
19,rodilla_derecha,7,27.3045654296875,-161.640930175781
19,rodilla_derecha,8,18.6681518554688,-156.677185058594
19,tobillo_derecho,0,9.0406494140625,-157.927124023438
19,tobillo_derecho,1,16.0067749023438,-164.340942382813
19,tobillo_derecho,2,35.0499267578125,-181.040893554688
19,tobillo_derecho,3,49.4158935546875,-200.752197265625
19,tobillo_derecho,4,62.1112670898438,-218.793090820313
19,tobillo_derecho,5,67.7999267578125,-223.811279296875
19,tobillo_derecho,6,60.4476318359375,-211.777221679688
19,tobillo_derecho,7,47.0885620117188,-195.072692871094
19,tobillo_derecho,8,34.0635986328125,-177.365905761719
19,tobillo_izquierdo,0,7.0,-227.0
19,tobillo_izquierdo,1,7.0,-227.0
19,tobillo_izquierdo,2,8.0,-227.0
19,tobillo_izquierdo,3,8.0,-227.0
19,tobillo_izquierdo,4,8.0,-227.0
19,tobillo_izquierdo,5,8.0,-227.0
19,tobillo_izquierdo,6,8.0,-227.0
19,tobillo_izquierdo,7,8.015625,-227.072448730469
19,tobillo_izquierdo,8,6.99774169921875,-227.0
19,rodilla_izquierda,0,-20.3820190429688,-182.302062988281
19,rodilla_izquierda,1,-20.6659545898438,-182.009094238281
19,rodilla_izquierda,2,-20.6659545898438,-181.340942382813
19,rodilla_izquierda,3,-20.3318481445313,-179.672668457031
19,rodilla_izquierda,4,-19.9954223632813,-179.013610839844
19,rodilla_izquierda,5,-19.3272705078125,-178.679504394531
19,rodilla_izquierda,6,-20.6658935546875,-178.0
19,rodilla_izquierda,7,-22.0,-178.0
19,rodilla_izquierda,8,-24.0,-178.0
19,cadera_izquierda,0,-35.7523193359375,-132.188598632813
19,cadera_izquierda,1,-35.3318481445313,-136.340881347656
19,cadera_izquierda,2,-33.9954223632813,-141.343200683594
19,cadera_izquierda,3,-34.0,-143.668212890625
19,cadera_izquierda,4,-35.0,-143.0
19,cadera_izquierda,5,-35.9977416992188,-142.004516601563
19,cadera_izquierda,6,-38.0,-139.0
19,cadera_izquierda,7,-41.0068359375,-136.320495605469
19,cadera_izquierda,8,-44.0,-135.0
20,tobillo_derecho,0,52.186767578125,-188.320556640625
20,tobillo_derecho,1,61.8707885742188,-202.993103027344
20,tobillo_derecho,2,74.1199951171875,-219.742797851563
20,tobillo_derecho,3,78.3736572265625,-223.498291015625
20,tobillo_derecho,4,69.5028076171875,-213.628540039063
20,tobillo_derecho,5,56.1107177734375,-196.137268066406
20,tobillo_derecho,6,40.1152954101563,-175.016235351563
20,tobillo_derecho,7,21.2572021484375,-161.13037109375
20,rodilla_derecha,0,64.5570068359375,-181.198303222656
20,rodilla_derecha,1,59.5005493164063,-172.501770019531
20,rodilla_derecha,2,54.6262817382813,-168.126892089844
20,rodilla_derecha,3,50.2503051757813,-168.499450683594
20,rodilla_derecha,4,41.7508544921875,-165.12451171875
20,rodilla_derecha,5,35.6251220703125,-162.873046875
20,rodilla_derecha,6,27.0,-160.246826171875
20,rodilla_derecha,7,15.1268920898438,-153.117614746094
20,cadera_derecha,0,19.9491577148438,-135.465942382813
20,cadera_derecha,1,20.4994506835938,-137.998840332031
20,cadera_derecha,2,21.6240234375,-140.123413085938
20,cadera_derecha,3,19.74853515625,-138.623962402344
20,cadera_derecha,4,16.8731079101563,-136.749694824219
20,cadera_derecha,5,13.37255859375,-134.0
20,cadera_derecha,6,10.122314453125,-130.749694824219
20,cadera_derecha,7,8.7474365234375,-128.750854492188
20,tobillo_izquierdo,0,16.8164672851563,-232.5419921875
20,tobillo_izquierdo,1,16.3748779296875,-232.374816894531
20,tobillo_izquierdo,2,16.0,-231.625122070313
20,tobillo_izquierdo,3,15.6251831054688,-231.625122070313
20,tobillo_izquierdo,4,16.0,-232.0
20,tobillo_izquierdo,5,15.0,-232.0
20,tobillo_izquierdo,6,14.250244140625,-232.0
20,tobillo_izquierdo,7,13.125732421875,-231.625122070313
20,rodilla_izquierda,0,-10.5479125976563,-183.435913085938
20,rodilla_izquierda,1,-11.0,-183.0
20,rodilla_izquierda,2,-12.0,-182.0
20,rodilla_izquierda,3,-12.3748168945313,-182.374877929688
20,rodilla_izquierda,4,-13.250244140625,-181.625183105469
20,rodilla_izquierda,5,-14.6251831054688,-182.124572753906
20,rodilla_izquierda,6,-15.6251220703125,-182.0
20,rodilla_izquierda,7,-15.0,-182.0
20,cadera_izquierda,0,-27.7913208007813,-143.326293945313
20,cadera_izquierda,1,-27.8754272460938,-145.623962402344
20,cadera_izquierda,2,-27.8754272460938,-146.874267578125
20,cadera_izquierda,3,-28.6251220703125,-146.6240234375
20,cadera_izquierda,4,-28.8753662109375,-146.374877929688
20,cadera_izquierda,5,-31.0,-145.0
20,cadera_izquierda,6,-33.0,-142.0
20,cadera_izquierda,7,-35.7485961914063,-137.628601074219
21,tobillo_derecho,0,72.37841796875,-170.629821777344
21,tobillo_derecho,1,81.9989013671875,-183.371337890625
21,tobillo_derecho,2,90.1890869140625,-198.189086914063
21,tobillo_derecho,3,98.246826171875,-215.243347167969
21,tobillo_derecho,4,99.4993896484375,-223.996520996094
21,tobillo_derecho,5,89.753173828125,-212.87890625
21,tobillo_derecho,6,76.75439453125,-198.13037109375
21,tobillo_derecho,7,64.3770751953125,-178.129211425781
21,rodilla_derecha,0,91.246826171875,-184.864990234375
21,rodilla_derecha,1,92.1234130859375,-175.622802734375
21,rodilla_derecha,2,87.93994140625,-168.950317382813
21,rodilla_derecha,3,83.625244140625,-168.123474121094
21,rodilla_derecha,4,77.12451171875,-166.748474121094
21,rodilla_derecha,5,71.0,-163.87548828125
21,rodilla_derecha,6,65.3760986328125,-159.501770019531
21,rodilla_derecha,7,56.877685546875,-154.377136230469
21,cadera_derecha,0,56.4520874023438,-129.590515136719
21,cadera_derecha,1,58.2491455078125,-132.874267578125
21,cadera_derecha,2,59.4993896484375,-135.623962402344
21,cadera_derecha,3,59.4994506835938,-136.0
21,cadera_derecha,4,56.3748779296875,-134.500549316406
21,cadera_derecha,5,52.3748168945313,-132.500549316406
21,cadera_derecha,6,50.3748779296875,-128.626342773438
21,cadera_derecha,7,48.0,-126.0
21,tobillo_izquierdo,0,51.4520263671875,-227.175231933594
21,tobillo_izquierdo,1,51.4993896484375,-226.625183105469
21,tobillo_izquierdo,2,52.1245727539063,-226.374816894531
21,tobillo_izquierdo,3,52.0,-226.0
21,tobillo_izquierdo,4,52.0,-226.0
21,tobillo_izquierdo,5,52.0,-226.0
21,tobillo_izquierdo,6,52.0,-226.0
21,tobillo_izquierdo,7,50.8754272460938,-226.0
21,rodilla_izquierda,0,25.9619140625,-185.191345214844
21,rodilla_izquierda,1,25.0,-182.750915527344
21,rodilla_izquierda,2,25.3748779296875,-181.750854492188
21,rodilla_izquierda,3,26.1245727539063,-180.749694824219
21,rodilla_izquierda,4,26.0,-178.250305175781
21,rodilla_izquierda,5,26.0,-179.0
21,rodilla_izquierda,6,24.0,-178.0
21,rodilla_izquierda,7,22.87548828125,-177.750854492188
21,cadera_izquierda,0,9.84307861328125,-138.334411621094
21,cadera_izquierda,1,9.749755859375,-140.998840332031
21,cadera_izquierda,2,10.4994506835938,-144.748596191406
21,cadera_izquierda,3,10.7496948242188,-145.0
21,cadera_izquierda,4,9.0,-142.0
21,cadera_izquierda,5,7.250244140625,-138.125732421875
21,cadera_izquierda,6,5.12567138671875,-134.876586914063
21,cadera_izquierda,7,2.5006103515625,-131.500610351563
22,cadera_derecha,0,11.5885009765625,-127.486267089844
22,cadera_derecha,1,12.67041015625,-132.343139648438
22,cadera_derecha,2,14.3408813476563,-136.009094238281
22,cadera_derecha,3,14.3408813476563,-137.336364746094
22,cadera_derecha,4,10.6704711914063,-135.329528808594
22,cadera_derecha,5,8.0067138671875,-135.327331542969
22,cadera_derecha,6,5.0068359375,-135.661376953125
22,cadera_derecha,7,4.0091552734375,-135.997680664063
22,rodilla_derecha,0,57.35888671875,-180.606628417969
22,rodilla_derecha,1,56.3295288085938,-174.652282714844
22,rodilla_derecha,2,51.3226928710938,-167.318176269531
22,rodilla_derecha,3,45.9863891601563,-169.67041015625
22,rodilla_derecha,4,37.3250122070313,-168.659118652344
22,rodilla_derecha,5,33.0,-170.0
22,rodilla_derecha,6,24.9931640625,-168.997741699219
22,rodilla_derecha,7,16.9886474609375,-166.327270507813
22,tobillo_derecho,0,36.645263671875,-185.952087402344
22,tobillo_derecho,1,48.0272216796875,-200.702209472656
22,tobillo_derecho,2,60.054443359375,-216.404479980469
22,tobillo_derecho,3,70.3568115234375,-229.029479980469
22,tobillo_derecho,4,71.67041015625,-226.327270507813
22,tobillo_derecho,5,61.3135986328125,-214.975036621094
22,tobillo_derecho,6,46.3886108398438,-196.915954589844
22,tobillo_derecho,7,29.3522338867188,-182.550109863281
22,tobillo_izquierdo,0,11.3247680664063,-236.445129394531
22,tobillo_izquierdo,1,11.0,-235.665893554688
22,tobillo_izquierdo,2,11.0,-235.0
22,tobillo_izquierdo,3,11.0,-235.0
22,tobillo_izquierdo,4,12.33642578125,-235.0
22,tobillo_izquierdo,5,12.0,-235.0
22,tobillo_izquierdo,6,11.3318481445313,-235.0
22,tobillo_izquierdo,7,10.3318481445313,-234.665893554688
22,rodilla_izquierda,0,-16.0706787109375,-180.986145019531
22,rodilla_izquierda,1,-16.6659545898438,-180.0
22,rodilla_izquierda,2,-16.6659545898438,-180.0
22,rodilla_izquierda,3,-16.6658935546875,-179.331787109375
22,rodilla_izquierda,4,-17.0,-179.0
22,rodilla_izquierda,5,-18.6681518554688,-178.997680664063
22,rodilla_izquierda,6,-20.0,-179.665893554688
22,rodilla_izquierda,7,-21.0,-180.0
22,cadera_izquierda,0,-37.452392578125,-136.88623046875
22,cadera_izquierda,1,-38.0,-138.0
22,cadera_izquierda,2,-38.0,-141.0
22,cadera_izquierda,3,-37.6591186523438,-144.686401367188
22,cadera_izquierda,4,-40.0,-143.0
22,cadera_izquierda,5,-42.6704711914063,-141.327270507813
22,cadera_izquierda,6,-47.0,-140.0
23,cadera_derecha,0,48.0202026367188,-128.452209472656
23,cadera_derecha,1,48.6681518554688,-134.679565429688
23,cadera_derecha,2,51.338623046875,-139.022705078125
23,cadera_derecha,3,52.3295288085938,-142.011352539063
23,cadera_derecha,4,52.3363647460938,-139.672729492188
23,cadera_derecha,5,49.3408813476563,-136.334106445313
23,cadera_derecha,6,46.0090942382813,-133.995483398438
23,cadera_derecha,7,42.345458984375,-132.334045410156
23,cadera_derecha,8,40.6771850585938,-130.66357421875
23,rodilla_derecha,0,90.1156005859375,-182.908935546875
23,rodilla_derecha,1,93.0067138671875,-179.327270507813
23,rodilla_derecha,2,91.3341064453125,-172.311401367188
23,rodilla_derecha,3,87.324951171875,-169.972778320313
23,rodilla_derecha,4,82.650146484375,-169.972717285156
23,rodilla_derecha,5,75.30908203125,-167.970458984375
23,rodilla_derecha,6,69.64990234375,-164.974975585938
23,rodilla_derecha,7,61.9818115234375,-164.645446777344
23,rodilla_derecha,8,51.977294921875,-160.318237304688
23,tobillo_derecho,0,63.388427734375,-175.558959960938
23,tobillo_derecho,1,75.02734375,-184.354553222656
23,tobillo_derecho,2,89.0567626953125,-196.047668457031
23,tobillo_derecho,3,102.08642578125,-212.418151855469
23,tobillo_derecho,4,112.443115234375,-224.779479980469
23,tobillo_derecho,5,112.109008789063,-220.434020996094
23,tobillo_derecho,6,97.4090576171875,-210.404479980469
23,tobillo_derecho,7,81.3863525390625,-192.704528808594
23,tobillo_derecho,8,61.6226806640625,-176.963684082031
23,tobillo_izquierdo,0,51.0610961914063,-231.08154296875
23,tobillo_izquierdo,1,52.6681518554688,-230.331787109375
23,tobillo_izquierdo,2,53.0022583007813,-230.0
23,tobillo_izquierdo,3,53.0,-229.331848144531
23,tobillo_izquierdo,4,53.0,-229.0
23,tobillo_izquierdo,5,53.0,-229.0
23,tobillo_izquierdo,6,53.0,-229.0
23,tobillo_izquierdo,7,53.0,-229.0
23,tobillo_izquierdo,8,52.0,-229.0
23,rodilla_izquierda,0,23.6657104492188,-182.638488769531
23,rodilla_izquierda,1,23.3341064453125,-182.0
23,rodilla_izquierda,2,23.0,-180.329528808594
23,rodilla_izquierda,3,22.6658935546875,-178.997741699219
23,rodilla_izquierda,4,22.0,-178.0
23,rodilla_izquierda,5,22.668212890625,-178.0
23,rodilla_izquierda,6,21.0,-178.0
23,rodilla_izquierda,7,20.0,-179.0
23,rodilla_izquierda,8,19.6659545898438,-179.995483398438
23,cadera_izquierda,0,0.2794189453125,-134.529418945313
23,cadera_izquierda,1,1.0023193359375,-139.009094238281
23,cadera_izquierda,2,1.0,-140.0
23,cadera_izquierda,3,2.00457763671875,-144.009094238281
23,cadera_izquierda,4,1.0,-144.0
23,cadera_izquierda,5,0.0,-143.0
23,cadera_izquierda,6,-2.668212890625,-139.329528808594
23,cadera_izquierda,7,-5.668212890625,-137.665893554688
23,cadera_izquierda,8,-6.66363525390625,-136.334106445313
48,cadera_derecha,0,-60.3634033203125,-134.672546386719
48,cadera_derecha,1,-59.1790771484375,-134.410400390625
48,cadera_derecha,2,-58.358154296875,-136.28369140625
48,cadera_derecha,3,-59.0,-133.0
48,cadera_derecha,4,-59.8209228515625,-132.768615722656
48,cadera_derecha,5,-61.4104614257813,-131.410461425781
48,cadera_derecha,6,-63.0,-131.0
48,cadera_derecha,7,-65.0,-130.0
48,cadera_derecha,8,-68.5895385742188,-126.052307128906
48,cadera_izquierda,0,-108.796997070313,-148.217590332031
48,cadera_izquierda,1,-108.0,-148.0
48,cadera_izquierda,2,-105.94775390625,-150.05224609375
48,cadera_izquierda,3,-106.0,-149.0
48,cadera_izquierda,4,-106.0,-149.0
48,cadera_izquierda,5,-107.410461425781,-146.947692871094
48,cadera_izquierda,6,-108.0,-144.768615722656
48,cadera_izquierda,7,-109.641784667969,-142.716369628906
48,cadera_izquierda,8,-112.0,-139.0
48,rodilla_izquierda,0,-64.0574951171875,-194.598937988281
48,rodilla_izquierda,1,-65.3582153320313,-194.283569335938
48,rodilla_izquierda,2,-65.2536010742188,-193.850830078125
48,rodilla_izquierda,3,-66.4849853515625,-193.671813964844
48,rodilla_izquierda,4,-66.4850463867188,-192.029968261719
48,rodilla_izquierda,5,-67.305908203125,-190.567260742188
48,rodilla_izquierda,6,-69.3582153320313,-188.925476074219
48,rodilla_izquierda,7,-69.1790771484375,-187.820983886719
48,rodilla_izquierda,8,-72.5895385742188,-186.05224609375
48,rodilla_derecha,0,-5.77301025390625,-193.778015136719
48,rodilla_derecha,1,-3.61187744140625,-187.514953613281
48,rodilla_derecha,2,-5.02227783203125,-181.104553222656
48,rodilla_derecha,3,-7.201416015625,-177.156860351563
48,rodilla_derecha,4,-12.94775390625,-174.283569335938
48,rodilla_derecha,5,-17.3058471679688,-171.104553222656
48,rodilla_derecha,6,-24.0,-166.641845703125
48,rodilla_derecha,7,-32.7540893554688,-162.066833496094
48,rodilla_derecha,8,-44.0,-153.671813964844
48,tobillo_izquierdo,0,-27.9375,-248.368347167969
48,tobillo_izquierdo,1,-28.0,-248.0
48,tobillo_izquierdo,2,-28.0,-248.0
48,tobillo_izquierdo,3,-26.7686157226563,-247.589538574219
48,tobillo_izquierdo,4,-26.358154296875,-248.0
48,tobillo_izquierdo,5,-25.9476928710938,-247.179077148438
48,tobillo_izquierdo,6,-27.1790771484375,-246.768615722656
48,tobillo_izquierdo,7,-27.1790771484375,-245.537292480469
48,tobillo_izquierdo,8,-28.0,-243.484985351563
48,tobillo_derecho,0,-15.6238403320313,-216.352966308594
48,tobillo_derecho,1,-0.14910888671875,-227.514953613281
48,tobillo_derecho,2,14.8809204101563,-241.72412109375
48,tobillo_derecho,3,23.6795043945313,-245.418151855469
48,tobillo_derecho,4,20.6795654296875,-242.112243652344
48,tobillo_derecho,5,12.0599975585938,-231.209106445313
48,tobillo_derecho,6,-2.71636962890625,-212.738647460938
48,tobillo_derecho,7,-17.082275390625,-193.447265625
48,tobillo_derecho,8,-28.9854736328125,-178.260498046875
46,cadera_derecha,0,-62.3257446289063,-127.814880371094
46,cadera_derecha,1,-60.0,-130.0
46,cadera_derecha,2,-57.2313842773438,-133.410461425781
46,cadera_derecha,3,-56.1790771484375,-134.641845703125
46,cadera_derecha,4,-56.0,-134.0
46,cadera_derecha,5,-57.0,-133.0
46,cadera_derecha,6,-57.8209228515625,-132.768615722656
46,cadera_derecha,7,-59.2313232421875,-130.358154296875
46,cadera_derecha,8,-61.4104614257813,-129.179077148438
46,cadera_derecha,9,-63.0,-128.0
46,cadera_derecha,10,-64.8209228515625,-124.484985351563
46,cadera_derecha,11,-67.358154296875,-120.410461425781
46,cadera_izquierda,0,-98.03515625,-142.180725097656
46,cadera_izquierda,1,-97.0,-143.0
46,cadera_izquierda,2,-95.3582153320313,-145.052307128906
46,cadera_izquierda,3,-94.358154296875,-146.641784667969
46,cadera_izquierda,4,-96.0,-146.0
46,cadera_izquierda,5,-96.0,-145.179077148438
46,cadera_izquierda,6,-97.641845703125,-143.768615722656
46,cadera_izquierda,7,-98.8209228515625,-141.768676757813
46,cadera_izquierda,8,-99.4104614257813,-139.768615722656
46,cadera_izquierda,9,-100.820922851563,-137.358215332031
46,cadera_izquierda,10,-102.231323242188,-135.768737792969
46,cadera_izquierda,11,-105.283569335938,-131.074584960938
46,tobillo_derecho,0,-45.0866088867188,-183.636596679688
46,tobillo_derecho,1,-33.6641235351563,-187.104614257813
46,tobillo_derecho,2,-21.27587890625,-193.977722167969
46,tobillo_derecho,3,-7.32049560546875,-206.291320800781
46,tobillo_derecho,4,7.2244873046875,-217.784057617188
46,tobillo_derecho,5,17.6649169921875,-226.403564453125
46,tobillo_derecho,6,18.48583984375,-221.478088378906
46,tobillo_derecho,7,12.9708251953125,-213.679443359375
46,tobillo_derecho,8,1.04541015625,-200.470458984375
46,tobillo_derecho,9,-10.783203125,-189.05224609375
46,tobillo_derecho,10,-25.0668334960938,-179.052307128906
46,tobillo_derecho,11,-41.119140625,-179.418151855469
46,rodilla_derecha,0,-20.0489501953125,-186.099365234375
46,rodilla_derecha,1,-12.3582153320313,-182.716369628906
46,rodilla_derecha,2,-7.1268310546875,-179.328186035156
46,rodilla_derecha,3,-5.0745849609375,-175.634094238281
46,rodilla_derecha,4,-4.71636962890625,-170.298217773438
46,rodilla_derecha,5,-8.23138427734375,-165.372741699219
46,rodilla_derecha,6,-15.1567993164063,-162.783203125
46,rodilla_derecha,7,-19.4927368164063,-161.447265625
46,rodilla_derecha,8,-23.7686157226563,-159.2236328125
46,rodilla_derecha,9,-32.7686157226563,-153.865478515625
46,rodilla_derecha,10,-39.8955078125,-151.790893554688
46,rodilla_derecha,11,-48.4327392578125,-147.768615722656
46,tobillo_izquierdo,0,-23.3325805664063,-229.197021484375
46,tobillo_izquierdo,1,-23.0,-229.0
46,tobillo_izquierdo,2,-21.3582153320313,-229.410461425781
46,tobillo_izquierdo,3,-20.94775390625,-229.0
46,tobillo_izquierdo,4,-21.7686767578125,-227.768676757813
46,tobillo_izquierdo,5,-20.9476928710938,-227.768615722656
46,tobillo_izquierdo,6,-21.3582153320313,-227.768676757813
46,tobillo_izquierdo,7,-21.7686767578125,-226.94775390625
46,tobillo_izquierdo,8,-21.7686157226563,-226.94775390625
46,tobillo_izquierdo,9,-21.358154296875,-226.126831054688
46,tobillo_izquierdo,10,-21.7686157226563,-226.126831054688
46,tobillo_izquierdo,11,-23.8208618164063,-224.074584960938
46,rodilla_izquierda,0,-66.019775390625,-178.711120605469
46,rodilla_izquierda,1,-61.3359985351563,-180.94775390625
46,rodilla_izquierda,2,-58.38818359375,-182.484924316406
46,rodilla_izquierda,3,-58.1568603515625,-181.895385742188
46,rodilla_izquierda,4,-58.1567993164063,-181.71630859375
46,rodilla_izquierda,5,-60.8508911132813,-180.664123535156
46,rodilla_izquierda,6,-62.9032592773438,-179.022277832031
46,rodilla_izquierda,7,-63.7240600585938,-177.970031738281
46,rodilla_izquierda,8,-64.72412109375,-177.969970703125
46,rodilla_izquierda,9,-65.8508911132813,-177.201416015625
46,rodilla_izquierda,10,-67.4104614257813,-176.231323242188
46,rodilla_izquierda,11,-70.5595703125,-172.850830078125
47,tobillo_derecho,0,-0.90509033203125,-198.659729003906
47,tobillo_derecho,1,13.7501831054688,-201.302673339844
47,tobillo_derecho,2,28.42138671875,-209.8291015625
47,tobillo_derecho,3,42.2509765625,-220.513427734375
47,tobillo_derecho,4,56.9879760742188,-233.408386230469
47,tobillo_derecho,5,69.9620361328125,-243.540283203125
47,tobillo_derecho,6,70.883056640625,-239.856018066406
47,tobillo_derecho,7,62.5139770507813,-233.408386230469
47,tobillo_derecho,8,49.6190185546875,-218.671325683594
47,tobillo_derecho,9,33.4215087890625,-209.078979492188
47,tobillo_derecho,10,17.9609375,-194.999938964844
47,tobillo_derecho,11,4.72418212890625,-193.276611328125
47,tobillo_derecho,12,-15.1838989257813,-181.500427246094
47,rodilla_derecha,0,21.1322021484375,-194.376586914063
47,rodilla_derecha,1,30.0,-191.697326660156
47,rodilla_derecha,2,37.4605712890625,-188.789245605469
47,rodilla_derecha,3,42.315673828125,-185.354797363281
47,rodilla_derecha,4,41.4735107421875,-181.2099609375
47,rodilla_derecha,5,41.6314086914063,-177.525634765625
47,rodilla_derecha,6,36.4866333007813,-176.525634765625
47,rodilla_derecha,7,26.0919189453125,-170.0390625
47,rodilla_derecha,8,21.0658569335938,-168.315734863281
47,rodilla_derecha,9,13.2237548828125,-163.013000488281
47,rodilla_derecha,10,4.98699951171875,-160.460571289063
47,rodilla_derecha,11,-2.7103271484375,-158.289672851563
47,rodilla_derecha,12,-12.93408203125,-153.052856445313
47,tobillo_izquierdo,0,18.5302124023438,-245.117614746094
47,tobillo_izquierdo,1,20.3026733398438,-245.460571289063
47,tobillo_izquierdo,2,21.2238159179688,-245.460510253906
47,tobillo_izquierdo,3,23.9869995117188,-246.842102050781
47,tobillo_izquierdo,4,23.9868774414063,-245.921081542969
47,tobillo_izquierdo,5,25.3685302734375,-247.302673339844
47,tobillo_izquierdo,6,24.9080810546875,-245.921020507813
47,tobillo_izquierdo,7,24.9080200195313,-246.381591796875
47,tobillo_izquierdo,8,24.9080810546875,-246.381591796875
47,tobillo_izquierdo,9,23.9869995117188,-245.0
47,tobillo_izquierdo,10,23.9868774414063,-245.921081542969
47,tobillo_izquierdo,11,22.144775390625,-243.618408203125
47,tobillo_izquierdo,12,21.2238159179688,-240.394714355469
47,rodilla_izquierda,0,-25.32568359375,-188.7119140625
47,rodilla_izquierda,1,-23.2237548828125,-188.157897949219
47,rodilla_izquierda,2,-21.06591796875,-188.315673828125
47,rodilla_izquierda,3,-19.4605712890625,-189.921081542969
47,rodilla_izquierda,4,-19.0,-192.223754882813
47,rodilla_izquierda,5,-19.9210815429688,-191.763244628906
47,rodilla_izquierda,6,-20.8421630859375,-189.921081542969
47,rodilla_izquierda,7,-22.2237548828125,-188.999938964844
47,rodilla_izquierda,8,-24.1448364257813,-187.618408203125
47,rodilla_izquierda,9,-25.1448364257813,-187.697265625
47,rodilla_izquierda,10,-27.381591796875,-186.078979492188
47,rodilla_izquierda,11,-29.3286743164063,-184.513488769531
47,rodilla_izquierda,12,-30.354736328125,-182.02685546875
47,cadera_derecha,0,-27.3865966796875,-129.323974609375
47,cadera_derecha,1,-25.0,-133.0
47,cadera_derecha,2,-20.0,-137.0
47,cadera_derecha,3,-17.1187744140625,-137.499572753906
47,cadera_derecha,4,-17.0,-135.0
47,cadera_derecha,5,-16.0,-134.0
47,cadera_derecha,6,-16.9210205078125,-133.157775878906
47,cadera_derecha,7,-17.0,-131.618408203125
47,cadera_derecha,8,-18.9210815429688,-130.539428710938
47,cadera_derecha,9,-20.8422241210938,-127.23681640625
47,cadera_derecha,10,-22.381591796875,-123.776184082031
47,cadera_derecha,11,-23.0,-121.157775878906
47,cadera_derecha,12,-24.8422241210938,-118.23681640625
47,cadera_izquierda,0,-65.3876953125,-143.635620117188
47,cadera_izquierda,1,-64.0789794921875,-145.302673339844
47,cadera_izquierda,2,-61.7761840820313,-149.144775390625
47,cadera_izquierda,3,-59.618408203125,-150.0
47,cadera_izquierda,4,-61.0,-150.0
47,cadera_izquierda,5,-59.6973266601563,-149.460510253906
47,cadera_izquierda,6,-59.0789184570313,-149.0
47,cadera_izquierda,7,-60.0,-146.618408203125
47,cadera_izquierda,8,-60.9210815429688,-144.157897949219
47,cadera_izquierda,9,-62.0,-141.618408203125
47,cadera_izquierda,10,-63.9210815429688,-139.618286132813
47,cadera_izquierda,11,-66.9210205078125,-136.078918457031
47,cadera_izquierda,12,-68.9210815429688,-132.315673828125
41,tobillo_derecho,0,-51.96240234375,-219.337768554688
41,tobillo_derecho,1,-44.0,-202.700988769531
41,tobillo_derecho,2,-35.810302734375,-194.971130371094
41,tobillo_derecho,3,-30.3504638671875,-191.701049804688
41,tobillo_derecho,4,-22.2421264648438,-196.048400878906
41,tobillo_derecho,5,-15.9411010742188,-204.0
41,tobillo_derecho,6,-6.83367919921875,-220.26318359375
41,tobillo_derecho,7,3.9241943359375,-233.924194335938
41,tobillo_derecho,8,9.12841796875,-239.778930664063
41,tobillo_derecho,9,-0.0758056640625,-233.176818847656
41,tobillo_derecho,10,-11.7747802734375,-217.176818847656
41,tobillo_derecho,11,-27.435791015625,-198.311584472656
41,tobillo_derecho,12,-39.9789428710938,-180.370544433594
41,rodilla_derecha,0,-39.4332275390625,-189.768920898438
41,rodilla_derecha,1,-31.7958374023438,-189.505310058594
41,rodilla_derecha,2,-25.1937255859375,-190.010559082031
41,rodilla_derecha,3,-18.2421264648438,-188.359985351563
41,rodilla_derecha,4,-12.2421875,-187.757873535156
41,rodilla_derecha,5,-7.9410400390625,-185.505249023438
41,rodilla_derecha,6,-6.591552734375,-182.252563476563
41,rodilla_derecha,7,-11.5916137695313,-175.204223632813
41,rodilla_derecha,8,-17.4463500976563,-171.301086425781
41,rodilla_derecha,9,-23.1936645507813,-169.505249023438
41,rodilla_derecha,10,-31.4947509765625,-161.553649902344
41,rodilla_derecha,11,-39.7473754882813,-154.602111816406
41,rodilla_derecha,12,-51.3494873046875,-148.107360839844
41,cadera_derecha,0,-67.5421142578125,-119.035583496094
41,cadera_derecha,1,-64.0,-121.0
41,cadera_derecha,2,-65.6494750976563,-122.080383300781
41,cadera_derecha,3,-63.0,-123.839233398438
41,cadera_derecha,4,-60.0,-127.459838867188
41,cadera_derecha,5,-59.2700805664063,-129.839233398438
41,cadera_derecha,6,-59.2701416015625,-130.459838867188
41,cadera_derecha,7,-59.2700805664063,-130.459777832031
41,cadera_derecha,8,-60.0,-129.0
41,cadera_derecha,9,-63.9196166992188,-126.080383300781
41,cadera_derecha,10,-66.6495361328125,-124.620544433594
41,cadera_derecha,11,-69.1093139648438,-118.781372070313
41,cadera_derecha,12,-72.2990112304688,-116.591674804688
41,cadera_izquierda,0,-110.596252441406,-130.222229003906
41,cadera_izquierda,1,-107.810302734375,-133.109252929688
41,cadera_izquierda,2,-106.810241699219,-136.569152832031
41,cadera_izquierda,3,-103.890686035156,-140.109313964844
41,cadera_izquierda,4,-103.350463867188,-141.919616699219
41,cadera_izquierda,5,-101.62060546875,-143.189697265625
41,cadera_izquierda,6,-102.810241699219,-139.350463867188
41,cadera_izquierda,7,-103.080383300781,-139.810302734375
41,cadera_izquierda,8,-106.189697265625,-138.350524902344
41,cadera_izquierda,9,-107.919555664063,-134.700988769531
41,cadera_izquierda,10,-108.649536132813,-133.971069335938
41,cadera_izquierda,11,-109.919616699219,-127.321594238281
41,cadera_izquierda,12,-112.569091796875,-127.401916503906
41,rodilla_izquierda,0,-83.6260986328125,-174.285583496094
41,rodilla_izquierda,1,-83.2700805664063,-174.189697265625
41,rodilla_izquierda,2,-80.698974609375,-177.903198242188
41,rodilla_izquierda,3,-79.0,-179.0
41,rodilla_izquierda,4,-78.9515380859375,-180.650512695313
41,rodilla_izquierda,5,-76.0,-183.903076171875
41,rodilla_izquierda,6,-75.0968627929688,-183.806274414063
41,rodilla_izquierda,7,-75.0968017578125,-183.806274414063
41,rodilla_izquierda,8,-75.3494873046875,-184.553649902344
41,rodilla_izquierda,9,-75.0484619140625,-183.903137207031
41,rodilla_izquierda,10,-77.0,-183.903076171875
41,rodilla_izquierda,11,-78.0,-183.252624511719
41,rodilla_izquierda,12,-79.5916137695313,-183.564208984375
41,tobillo_izquierdo,0,-50.3897705078125,-236.651916503906
41,tobillo_izquierdo,1,-47.47021484375,-237.3818359375
41,tobillo_izquierdo,2,-46.0103759765625,-238.841613769531
41,tobillo_izquierdo,3,-43.0,-237.0
41,tobillo_izquierdo,4,-42.0,-236.0
41,tobillo_izquierdo,5,-42.0,-236.0
41,tobillo_izquierdo,6,-42.0,-236.0
41,tobillo_izquierdo,7,-42.0,-236.0
41,tobillo_izquierdo,8,-42.0,-236.0
41,tobillo_izquierdo,9,-42.0,-236.0
41,tobillo_izquierdo,10,-42.0,-236.0
41,tobillo_izquierdo,11,-42.0,-236.0
41,tobillo_izquierdo,12,-42.0,-236.0
39,tobillo_derecho,0,-113.071472167969,-189.433898925781
39,tobillo_derecho,1,-100.0,-189.159606933594
39,tobillo_derecho,2,-85.680908203125,-195.638305664063
39,tobillo_derecho,3,-72.883056640625,-206.175415039063
39,tobillo_derecho,4,-59.1278076171875,-220.829528808594
39,tobillo_derecho,5,-42.4737548828125,-234.903869628906
39,tobillo_derecho,6,-30.617431640625,-239.542053222656
39,tobillo_derecho,7,-31.9366455078125,-230.845336914063
39,tobillo_derecho,8,-42.3726806640625,-219.409301757813
39,tobillo_derecho,9,-53.96826171875,-203.755126953125
39,tobillo_derecho,10,-66.2764892578125,-189.824584960938
39,tobillo_derecho,11,-77.8563232421875,-177.404357910156
39,rodilla_derecha,0,-82.3430786132813,-196.391357421875
39,rodilla_derecha,1,-71.0,-194.680847167969
39,rodilla_derecha,2,-59.8404541015625,-192.462829589844
39,rodilla_derecha,3,-53.3617553710938,-187.665100097656
39,rodilla_derecha,4,-51.781982421875,-180.287475585938
39,rodilla_derecha,5,-53.10107421875,-174.649169921875
39,rodilla_derecha,6,-56.89892578125,-171.909790039063
39,rodilla_derecha,7,-62.1170654296875,-168.431030273438
39,rodilla_derecha,8,-66.6383056640625,-165.228942871094
39,rodilla_derecha,9,-72.0584716796875,-165.0
39,rodilla_derecha,10,-79.2180786132813,-163.101135253906
39,rodilla_derecha,11,-86.7393798828125,-159.680908203125
39,cadera_derecha,0,-120.028869628906,-132.035583496094
39,cadera_derecha,1,-117.0,-136.0
39,cadera_derecha,2,-108.159545898438,-139.159545898438
39,cadera_derecha,3,-102.0,-141.0
39,cadera_derecha,4,-98.579833984375,-144.159545898438
39,cadera_derecha,5,-94.0,-144.0
39,cadera_derecha,6,-93.0,-144.0
39,cadera_derecha,7,-94.0,-144.0
39,cadera_derecha,8,-95.0,-144.0
39,cadera_derecha,9,-96.0,-144.0
39,cadera_derecha,10,-97.0,-143.0
39,cadera_derecha,11,-101.0,-142.0
39,tobillo_izquierdo,0,-89.8802490234375,-243.353637695313
39,tobillo_izquierdo,1,-83.8404541015625,-241.579833984375
39,tobillo_izquierdo,2,-83.4202880859375,-241.0
39,tobillo_izquierdo,3,-84.0,-240.420227050781
39,tobillo_izquierdo,4,-84.0,-241.0
39,tobillo_izquierdo,5,-82.2606201171875,-241.0
39,tobillo_izquierdo,6,-82.2606201171875,-239.840393066406
39,tobillo_izquierdo,7,-81.1011352539063,-239.260681152344
39,tobillo_izquierdo,8,-80.5213623046875,-239.840454101563
39,tobillo_izquierdo,9,-81.0,-239.0
39,tobillo_izquierdo,10,-82.1594848632813,-239.0
39,tobillo_izquierdo,11,-83.0,-237.0
39,rodilla_izquierda,0,-125.826782226563,-188.854187011719
39,rodilla_izquierda,1,-123.494567871094,-188.303283691406
39,rodilla_izquierda,2,-120.377563476563,-189.2021484375
39,rodilla_izquierda,3,-118.537231445313,-188.622314453125
39,rodilla_izquierda,4,-116.957397460938,-187.622436523438
39,rodilla_izquierda,5,-116.797912597656,-186.680908203125
39,rodilla_izquierda,6,-114.217956542969,-185.521301269531
39,rodilla_izquierda,7,-112.957336425781,-184.303283691406
39,rodilla_izquierda,8,-111.797790527344,-184.303283691406
39,rodilla_izquierda,9,-111.739318847656,-184.462829589844
39,rodilla_izquierda,10,-112.739318847656,-183.883056640625
39,rodilla_izquierda,11,-112.739318847656,-181.563903808594
39,cadera_izquierda,0,-160.033813476563,-143.631225585938
39,cadera_izquierda,1,-156.0,-147.0
39,cadera_izquierda,2,-151.0,-150.0
39,cadera_izquierda,3,-146.0,-153.0
39,cadera_izquierda,4,-142.0,-155.0
39,cadera_izquierda,5,-139.0,-156.0
39,cadera_izquierda,6,-138.0,-156.0
39,cadera_izquierda,7,-138.0,-156.0
39,cadera_izquierda,8,-138.0,-156.0
39,cadera_izquierda,9,-138.0,-156.0
39,cadera_izquierda,10,-139.0,-155.0
39,cadera_izquierda,11,-138.0,-154.0
42,cadera_derecha,0,-31.2515258789063,-133.706848144531
42,cadera_derecha,1,-32.0,-133.0
42,cadera_derecha,2,-32.0,-133.0
42,cadera_derecha,3,-35.189697265625,-129.350524902344
42,cadera_derecha,4,-36.6495361328125,-129.62060546875
42,cadera_derecha,5,-40.109375,-127.160827636719
42,cadera_derecha,6,-40.6495971679688,-127.62060546875
42,cadera_derecha,7,-43.1093139648438,-124.430847167969
42,cadera_derecha,8,-44.6494750976563,-119.321594238281
42,cadera_izquierda,0,-75.045654296875,-140.275939941406
42,cadera_izquierda,1,-76.0,-140.0
42,cadera_izquierda,2,-77.0,-140.0
42,cadera_izquierda,3,-78.0,-139.0
42,cadera_izquierda,4,-78.0,-139.0
42,cadera_izquierda,5,-80.0,-137.0
42,cadera_izquierda,6,-81.4597778320313,-136.080383300781
42,cadera_izquierda,7,-83.0,-134.0
42,cadera_izquierda,8,-85.0,-132.0
42,rodilla_izquierda,0,-40.7402954101563,-182.610229492188
42,rodilla_izquierda,1,-42.0,-182.0
42,rodilla_izquierda,2,-41.0803833007813,-181.649475097656
42,rodilla_izquierda,3,-40.8102416992188,-179.459777832031
42,rodilla_izquierda,4,-42.0,-178.080322265625
42,rodilla_izquierda,5,-43.1897583007813,-177.430847167969
42,rodilla_izquierda,6,-43.459716796875,-177.430908203125
42,rodilla_izquierda,7,-44.9195556640625,-176.971130371094
42,rodilla_izquierda,8,-45.9195556640625,-176.241149902344
42,rodilla_derecha,0,22.76123046875,-180.420532226563
42,rodilla_derecha,1,23.189697265625,-176.729919433594
42,rodilla_derecha,2,20.4598388671875,-173.0
42,rodilla_derecha,3,13.4308471679688,-170.080444335938
42,rodilla_derecha,4,7.05145263671875,-165.700988769531
42,rodilla_derecha,5,3.5113525390625,-163.2412109375
42,rodilla_derecha,6,-7.0289306640625,-158.0
42,rodilla_derecha,7,-17.6784057617188,-154.0
42,rodilla_derecha,8,-26.2989501953125,-152.299011230469
42,tobillo_izquierdo,0,-5.7049560546875,-232.243591308594
42,tobillo_izquierdo,1,-5.0,-232.0
42,tobillo_izquierdo,2,-5.0,-232.0
42,tobillo_izquierdo,3,-5.0,-232.0
42,tobillo_izquierdo,4,-5.0,-232.0
42,tobillo_izquierdo,5,-5.0,-232.0
42,tobillo_izquierdo,6,-5.0,-232.0
42,tobillo_izquierdo,7,-6.0,-232.0
42,tobillo_izquierdo,8,-6.0,-232.0
42,tobillo_derecho,0,21.3013916015625,-212.536193847656
42,tobillo_derecho,1,35.5980224609375,-225.138244628906
42,tobillo_derecho,2,46.0867919921875,-236.086791992188
42,tobillo_derecho,3,47.5465698242188,-230.977478027344
42,tobillo_derecho,4,37.6270141601563,-224.897094726563
42,tobillo_derecho,5,24.48876953125,-208.37939453125
42,tobillo_derecho,6,11.3504638671875,-194.511291503906
42,tobillo_derecho,7,-2.057861328125,-179.913269042969
42,tobillo_derecho,8,-18.6558837890625,-171.614196777344
40,rodilla_izquierda,0,-113.785217285156,-187.266784667969
40,rodilla_izquierda,1,-111.447570800781,-189.526428222656
40,rodilla_izquierda,2,-109.592346191406,-191.526489257813
40,rodilla_izquierda,3,-108.579345703125,-191.921081542969
40,rodilla_izquierda,4,-107.658264160156,-191.921020507813
40,rodilla_izquierda,5,-106.658325195313,-192.381652832031
40,rodilla_izquierda,6,-106.19775390625,-192.302673339844
40,rodilla_izquierda,7,-105.737182617188,-191.842102050781
40,rodilla_izquierda,8,-106.737182617188,-191.842163085938
40,rodilla_izquierda,9,-107.434509277344,-191.842163085938
40,rodilla_izquierda,10,-108.381652832031,-191.592407226563
40,cadera_izquierda,0,-146.022827148438,-153.187133789063
40,cadera_izquierda,1,-143.0,-157.0
40,cadera_izquierda,2,-139.0,-161.0
40,cadera_izquierda,3,-134.0,-164.0
40,cadera_izquierda,4,-132.0,-166.0
40,cadera_izquierda,5,-133.0,-166.0
40,cadera_izquierda,6,-135.0,-165.0
40,cadera_izquierda,7,-137.0,-163.0
40,cadera_izquierda,8,-139.0,-162.0
40,cadera_izquierda,9,-142.0,-160.0
40,cadera_izquierda,10,-145.0,-158.0
40,cadera_derecha,0,-102.732421875,-141.213195800781
40,cadera_derecha,1,-99.0,-145.0
40,cadera_derecha,2,-93.0,-148.460510253906
40,cadera_derecha,3,-86.76318359375,-151.842163085938
40,cadera_derecha,4,-82.2237548828125,-152.381591796875
40,cadera_derecha,5,-84.06591796875,-152.381591796875
40,cadera_derecha,6,-84.5264282226563,-150.381652832031
40,cadera_derecha,7,-87.144775390625,-149.842102050781
40,cadera_derecha,8,-91.9869384765625,-149.302673339844
40,cadera_derecha,9,-93.684326171875,-147.381591796875
40,cadera_derecha,10,-98.76318359375,-145.460571289063
40,tobillo_derecho,0,-93.0610961914063,-203.84619140625
40,tobillo_derecho,1,-81.1578979492188,-201.460510253906
40,tobillo_derecho,2,-69.8551635742188,-203.302734375
40,tobillo_derecho,3,-57.8681640625,-208.684265136719
40,tobillo_derecho,4,-43.97314453125,-219.276672363281
40,tobillo_derecho,5,-29.1570434570313,-231.250610351563
40,tobillo_derecho,6,-19.327880859375,-236.316467285156
40,tobillo_derecho,7,-20.7884521484375,-234.013854980469
40,tobillo_derecho,8,-31.459716796875,-223.803100585938
40,tobillo_derecho,9,-44.4337158203125,-209.986999511719
40,tobillo_derecho,10,-59.249755859375,-196.631408691406
40,tobillo_izquierdo,0,-75.1002197265625,-240.689086914063
40,tobillo_izquierdo,1,-69.8421630859375,-242.302673339844
40,tobillo_izquierdo,2,-68.8421630859375,-241.842163085938
40,tobillo_izquierdo,3,-67.9210815429688,-241.381591796875
40,tobillo_izquierdo,4,-66.0789184570313,-240.921081542969
40,tobillo_izquierdo,5,-67.0,-240.0
40,tobillo_izquierdo,6,-67.0,-240.0
40,tobillo_izquierdo,7,-67.0,-240.0
40,tobillo_izquierdo,8,-67.0,-240.0
40,tobillo_izquierdo,9,-67.0,-240.0
40,tobillo_izquierdo,10,-67.0,-239.539428710938
40,rodilla_derecha,0,-70.955322265625,-201.54345703125
40,rodilla_derecha,1,-60.0,-199.0
40,rodilla_derecha,2,-52.381591796875,-195.315673828125
40,rodilla_derecha,3,-45.3945922851563,-191.1708984375
40,rodilla_derecha,4,-42.552490234375,-187.026000976563
40,rodilla_derecha,5,-44.3157348632813,-180.578552246094
40,rodilla_derecha,6,-46.9210815429688,-177.354675292969
40,rodilla_derecha,7,-54.8291625976563,-174.131042480469
40,rodilla_derecha,8,-58.7501831054688,-171.591552734375
40,rodilla_derecha,9,-67.5792846679688,-168.367797851563
40,rodilla_derecha,10,-74.76318359375,-166.631408691406
43,cadera_derecha,0,-35.9955444335938,-126.279235839844
43,cadera_derecha,1,-34.966552734375,-127.033447265625
43,cadera_derecha,2,-34.4498291015625,-129.617126464844
43,cadera_derecha,3,-32.4163818359375,-133.234252929688
43,cadera_derecha,4,-31.8662109375,-137.368041992188
43,cadera_derecha,5,-31.3494262695313,-135.81787109375
43,cadera_derecha,6,-31.3494262695313,-136.334594726563
43,cadera_derecha,7,-33.9330444335938,-133.234252929688
43,cadera_derecha,8,-36.5167236328125,-133.234191894531
43,cadera_derecha,9,-37.0,-132.1337890625
43,cadera_derecha,10,-39.0,-131.0
43,cadera_derecha,11,-43.4832153320313,-126.483276367188
43,cadera_derecha,12,-47.0,-125.0
43,cadera_izquierda,0,-77.333984375,-138.1640625
43,cadera_izquierda,1,-77.0,-141.0
43,cadera_izquierda,2,-77.0,-142.0
43,cadera_izquierda,3,-76.93310546875,-142.650573730469
43,cadera_izquierda,4,-77.9330444335938,-143.68408203125
43,cadera_izquierda,5,-77.9330444335938,-141.100402832031
43,cadera_izquierda,6,-79.4832153320313,-142.066955566406
43,cadera_izquierda,7,-79.966552734375,-142.033447265625
43,cadera_izquierda,8,-82.0,-141.0
43,cadera_izquierda,9,-82.5167846679688,-140.449829101563
43,cadera_izquierda,10,-83.5167236328125,-138.899658203125
43,cadera_izquierda,11,-86.0,-138.0
43,cadera_izquierda,12,-89.5501708984375,-131.799194335938
43,tobillo_izquierdo,0,-14.2928466796875,-233.242553710938
43,tobillo_izquierdo,1,-7.7991943359375,-233.0
43,tobillo_izquierdo,2,-6.31597900390625,-232.0
43,tobillo_izquierdo,3,-4.76580810546875,-232.516723632813
43,tobillo_izquierdo,4,-4.2490234375,-232.0
43,tobillo_izquierdo,5,-4.2490234375,-230.966552734375
43,tobillo_izquierdo,6,-3.215576171875,-230.966552734375
43,tobillo_izquierdo,7,-3.7322998046875,-230.966552734375
43,tobillo_izquierdo,8,-2.18212890625,-230.966552734375
43,tobillo_izquierdo,9,-3.215576171875,-230.966552734375
43,tobillo_izquierdo,10,-3.215576171875,-230.966552734375
43,tobillo_izquierdo,11,-4.24908447265625,-228.899658203125
43,tobillo_izquierdo,12,-4.76580810546875,-228.899597167969
43,tobillo_derecho,0,-6.025146484375,-190.87060546875
43,tobillo_derecho,1,0.33465576171875,-190.784423828125
43,tobillo_derecho,2,7.43505859375,-195.368103027344
43,tobillo_derecho,3,17.286376953125,-203.702697753906
43,tobillo_derecho,4,28.6544189453125,-215.104248046875
43,tobillo_derecho,5,38.4388427734375,-227.505798339844
43,tobillo_derecho,6,43.673095703125,-230.189819335938
43,tobillo_derecho,7,36.922119140625,-222.371887207031
43,tobillo_derecho,8,27.2046508789063,-212.070739746094
43,tobillo_derecho,9,11.8031005859375,-203.286376953125
43,tobillo_derecho,10,-1.68023681640625,-193.803100585938
43,tobillo_derecho,11,-15.7470703125,-184.803100585938
43,tobillo_derecho,12,-33.531494140625,-182.487182617188
43,rodilla_derecha,0,6.89312744140625,-185.703308105469
43,rodilla_derecha,1,12.5167236328125,-184.0
43,rodilla_derecha,2,19.06689453125,-183.933044433594
43,rodilla_derecha,3,22.0669555664063,-178.732299804688
43,rodilla_derecha,4,23.5501708984375,-177.182067871094
43,rodilla_derecha,5,19.3828735351563,-171.498046875
43,rodilla_derecha,6,11.1151123046875,-165.847473144531
43,rodilla_derecha,7,3.5650634765625,-163.981384277344
43,rodilla_derecha,8,1.63201904296875,-164.014770507813
43,rodilla_derecha,9,-5.1339111328125,-162.483276367188
43,rodilla_derecha,10,-14.7174682617188,-159.449890136719
43,rodilla_derecha,11,-24.6170654296875,-157.650573730469
43,rodilla_derecha,12,-35.6840209960938,-156.334594726563
43,rodilla_izquierda,0,-43.2297973632813,-183.636352539063
43,rodilla_izquierda,1,-42.3494262695313,-186.81787109375
43,rodilla_izquierda,2,-39.8662109375,-189.301147460938
43,rodilla_izquierda,3,-38.7992553710938,-189.918212890625
43,rodilla_izquierda,4,-38.7322998046875,-189.535400390625
43,rodilla_izquierda,5,-38.0817260742188,-189.219421386719
43,rodilla_izquierda,6,-38.081787109375,-189.252868652344
43,rodilla_izquierda,7,-39.081787109375,-188.736145019531
43,rodilla_izquierda,8,-38.5650024414063,-189.219421386719
43,rodilla_izquierda,9,-39.115234375,-188.56884765625
43,rodilla_izquierda,10,-41.148681640625,-189.535400390625
43,rodilla_izquierda,11,-42.3307495117188,-189.286376953125
43,rodilla_izquierda,12,-46.1968994140625,-186.453674316406
45,cadera_derecha,0,-39.976318359375,-129.620788574219
45,cadera_derecha,1,-37.810302734375,-131.189697265625
45,cadera_derecha,2,-38.0,-130.0
45,cadera_derecha,3,-38.7299194335938,-129.270080566406
45,cadera_derecha,4,-39.7299194335938,-128.270080566406
45,cadera_derecha,5,-41.4597778320313,-127.270080566406
45,cadera_derecha,6,-42.7299194335938,-123.350524902344
45,cadera_derecha,7,-43.72998046875,-122.270141601563
45,cadera_derecha,8,-44.0,-119.810241699219
45,cadera_derecha,9,-47.6495361328125,-116.080444335938
45,cadera_izquierda,0,-78.4402465820313,-139.656616210938
45,cadera_izquierda,1,-77.5402221679688,-141.919677734375
45,cadera_izquierda,2,-75.810302734375,-141.0
45,cadera_izquierda,3,-76.7298583984375,-139.540222167969
45,cadera_izquierda,4,-78.4597778320313,-138.270080566406
45,cadera_izquierda,5,-80.4597778320313,-136.540161132813
45,cadera_izquierda,6,-81.7298583984375,-132.350463867188
45,cadera_izquierda,7,-82.7299194335938,-129.810302734375
45,cadera_izquierda,8,-83.7299194335938,-126.810302734375
45,cadera_izquierda,9,-86.919677734375,-123.080383300781
45,tobillo_derecho,0,0.2498779296875,-199.622985839844
45,tobillo_derecho,1,12.4345092773438,-211.89501953125
45,tobillo_derecho,2,29.0927734375,-226.171691894531
45,tobillo_derecho,3,37.0008544921875,-230.777038574219
45,tobillo_derecho,4,33.3165283203125,-225.250610351563
45,tobillo_derecho,5,25.8690185546875,-216.500366210938
45,tobillo_derecho,6,13.89501953125,-204.06591796875
45,tobillo_derecho,7,0.46051025390625,-191.1708984375
45,tobillo_derecho,8,-10.210693359375,-182.881225585938
45,tobillo_derecho,9,-23.5662841796875,-178.27587890625
45,rodilla_derecha,0,11.198486328125,-179.185729980469
45,rodilla_derecha,1,13.6054077148438,-173.078918457031
45,rodilla_derecha,2,11.6053466796875,-168.0
45,rodilla_derecha,3,8.8421630859375,-167.460510253906
45,rodilla_derecha,4,3.7763671875,-164.776184082031
45,rodilla_derecha,5,-0.36859130859375,-162.473510742188
45,rodilla_derecha,6,-5.684326171875,-160.539489746094
45,rodilla_derecha,7,-14.0528564453125,-157.026062011719
45,rodilla_derecha,8,-22.210693359375,-153.710327148438
45,rodilla_derecha,9,-30.684326171875,-150.368591308594
45,rodilla_izquierda,0,-44.2741088867188,-179.185729980469
45,rodilla_izquierda,1,-43.62060546875,-179.109375
45,rodilla_izquierda,2,-43.3505249023438,-178.649536132813
45,rodilla_izquierda,3,-44.8102416992188,-177.649536132813
45,rodilla_izquierda,4,-43.8102416992188,-177.919616699219
45,rodilla_izquierda,5,-44.7312622070313,-178.840637207031
45,rodilla_izquierda,6,-45.0,-179.0
45,rodilla_izquierda,7,-45.3816528320313,-178.315673828125
45,rodilla_izquierda,8,-47.1578979492188,-175.539428710938
45,rodilla_izquierda,9,-48.9470825195313,-171.210754394531
45,tobillo_izquierdo,0,-11.5033569335938,-229.636413574219
45,tobillo_izquierdo,1,-11.0,-230.0
45,tobillo_izquierdo,2,-11.0,-230.0
45,tobillo_izquierdo,3,-11.0,-230.0
45,tobillo_izquierdo,4,-11.0,-230.0
45,tobillo_izquierdo,5,-11.0,-230.0
45,tobillo_izquierdo,6,-11.4605712890625,-229.539428710938
45,tobillo_izquierdo,7,-12.381591796875,-228.157836914063
45,tobillo_izquierdo,8,-13.3026733398438,-226.776184082031
45,tobillo_izquierdo,9,-13.76318359375,-225.394592285156
49,rodilla_derecha,0,-74.523193359375,-221.439453125
49,rodilla_derecha,1,-59.7658081054688,-219.899658203125
49,rodilla_derecha,2,-48.0817260742188,-215.081726074219
49,rodilla_derecha,3,-40.397705078125,-207.780578613281
49,rodilla_derecha,4,-41.464599609375,-194.379028320313
49,rodilla_derecha,5,-46.6653442382813,-187.828857421875
49,rodilla_derecha,6,-50.7657470703125,-184.379028320313
49,rodilla_derecha,7,-54.8995971679688,-185.445983886719
49,rodilla_derecha,8,-61.5167236328125,-179.54638671875
49,rodilla_derecha,9,-70.3159790039063,-172.397705078125
49,rodilla_derecha,10,-73.2490844726563,-161.43115234375
49,rodilla_derecha,11,-77.215576171875,-146.263793945313
49,rodilla_izquierda,0,-115.861633300781,-206.454162597656
49,rodilla_izquierda,1,-111.918273925781,-205.148681640625
49,rodilla_izquierda,2,-106.702758789063,-204.431213378906
49,rodilla_izquierda,3,-104.836547851563,-202.230346679688
49,rodilla_izquierda,4,-104.353271484375,-199.163452148438
49,rodilla_izquierda,5,-103.836547851563,-198.297302246094
49,rodilla_izquierda,6,-104.353271484375,-194.713623046875
49,rodilla_izquierda,7,-103.836486816406,-192.646728515625
49,rodilla_izquierda,8,-101.769592285156,-191.096557617188
49,rodilla_izquierda,9,-98.6692504882813,-189.646728515625
49,rodilla_izquierda,10,-101.085571289063,-187.981384277344
49,rodilla_izquierda,11,-103.018615722656,-179.014770507813
49,tobillo_derecho,0,-128.263244628906,-191.98583984375
49,tobillo_derecho,1,-107.416381835938,-202.7509765625
49,tobillo_derecho,2,-88.7658081054688,-214.951721191406
49,tobillo_derecho,3,-63.61328125,-235.07080078125
49,tobillo_derecho,4,-39.393798828125,-254.739990234375
49,tobillo_derecho,5,-16.724609375,-266.1416015625
49,tobillo_derecho,6,-10.007080078125,-262.524475097656
49,tobillo_derecho,7,-15.1744384765625,-247.539245605469
49,tobillo_derecho,8,-28.1261596679688,-227.386779785156
49,tobillo_derecho,9,-43.6280517578125,-210.434936523438
49,tobillo_derecho,10,-59.5128784179688,-196.301147460938
49,tobillo_derecho,11,-71.7470703125,-186.301147460938
49,tobillo_izquierdo,0,-80.207275390625,-269.495483398438
49,tobillo_izquierdo,1,-80.0,-269.0
49,tobillo_izquierdo,2,-77.93310546875,-269.516723632813
49,tobillo_izquierdo,3,-77.93310546875,-267.966552734375
49,tobillo_izquierdo,4,-77.4163208007813,-266.416381835938
49,tobillo_izquierdo,5,-76.3828735351563,-266.933044433594
49,tobillo_izquierdo,6,-76.8995971679688,-264.866149902344
49,tobillo_izquierdo,7,-77.4163818359375,-263.832702636719
49,tobillo_izquierdo,8,-80.5167236328125,-263.31591796875
49,tobillo_izquierdo,9,-83.6170654296875,-261.765747070313
49,tobillo_izquierdo,10,-84.1337890625,-254.531494140625
49,tobillo_izquierdo,11,-90.3346557617188,-248.330749511719
49,cadera_izquierda,0,-164.434387207031,-161.498657226563
49,cadera_izquierda,1,-161.0,-161.0
49,cadera_izquierda,2,-157.0,-161.0
49,cadera_izquierda,3,-149.799255371094,-163.7509765625
49,cadera_izquierda,4,-147.0,-160.93310546875
49,cadera_izquierda,5,-145.0,-159.0
49,cadera_izquierda,6,-145.665344238281,-156.602294921875
49,cadera_izquierda,7,-145.598449707031,-152.985229492188
49,cadera_izquierda,8,-148.282470703125,-146.368041992188
49,cadera_izquierda,9,-146.115173339844,-146.368041992188
49,cadera_izquierda,10,-146.18212890625,-141.817932128906
49,cadera_izquierda,11,-145.8662109375,-138.1337890625
49,cadera_derecha,0,-125.162841796875,-144.963317871094
49,cadera_derecha,1,-122.0,-147.0
49,cadera_derecha,2,-118.0,-150.0
49,cadera_derecha,3,-111.382873535156,-149.899597167969
49,cadera_derecha,4,-108.06689453125,-151.550231933594
49,cadera_derecha,5,-106.215576171875,-151.918212890625
49,cadera_derecha,6,-106.598449707031,-149.535400390625
49,cadera_derecha,7,-107.631896972656,-145.018676757813
49,cadera_derecha,8,-111.349365234375,-144.052124023438
49,cadera_derecha,9,-110.2490234375,-142.884826660156
49,cadera_derecha,10,-109.148681640625,-138.301147460938
49,cadera_derecha,11,-106.832702636719,-133.133850097656
60,cadera_izquierda,0,-208.632873535156,-169.371520996094
60,cadera_izquierda,1,-197.214660644531,-167.579406738281
60,cadera_izquierda,2,-188.214660644531,-170.0
60,cadera_izquierda,3,-182.476379394531,-169.158813476563
60,cadera_izquierda,4,-174.111694335938,-169.158813476563
60,cadera_izquierda,5,-168.111694335938,-167.476440429688
60,cadera_izquierda,6,-165.111633300781,-165.579406738281
60,cadera_izquierda,7,-163.626525878906,-161.493774414063
60,cadera_izquierda,8,-160.36474609375,-156.390869140625
60,cadera_izquierda,9,-160.36474609375,-148.802795410156
60,cadera_izquierda,10,-156.523559570313,-145.326293945313
60,cadera_izquierda,11,-151.317565917969,-144.317626953125
60,cadera_derecha,0,-160.369934082031,-153.583190917969
60,cadera_derecha,1,-151.751831054688,-154.093017578125
60,cadera_derecha,2,-144.8759765625,-157.1240234375
60,cadera_derecha,3,-128.596801757813,-160.1240234375
60,cadera_derecha,4,-122.658874511719,-161.093078613281
60,cadera_derecha,5,-117.596801757813,-162.155151367188
60,cadera_derecha,6,-113.131591796875,-157.930419921875
60,cadera_derecha,7,-110.697387695313,-157.364562988281
60,cadera_derecha,8,-111.418334960938,-155.612731933594
60,cadera_derecha,9,-103.984130859375,-207.535522460938
60,cadera_derecha,10,-102.549865722656,-205.473571777344
60,cadera_derecha,11,-98.0537109375,-197.225402832031
60,rodilla_derecha,0,-120.160278320313,-245.343444824219
60,rodilla_derecha,1,-96.3797607421875,-243.372192382813
60,rodilla_derecha,2,-71.131591796875,-241.279113769531
60,rodilla_derecha,3,-53.1936645507813,-235.844970703125
60,rodilla_derecha,4,-43.3177490234375,-228.317687988281
60,rodilla_derecha,5,-43.5423583984375,-211.899353027344
60,rodilla_derecha,6,-45.8524780273438,-205.589294433594
60,rodilla_derecha,7,-50.9144897460938,-201.558227539063
60,rodilla_derecha,8,-54.883544921875,-192.682373046875
60,rodilla_derecha,9,-59.91455078125,-183.71337890625
60,rodilla_derecha,10,-66.1005859375,-174.589294433594
60,rodilla_derecha,11,-71.2246704101563,-168.682373046875
60,tobillo_derecho,0,-197.486328125,-195.854858398438
60,tobillo_derecho,1,-157.689880371094,-201.18603515625
60,tobillo_derecho,2,-136.968933105469,-205.1240234375
60,tobillo_derecho,3,-103.534790039063,-227.527221679688
60,tobillo_derecho,4,-66.9144897460938,-245.744323730469
60,tobillo_derecho,5,-34.0150756835938,-271.581726074219
60,tobillo_derecho,6,-2.022705078125,-291.325988769531
60,tobillo_derecho,7,9.3494873046875,-288.326049804688
60,tobillo_derecho,8,-0.96063232421875,-272.98486328125
60,tobillo_derecho,9,-18.5499267578125,-249.364624023438
60,tobillo_derecho,10,-36.1392211914063,-225.775268554688
60,tobillo_derecho,11,-53.6664428710938,-206.372192382813
60,rodilla_izquierda,0,-153.0,-224.0
60,rodilla_izquierda,1,-122.567077636719,-226.244384765625
60,rodilla_izquierda,2,-115.279174804688,-226.776672363281
60,rodilla_izquierda,3,-110.802734375,-225.720764160156
60,rodilla_izquierda,4,-107.841186523438,-222.102966308594
60,rodilla_izquierda,5,-104.523559570313,-219.897033691406
60,rodilla_izquierda,6,-104.682373046875,-219.785339355469
60,rodilla_izquierda,7,-103.0,-215.0
60,rodilla_izquierda,8,-103.0,-212.0
60,rodilla_izquierda,9,-101.0,-208.0
60,rodilla_izquierda,10,-98.7382202148438,-204.150085449219
60,rodilla_izquierda,11,-98.1826171875,-192.715759277344
60,tobillo_izquierdo,0,-86.848388671875,-292.214965820313
60,tobillo_izquierdo,1,-77.2617797851563,-298.420654296875
60,tobillo_izquierdo,2,-71.2618408203125,-293.0
60,tobillo_izquierdo,3,-68.0,-292.0
60,tobillo_izquierdo,4,-64.3821411132813,-293.537292480469
60,tobillo_izquierdo,5,-64.6439208984375,-292.090637207031
60,tobillo_izquierdo,6,-67.16748046875,-290.828857421875
60,tobillo_izquierdo,7,-68.0,-290.0
60,tobillo_izquierdo,8,-68.4205932617188,-287.897094726563
60,tobillo_izquierdo,9,-71.9441528320313,-284.476440429688
60,tobillo_izquierdo,10,-73.682373046875,-278.952880859375
60,tobillo_izquierdo,11,-75.26171875,-271.691040039063
50,cadera_derecha,0,-131.497924804688,-139.70947265625
50,cadera_derecha,1,-124.947692871094,-142.0
50,cadera_derecha,2,-121.0,-145.0
50,cadera_derecha,3,-112.313598632813,-147.671813964844
50,cadera_derecha,4,-107.0,-149.0
50,cadera_derecha,5,-104.641784667969,-147.94775390625
50,cadera_derecha,6,-104.917724609375,-145.156799316406
50,cadera_derecha,7,-103.917724609375,-142.619567871094
50,cadera_derecha,8,-103.380432128906,-138.209045410156
50,cadera_derecha,9,-103.791015625,-134.082214355469
50,cadera_derecha,10,-101.074523925781,-132.283630371094
50,cadera_derecha,11,-100.537353515625,-128.231384277344
50,cadera_derecha,12,-96.253662109375,-122.074584960938
50,cadera_izquierda,0,-170.08056640625,-156.127685546875
50,cadera_izquierda,1,-163.94775390625,-156.179138183594
50,cadera_izquierda,2,-159.0,-158.0
50,cadera_izquierda,3,-154.0,-160.0
50,cadera_izquierda,4,-147.432739257813,-160.850952148438
50,cadera_izquierda,5,-144.0,-160.0
50,cadera_izquierda,6,-143.641845703125,-155.484985351563
50,cadera_izquierda,7,-143.38818359375,-151.865478515625
50,cadera_izquierda,8,-142.738647460938,-147.440490722656
50,cadera_izquierda,9,-140.0,-144.0
50,cadera_izquierda,10,-138.0,-141.358154296875
50,cadera_izquierda,11,-137.820861816406,-138.716369628906
50,cadera_izquierda,12,-135.305847167969,-134.484985351563
50,rodilla_izquierda,0,-118.773864746094,-207.023864746094
50,rodilla_izquierda,1,-113.418090820313,-206.738647460938
50,rodilla_izquierda,2,-108.679504394531,-205.350463867188
50,rodilla_izquierda,3,-104.888549804688,-202.089172363281
50,rodilla_izquierda,4,-104.70947265625,-200.268188476563
50,rodilla_izquierda,5,-103.299072265625,-197.910034179688
50,rodilla_izquierda,6,-103.888549804688,-195.193664550781
50,rodilla_izquierda,7,-103.299072265625,-192.962280273438
50,rodilla_izquierda,8,-102.067687988281,-191.014587402344
50,rodilla_izquierda,9,-100.425903320313,-187.656433105469
50,rodilla_izquierda,10,-97.9631958007813,-182.887756347656
50,rodilla_izquierda,11,-97.552734375,-175.245910644531
50,rodilla_izquierda,12,-97.963134765625,-173.193664550781
50,tobillo_izquierdo,0,-83.0643920898438,-274.33837890625
50,tobillo_izquierdo,1,-79.2313232421875,-271.589599609375
50,tobillo_izquierdo,2,-78.0,-270.358154296875
50,tobillo_izquierdo,3,-77.641845703125,-269.126831054688
50,tobillo_izquierdo,4,-77.1268310546875,-269.73095703125
50,tobillo_izquierdo,5,-76.7164306640625,-268.499633789063
50,tobillo_izquierdo,6,-75.8954467773438,-268.089111328125
50,tobillo_izquierdo,7,-77.94775390625,-266.215942382813
50,tobillo_izquierdo,8,-78.358154296875,-264.395080566406
50,tobillo_izquierdo,9,-81.2313842773438,-260.29052734375
50,tobillo_izquierdo,10,-82.05224609375,-254.544189453125
50,tobillo_izquierdo,11,-86.70361328125,-249.654296875
50,tobillo_izquierdo,12,-88.0289306640625,-242.717163085938
50,rodilla_derecha,0,-76.9075927734375,-223.442138671875
50,rodilla_derecha,1,-60.8954467773438,-223.179077148438
50,rodilla_derecha,2,-47.0968017578125,-216.455017089844
50,rodilla_derecha,3,-38.17138671875,-210.888610839844
50,rodilla_derecha,4,-37.2236328125,-202.142211914063
50,rodilla_derecha,5,-42.5072631835938,-191.880920410156
50,rodilla_derecha,6,-45.1936645507813,-191.731811523438
50,rodilla_derecha,7,-48.39501953125,-186.246765136719
50,rodilla_derecha,8,-56.2013549804688,-178.343627929688
50,rodilla_derecha,9,-61.6118774414063,-169.522644042969
50,rodilla_derecha,10,-69.7686157226563,-157.597229003906
50,rodilla_derecha,11,-74.28369140625,-150.619506835938
50,rodilla_derecha,12,-73.0523071289063,-143.641784667969
50,tobillo_derecho,0,-138.886108398438,-196.762573242188
50,tobillo_derecho,1,-120.484985351563,-202.515014648438
50,tobillo_derecho,2,-96.2759399414063,-215.671813964844
50,tobillo_derecho,3,-66.8055419921875,-235.679504394531
50,tobillo_derecho,4,-40.5887451171875,-259.5380859375
50,tobillo_derecho,5,-13.0883178710938,-273.187622070313
50,tobillo_derecho,6,-1.95379638671875,-270.239929199219
50,tobillo_derecho,7,-8.110595703125,-257.105407714844
50,tobillo_derecho,8,-21.29736328125,-232.299072265625
50,tobillo_derecho,9,-35.431884765625,-214.16455078125
50,tobillo_derecho,10,-45.6932373046875,-197.082275390625
50,tobillo_derecho,11,-61.2382202148438,-179.179077148438
50,tobillo_derecho,12,-72.917236328125,-163.350280761719
53,cadera_derecha,0,-149.220153808594,-149.545349121094
53,cadera_derecha,1,-142.0,-153.0
53,cadera_derecha,2,-134.0,-155.0
53,cadera_derecha,3,-124.73291015625,-155.918395996094
53,cadera_derecha,4,-119.898254394531,-156.358215332031
53,cadera_derecha,5,-112.144470214844,-153.83056640625
53,cadera_derecha,6,-106.649230957031,-152.350830078125
53,cadera_derecha,7,-101.026794433594,-149.015930175781
53,cadera_derecha,8,-100.0,-147.0
53,cadera_derecha,9,-103.739318847656,-143.420166015625
53,cadera_derecha,10,-102.0,-139.0
53,cadera_derecha,11,-100.0,-134.0
53,cadera_izquierda,0,-201.355224609375,-167.649108886719
53,cadera_izquierda,1,-193.0,-167.0
53,cadera_izquierda,2,-185.0,-168.0
53,cadera_izquierda,3,-177.0,-168.0
53,cadera_izquierda,4,-168.000427246094,-168.999633789063
53,cadera_izquierda,5,-160.334838867188,-162.33154296875
53,cadera_izquierda,6,-156.66845703125,-161.330078125
53,cadera_izquierda,7,-150.335327148438,-161.330932617188
53,cadera_izquierda,8,-156.001037597656,-150.666015625
53,cadera_izquierda,9,-152.66748046875,-147.666015625
53,cadera_izquierda,10,-151.0,-141.0
53,cadera_izquierda,11,-149.0,-139.0
53,rodilla_derecha,0,-115.42578125,-245.893005371094
53,rodilla_derecha,1,-86.1863403320313,-243.739379882813
53,rodilla_derecha,2,-64.330078125,-239.042602539063
53,rodilla_derecha,3,-45.0535278320313,-236.76611328125
53,rodilla_derecha,4,-34.3409423828125,-223.728454589844
53,rodilla_derecha,5,-36.8087158203125,-208.771057128906
53,rodilla_derecha,6,-41.4469604492188,-201.872131347656
53,rodilla_derecha,7,-46.6065673828125,-195.23388671875
53,rodilla_derecha,8,-53.6065063476563,-185.553039550781
53,rodilla_derecha,9,-57.1864013671875,-177.973205566406
53,rodilla_derecha,10,-60.3458862304688,-163.755187988281
53,rodilla_derecha,11,-69.5639038085938,-146.7978515625
53,tobillo_izquierdo,0,-86.0335693359375,-304.301879882813
53,tobillo_izquierdo,1,-77.0,-300.0
53,tobillo_izquierdo,2,-74.0,-298.0
53,tobillo_izquierdo,3,-70.7246704101563,-295.617919921875
53,tobillo_izquierdo,4,-71.5784301757813,-296.455688476563
53,tobillo_izquierdo,5,-72.0,-294.0
53,tobillo_izquierdo,6,-71.5784301757813,-294.371398925781
53,tobillo_izquierdo,7,-72.0,-291.022399902344
53,tobillo_izquierdo,8,-73.1910400390625,-289.51123046875
53,tobillo_izquierdo,9,-74.893310546875,-286.617919921875
53,tobillo_izquierdo,10,-76.48876953125,-282.426940917969
53,tobillo_izquierdo,11,-78.8932495117188,-274.511169433594
53,tobillo_derecho,0,-192.594360351563,-200.864196777344
53,tobillo_derecho,1,-168.377563476563,-206.579772949219
53,tobillo_derecho,2,-136.63818359375,-224.116943359375
53,tobillo_derecho,3,-98.0852661132813,-243.712585449219
53,tobillo_derecho,4,-62.3300170898438,-272.020812988281
53,tobillo_derecho,5,-29.181396484375,-295.951354980469
53,tobillo_derecho,6,-0.19232177734375,-303.866149902344
53,tobillo_derecho,7,8.66400146484375,-286.850341796875
53,tobillo_derecho,8,0.387451171875,-263.818603515625
53,tobillo_derecho,9,-14.4261474609375,-231.568908691406
53,tobillo_derecho,10,-30.2398681640625,-206.755187988281
53,tobillo_derecho,11,-48.2130737304688,-184.159545898438
53,rodilla_izquierda,0,-134.656372070313,-230.304138183594
53,rodilla_izquierda,1,-123.712951660156,-225.584838867188
53,rodilla_izquierda,2,-112.471740722656,-220.399169921875
53,rodilla_izquierda,3,-107.168640136719,-216.595520019531
53,rodilla_izquierda,4,-104.634948730469,-214.724670410156
53,rodilla_izquierda,5,-102.932739257813,-213.51123046875
53,rodilla_izquierda,6,-101.848449707031,-214.359680175781
53,rodilla_izquierda,7,-101.0,-213.0
53,rodilla_izquierda,8,-99.0,-212.0
53,rodilla_izquierda,9,-97.0,-207.0
53,rodilla_izquierda,10,-96.0,-201.0
53,rodilla_izquierda,11,-93.1261596679688,-194.592163085938
54,cadera_derecha,0,-120.187866210938,-141.945617675781
54,cadera_derecha,1,-113.999938964844,-145.159606933594
54,cadera_derecha,2,-110.0,-146.0
54,cadera_derecha,3,-103.0,-148.0
54,cadera_derecha,4,-91.4202270507813,-149.159606933594
54,cadera_derecha,5,-91.5639038085938,-151.175415039063
54,cadera_derecha,6,-87.7660522460938,-146.69677734375
54,cadera_derecha,7,-85.2874145507813,-143.494567871094
54,cadera_derecha,8,-88.404296875,-140.494506835938
54,cadera_derecha,9,-85.2022094726563,-137.537170410156
54,cadera_derecha,10,-81.3616943359375,-133.739318847656
54,cadera_derecha,11,-80.781982421875,-128.0
54,cadera_izquierda,0,-167.007507324219,-155.588073730469
54,cadera_izquierda,1,-159.36181640625,-158.739379882813
54,cadera_izquierda,2,-154.101135253906,-159.0
54,cadera_izquierda,3,-147.840454101563,-163.0
54,cadera_izquierda,4,-137.202209472656,-164.579833984375
54,cadera_izquierda,5,-133.303283691406,-162.478698730469
54,cadera_izquierda,6,-134.7978515625,-155.606506347656
54,cadera_izquierda,7,-133.766052246094,-153.654174804688
54,cadera_izquierda,8,-131.361694335938,-149.579772949219
54,cadera_izquierda,9,-128.680847167969,-143.319152832031
54,cadera_izquierda,10,-123.361755371094,-140.058532714844
54,cadera_izquierda,11,-121.781982421875,-136.319152832031
54,rodilla_derecha,0,-81.968505859375,-232.471252441406
54,rodilla_derecha,1,-59.10009765625,-230.50048828125
54,rodilla_derecha,2,-43.6055297851563,-227.601623535156
54,rodilla_derecha,3,-30.6907348632813,-221.223999023438
54,rodilla_derecha,4,-26.63232421875,-203.83056640625
54,rodilla_derecha,5,-28.37158203125,-195.133850097656
54,rodilla_derecha,6,-34.16943359375,-189.915771484375
54,rodilla_derecha,7,-35.3289794921875,-186.437133789063
54,rodilla_derecha,8,-42.8662109375,-177.740417480469
54,rodilla_derecha,9,-48.0841674804688,-171.362854003906
54,rodilla_derecha,10,-54.4617919921875,-158.607604980469
54,rodilla_derecha,11,-60.83935546875,-145.272644042969
54,tobillo_derecho,0,-143.665161132813,-202.453369140625
54,tobillo_derecho,1,-117.260620117188,-207.159606933594
54,tobillo_derecho,2,-93.680908203125,-220.436096191406
54,tobillo_derecho,3,-64.9257202148438,-239.510437011719
54,tobillo_derecho,4,-34.6759033203125,-266.760131835938
54,tobillo_derecho,5,-8.16552734375,-282.892883300781
54,tobillo_derecho,6,11.1267700195313,-280.37158203125
54,tobillo_derecho,7,4.7491455078125,-263.616394042969
54,tobillo_derecho,8,-3.52728271484375,-243.382568359375
54,tobillo_derecho,9,-20.6600952148438,-216.712585449219
54,tobillo_derecho,10,-35.7344360351563,-196.797790527344
54,tobillo_derecho,11,-50.96826171875,-178.882995605469
54,rodilla_izquierda,0,-121.816467285156,-209.609069824219
54,rodilla_izquierda,1,-107.451904296875,-209.085327148438
54,rodilla_izquierda,2,-99.2655639648438,-209.76611328125
54,rodilla_izquierda,3,-95.8136596679688,-210.483642578125
54,rodilla_izquierda,4,-93.1912841796875,-208.744262695313
54,rodilla_izquierda,5,-92.2655639648438,-207.249694824219
54,rodilla_izquierda,6,-92.10595703125,-205.56884765625
54,rodilla_izquierda,7,-91.5262451171875,-202.308166503906
54,rodilla_izquierda,8,-89.6115112304688,-196.584716796875
54,rodilla_izquierda,9,-87.1328125,-193.265563964844
54,rodilla_izquierda,10,-85.0743408203125,-186.265563964844
54,rodilla_izquierda,11,-81.5371704101563,-183.643188476563
54,tobillo_izquierdo,0,-73.6270751953125,-285.6357421875
54,tobillo_izquierdo,1,-65.0,-285.739318847656
54,tobillo_izquierdo,2,-63.8404541015625,-283.420166015625
54,tobillo_izquierdo,3,-62.4786987304688,-282.335021972656
54,tobillo_izquierdo,4,-61.89892578125,-283.084167480469
54,tobillo_izquierdo,5,-61.0584716796875,-280.663940429688
54,tobillo_izquierdo,6,-62.0584716796875,-282.201110839844
54,tobillo_izquierdo,7,-62.6383056640625,-280.419128417969
54,tobillo_izquierdo,8,-65.6967163085938,-275.360656738281
54,tobillo_izquierdo,9,-66.5213012695313,-269.578735351563
54,tobillo_izquierdo,10,-68.5213012695313,-266.057434082031
54,tobillo_izquierdo,11,-70.0426025390625,-260.174377441406
51,rodilla_derecha,0,-146.49169921875,-247.57763671875
51,rodilla_derecha,1,-115.186279296875,-246.159545898438
51,rodilla_derecha,2,-95.8660888671875,-238.239868164063
51,rodilla_derecha,3,-81.9513549804688,-230.702697753906
51,rodilla_derecha,4,-74.9940185546875,-213.889038085938
51,rodilla_derecha,5,-75.153564453125,-205.612548828125
51,rodilla_derecha,6,-78.7918701171875,-202.569946289063
51,rodilla_derecha,7,-79.579833984375,-194.260681152344
51,rodilla_derecha,8,-82.0584716796875,-188.941528320313
51,rodilla_derecha,9,-87.276611328125,-178.622375488281
51,rodilla_derecha,10,-91.7393798828125,-165.0
51,rodilla_derecha,11,-100.319091796875,-151.159545898438
51,tobillo_derecho,0,-228.240966796875,-214.530151367188
51,tobillo_derecho,1,-193.10107421875,-220.0
51,tobillo_derecho,2,-163.521301269531,-236.116943359375
51,tobillo_derecho,3,-126.649169921875,-258.930603027344
51,tobillo_derecho,4,-90.4420776367188,-282.180358886719
51,tobillo_derecho,5,-56.8147583007813,-297.313110351563
51,tobillo_derecho,6,-32.8840942382813,-293.313171386719
51,tobillo_derecho,7,-34.0436401367188,-274.180358886719
51,tobillo_derecho,8,-38.26171875,-249.366638183594
51,tobillo_derecho,9,-47.6978149414063,-222.914733886719
51,tobillo_derecho,10,-58.8732299804688,-201.10107421875
51,tobillo_derecho,11,-73.1071166992188,-179.287475585938
51,cadera_derecha,0,-181.8583984375,-150.754150390625
51,cadera_derecha,1,-174.0,-154.0
51,cadera_derecha,2,-168.0,-157.0
51,cadera_derecha,3,-157.377624511719,-156.420227050781
51,cadera_derecha,4,-154.0,-158.0
51,cadera_derecha,5,-146.649169921875,-150.308227539063
51,cadera_derecha,6,-143.447021484375,-147.3349609375
51,cadera_derecha,7,-144.244812011719,-144.015808105469
51,cadera_derecha,8,-142.260681152344,-141.680847167969
51,cadera_derecha,9,-140.0,-139.0
51,cadera_derecha,10,-135.420166015625,-134.10107421875
51,cadera_derecha,11,-130.361755371094,-131.10107421875
51,cadera_izquierda,0,-228.240966796875,-164.089111328125
51,cadera_izquierda,1,-220.0,-166.0
51,cadera_izquierda,2,-213.0,-167.0
51,cadera_izquierda,3,-205.521301269531,-168.116943359375
51,cadera_izquierda,4,-200.0,-169.0
51,cadera_izquierda,5,-195.404357910156,-165.654113769531
51,cadera_izquierda,6,-192.186279296875,-160.451904296875
51,cadera_izquierda,7,-190.319152832031,-156.462768554688
51,cadera_izquierda,8,-188.0,-152.622375488281
51,cadera_izquierda,9,-185.159545898438,-150.10107421875
51,cadera_izquierda,10,-182.420288085938,-147.941528320313
51,cadera_izquierda,11,-180.0,-146.0
51,tobillo_izquierdo,0,-116.9228515625,-298.598449707031
51,tobillo_izquierdo,1,-111.0,-296.0
51,tobillo_izquierdo,2,-111.739318847656,-295.420288085938
51,tobillo_izquierdo,3,-111.739318847656,-294.840454101563
51,tobillo_izquierdo,4,-111.404296875,-292.483581542969
51,tobillo_izquierdo,5,-110.0048828125,-293.148681640625
51,tobillo_izquierdo,6,-110.643188476563,-291.70166015625
51,tobillo_izquierdo,7,-109.584655761719,-289.877075195313
51,tobillo_izquierdo,8,-112.207092285156,-285.791809082031
51,tobillo_izquierdo,9,-114.366638183594,-278.2705078125
51,tobillo_izquierdo,10,-113.829528808594,-271.866088867188
51,tobillo_izquierdo,11,-113.654113769531,-266.360656738281
51,rodilla_izquierda,0,-167.943725585938,-220.907653808594
51,rodilla_izquierda,1,-155.510314941406,-218.505432128906
51,rodilla_izquierda,2,-149.962341308594,-216.96826171875
51,rodilla_izquierda,3,-143.717529296875,-213.590698242188
51,rodilla_izquierda,4,-140.840454101563,-213.680847167969
51,rodilla_izquierda,5,-141.0,-211.0
51,rodilla_izquierda,6,-140.159545898438,-207.0
51,rodilla_izquierda,7,-138.0,-204.0
51,rodilla_izquierda,8,-137.260681152344,-200.739379882813
51,rodilla_izquierda,9,-135.319091796875,-194.579772949219
51,rodilla_izquierda,10,-130.382568359375,-189.239868164063
51,rodilla_izquierda,11,-129.0,-183.0
56,cadera_derecha,0,-129.732177734375,-146.295043945313
56,cadera_derecha,1,-121.0,-149.0
56,cadera_derecha,2,-111.0,-151.0
56,cadera_derecha,3,-104.0,-155.0
56,cadera_derecha,4,-91.0,-159.0
56,cadera_derecha,5,-84.0,-162.0
56,cadera_derecha,6,-84.0,-161.0
56,cadera_derecha,7,-86.8546752929688,-156.543151855469
56,cadera_derecha,8,-87.0,-155.0
56,cadera_derecha,9,-90.9515991210938,-149.698974609375
56,cadera_derecha,10,-93.5052490234375,-144.096923828125
56,cadera_derecha,11,-92.903076171875,-139.747436523438
56,cadera_izquierda,0,-175.526428222656,-162.680786132813
56,cadera_izquierda,1,-167.0,-165.0
56,cadera_izquierda,2,-160.0,-167.0
56,cadera_izquierda,3,-154.0,-167.0
56,cadera_izquierda,4,-146.0,-172.0
56,cadera_izquierda,5,-142.0,-173.0
56,cadera_izquierda,6,-140.0,-172.0
56,cadera_izquierda,7,-139.951599121094,-168.096801757813
56,cadera_izquierda,8,-139.456848144531,-163.73681640625
56,cadera_izquierda,9,-142.058959960938,-157.037902832031
56,cadera_izquierda,10,-143.505310058594,-151.795776367188
56,cadera_izquierda,11,-141.903137207031,-148.747375488281
56,rodilla_derecha,0,-77.5802001953125,-244.511413574219
56,rodilla_derecha,1,-55.2315673828125,-244.903198242188
56,rodilla_derecha,2,-37.7725219726563,-238.501098632813
56,rodilla_derecha,3,-24.761962890625,-231.995849609375
56,rodilla_derecha,4,-23.4609375,-222.237915039063
56,rodilla_derecha,5,-24.1114501953125,-213.130615234375
56,rodilla_derecha,6,-28.6651611328125,-207.27587890625
56,rodilla_derecha,7,-31.301025390625,-201.0
56,rodilla_derecha,8,-35.2526245117188,-191.795837402344
56,rodilla_derecha,9,-41.301025390625,-181.747375488281
56,rodilla_derecha,10,-52.698974609375,-167.252624511719
56,rodilla_derecha,11,-68.7473754882813,-146.252624511719
56,rodilla_izquierda,0,-113.125549316406,-222.639221191406
56,rodilla_izquierda,1,-106.962097167969,-224.602111816406
56,rodilla_izquierda,2,-98.9241943359375,-224.795776367188
56,rodilla_izquierda,3,-94.3430786132813,-221.193664550781
56,rodilla_izquierda,4,-93.343017578125,-219.242126464844
56,rodilla_izquierda,5,-89.3430786132813,-216.591552734375
56,rodilla_izquierda,6,-89.3916015625,-215.844177246094
56,rodilla_izquierda,7,-91.3915405273438,-211.446350097656
56,rodilla_izquierda,8,-90.3914794921875,-210.397888183594
56,rodilla_izquierda,9,-90.1873779296875,-209.456848144531
56,rodilla_izquierda,10,-92.2251586914063,-206.273681640625
56,rodilla_izquierda,11,-93.010498046875,-206.042114257813
56,tobillo_derecho,0,-154.648254394531,-210.438781738281
56,tobillo_derecho,1,-123.785278320313,-221.650512695313
56,tobillo_derecho,2,-97.8336791992188,-239.505249023438
56,tobillo_derecho,3,-62.747314453125,-267.574645996094
56,tobillo_derecho,4,-29.6295166015625,-290.326293945313
56,tobillo_derecho,5,2.896728515625,-308.541015625
56,tobillo_derecho,6,22.4124755859375,-303.9873046875
56,tobillo_derecho,7,17.208251953125,-284.471557617188
56,tobillo_derecho,8,3.60205078125,-261.854736328125
56,tobillo_derecho,9,-13.3494262695313,-233.301086425781
56,tobillo_derecho,10,-35.3494873046875,-203.951538085938
56,tobillo_derecho,11,-52.698974609375,-180.602111816406
56,tobillo_izquierdo,0,-67.6504516601563,-295.681579589844
56,tobillo_izquierdo,1,-62.1937255859375,-303.709411621094
56,tobillo_izquierdo,2,-54.8441772460938,-300.70947265625
56,tobillo_izquierdo,3,-54.8441772460938,-300.70947265625
56,tobillo_izquierdo,4,-53.8927001953125,-299.2841796875
56,tobillo_izquierdo,5,-52.892578125,-297.983154296875
56,tobillo_izquierdo,6,-51.892578125,-299.2841796875
56,tobillo_izquierdo,7,-52.543212890625,-299.2841796875
56,tobillo_izquierdo,8,-52.543212890625,-297.983093261719
56,tobillo_izquierdo,9,-53.1936645507813,-297.332580566406
56,tobillo_izquierdo,10,-54.4947509765625,-296.031494140625
56,tobillo_izquierdo,11,-54.1937255859375,-300.585205078125
52,tobillo_izquierdo,0,-77.3347778320313,-284.899658203125
52,tobillo_izquierdo,1,-74.0,-283.0
52,tobillo_izquierdo,2,-74.921142578125,-281.157836914063
52,tobillo_izquierdo,3,-75.3816528320313,-282.078918457031
52,tobillo_izquierdo,4,-73.76318359375,-280.184692382813
52,tobillo_izquierdo,5,-75.6053466796875,-279.263610839844
52,tobillo_izquierdo,6,-75.6054077148438,-279.263610839844
52,tobillo_izquierdo,7,-75.6052856445313,-276.039794921875
52,tobillo_izquierdo,8,-78.3685302734375,-271.434509277344
52,tobillo_izquierdo,9,-79.7501831054688,-266.8291015625
52,tobillo_izquierdo,10,-83.1318359375,-261.368591308594
52,rodilla_izquierda,0,-118.064575195313,-214.770751953125
52,rodilla_izquierda,1,-110.579345703125,-211.723388671875
52,rodilla_izquierda,2,-107.777038574219,-211.657470703125
52,rodilla_izquierda,3,-105.961730957031,-208.499633789063
52,rodilla_izquierda,4,-103.501220703125,-204.657470703125
52,rodilla_izquierda,5,-102.501220703125,-203.341796875
52,rodilla_izquierda,6,-101.198547363281,-202.170837402344
52,rodilla_izquierda,7,-99.6590576171875,-199.013000488281
52,rodilla_izquierda,8,-96.8299560546875,-194.684265136719
52,rodilla_izquierda,9,-94.1716918945313,-189.342529296875
52,rodilla_izquierda,10,-92.4345092773438,-185.000793457031
52,cadera_izquierda,0,-179.879150390625,-160.801696777344
52,cadera_izquierda,1,-172.0,-161.0
52,cadera_izquierda,2,-166.0,-160.0
52,cadera_izquierda,3,-160.0,-160.0
52,cadera_izquierda,4,-155.0,-158.0
52,cadera_izquierda,5,-151.091979980469,-155.131896972656
52,cadera_izquierda,6,-149.473510742188,-149.684326171875
52,cadera_izquierda,7,-146.196899414063,-144.671325683594
52,cadera_izquierda,8,-143.237609863281,-142.52490234375
52,cadera_izquierda,9,-140.777099609375,-143.590698242188
52,cadera_izquierda,10,-138.474365234375,-139.275024414063
52,cadera_derecha,0,-132.916870117188,-147.466735839844
52,cadera_derecha,1,-127.0,-150.0
52,cadera_derecha,2,-120.0,-152.0
52,cadera_derecha,3,-112.592346191406,-151.921081542969
52,cadera_derecha,4,-108.93408203125,-149.592346191406
52,cadera_derecha,5,-106.631408691406,-148.342529296875
52,cadera_derecha,6,-102.7509765625,-144.749389648438
52,cadera_derecha,7,-101.369323730469,-140.907287597656
52,cadera_derecha,8,-100.908874511719,-137.367736816406
52,cadera_derecha,9,-97.7770385742188,-135.657470703125
52,cadera_derecha,10,-96.947998046875,-131.249755859375
52,tobillo_derecho,0,-160.166625976563,-207.184204101563
52,tobillo_derecho,1,-136.0,-214.0
52,tobillo_derecho,2,-102.262817382813,-235.276672363281
52,tobillo_derecho,3,-72.3547973632813,-257.066711425781
52,tobillo_derecho,4,-41.801513671875,-278.554077148438
52,tobillo_derecho,5,-18.2352294921875,-285.067504882813
52,tobillo_derecho,6,-8.10333251953125,-271.77783203125
52,tobillo_derecho,7,-14.9324951171875,-250.580139160156
52,tobillo_derecho,8,-25.4459228515625,-220.790100097656
52,tobillo_derecho,9,-36.7225952148438,-200.289672851563
52,tobillo_derecho,10,-51.9202880859375,-178.776184082031
52,rodilla_derecha,0,-92.3321533203125,-233.854187011719
52,rodilla_derecha,1,-69.5524291992188,-231.934143066406
52,rodilla_derecha,2,-52.7388305664063,-224.130249023438
52,rodilla_derecha,3,-43.9885864257813,-213.15625
52,rodilla_derecha,4,-44.0675659179688,-198.340209960938
52,rodilla_derecha,5,-47.2911987304688,-189.129455566406
52,rodilla_derecha,6,-49.423095703125,-184.090393066406
52,rodilla_derecha,7,-51.7257080078125,-180.866577148438
52,rodilla_derecha,8,-55.4100341796875,-175.340148925781
52,rodilla_derecha,9,-62.318115234375,-161.524047851563
52,rodilla_derecha,10,-67.3839721679688,-150.010620117188
55,cadera_izquierda,0,-187.692199707031,-152.440368652344
55,cadera_izquierda,1,-180.966491699219,-153.583679199219
55,cadera_izquierda,2,-172.93310546875,-154.550231933594
55,cadera_izquierda,3,-170.0,-155.0
55,cadera_izquierda,4,-158.765808105469,-157.784423828125
55,cadera_izquierda,5,-158.832702636719,-153.617065429688
55,cadera_izquierda,6,-156.93310546875,-148.933044433594
55,cadera_izquierda,7,-154.382873535156,-143.066955566406
55,cadera_izquierda,8,-154.0,-139.0
55,cadera_izquierda,9,-153.0,-133.0
55,cadera_izquierda,10,-152.0,-128.0
55,cadera_izquierda,11,-149.033508300781,-124.014770507813
55,cadera_derecha,0,-145.528747558594,-141.621459960938
55,cadera_derecha,1,-137.933044433594,-142.416320800781
55,cadera_derecha,2,-130.93310546875,-142.899597167969
55,cadera_derecha,3,-126.0,-147.0
55,cadera_derecha,4,-117.933044433594,-145.449768066406
55,cadera_derecha,5,-119.0185546875,-143.847473144531
55,cadera_derecha,6,-117.434997558594,-140.397766113281
55,cadera_derecha,7,-116.784423828125,-135.081726074219
55,cadera_derecha,8,-114.066955566406,-132.483276367188
55,cadera_derecha,9,-112.0,-125.0
55,cadera_derecha,10,-111.0,-122.0
55,cadera_derecha,11,-107.416320800781,-114.899658203125
55,rodilla_derecha,0,-103.976196289063,-226.101501464844
55,rodilla_derecha,1,-82.148681640625,-227.033508300781
55,rodilla_derecha,2,-62.46142578125,-220.992248535156
55,rodilla_derecha,3,-51.0933227539063,-214.79150390625
55,rodilla_derecha,4,-49.0263671875,-201.873229980469
55,rodilla_derecha,5,-51.0933227539063,-194.639038085938
55,rodilla_derecha,6,-56.4279174804688,-188.590759277344
55,rodilla_derecha,7,-58.762451171875,-178.661560058594
55,rodilla_derecha,8,-62.5804443359375,-171.732299804688
55,rodilla_derecha,9,-71.0154418945313,-155.784423828125
55,rodilla_derecha,10,-75.4832763671875,-142.066955566406
55,rodilla_derecha,11,-81.1004028320313,-130.382873535156
55,tobillo_derecho,0,-179.662048339844,-185.630981445313
55,tobillo_derecho,1,-150.449768066406,-200.06689453125
55,tobillo_derecho,2,-124.899597167969,-218.368103027344
55,tobillo_derecho,3,-91.579833984375,-244.003845214844
55,tobillo_derecho,4,-55.9588012695313,-269.940795898438
55,tobillo_derecho,5,-26.5051879882813,-282.509582519531
55,tobillo_derecho,6,-11.0032958984375,-275.275451660156
55,tobillo_derecho,7,-15.6203002929688,-257.974243164063
55,tobillo_derecho,8,-23.9215087890625,-233.888671875
55,tobillo_derecho,9,-35.8397827148438,-208.736206054688
55,tobillo_derecho,10,-49.7581176757813,-180.516723632813
55,tobillo_derecho,11,-64.4755859375,-159.550170898438
55,rodilla_izquierda,0,-130.953125,-208.474243164063
55,rodilla_izquierda,1,-123.18603515625,-208.765869140625
55,rodilla_izquierda,2,-117.509582519531,-206.423400878906
55,rodilla_izquierda,3,-112.859069824219,-203.839782714844
55,rodilla_izquierda,4,-110.792236328125,-203.323059082031
55,rodilla_izquierda,5,-109.416381835938,-203.717529296875
55,rodilla_izquierda,6,-110.0,-203.0
55,rodilla_izquierda,7,-110.483276367188,-200.684020996094
55,rodilla_izquierda,8,-111.0,-196.033508300781
55,rodilla_izquierda,9,-108.966552734375,-193.617126464844
55,rodilla_izquierda,10,-108.449829101563,-190.7509765625
55,rodilla_izquierda,11,-106.899658203125,-191.234252929688
55,tobillo_izquierdo,0,-84.8767700195313,-281.098815917969
55,tobillo_izquierdo,1,-80.1339111328125,-281.200744628906
55,tobillo_izquierdo,2,-79.6171264648438,-279.133850097656
55,tobillo_izquierdo,3,-80.1338500976563,-280.684020996094
55,tobillo_izquierdo,4,-80.5315551757813,-279.089477539063
55,tobillo_izquierdo,5,-79.9813232421875,-278.256774902344
55,tobillo_izquierdo,6,-80.4981079101563,-278.773498535156
55,tobillo_izquierdo,7,-82.04833984375,-279.290222167969
55,tobillo_izquierdo,8,-84.081787109375,-278.074584960938
55,tobillo_izquierdo,9,-84.0817260742188,-275.725219726563
55,tobillo_izquierdo,10,-85.0817260742188,-274.925964355469
55,tobillo_izquierdo,11,-84.0482177734375,-271.442687988281
57,cadera_izquierda,0,-176.228576660156,-164.800537109375
57,cadera_izquierda,1,-170.0,-167.0
57,cadera_izquierda,2,-164.0,-167.0
57,cadera_izquierda,3,-154.543151855469,-170.637939453125
57,cadera_izquierda,4,-150.362060546875,-170.0
57,cadera_izquierda,5,-151.456909179688,-164.267272949219
57,cadera_izquierda,6,-150.0,-159.0
57,cadera_izquierda,7,-145.275817871094,-153.172485351563
57,cadera_izquierda,8,-146.456848144531,-145.543090820313
57,cadera_izquierda,9,-146.0,-140.0
57,cadera_derecha,0,-125.258178710938,-149.181884765625
57,cadera_derecha,1,-119.0,-153.637939453125
57,cadera_derecha,2,-113.0,-157.0
57,cadera_derecha,3,-106.0,-157.543090820313
57,cadera_derecha,4,-102.629333496094,-158.637939453125
57,cadera_derecha,5,-100.181030273438,-157.913757324219
57,cadera_derecha,6,-102.534484863281,-155.465515136719
57,cadera_derecha,7,-100.801818847656,-148.560302734375
57,cadera_derecha,8,-101.0,-141.543151855469
57,cadera_derecha,9,-99.72412109375,-136.27587890625
57,rodilla_derecha,0,-59.8294067382813,-244.951232910156
57,rodilla_derecha,1,-45.0690307617188,-238.267211914063
57,rodilla_derecha,2,-34.689697265625,-225.594665527344
57,rodilla_derecha,3,-35.4224853515625,-215.586120605469
57,rodilla_derecha,4,-38.9827880859375,-205.939575195313
57,rodilla_derecha,5,-44.87939453125,-200.577514648438
57,rodilla_derecha,6,-48.8103637695313,-192.017150878906
57,rodilla_derecha,7,-53.72412109375,-185.836120605469
57,rodilla_derecha,8,-66.8104248046875,-168.836181640625
57,rodilla_derecha,9,-73.27587890625,-162.551696777344
57,rodilla_izquierda,0,-111.61865234375,-221.58154296875
57,rodilla_izquierda,1,-105.655151367188,-222.353454589844
57,rodilla_izquierda,2,-104.586059570313,-218.353454589844
57,rodilla_izquierda,3,-103.586120605469,-216.353454589844
57,rodilla_izquierda,4,-104.586181640625,-213.172485351563
57,rodilla_izquierda,5,-105.9482421875,-211.724182128906
57,rodilla_izquierda,6,-107.76708984375,-210.913757324219
57,rodilla_izquierda,7,-105.310241699219,-209.370727539063
57,rodilla_izquierda,8,-105.301696777344,-206.474060058594
57,rodilla_izquierda,9,-102.930969238281,-203.482666015625
57,tobillo_izquierdo,0,-65.1233520507813,-301.390930175781
57,tobillo_izquierdo,1,-65.2758178710938,-300.905212402344
57,tobillo_izquierdo,2,-64.9224243164063,-299.267211914063
57,tobillo_izquierdo,3,-64.3621215820313,-297.215637207031
57,tobillo_izquierdo,4,-65.5516357421875,-299.991394042969
57,tobillo_izquierdo,5,-65.5516967773438,-298.353454589844
57,tobillo_izquierdo,6,-66.5516967773438,-299.991394042969
57,tobillo_izquierdo,7,-65.5516967773438,-299.991394042969
57,tobillo_izquierdo,8,-68.0086059570313,-296.715576171875
57,tobillo_izquierdo,9,-66.37060546875,-295.896606445313
57,tobillo_derecho,0,-125.258117675781,-233.066528320313
57,tobillo_derecho,1,-89.8880004882813,-249.465515136719
57,tobillo_derecho,2,-63.2501220703125,-268.396423339844
57,tobillo_derecho,3,-33.5863647460938,-293.603332519531
57,tobillo_derecho,4,-5.1036376953125,-303.525634765625
57,tobillo_derecho,5,6.6376953125,-287.51708984375
57,tobillo_derecho,6,-5.18988037109375,-271.689453125
57,tobillo_derecho,7,-20.7501831054688,-242.12060546875
57,tobillo_derecho,8,-38.12939453125,-220.741333007813
57,tobillo_derecho,9,-55.6897583007813,-194.086181640625
59,cadera_izquierda,0,-179.104675292969,-171.771423339844
59,cadera_izquierda,1,-173.0,-173.0
59,cadera_izquierda,2,-167.0,-177.0
59,cadera_izquierda,3,-156.069091796875,-181.586059570313
59,cadera_izquierda,4,-156.724182128906,-173.637878417969
59,cadera_izquierda,5,-154.267272949219,-171.551696777344
59,cadera_izquierda,6,-151.810363769531,-167.827575683594
59,cadera_izquierda,7,-152.0,-165.724182128906
59,cadera_izquierda,8,-150.543151855469,-162.5517578125
59,cadera_izquierda,9,-146.086242675781,-160.732727050781
59,cadera_izquierda,10,-143.905212402344,-157.456909179688
59,cadera_derecha,0,-128.494995117188,-156.533020019531
59,cadera_derecha,1,-116.913757324219,-159.732727050781
59,cadera_derecha,2,-113.534484863281,-162.560302734375
59,cadera_derecha,3,-102.413879394531,-163.586059570313
59,cadera_derecha,4,-104.12939453125,-159.422241210938
59,cadera_derecha,5,-102.931213378906,-153.689514160156
59,cadera_derecha,6,-100.284729003906,-155.16357421875
59,cadera_derecha,7,-100.379516601563,-154.827270507813
59,cadera_derecha,8,-99.560546875,-150.8359375
59,cadera_derecha,9,-96.2847290039063,-145.922119140625
59,cadera_derecha,10,-94.28466796875,-142.36181640625
59,rodilla_derecha,0,-52.8194580078125,-249.484680175781
59,rodilla_derecha,1,-38.715576171875,-242.430847167969
59,rodilla_derecha,2,-35.689697265625,-224.870544433594
59,rodilla_derecha,3,-33.43115234375,-216.224060058594
59,rodilla_derecha,4,-38.3449096679688,-211.129211425781
59,rodilla_derecha,5,-44.07763671875,-200.758544921875
59,rodilla_derecha,6,-48.9913940429688,-196.301635742188
59,rodilla_derecha,7,-57.3534545898438,-188.396423339844
59,rodilla_derecha,8,-64.62939453125,-175.8447265625
59,rodilla_derecha,9,-75.362060546875,-166.017211914063
59,rodilla_derecha,10,-81.8189697265625,-162.741333007813
59,tobillo_derecho,0,-102.970886230469,-230.590087890625
59,tobillo_derecho,1,-71.07763671875,-251.284423828125
59,tobillo_derecho,2,-36.7846069335938,-277.491271972656
59,tobillo_derecho,3,-6.57769775390625,-300.973937988281
59,tobillo_derecho,4,14.5343017578125,-299.706726074219
59,tobillo_derecho,5,12.077392578125,-283.879150390625
59,tobillo_derecho,6,0.15496826171875,-264.04296875
59,tobillo_derecho,7,-19.95703125,-236.655151367188
59,tobillo_derecho,8,-42.52587890625,-213.818908691406
59,tobillo_derecho,9,-61.362060546875,-192.258666992188
59,tobillo_derecho,10,-84.2930297851563,-184.069030761719
59,rodilla_izquierda,0,-117.770629882813,-230.648559570313
59,rodilla_izquierda,1,-115.017211914063,-231.344909667969
59,rodilla_izquierda,2,-115.034362792969,-227.319152832031
59,rodilla_izquierda,3,-114.749938964844,-220.413940429688
59,rodilla_izquierda,4,-113.75,-217.23291015625
59,rodilla_izquierda,5,-114.387817382813,-213.95703125
59,rodilla_izquierda,6,-112.749816894531,-211.500183105469
59,rodilla_izquierda,7,-107.655090332031,-207.689819335938
59,rodilla_izquierda,8,-105.198181152344,-204.413818359375
59,rodilla_izquierda,9,-104.387817382813,-199.474304199219
59,rodilla_izquierda,10,-102.741333007813,-196.95703125
59,tobillo_izquierdo,0,-71.3142700195313,-308.781066894531
59,tobillo_izquierdo,1,-72.8189697265625,-307.362121582031
59,tobillo_izquierdo,2,-73.8189086914063,-305.689819335938
59,tobillo_izquierdo,3,-73.8189697265625,-301.594970703125
59,tobillo_izquierdo,4,-73.8189697265625,-299.95703125
59,tobillo_izquierdo,5,-72.1810302734375,-298.319091796875
59,tobillo_izquierdo,6,-73.0,-299.138061523438
59,tobillo_izquierdo,7,-74.637939453125,-294.224304199219
59,tobillo_izquierdo,8,-76.27587890625,-290.129455566406
59,tobillo_izquierdo,9,-80.3707275390625,-282.7587890625
59,tobillo_izquierdo,10,-81.1896362304688,-281.939819335938
58,cadera_izquierda,0,-192.685729980469,-165.600036621094
58,cadera_izquierda,1,-189.0,-168.0
58,cadera_izquierda,2,-182.521240234375,-171.058471679688
58,cadera_izquierda,3,-178.622375488281,-170.276489257813
58,cadera_izquierda,4,-173.840393066406,-168.420227050781
58,cadera_izquierda,5,-170.0,-165.883056640625
58,cadera_izquierda,6,-170.941528320313,-160.89892578125
58,cadera_izquierda,7,-170.202209472656,-157.377624511719
58,cadera_izquierda,8,-170.781982421875,-153.696716308594
58,cadera_izquierda,9,-168.202209472656,-152.116943359375
58,cadera_izquierda,10,-165.202209472656,-151.377563476563
58,cadera_izquierda,11,-162.361694335938,-151.319152832031
58,cadera_derecha,0,-143.314270019531,-153.257141113281
58,cadera_derecha,1,-138.0,-156.0
58,cadera_derecha,2,-131.0,-161.319152832031
58,cadera_derecha,3,-124.159545898438,-160.579772949219
58,cadera_derecha,4,-125.739379882813,-159.521362304688
58,cadera_derecha,5,-118.755126953125,-157.606506347656
58,cadera_derecha,6,-122.494567871094,-153.505493164063
58,cadera_derecha,7,-120.957397460938,-149.723388671875
58,cadera_derecha,8,-121.638305664063,-144.244812011719
58,cadera_derecha,9,-122.319152832031,-144.781982421875
58,cadera_derecha,10,-121.595642089844,-140.76611328125
58,cadera_derecha,11,-119.478698730469,-139.723510742188
58,rodilla_derecha,0,-84.2369384765625,-246.408325195313
58,rodilla_derecha,1,-67.3458862304688,-243.840454101563
58,rodilla_derecha,2,-59.201171875,-230.745361328125
58,rodilla_derecha,3,-58.621337890625,-212.772094726563
58,rodilla_derecha,4,-60.3606567382813,-204.655151367188
58,rodilla_derecha,5,-66.1585083007813,-200.016967773438
58,rodilla_derecha,6,-69.0574340820313,-193.639282226563
58,rodilla_derecha,7,-74.8551635742188,-188.421325683594
58,rodilla_derecha,8,-82.5519409179688,-179.985168457031
58,rodilla_derecha,9,-90.5093383789063,-169.288513183594
58,rodilla_derecha,10,-91.6688842773438,-155.953491210938
58,rodilla_derecha,11,-96.8869018554688,-147.256774902344
58,tobillo_derecho,0,-148.905944824219,-207.322692871094
58,tobillo_derecho,1,-125.462829589844,-223.696716308594
58,tobillo_derecho,2,-94.4895629882813,-244.712585449219
58,tobillo_derecho,3,-65.080322265625,-275.33984375
58,tobillo_derecho,4,-36.3518676757813,-291.951354980469
58,tobillo_derecho,5,-22.2775268554688,-289.690734863281
58,tobillo_derecho,6,-30.814697265625,-273.515319824219
58,tobillo_derecho,7,-36.7720947265625,-249.744262695313
58,tobillo_derecho,8,-47.3677368164063,-223.23388671875
58,tobillo_derecho,9,-60.6016845703125,-197.723510742188
58,tobillo_derecho,10,-74.09619140625,-177.330017089844
58,tobillo_derecho,11,-90.649169921875,-165.314147949219
58,rodilla_izquierda,0,-140.883544921875,-213.923522949219
58,rodilla_izquierda,1,-138.23388671875,-212.766052246094
58,rodilla_izquierda,2,-136.350830078125,-213.0693359375
58,rodilla_izquierda,3,-135.510375976563,-210.330078125
58,rodilla_izquierda,4,-135.350830078125,-210.127868652344
58,rodilla_izquierda,5,-135.191284179688,-206.127868652344
58,rodilla_izquierda,6,-134.611450195313,-205.127868652344
58,rodilla_izquierda,7,-133.451904296875,-202.127868652344
58,rodilla_izquierda,8,-133.031677246094,-198.808776855469
58,rodilla_izquierda,9,-131.611450195313,-193.069396972656
58,rodilla_izquierda,10,-127.553039550781,-189.010925292969
58,rodilla_izquierda,11,-125.23388671875,-184.372680664063
58,tobillo_izquierdo,0,-101.853637695313,-290.188110351563
58,tobillo_izquierdo,1,-103.319091796875,-290.159606933594
58,tobillo_izquierdo,2,-102.159545898438,-288.420166015625
58,tobillo_izquierdo,3,-104.0,-287.0
58,tobillo_izquierdo,4,-104.0,-286.0
58,tobillo_izquierdo,5,-104.0,-286.0
58,tobillo_izquierdo,6,-103.898864746094,-284.941528320313
58,tobillo_izquierdo,7,-104.0,-281.361755371094
58,tobillo_izquierdo,8,-105.739318847656,-276.361755371094
58,tobillo_izquierdo,9,-108.898864746094,-269.622375488281
58,tobillo_izquierdo,10,-112.0,-264.0
58,tobillo_izquierdo,11,-114.0,-260.0
28,cadera_izquierda,0,-167.296752929688,-163.00390625
28,cadera_izquierda,1,-168.0,-162.0
28,cadera_izquierda,2,-168.0,-160.0
28,cadera_izquierda,3,-169.0,-158.0
28,cadera_izquierda,4,-170.0,-154.0
28,cadera_izquierda,5,-170.0,-153.0
28,cadera_izquierda,6,-171.0,-150.0
28,cadera_izquierda,7,-171.0,-148.0
28,cadera_izquierda,8,-170.0,-143.382873535156
28,cadera_izquierda,9,-170.0,-142.0
28,cadera_izquierda,10,-171.382873535156,-138.0
28,cadera_izquierda,11,-171.899597167969,-131.799194335938
28,cadera_izquierda,12,-171.866149902344,-128.033508300781
28,cadera_izquierda,13,-172.866149902344,-124.033508300781
28,cadera_izquierda,14,-170.832702636719,-123.650634765625
28,cadera_izquierda,15,-169.933044433594,-121.650573730469
28,cadera_izquierda,16,-167.933044433594,-121.68408203125
28,cadera_izquierda,17,-166.966552734375,-121.167297363281
28,cadera_izquierda,18,-164.416320800781,-118.0
28,cadera_derecha,0,-123.090942382813,-156.826477050781
28,cadera_derecha,1,-121.0,-157.0
28,cadera_derecha,2,-125.468444824219,-157.732360839844
28,cadera_derecha,3,-125.0,-157.0
28,cadera_derecha,4,-127.784423828125,-153.698791503906
28,cadera_derecha,5,-129.583618164063,-152.933044433594
28,cadera_derecha,6,-134.650573730469,-149.382873535156
28,cadera_derecha,7,-136.550170898438,-148.449829101563
28,cadera_derecha,8,-135.416381835938,-147.0
28,cadera_derecha,9,-134.832702636719,-141.933044433594
28,cadera_derecha,10,-132.2490234375,-137.516723632813
28,cadera_derecha,11,-134.899658203125,-134.06689453125
28,cadera_derecha,12,-131.698852539063,-133.750915527344
28,cadera_derecha,13,-128.799194335938,-133.784423828125
28,cadera_derecha,14,-126.866149902344,-130.650573730469
28,cadera_derecha,15,-126.966491699219,-126.583618164063
28,cadera_derecha,16,-122.866149902344,-126.133850097656
28,cadera_derecha,17,-121.483215332031,-126.100402832031
28,cadera_derecha,18,-121.0,-127.650573730469
28,rodilla_izquierda,0,-116.790161132813,-207.896362304688
28,rodilla_izquierda,1,-114.799194335938,-205.717468261719
28,rodilla_izquierda,2,-115.315979003906,-204.68408203125
28,rodilla_izquierda,3,-116.066955566406,-203.966552734375
28,rodilla_izquierda,4,-117.483215332031,-203.066955566406
28,rodilla_izquierda,5,-117.416381835938,-203.133850097656
28,rodilla_izquierda,6,-118.382873535156,-203.167297363281
28,rodilla_izquierda,7,-121.449768066406,-202.684020996094
28,rodilla_izquierda,8,-122.449829101563,-200.1337890625
28,rodilla_izquierda,9,-123.966552734375,-199.68408203125
28,rodilla_izquierda,10,-123.899597167969,-199.784484863281
28,rodilla_izquierda,11,-125.349426269531,-195.81787109375
28,rodilla_izquierda,12,-128.382934570313,-189.717529296875
28,rodilla_izquierda,13,-130.349426269531,-186.7509765625
28,rodilla_izquierda,14,-135.416381835938,-182.717468261719
28,rodilla_izquierda,15,-136.799255371094,-181.884765625
28,rodilla_izquierda,16,-140.899658203125,-179.301147460938
28,rodilla_izquierda,17,-143.966552734375,-175.684020996094
28,rodilla_izquierda,18,-147.483276367188,-176.133850097656
28,rodilla_derecha,0,-62.7898559570313,-229.582580566406
28,rodilla_derecha,1,-56.3641967773438,-223.468505859375
28,rodilla_derecha,2,-56.4832763671875,-209.56494140625
28,rodilla_derecha,3,-58.5502319335938,-201.814025878906
28,rodilla_derecha,4,-63.7174682617188,-196.68017578125
28,rodilla_derecha,5,-64.2342529296875,-194.646728515625
28,rodilla_derecha,6,-70.1672973632813,-188.780639648438
28,rodilla_derecha,7,-77.56884765625,-185.895751953125
28,rodilla_derecha,8,-85.8364868164063,-176.594604492188
28,rodilla_derecha,9,-93.5874633789063,-168.326904296875
28,rodilla_derecha,10,-102.888671875,-156.442077636719
28,rodilla_derecha,11,-108.055908203125,-153.341674804688
28,rodilla_derecha,12,-119.7734375,-151.442199707031
28,rodilla_derecha,13,-133.074645996094,-147.4755859375
28,rodilla_derecha,14,-134.974365234375,-141.958801269531
28,rodilla_derecha,15,-149.275390625,-140.059204101563
28,rodilla_derecha,16,-147.557861328125,-126.241333007813
28,rodilla_derecha,17,-153.591369628906,-126.79150390625
28,rodilla_derecha,18,-159.624755859375,-128.758056640625
28,tobillo_derecho,0,-117.700256347656,-230.346069335938
28,tobillo_derecho,1,-91.7393798828125,-243.323669433594
28,tobillo_derecho,2,-61.7689208984375,-255.725219726563
28,tobillo_derecho,3,-33.579833984375,-265.301208496094
28,tobillo_derecho,4,-17.5611572265625,-264.267700195313
28,tobillo_derecho,5,-19.5946044921875,-259.100402832031
28,tobillo_derecho,6,-25.79541015625,-242.048278808594
28,tobillo_derecho,7,-39.7471313476563,-219.312133789063
28,tobillo_derecho,8,-57.3160400390625,-200.709777832031
28,tobillo_derecho,9,-72.81787109375,-191.925354003906
28,tobillo_derecho,10,-89.31982421875,-184.207885742188
28,tobillo_derecho,11,-107.338439941406,-176.007141113281
28,tobillo_derecho,12,-121.189819335938,-161.122314453125
28,tobillo_derecho,13,-140.658264160156,-156.639038085938
28,tobillo_derecho,14,-143.557922363281,-150.605529785156
28,tobillo_derecho,15,-170.743835449219,-150.772888183594
28,tobillo_derecho,16,-180.394470214844,-141.055358886719
28,tobillo_derecho,17,-187.461303710938,-136.921508789063
28,tobillo_derecho,18,-197.044982910156,-137.270935058594
28,tobillo_izquierdo,0,-72.58447265625,-267.5341796875
28,tobillo_izquierdo,1,-73.0,-267.0
28,tobillo_izquierdo,2,-70.81787109375,-265.576599121094
28,tobillo_izquierdo,3,-71.0,-266.550170898438
28,tobillo_izquierdo,4,-71.5167236328125,-266.033447265625
28,tobillo_izquierdo,5,-75.1004028320313,-265.0
28,tobillo_izquierdo,6,-74.5836791992188,-263.966552734375
28,tobillo_izquierdo,7,-76.100341796875,-264.483276367188
28,tobillo_izquierdo,8,-75.0669555664063,-263.449829101563
28,tobillo_izquierdo,9,-75.5836791992188,-265.0
28,tobillo_izquierdo,10,-76.5836791992188,-264.0
28,tobillo_izquierdo,11,-76.0,-262.0
28,tobillo_izquierdo,12,-79.0,-259.0
28,tobillo_izquierdo,13,-84.0,-254.0
28,tobillo_izquierdo,14,-90.0,-249.0
28,tobillo_izquierdo,15,-96.0,-244.0
28,tobillo_izquierdo,16,-101.0,-241.0
28,tobillo_izquierdo,17,-106.0,-242.0
28,tobillo_izquierdo,18,-114.0,-247.0
24,cadera_izquierda,0,-134.712524414063,-154.059997558594
24,cadera_izquierda,1,-133.0,-155.550170898438
24,cadera_izquierda,2,-132.966552734375,-157.650573730469
24,cadera_izquierda,3,-131.382873535156,-160.7509765625
24,cadera_izquierda,4,-134.966552734375,-161.784484863281
24,cadera_izquierda,5,-134.866149902344,-161.401550292969
24,cadera_izquierda,6,-135.832763671875,-159.918212890625
24,cadera_izquierda,7,-138.3828125,-159.951782226563
24,cadera_izquierda,8,-140.933044433594,-156.851379394531
24,cadera_izquierda,9,-142.449829101563,-154.301147460938
24,cadera_izquierda,10,-141.416381835938,-154.334594726563
24,cadera_izquierda,11,-140.899597167969,-154.851318359375
24,cadera_izquierda,12,-141.93310546875,-151.200805664063
24,cadera_izquierda,13,-143.449829101563,-147.583618164063
24,cadera_derecha,0,-92.9473266601563,-147.03662109375
24,cadera_derecha,1,-91.2007446289063,-147.516723632813
24,cadera_derecha,2,-89.918212890625,-150.315979003906
24,cadera_derecha,3,-91.56884765625,-155.315979003906
24,cadera_derecha,4,-90.2677001953125,-152.650634765625
24,cadera_derecha,5,-91.8179321289063,-151.617126464844
24,cadera_derecha,6,-92.81787109375,-152.133850097656
24,cadera_derecha,7,-96.3681030273438,-150.06689453125
24,cadera_derecha,8,-98.9517822265625,-149.483215332031
24,cadera_derecha,9,-96.3011474609375,-149.449768066406
24,cadera_derecha,10,-97.2342529296875,-151.06689453125
24,cadera_derecha,11,-97.6840209960938,-150.550170898438
24,cadera_derecha,12,-100.68408203125,-148.516723632813
24,cadera_derecha,13,-101.550170898438,-146.200805664063
24,rodilla_derecha,0,-51.2400512695313,-222.712646484375
24,rodilla_derecha,1,-40.8995971679688,-219.617126464844
24,rodilla_derecha,2,-32.9330444335938,-216.0
24,rodilla_derecha,3,-32.0,-203.215576171875
24,rodilla_derecha,4,-33.06689453125,-198.048278808594
24,rodilla_derecha,5,-37.2342529296875,-190.330810546875
24,rodilla_derecha,6,-43.4684448242188,-187.263854980469
24,rodilla_derecha,7,-49.1190185546875,-182.61328125
24,rodilla_derecha,8,-54.2529296875,-180.546325683594
24,rodilla_derecha,9,-59.9034423828125,-175.379028320313
24,rodilla_derecha,10,-64.037353515625,-175.379028320313
24,rodilla_derecha,11,-71.271484375,-170.728454589844
24,rodilla_derecha,12,-78.5057373046875,-167.111328125
24,rodilla_derecha,13,-85.739990234375,-164.527709960938
24,tobillo_derecho,0,-93.94287109375,-216.545288085938
24,tobillo_derecho,1,-75.8995971679688,-217.0
24,tobillo_derecho,2,-58.1486206054688,-221.06689453125
24,tobillo_derecho,3,-38.61328125,-230.985229492188
24,tobillo_derecho,4,-19.0109252929688,-241.31982421875
24,tobillo_derecho,5,0.07464599609375,-248.554077148438
24,tobillo_derecho,6,6.275390625,-246.520629882813
24,tobillo_derecho,7,3.6917724609375,-242.353271484375
24,tobillo_derecho,8,-4.509033203125,-227.918334960938
24,tobillo_derecho,9,-19.944091796875,-209.832641601563
24,tobillo_derecho,10,-37.4794311523438,-197.43115234375
24,tobillo_derecho,11,-54.5315551757813,-189.163452148438
24,tobillo_derecho,12,-69.0,-186.063049316406
24,tobillo_derecho,13,-82.9182739257813,-183.99609375
24,rodilla_izquierda,0,-104.306823730469,-198.504455566406
24,rodilla_izquierda,1,-102.83642578125,-196.349365234375
24,rodilla_izquierda,2,-101.104187011719,-195.215637207031
24,rodilla_izquierda,3,-100.687927246094,-193.765808105469
24,rodilla_izquierda,4,-98.6879272460938,-192.732238769531
24,rodilla_izquierda,5,-97.4871215820313,-192.516723632813
24,rodilla_izquierda,6,-99.037353515625,-191.516723632813
24,rodilla_izquierda,7,-99.5540771484375,-190.449829101563
24,rodilla_izquierda,8,-102.587463378906,-190.483337402344
24,rodilla_izquierda,9,-104.554016113281,-191.516784667969
24,rodilla_izquierda,10,-105.553955078125,-191.0
24,rodilla_izquierda,11,-107.554077148438,-191.033447265625
24,rodilla_izquierda,12,-108.554077148438,-191.550231933594
24,rodilla_izquierda,13,-108.970397949219,-192.100402832031
24,tobillo_izquierdo,0,-58.5036010742188,-252.497253417969
24,tobillo_izquierdo,1,-59.851318359375,-251.866149902344
24,tobillo_izquierdo,2,-58.3011474609375,-249.799255371094
24,tobillo_izquierdo,3,-57.2677001953125,-249.799255371094
24,tobillo_izquierdo,4,-56.2342529296875,-251.866149902344
24,tobillo_izquierdo,5,-56.2342529296875,-251.866149902344
24,tobillo_izquierdo,6,-56.7509765625,-251.866149902344
24,tobillo_izquierdo,7,-56.7509765625,-251.866088867188
24,tobillo_izquierdo,8,-58.3011474609375,-251.349365234375
24,tobillo_izquierdo,9,-56.7509155273438,-249.799194335938
24,tobillo_izquierdo,10,-57.784423828125,-248.765808105469
24,tobillo_izquierdo,11,-60.3681030273438,-248.2490234375
24,tobillo_izquierdo,12,-60.8848266601563,-246.698852539063
24,tobillo_izquierdo,13,-59.851318359375,-246.698852539063
26,cadera_izquierda,0,-155.811157226563,-162.792419433594
26,cadera_izquierda,1,-156.0,-162.0
26,cadera_izquierda,2,-157.0,-161.0
26,cadera_izquierda,3,-154.382934570313,-163.583679199219
26,cadera_izquierda,4,-154.832702636719,-163.68408203125
26,cadera_izquierda,5,-154.2490234375,-164.851379394531
26,cadera_izquierda,6,-158.899597167969,-161.717468261719
26,cadera_izquierda,7,-157.315979003906,-157.200744628906
26,cadera_izquierda,8,-157.832702636719,-156.7509765625
26,cadera_izquierda,9,-158.899719238281,-152.650573730469
26,cadera_izquierda,10,-160.449768066406,-149.133850097656
26,cadera_izquierda,11,-160.966552734375,-148.617126464844
26,cadera_izquierda,12,-161.449829101563,-145.583618164063
26,cadera_izquierda,13,-163.349426269531,-142.133850097656
26,cadera_izquierda,14,-164.698852539063,-138.0
26,cadera_izquierda,15,-165.081726074219,-138.0
26,cadera_izquierda,16,-166.531494140625,-136.483215332031
26,cadera_derecha,0,-114.862915039063,-157.878662109375
26,cadera_derecha,1,-113.0,-158.0
26,cadera_derecha,2,-112.0,-158.0
26,cadera_derecha,3,-109.368103027344,-159.449768066406
26,cadera_derecha,4,-112.918273925781,-156.8662109375
26,cadera_derecha,5,-116.018615722656,-157.382873535156
26,cadera_derecha,6,-118.018676757813,-158.449768066406
26,cadera_derecha,7,-114.81787109375,-154.866149902344
26,cadera_derecha,8,-117.267639160156,-151.282470703125
26,cadera_derecha,9,-120.200744628906,-150.799255371094
26,cadera_derecha,10,-121.550170898438,-147.0
26,cadera_derecha,11,-124.100341796875,-145.282531738281
26,cadera_derecha,12,-129.100402832031,-143.282531738281
26,cadera_derecha,13,-131.550231933594,-146.06689453125
26,cadera_derecha,14,-133.966491699219,-146.066955566406
26,cadera_derecha,15,-138.483276367188,-144.550170898438
26,cadera_derecha,16,-141.483276367188,-144.550170898438
26,rodilla_izquierda,0,-115.154907226563,-208.753051757813
26,rodilla_izquierda,1,-116.553039550781,-204.143676757813
26,rodilla_izquierda,2,-115.186340332031,-203.116943359375
26,rodilla_izquierda,3,-112.8671875,-199.638244628906
26,rodilla_izquierda,4,-111.707580566406,-199.058471679688
26,rodilla_izquierda,5,-114.388488769531,-198.436096191406
26,rodilla_izquierda,6,-117.127868652344,-197.276489257813
26,rodilla_izquierda,7,-121.76611328125,-196.377624511719
26,rodilla_izquierda,8,-126.085266113281,-196.478698730469
26,rodilla_izquierda,9,-126.824584960938,-197.058471679688
26,rodilla_izquierda,10,-127.824584960938,-196.058471679688
26,rodilla_izquierda,11,-127.8671875,-192.638305664063
26,rodilla_izquierda,12,-128.968322753906,-190.537170410156
26,rodilla_izquierda,13,-132.909851074219,-189.3349609375
26,rodilla_izquierda,14,-135.271545410156,-189.393432617188
26,rodilla_izquierda,15,-138.792907714844,-186.973266601563
26,rodilla_izquierda,16,-145.5322265625,-183.23388671875
26,rodilla_derecha,0,-58.1400146484375,-235.075744628906
26,rodilla_derecha,1,-49.3011474609375,-228.583618164063
26,rodilla_derecha,2,-45.3345947265625,-218.449768066406
26,rodilla_derecha,3,-49.9852294921875,-199.330749511719
26,rodilla_derecha,4,-49.4684448242188,-196.230346679688
26,rodilla_derecha,5,-50.56884765625,-192.163452148438
26,rodilla_derecha,6,-56.7027587890625,-189.196960449219
26,rodilla_derecha,7,-65.2528686523438,-184.713684082031
26,rodilla_derecha,8,-74.0038452148438,-179.029602050781
26,rodilla_derecha,9,-85.3718872070313,-176.445983886719
26,rodilla_derecha,10,-96.2233276367188,-162.494262695313
26,rodilla_derecha,11,-103.974243164063,-158.3603515625
26,rodilla_derecha,12,-116.375793457031,-153.709777832031
26,rodilla_derecha,13,-123.09326171875,-153.193054199219
26,rodilla_derecha,14,570.12158203125,208.971160888672
26,rodilla_derecha,15,573.0341796875,210.427520751953
26,rodilla_derecha,16,574.490478515625,207.514831542969
26,tobillo_derecho,0,-109.091125488281,-222.147766113281
26,tobillo_derecho,1,-86.4015502929688,-226.483276367188
26,tobillo_derecho,2,-69.100341796875,-236.401550292969
26,tobillo_derecho,3,-47.43115234375,-247.2529296875
26,tobillo_derecho,4,-30.3790283203125,-253.453674316406
26,tobillo_derecho,5,-15.393798828125,-252.420227050781
26,tobillo_derecho,6,-18.4607543945313,-247.286315917969
26,tobillo_derecho,7,-24.0443725585938,-233.334594726563
26,tobillo_derecho,8,-40.5463256835938,-209.04833984375
26,tobillo_derecho,9,-58.1151123046875,-194.063110351563
26,tobillo_derecho,10,-76.7174682617188,-172.877136230469
26,tobillo_derecho,11,-91.1859741210938,-169.260009765625
26,tobillo_derecho,12,-104.104248046875,-162.025756835938
26,tobillo_derecho,13,-114.687927246094,-159.159606933594
26,tobillo_derecho,14,581.093383789063,208.340209960938
26,tobillo_derecho,15,583.375366210938,208.427520751953
26,tobillo_derecho,16,584.20068359375,204.602142333984
26,tobillo_izquierdo,0,-70.638916015625,-260.2490234375
26,tobillo_izquierdo,1,-71.0,-260.0
26,tobillo_izquierdo,2,-71.0,-260.0
26,tobillo_izquierdo,3,-68.9330444335938,-260.0
26,tobillo_izquierdo,4,-69.4498291015625,-259.483276367188
26,tobillo_izquierdo,5,-71.0,-260.0
26,tobillo_izquierdo,6,-71.0,-260.0
26,tobillo_izquierdo,7,-71.0,-260.0
26,tobillo_izquierdo,8,-71.0,-257.416320800781
26,tobillo_izquierdo,9,-72.5501708984375,-255.866149902344
26,tobillo_izquierdo,10,-74.033447265625,-254.416320800781
26,tobillo_izquierdo,11,-74.5502319335938,-252.866088867188
26,tobillo_izquierdo,12,-77.6505737304688,-250.799194335938
26,tobillo_izquierdo,13,-82.81787109375,-248.215576171875
26,tobillo_izquierdo,14,-87.9851684570313,-245.115173339844
26,tobillo_izquierdo,15,-92.6357421875,-243.565002441406
26,tobillo_izquierdo,16,-97.2863159179688,-240.981384277344
29,cadera_izquierda,0,-152.576843261719,-171.257080078125
29,cadera_izquierda,1,-148.159545898438,-172.680847167969
29,cadera_izquierda,2,-151.478698730469,-172.680847167969
29,cadera_izquierda,3,-150.0,-174.0
29,cadera_izquierda,4,-151.0,-173.0
29,cadera_izquierda,5,-153.0,-173.0
29,cadera_izquierda,6,-157.058471679688,-169.521240234375
29,cadera_izquierda,7,-158.63818359375,-167.361755371094
29,cadera_izquierda,8,-158.058471679688,-165.361694335938
29,cadera_izquierda,9,-157.638244628906,-163.941528320313
29,cadera_izquierda,10,-157.058471679688,-161.941467285156
29,cadera_izquierda,11,-156.898864746094,-161.521301269531
29,cadera_izquierda,12,-157.521362304688,-159.941589355469
29,cadera_izquierda,13,-158.303283691406,-158.537170410156
29,cadera_izquierda,14,-159.30322265625,-154.957336425781
29,cadera_derecha,0,-108.160217285156,-163.701110839844
29,cadera_derecha,1,-107.89892578125,-165.260681152344
29,cadera_derecha,2,-107.058532714844,-165.680908203125
29,cadera_derecha,3,-109.2021484375,-166.164489746094
29,cadera_derecha,4,-111.260681152344,-166.744262695313
29,cadera_derecha,5,-116.058471679688,-168.90380859375
29,cadera_derecha,6,-114.420227050781,-167.132751464844
29,cadera_derecha,7,-115.260620117188,-164.813720703125
29,cadera_derecha,8,-115.101196289063,-162.813720703125
29,cadera_derecha,9,-116.2021484375,-161.233825683594
29,cadera_derecha,10,-114.377624511719,-159.02685546875
29,cadera_derecha,11,-116.478698730469,-158.287414550781
29,cadera_derecha,12,-118.420166015625,-157.548034667969
29,cadera_derecha,13,-117.042541503906,-156.649230957031
29,cadera_derecha,14,-116.404357910156,-153.909790039063
29,rodilla_derecha,0,-48.0869140625,-230.237182617188
29,rodilla_derecha,1,-39.8404541015625,-226.739318847656
29,rodilla_derecha,2,-37.10107421875,-217.159606933594
29,rodilla_derecha,3,-40.0,-206.723510742188
29,rodilla_derecha,4,-42.0,-203.101135253906
29,rodilla_derecha,5,-46.0584716796875,-200.781982421875
29,rodilla_derecha,6,-54.5956420898438,-197.883056640625
29,rodilla_derecha,7,-64.2923583984375,-193.505432128906
29,rodilla_derecha,8,-72.9306640625,-188.707641601563
29,rodilla_derecha,9,-77.3775024414063,-185.462829589844
29,rodilla_derecha,10,-84.7977294921875,-183.30322265625
29,rodilla_derecha,11,-95.3775634765625,-183.521362304688
29,rodilla_derecha,12,-103.957336425781,-184.361755371094
29,rodilla_derecha,13,-109.218017578125,-184.202209472656
29,rodilla_derecha,14,-117.116943359375,-184.042663574219
29,rodilla_izquierda,0,-110.678527832031,-209.388916015625
29,rodilla_izquierda,1,-109.669982910156,-206.186340332031
29,rodilla_izquierda,2,-108.925659179688,-205.218017578125
29,rodilla_izquierda,3,-110.085266113281,-204.63818359375
29,rodilla_izquierda,4,-110.186279296875,-202.218017578125
29,rodilla_izquierda,5,-111.186401367188,-202.638305664063
29,rodilla_izquierda,6,-115.085205078125,-201.478637695313
29,rodilla_izquierda,7,-118.404418945313,-201.478698730469
29,rodilla_izquierda,8,-120.462890625,-201.739318847656
29,rodilla_izquierda,9,-122.622375488281,-202.319091796875
29,rodilla_izquierda,10,-122.10107421875,-202.361755371094
29,rodilla_izquierda,11,-122.883056640625,-202.840454101563
29,rodilla_izquierda,12,-125.883117675781,-204.420227050781
29,rodilla_izquierda,13,-127.563842773438,-209.319152832031
29,rodilla_izquierda,14,-133.404418945313,-212.218017578125
29,tobillo_izquierdo,0,-58.0071411132813,-265.189514160156
29,tobillo_izquierdo,1,-60.319091796875,-263.739379882813
29,tobillo_izquierdo,2,-60.7551879882813,-265.254699707031
29,tobillo_izquierdo,3,-59.0158081054688,-263.733337402344
29,tobillo_izquierdo,4,-60.5955810546875,-263.212036132813
29,tobillo_izquierdo,5,-60.0693969726563,-263.360717773438
29,tobillo_izquierdo,6,-62.1704711914063,-263.419189453125
29,tobillo_izquierdo,7,-60.3885498046875,-262.823486328125
29,tobillo_izquierdo,8,-61.2764892578125,-260.616455078125
29,tobillo_izquierdo,9,-61.5054321289063,-262.908752441406
29,tobillo_izquierdo,10,-61.4896240234375,-262.648071289063
29,tobillo_izquierdo,11,-64.1119995117188,-258.2705078125
29,tobillo_izquierdo,12,-66.4737548828125,-255.791809082031
29,tobillo_izquierdo,13,-69.415283203125,-253.892944335938
29,tobillo_izquierdo,14,-71.516357421875,-247.775939941406
29,tobillo_derecho,0,-99.2406616210938,-229.874084472656
29,tobillo_derecho,1,-76.2398681640625,-236.930541992188
29,tobillo_derecho,2,-53.62841796875,-245.627319335938
29,tobillo_derecho,3,-28.69775390625,-256.063415527344
29,tobillo_derecho,4,-8.70867919921875,-262.3984375
29,tobillo_derecho,5,2.0465087890625,-258.919677734375
29,tobillo_derecho,6,0.0465087890625,-251.382507324219
29,tobillo_derecho,7,-7.38958740234375,-242.36669921875
29,tobillo_derecho,8,-30.4212646484375,-228.292358398438
29,tobillo_derecho,9,-48.814697265625,-224.654113769531
29,tobillo_derecho,10,-66.7879638671875,-221.755249023438
29,tobillo_derecho,11,-85.9207763671875,-215.957397460938
29,tobillo_derecho,12,-100.835510253906,-233.872131347656
29,tobillo_derecho,13,-113.213073730469,-228.494567871094
29,tobillo_derecho,14,-124.111938476563,-233.712585449219
30,rodilla_derecha,0,-42.5917358398438,-242.787658691406
30,rodilla_derecha,1,-38.8580932617188,-227.922241210938
30,rodilla_derecha,2,-41.5402221679688,-214.643127441406
30,rodilla_derecha,3,-41.72998046875,-207.723510742188
30,rodilla_derecha,4,-45.2990112304688,-202.533813476563
30,rodilla_derecha,5,-47.8391723632813,-198.723510742188
30,rodilla_derecha,6,-52.9196166992188,-194.292663574219
30,rodilla_derecha,7,-58.8392333984375,-187.913269042969
30,rodilla_derecha,8,-72.7877807617188,-179.073974609375
30,rodilla_derecha,9,-83.2764282226563,-167.585266113281
30,rodilla_derecha,10,-88.6558227539063,-158.096557617188
30,rodilla_derecha,11,-94.0062866210938,-153.585327148438
30,rodilla_derecha,12,-102.334289550781,-152.527404785156
30,tobillo_derecho,0,-72.3515625,-250.440612792969
30,tobillo_derecho,1,-47.5349731445313,-260.659240722656
30,tobillo_derecho,2,-21.8038940429688,-270.62060546875
30,tobillo_derecho,3,-5.01617431640625,-275.0
30,tobillo_derecho,4,4.4725341796875,-272.810302734375
30,tobillo_derecho,5,0.8231201171875,-261.1318359375
30,tobillo_derecho,6,-8.935791015625,-239.964721679688
30,tobillo_derecho,7,-24.99365234375,-221.717163085938
30,tobillo_derecho,8,-41.8617553710938,-207.308837890625
30,tobillo_derecho,9,-60.189697265625,-195.820129394531
30,tobillo_derecho,10,-78.5176391601563,-188.440734863281
30,tobillo_derecho,11,-91.5465698242188,-176.411804199219
30,tobillo_derecho,12,-109.954956054688,-176.061279296875
30,tobillo_izquierdo,0,-53.1544799804688,-274.224914550781
30,tobillo_izquierdo,1,-54.46044921875,-273.997436523438
30,tobillo_izquierdo,2,-52.1029663085938,-274.546569824219
30,tobillo_izquierdo,3,-52.1029663085938,-273.816650390625
30,tobillo_izquierdo,4,-51.373046875,-273.086730957031
30,tobillo_izquierdo,5,-51.6431274414063,-274.546569824219
30,tobillo_izquierdo,6,-52.6431274414063,-272.356872558594
30,tobillo_izquierdo,7,-51.7235107421875,-275.00634765625
30,tobillo_izquierdo,8,-54.9132690429688,-275.006408691406
30,tobillo_izquierdo,9,-59.373046875,-272.736206054688
30,tobillo_izquierdo,10,-62.6431274414063,-269.736328125
30,tobillo_izquierdo,11,-67.373046875,-265.006408691406
30,tobillo_izquierdo,12,-70.183349609375,-263.926025390625
30,rodilla_izquierda,0,-98.72998046875,-211.080383300781
30,rodilla_izquierda,1,-94.7880859375,-214.126281738281
30,rodilla_izquierda,2,-94.0,-214.0
30,rodilla_izquierda,3,-94.0,-213.0
30,rodilla_izquierda,4,-98.0,-210.0
30,rodilla_izquierda,5,-100.459777832031,-207.810302734375
30,rodilla_izquierda,6,-103.189697265625,-206.810241699219
30,rodilla_izquierda,7,-103.729858398438,-205.810241699219
30,rodilla_izquierda,8,-106.459777832031,-203.810302734375
30,rodilla_izquierda,9,-105.540222167969,-201.080383300781
30,rodilla_izquierda,10,-108.540222167969,-196.810241699219
30,rodilla_izquierda,11,-111.080383300781,-192.540222167969
30,rodilla_izquierda,12,-115.810302734375,-187.810302734375
30,cadera_derecha,0,-105.0,-160.0
30,cadera_derecha,1,-103.036315917969,-161.973510742188
30,cadera_derecha,2,-103.0,-161.919616699219
30,cadera_derecha,3,-106.0,-157.919555664063
30,cadera_derecha,4,-108.0,-155.37939453125
30,cadera_derecha,5,-108.270141601563,-153.839172363281
30,cadera_derecha,6,-108.0,-153.109313964844
30,cadera_derecha,7,-106.62060546875,-146.919616699219
30,cadera_derecha,8,-109.890686035156,-142.109313964844
30,cadera_derecha,9,-114.62060546875,-136.839172363281
30,cadera_derecha,10,-115.160766601563,-133.649475097656
30,cadera_derecha,11,-111.672119140625,-129.649536132813
30,cadera_derecha,12,-110.350524902344,-129.839233398438
30,cadera_izquierda,0,-151.0,-169.0
30,cadera_izquierda,1,-150.462890625,-169.792785644531
30,cadera_izquierda,2,-151.0,-168.0
30,cadera_izquierda,3,-153.0,-164.0
30,cadera_izquierda,4,-153.0,-162.0
30,cadera_izquierda,5,-154.729919433594,-157.810302734375
30,cadera_izquierda,6,-154.0,-155.810302734375
30,cadera_izquierda,7,-153.72998046875,-152.890625
30,cadera_izquierda,8,-153.459838867188,-145.861755371094
30,cadera_izquierda,9,-155.919677734375,-140.321533203125
30,cadera_izquierda,10,-155.270141601563,-137.189697265625
30,cadera_izquierda,11,-153.430908203125,-132.0
30,cadera_izquierda,12,-154.62060546875,-129.810302734375
27,cadera_izquierda,0,-183.859741210938,-171.04150390625
27,cadera_izquierda,1,-182.0,-171.0
27,cadera_izquierda,2,-181.0,-172.0
27,cadera_izquierda,3,-179.080383300781,-173.919616699219
27,cadera_izquierda,4,-182.270141601563,-173.189697265625
27,cadera_izquierda,5,-182.540222167969,-173.919616699219
27,cadera_izquierda,6,-184.0,-171.0
27,cadera_izquierda,7,-185.0,-168.0
27,cadera_izquierda,8,-186.0,-166.0
27,cadera_izquierda,9,-187.0,-162.0
27,cadera_izquierda,10,-187.540222167969,-159.919616699219
27,cadera_izquierda,11,-190.080444335938,-157.0
27,cadera_izquierda,12,-188.2412109375,-154.189697265625
27,cadera_izquierda,13,-192.430847167969,-152.839172363281
27,cadera_derecha,0,-141.65478515625,-161.750854492188
27,cadera_derecha,1,-141.868103027344,-162.810302734375
27,cadera_derecha,2,-138.466186523438,-163.212280273438
27,cadera_derecha,3,-140.080383300781,-166.138244628906
27,cadera_derecha,4,-143.810241699219,-163.8681640625
27,cadera_derecha,5,-145.540222167969,-165.327941894531
27,cadera_derecha,6,-148.0,-162.868103027344
27,cadera_derecha,7,-149.0,-160.678405761719
27,cadera_derecha,8,-151.189697265625,-160.218627929688
27,cadera_derecha,9,-150.459777832031,-156.109313964844
27,cadera_derecha,10,-149.810241699219,-155.7587890625
27,cadera_derecha,11,-148.430908203125,-150.028930664063
27,cadera_derecha,12,-145.321533203125,-149.729858398438
27,cadera_derecha,13,-150.51123046875,-146.0
27,rodilla_derecha,0,-85.5817260742188,-235.675415039063
27,rodilla_derecha,1,-69.8391723632813,-230.620544433594
27,rodilla_derecha,2,-62.4019165039063,-222.649536132813
27,rodilla_derecha,3,-65.810302734375,-207.75244140625
27,rodilla_derecha,4,-69.6495361328125,-201.832824707031
27,rodilla_derecha,5,-73.2990112304688,-198.183349609375
27,rodilla_derecha,6,-79.1382446289063,-196.723510742188
27,rodilla_derecha,7,-87.9774169921875,-190.884338378906
27,rodilla_derecha,8,-93.1671142578125,-187.964721679688
27,rodilla_derecha,9,-99.2764892578125,-185.774963378906
27,rodilla_derecha,10,-107.575500488281,-184.315246582031
27,rodilla_derecha,11,-115.334289550781,-179.935791015625
27,rodilla_derecha,12,-125.093017578125,-177.74609375
27,rodilla_derecha,13,-134.472534179688,-175.016174316406
27,tobillo_derecho,0,-150.148559570313,-230.300964355469
27,tobillo_derecho,1,-118.170593261719,-239.63330078125
27,tobillo_derecho,2,-89.704345703125,-252.041687011719
27,tobillo_derecho,3,-54.6690673828125,-264.449951171875
27,tobillo_derecho,4,-30.5823364257813,-270.289184570313
27,tobillo_derecho,5,-15.9843139648438,-265.179931640625
27,tobillo_derecho,6,-16.7142333984375,-259.340698242188
27,tobillo_derecho,7,-28.3926391601563,-241.823059082031
27,tobillo_derecho,8,-49.559814453125,-227.954895019531
27,tobillo_derecho,9,-68.537353515625,-223.575500488281
27,tobillo_derecho,10,-87.5146484375,-218.466186523438
27,tobillo_derecho,11,-104.302490234375,-216.276489257813
27,tobillo_derecho,12,-120.63037109375,-220.655883789063
27,tobillo_derecho,13,-130.469604492188,-221.765197753906
27,rodilla_izquierda,0,-131.369079589844,-212.184387207031
27,rodilla_izquierda,1,-126.167175292969,-208.511352539063
27,rodilla_izquierda,2,-125.299011230469,-208.379455566406
27,rodilla_izquierda,3,-123.569091796875,-207.6494140625
27,rodilla_izquierda,4,-125.218566894531,-206.919616699219
27,rodilla_izquierda,5,-124.7587890625,-206.919555664063
27,rodilla_izquierda,6,-125.028869628906,-205.459838867188
27,rodilla_izquierda,7,-128.488708496094,-206.919616699219
27,rodilla_izquierda,8,-132.948608398438,-206.189697265625
27,rodilla_izquierda,9,-138.868103027344,-204.0
27,rodilla_izquierda,10,-142.678405761719,-203.0
27,rodilla_izquierda,11,-145.028869628906,-201.540222167969
27,rodilla_izquierda,12,-152.948486328125,-201.540222167969
27,rodilla_izquierda,13,-156.488708496094,-200.270080566406
27,tobillo_izquierdo,0,-75.0963745117188,-271.244201660156
27,tobillo_izquierdo,1,-73.6495361328125,-268.540222167969
27,tobillo_izquierdo,2,-73.6719970703125,-270.559326171875
27,tobillo_izquierdo,3,-72.8907470703125,-268.070617675781
27,tobillo_izquierdo,4,-73.0,-269.530395507813
27,tobillo_izquierdo,5,-73.4597778320313,-269.990173339844
27,tobillo_izquierdo,6,-73.9195556640625,-266.880920410156
27,tobillo_izquierdo,7,-75.9195556640625,-266.691162109375
27,tobillo_izquierdo,8,-77.0804443359375,-266.151000976563
27,tobillo_izquierdo,9,-77.9710693359375,-265.50146484375
27,tobillo_izquierdo,10,-80.7009887695313,-262.851928710938
27,tobillo_izquierdo,11,-79.6719970703125,-260.662231445313
27,tobillo_izquierdo,12,-80.183349609375,-259.581848144531
27,tobillo_izquierdo,13,-82.7235107421875,-258.851928710938
25,cadera_izquierda,0,-147.438110351563,-158.525207519531
25,cadera_izquierda,1,-148.0,-158.0
25,cadera_izquierda,2,-146.260620117188,-159.739318847656
25,cadera_izquierda,3,-146.840393066406,-159.319152832031
25,cadera_izquierda,4,-147.260620117188,-154.319152832031
25,cadera_izquierda,5,-148.420227050781,-154.478698730469
25,cadera_izquierda,6,-147.840454101563,-150.739379882813
25,cadera_izquierda,7,-149.0,-148.0
25,cadera_izquierda,8,-148.0,-148.0
25,cadera_izquierda,9,-148.0,-142.0
25,cadera_izquierda,10,-147.0,-141.0
25,cadera_izquierda,11,-147.0,-140.0
25,cadera_izquierda,12,-147.0,-135.781982421875
25,cadera_izquierda,13,-147.680908203125,-133.202209472656
25,cadera_izquierda,14,-149.042602539063,-131.781982421875
25,cadera_izquierda,15,-149.085205078125,-130.622436523438
25,cadera_izquierda,16,-146.925659179688,-131.202209472656
25,cadera_derecha,0,-104.534301757813,-153.886901855469
25,cadera_derecha,1,-103.0,-154.0
25,cadera_derecha,2,-103.0,-154.0
25,cadera_derecha,3,-102.420227050781,-153.739318847656
25,cadera_derecha,4,-102.840454101563,-151.319152832031
25,cadera_derecha,5,-105.680847167969,-149.856201171875
25,cadera_derecha,6,-103.840454101563,-147.739318847656
25,cadera_derecha,7,-103.0,-147.0
25,cadera_derecha,8,-104.0,-145.0
25,cadera_derecha,9,-105.898864746094,-142.260681152344
25,cadera_derecha,10,-109.0,-139.739318847656
25,cadera_derecha,11,-112.0,-139.0
25,cadera_derecha,12,-113.420227050781,-133.085266113281
25,cadera_derecha,13,-112.781921386719,-131.6650390625
25,cadera_derecha,14,-113.303283691406,-132.984130859375
25,cadera_derecha,15,-112.319152832031,-132.037719726563
25,cadera_derecha,16,-110.840454101563,-131.457946777344
25,rodilla_derecha,0,-51.774169921875,-232.157409667969
25,rodilla_derecha,1,-42.0852661132813,-226.23388671875
25,rodilla_derecha,2,-38.0267333984375,-213.595642089844
25,rodilla_derecha,3,-38.6065673828125,-204.696716308594
25,rodilla_derecha,4,-37.7076416015625,-202.3349609375
25,rodilla_derecha,5,-39.2874145507813,-198.755187988281
25,rodilla_derecha,6,-44.4896850585938,-191.813720703125
25,rodilla_derecha,7,-49.8671875,-184.856262207031
25,rodilla_derecha,8,-55.3458862304688,-180.69677734375
25,rodilla_derecha,9,-63.30322265625,-175.058471679688
25,rodilla_derecha,10,-71.447021484375,-167.074279785156
25,rodilla_derecha,11,-83.085205078125,-155.478698730469
25,rodilla_derecha,12,-96.0426635742188,-149.840393066406
25,rodilla_derecha,13,-105.10107421875,-145.521301269531
25,rodilla_derecha,14,-106.781982421875,-141.622375488281
25,rodilla_derecha,15,-109.856262207031,-138.995056152344
25,rodilla_derecha,16,-114.755249023438,-138.995056152344
25,tobillo_derecho,0,-99.8961181640625,-218.822448730469
25,tobillo_derecho,1,-74.3994140625,-228.148681640625
25,tobillo_derecho,2,-48.4688720703125,-242.643188476563
25,tobillo_derecho,3,-24.8573608398438,-253.818603515625
25,tobillo_derecho,4,-7.62347412109375,-261.355773925781
25,tobillo_derecho,5,3.97216796875,-259.036682128906
25,tobillo_derecho,6,1.97216796875,-245.600524902344
25,tobillo_derecho,7,-6.56500244140625,-230.685791015625
25,tobillo_derecho,8,-20.8999633789063,-212.1328125
25,tobillo_derecho,9,-34.8147583007813,-195.89892578125
25,tobillo_derecho,10,-50.3092651367188,-185.781982421875
25,tobillo_derecho,11,-65.8037719726563,-176.824584960938
25,tobillo_derecho,12,-81.6600952148438,-171.6650390625
25,tobillo_derecho,13,-94.9951171875,-162.388488769531
25,tobillo_derecho,14,-100.63330078125,-150.213134765625
25,tobillo_derecho,15,-105.213134765625,-147.89404296875
25,tobillo_derecho,16,-118.22900390625,-146.154602050781
25,rodilla_izquierda,0,-110.332153320313,-197.950317382813
25,rodilla_izquierda,1,-108.260681152344,-198.739318847656
25,rodilla_izquierda,2,-104.361755371094,-197.159545898438
25,rodilla_izquierda,3,-103.143737792969,-194.218017578125
25,rodilla_izquierda,4,-104.883056640625,-193.7978515625
25,rodilla_izquierda,5,-104.462890625,-193.797790527344
25,rodilla_izquierda,6,-103.723510742188,-192.63818359375
25,rodilla_izquierda,7,-106.143737792969,-193.116882324219
25,rodilla_izquierda,8,-108.361755371094,-191.319213867188
25,rodilla_izquierda,9,-110.202087402344,-189.638244628906
25,rodilla_izquierda,10,-110.462829589844,-187.898986816406
25,rodilla_izquierda,11,-110.303344726563,-185.478698730469
25,rodilla_izquierda,12,-111.723571777344,-182.159484863281
25,rodilla_izquierda,13,-114.143615722656,-178.579772949219
25,rodilla_izquierda,14,-117.882995605469,-177.420227050781
25,rodilla_izquierda,15,-119.143737792969,-175.680908203125
25,rodilla_izquierda,16,-123.462829589844,-173.941528320313
25,tobillo_izquierdo,0,-56.9923095703125,-262.306091308594
25,tobillo_izquierdo,1,-57.0,-262.0
25,tobillo_izquierdo,2,-57.0,-262.0
25,tobillo_izquierdo,3,-57.0,-262.0
25,tobillo_izquierdo,4,-57.0,-262.0
25,tobillo_izquierdo,5,-57.0,-262.0
25,tobillo_izquierdo,6,-57.0,-262.0
25,tobillo_izquierdo,7,-57.0,-262.0
25,tobillo_izquierdo,8,-57.0,-262.0
25,tobillo_izquierdo,9,-57.5797729492188,-260.260681152344
25,tobillo_izquierdo,10,-60.4786376953125,-259.10107421875
25,tobillo_izquierdo,11,-63.3775634765625,-254.462829589844
25,tobillo_izquierdo,12,-65.6966552734375,-250.984130859375
25,tobillo_izquierdo,13,-70.9147338867188,-248.085266113281
25,tobillo_izquierdo,14,-78.451904296875,-244.026794433594
25,tobillo_izquierdo,15,-83.0902099609375,-242.8671875
25,tobillo_izquierdo,16,-87.1486206054688,-242.8671875
31,cadera_izquierda,0,-184.0,-179.0
31,cadera_izquierda,1,-182.13916015625,-179.081115722656
31,cadera_izquierda,2,-181.162231445313,-180.837768554688
31,cadera_izquierda,3,-179.243347167969,-184.594482421875
31,cadera_izquierda,4,-179.0810546875,-185.837829589844
31,cadera_izquierda,5,-180.0,-185.0
31,cadera_izquierda,6,-180.0,-185.0
31,cadera_izquierda,7,-180.0,-185.0
31,cadera_izquierda,8,-182.756713867188,-182.243286132813
31,cadera_izquierda,9,-183.0,-177.405517578125
31,cadera_izquierda,10,-186.675537109375,-175.162231445313
31,cadera_izquierda,11,-187.0,-175.0
31,cadera_izquierda,12,-188.0,-173.162231445313
31,cadera_izquierda,13,-189.0,-173.0
31,cadera_izquierda,14,-192.0,-170.0
31,cadera_derecha,0,-145.0,-166.0
31,cadera_derecha,1,-140.077453613281,-169.93359375
31,cadera_derecha,2,-137.162231445313,-171.918884277344
31,cadera_derecha,3,-134.567749023438,-173.837829589844
31,cadera_derecha,4,-135.405517578125,-174.837768554688
31,cadera_derecha,5,-139.0,-176.0
31,cadera_derecha,6,-137.324401855469,-177.162231445313
31,cadera_derecha,7,-135.405517578125,-177.243347167969
31,cadera_derecha,8,-136.162231445313,-176.243347167969
31,cadera_derecha,9,-134.486633300781,-175.162170410156
31,cadera_derecha,10,-138.0810546875,-169.567810058594
31,cadera_derecha,11,-138.486633300781,-168.081176757813
31,cadera_derecha,12,-136.324401855469,-167.243286132813
31,cadera_derecha,13,-140.0,-167.0
31,cadera_derecha,14,-143.0,-165.0
31,rodilla_izquierda,0,-129.648803710938,-226.351196289063
31,rodilla_izquierda,1,-125.321655273438,-225.43505859375
31,rodilla_izquierda,2,-125.0,-224.0
31,rodilla_izquierda,3,-125.0,-224.0
31,rodilla_izquierda,4,-125.0,-224.0
31,rodilla_izquierda,5,-125.0,-224.0
31,rodilla_izquierda,6,-126.0,-224.0
31,rodilla_izquierda,7,-127.0,-225.0
31,rodilla_izquierda,8,-129.675537109375,-225.162231445313
31,rodilla_izquierda,9,-130.675598144531,-225.243286132813
31,rodilla_izquierda,10,-132.594482421875,-224.324401855469
31,rodilla_izquierda,11,-132.9189453125,-224.324462890625
31,rodilla_izquierda,12,-137.0,-224.243347167969
31,rodilla_izquierda,13,-142.0,-224.162231445313
31,rodilla_izquierda,14,-146.0,-227.0
31,rodilla_derecha,0,-75.0,-243.0
31,rodilla_derecha,1,-57.791748046875,-248.543823242188
31,rodilla_derecha,2,-51.5677490234375,-235.918884277344
31,rodilla_derecha,3,-48.8110961914063,-228.567749023438
31,rodilla_derecha,4,-53.5677490234375,-223.0
31,rodilla_derecha,5,-57.2433471679688,-218.324401855469
31,rodilla_derecha,6,-64.5945434570313,-214.72998046875
31,rodilla_derecha,7,-71.7833862304688,-213.135498046875
31,rodilla_derecha,8,-76.5400390625,-209.541076660156
31,rodilla_derecha,9,-83.0534057617188,-206.946655273438
31,rodilla_derecha,10,-92.404541015625,-202.676574707031
31,rodilla_derecha,11,-101.080078125,-196.244323730469
31,rodilla_derecha,12,-112.512390136719,-195.244323730469
31,rodilla_derecha,13,-119.486633300781,-194.972290039063
31,rodilla_derecha,14,-131.675537109375,-196.72900390625
31,tobillo_derecho,0,-129.541076660156,-249.5400390625
31,tobillo_derecho,1,-99.7705688476563,-253.618469238281
31,tobillo_derecho,2,-72.2453002929688,-265.161193847656
31,tobillo_derecho,3,-43.7597045898438,-276.18798828125
31,tobillo_derecho,4,-17.1117553710938,-282.620239257813
31,tobillo_derecho,5,-3.328369140625,-280.782348632813
31,tobillo_derecho,6,-5.24725341796875,-274.350219726563
31,tobillo_derecho,7,-10.675537109375,-265.486694335938
31,tobillo_derecho,8,-29.0534057617188,-254.4599609375
31,tobillo_derecho,9,-48.35009765625,-245.271057128906
31,tobillo_derecho,10,-66.7279663085938,-240.676513671875
31,tobillo_derecho,11,-85.1058349609375,-233.325439453125
31,tobillo_derecho,12,-102.564758300781,-227.812072753906
31,tobillo_derecho,13,-115.429260253906,-247.108764648438
31,tobillo_derecho,14,-130.131530761719,-248.027709960938
31,tobillo_izquierdo,0,-67.0,-286.0
31,tobillo_izquierdo,1,-66.5419311523438,-285.394470214844
31,tobillo_izquierdo,2,-67.0,-285.0
31,tobillo_izquierdo,3,-66.8922119140625,-284.862426757813
31,tobillo_izquierdo,4,-65.3788452148438,-282.619201660156
31,tobillo_izquierdo,5,-68.2977294921875,-283.456970214844
31,tobillo_izquierdo,6,-66.596435546875,-283.6181640625
31,tobillo_izquierdo,7,-67.0,-283.0
31,tobillo_izquierdo,8,-67.0,-283.0
31,tobillo_izquierdo,9,-67.0,-283.0
31,tobillo_izquierdo,10,-70.0,-280.0
31,tobillo_izquierdo,11,-72.0,-277.0
31,tobillo_izquierdo,12,-75.0,-274.0
31,tobillo_izquierdo,13,-79.0,-271.0
31,tobillo_izquierdo,14,-85.0,-268.0
33,cadera_izquierda,0,-150.327514648438,-176.147705078125
33,cadera_izquierda,1,-147.89892578125,-177.319152832031
33,cadera_izquierda,2,-143.420288085938,-179.7978515625
33,cadera_izquierda,3,-142.420288085938,-176.898864746094
33,cadera_izquierda,4,-143.0,-176.0
33,cadera_izquierda,5,-144.739318847656,-178.319152832031
33,cadera_izquierda,6,-142.0,-176.0
33,cadera_izquierda,7,-144.478698730469,-172.10107421875
33,cadera_izquierda,8,-143.159545898438,-169.680847167969
33,cadera_izquierda,9,-142.319091796875,-169.10107421875
33,cadera_izquierda,10,-142.303344726563,-167.031677246094
33,cadera_izquierda,11,-144.622436523438,-163.973266601563
33,cadera_izquierda,12,-145.781982421875,-159.015869140625
33,cadera_izquierda,13,-144.462890625,-161.175415039063
33,cadera_izquierda,14,-146.042602539063,-160.015869140625
33,cadera_derecha,0,-106.285705566406,-159.80224609375
33,cadera_derecha,1,-99.4202270507813,-162.042663574219
33,cadera_derecha,2,-98.7977905273438,-164.563903808594
33,cadera_derecha,3,-99.6967163085938,-168.202209472656
33,cadera_derecha,4,-98.8562622070313,-165.244812011719
33,cadera_derecha,5,-102.23388671875,-167.244812011719
33,cadera_derecha,6,-103.553039550781,-165.026733398438
33,cadera_derecha,7,-101.654113769531,-164.447021484375
33,cadera_derecha,8,-99.4945068359375,-160.228942871094
33,cadera_derecha,9,-99.7551879882813,-162.127807617188
33,cadera_derecha,10,-99.8136596679688,-156.271606445313
33,cadera_derecha,11,-96.1754150390625,-150.473754882813
33,cadera_derecha,12,-99.4360961914063,-146.995056152344
33,cadera_derecha,13,-101.276489257813,-148.734375
33,cadera_derecha,14,-100.377563476563,-151.053466796875
33,rodilla_derecha,0,-48.8531494140625,-240.331481933594
33,rodilla_derecha,1,-31.9256591796875,-244.973266601563
33,rodilla_derecha,2,-22.3994750976563,-235.818542480469
33,rodilla_derecha,3,-21.7185668945313,-226.382507324219
33,rodilla_derecha,4,-22.7769775390625,-217.265563964844
33,rodilla_derecha,5,-24.09619140625,-213.627319335938
33,rodilla_derecha,6,-27.5321044921875,-211.249755859375
33,rodilla_derecha,7,-39.3300170898438,-203.292358398438
33,rodilla_derecha,8,-44.0694580078125,-200.553039550781
33,rodilla_derecha,9,-49.1278076171875,-200.1328125
33,rodilla_derecha,10,-54.2448120117188,-196.595581054688
33,rodilla_derecha,11,-63.4627685546875,-190.478698730469
33,rodilla_derecha,12,-70.0426635742188,-187.579772949219
33,rodilla_derecha,13,-79.9415893554688,-186.420288085938
33,rodilla_derecha,14,-87.521240234375,-183.101135253906
33,tobillo_derecho,0,-107.969299316406,-222.676025390625
33,tobillo_derecho,1,-77.521240234375,-228.260681152344
33,tobillo_derecho,2,-50.851318359375,-234.638305664063
33,tobillo_derecho,3,-29.883056640625,-249.856323242188
33,tobillo_derecho,4,-0.5906982421875,-264.074340820313
33,tobillo_derecho,5,19.70166015625,-273.350830078125
33,tobillo_derecho,6,26.0,-273.0
33,tobillo_derecho,7,22.5213012695313,-264.303344726563
33,tobillo_derecho,8,6.2021484375,-250.781921386719
33,tobillo_derecho,9,-12.4786987304688,-239.0
33,tobillo_derecho,10,-32.1328125,-225.6650390625
33,tobillo_derecho,11,-48.0742797851563,-217.462890625
33,tobillo_derecho,12,-62.1754150390625,-217.0
33,tobillo_derecho,13,-79.3775634765625,-212.638305664063
33,tobillo_derecho,14,-91.8988647460938,-212.377624511719
33,rodilla_izquierda,0,-108.66064453125,-218.394409179688
33,rodilla_izquierda,1,-103.074340820313,-220.377624511719
33,rodilla_izquierda,2,-97.1486206054688,-216.2021484375
33,rodilla_izquierda,3,-98.70166015625,-213.76611328125
33,rodilla_izquierda,4,-98.281494140625,-211.606567382813
33,rodilla_izquierda,5,-98.3825073242188,-211.404296875
33,rodilla_izquierda,6,-99.5421752929688,-209.824584960938
33,rodilla_izquierda,7,-99.9622802734375,-209.6650390625
33,rodilla_izquierda,8,-102.861206054688,-209.665100097656
33,rodilla_izquierda,9,-104.441040039063,-210.085266113281
33,rodilla_izquierda,10,-105.047607421875,-209.260620117188
33,rodilla_izquierda,11,-105.627380371094,-209.680786132813
33,rodilla_izquierda,12,-106.207153320313,-209.941528320313
33,rodilla_izquierda,13,-107.510375976563,-209.638244628906
33,rodilla_izquierda,14,-112.872131347656,-211.175476074219
33,tobillo_izquierdo,0,-46.1990966796875,-282.857177734375
33,tobillo_izquierdo,1,-45.6967163085938,-281.420227050781
33,tobillo_izquierdo,2,-43.9573364257813,-281.0
33,tobillo_izquierdo,3,-42.7978515625,-279.840393066406
33,tobillo_izquierdo,4,-42.218017578125,-279.260681152344
33,tobillo_izquierdo,5,-43.3776245117188,-278.680908203125
33,tobillo_izquierdo,6,-43.9573974609375,-278.680786132813
33,tobillo_izquierdo,7,-43.9573974609375,-278.10107421875
33,tobillo_izquierdo,8,-43.377685546875,-278.10107421875
33,tobillo_izquierdo,9,-43.3775634765625,-278.680908203125
33,tobillo_izquierdo,10,-45.69677734375,-275.202209472656
33,tobillo_izquierdo,11,-46.116943359375,-272.622375488281
33,tobillo_izquierdo,12,-49.2764892578125,-269.622436523438
33,tobillo_izquierdo,13,-52.8563232421875,-266.622436523438
33,tobillo_izquierdo,14,-54.4945068359375,-264.984191894531
32,cadera_izquierda,0,-188.969055175781,-188.228576660156
32,cadera_izquierda,1,-188.729858398438,-185.810302734375
32,cadera_izquierda,2,-187.540222167969,-189.37939453125
32,cadera_izquierda,3,-188.0,-189.0
32,cadera_izquierda,4,-188.0,-186.0
32,cadera_izquierda,5,-188.0,-184.0
32,cadera_izquierda,6,-187.729919433594,-181.810302734375
32,cadera_izquierda,7,-188.0,-178.810302734375
32,cadera_izquierda,8,-188.0,-178.0
32,cadera_izquierda,9,-185.971069335938,-171.109313964844
32,cadera_izquierda,10,-190.0,-167.0
32,cadera_izquierda,11,-189.890686035156,-167.839233398438
32,cadera_derecha,0,-145.039245605469,-180.332214355469
32,cadera_derecha,1,-145.729919433594,-178.890625
32,cadera_derecha,2,-144.080322265625,-179.459838867188
32,cadera_derecha,3,-140.62060546875,-182.379455566406
32,cadera_derecha,4,-139.0,-181.0
32,cadera_derecha,5,-139.919616699219,-177.890747070313
32,cadera_derecha,6,-141.0,-176.0
32,cadera_derecha,7,-137.62060546875,-174.270141601563
32,cadera_derecha,8,-140.0,-174.0
32,cadera_derecha,9,-140.350463867188,-165.241149902344
32,cadera_derecha,10,-146.0,-163.0
32,cadera_derecha,11,-143.2412109375,-161.649536132813
32,rodilla_derecha,0,-73.3059692382813,-257.37451171875
32,rodilla_derecha,1,-63.0225219726563,-241.678466796875
32,rodilla_derecha,2,-60.3504638671875,-228.591674804688
32,rodilla_derecha,3,-61.0,-221.0
32,rodilla_derecha,4,-62.0,-216.0
32,rodilla_derecha,5,-64.189697265625,-213.540222167969
32,rodilla_derecha,6,-71.4887084960938,-207.700927734375
32,rodilla_derecha,7,-76.8681640625,-206.2412109375
32,rodilla_derecha,8,-85.0578002929688,-200.781372070313
32,rodilla_derecha,9,-94.9774169921875,-195.051391601563
32,rodilla_derecha,10,-100.787780761719,-191.511291503906
32,rodilla_derecha,11,-109.517578125,-188.971069335938
32,tobillo_derecho,0,-135.21826171875,-252.929504394531
32,tobillo_derecho,1,-104.054870605469,-262.151000976563
32,tobillo_derecho,2,-71.3828735351563,-276.903442382813
32,tobillo_derecho,3,-41.8038940429688,-282.569152832031
32,tobillo_derecho,4,-15.1318359375,-282.26025390625
32,tobillo_derecho,5,-9.29266357421875,-272.041625976563
32,tobillo_derecho,6,-10.75244140625,-264.74267578125
32,tobillo_derecho,7,-26.0804443359375,-245.035278320313
32,tobillo_derecho,8,-45.057861328125,-232.626953125
32,tobillo_derecho,9,-61.5916748046875,-226.581787109375
32,tobillo_derecho,10,-77.1897583007813,-222.932312011719
32,tobillo_derecho,11,-93.0289306640625,-222.50146484375
32,rodilla_izquierda,0,-136.345886230469,-217.028564453125
32,rodilla_izquierda,1,-132.379455566406,-217.459838867188
32,rodilla_izquierda,2,-129.999938964844,-219.729919433594
32,rodilla_izquierda,3,-127.729919433594,-219.620544433594
32,rodilla_izquierda,4,-126.649475097656,-219.160766601563
32,rodilla_izquierda,5,-126.649475097656,-219.430908203125
32,rodilla_izquierda,6,-128.109313964844,-220.160827636719
32,rodilla_izquierda,7,-130.37939453125,-221.62060546875
32,rodilla_izquierda,8,-131.37939453125,-220.890686035156
32,rodilla_izquierda,9,-134.299072265625,-221.62060546875
32,rodilla_izquierda,10,-135.839233398438,-219.160766601563
32,rodilla_izquierda,11,-136.839233398438,-219.890686035156
32,tobillo_izquierdo,0,-75.2960205078125,-283.519897460938
32,tobillo_izquierdo,1,-72.6495361328125,-282.395568847656
32,tobillo_izquierdo,2,-73.3794555664063,-278.746032714844
32,tobillo_izquierdo,3,-73.27001953125,-278.459777832031
32,tobillo_izquierdo,4,-73.0,-277.0
32,tobillo_izquierdo,5,-73.0,-276.0
32,tobillo_izquierdo,6,-73.0,-276.0
32,tobillo_izquierdo,7,-73.0,-275.0
32,tobillo_izquierdo,8,-73.0,-274.0
32,tobillo_izquierdo,9,-75.0,-271.0
32,tobillo_izquierdo,10,-76.0,-269.0
32,tobillo_izquierdo,11,-79.0,-266.0
38,cadera_izquierda,0,-205.758422851563,-197.784362792969
38,cadera_izquierda,1,-205.0,-198.0
38,cadera_izquierda,2,-202.350463867188,-200.189758300781
38,cadera_izquierda,3,-200.890686035156,-203.109313964844
38,cadera_izquierda,4,-203.810302734375,-199.459777832031
38,cadera_izquierda,5,-206.0,-198.0
38,cadera_izquierda,6,-206.729919433594,-194.350524902344
38,cadera_izquierda,7,-206.459777832031,-194.62060546875
38,cadera_izquierda,8,-206.459777832031,-192.890747070313
38,cadera_izquierda,9,-205.0,-192.160827636719
38,cadera_izquierda,10,-205.189697265625,-188.781433105469
38,cadera_izquierda,11,-206.189697265625,-188.051452636719
38,cadera_izquierda,12,-206.919616699219,-183.672058105469
38,cadera_derecha,0,-150.348266601563,-181.924621582031
38,cadera_derecha,1,-153.0,-187.0
38,cadera_derecha,2,-146.87451171875,-191.292602539063
38,cadera_derecha,3,-140.115661621094,-189.022521972656
38,cadera_derecha,4,-145.925964355469,-190.131896972656
38,cadera_derecha,5,-148.736267089844,-188.672058105469
38,cadera_derecha,6,-150.466186523438,-187.022583007813
38,cadera_derecha,7,-148.086730957031,-187.482360839844
38,cadera_derecha,8,-147.086730957031,-187.75244140625
38,cadera_derecha,9,-145.13818359375,-185.080383300781
38,cadera_derecha,10,-151.328002929688,-181.62060546875
38,cadera_derecha,11,-149.488708496094,-182.080444335938
38,cadera_derecha,12,-149.298950195313,-181.270080566406
38,rodilla_derecha,0,-62.68798828125,-252.0
38,rodilla_derecha,1,-57.7009887695313,-243.109313964844
38,rodilla_derecha,2,-60.3504638671875,-231.810302734375
38,rodilla_derecha,3,-63.9999389648438,-227.080383300781
38,rodilla_derecha,4,-68.3794555664063,-225.620544433594
38,rodilla_derecha,5,-76.9485473632813,-221.781372070313
38,rodilla_derecha,6,-85.2989501953125,-217.430908203125
38,rodilla_derecha,7,-90.540283203125,-215.270080566406
38,rodilla_derecha,8,-96.7813720703125,-211.919555664063
38,rodilla_derecha,9,-106.672058105469,-210.028930664063
38,rodilla_derecha,10,-124.160766601563,-205.189697265625
38,rodilla_derecha,11,-134.620544433594,-201.62060546875
38,rodilla_derecha,12,-144.189697265625,-201.356872558594
38,rodilla_izquierda,0,-141.257141113281,-235.542846679688
38,rodilla_izquierda,1,-141.0,-233.0
38,rodilla_izquierda,2,-140.0,-232.0
38,rodilla_izquierda,3,-140.0,-230.0
38,rodilla_izquierda,4,-142.189697265625,-227.080383300781
38,rodilla_izquierda,5,-141.919555664063,-228.810241699219
38,rodilla_izquierda,6,-143.649475097656,-228.62060546875
38,rodilla_izquierda,7,-145.37939453125,-230.810302734375
38,rodilla_izquierda,8,-146.37939453125,-230.810302734375
38,rodilla_izquierda,9,-150.299072265625,-231.810302734375
38,rodilla_izquierda,10,-152.028930664063,-230.160766601563
38,rodilla_izquierda,11,-155.270080566406,-230.459777832031
38,rodilla_izquierda,12,-165.0,-228.919616699219
38,tobillo_derecho,0,-117.301330566406,-266.997314453125
38,tobillo_derecho,1,-80.7911376953125,-281.035339355469
38,tobillo_derecho,2,-48.4053955078125,-289.064208984375
38,tobillo_derecho,3,-17.7495727539063,-296.822998046875
38,tobillo_derecho,4,-0.9617919921875,-292.713745117188
38,tobillo_derecho,5,-1.23193359375,-283.954833984375
38,tobillo_derecho,6,-13.6402587890625,-274.466186523438
38,tobillo_derecho,7,-34.807373046875,-260.598022460938
38,tobillo_derecho,8,-57.7044677734375,-251.109313964844
38,tobillo_derecho,9,-80.3314208984375,-244.540222167969
38,tobillo_derecho,10,-100.848999023438,-244.810302734375
38,tobillo_derecho,11,-122.556335449219,-238.241149902344
38,tobillo_derecho,12,-137.88427734375,-256.488708496094
38,tobillo_izquierdo,0,-84.0548706054688,-297.389709472656
38,tobillo_izquierdo,1,-81.8616943359375,-297.668579101563
38,tobillo_izquierdo,2,-78.7299194335938,-296.189697265625
38,tobillo_izquierdo,3,-78.7299194335938,-299.109375
38,tobillo_izquierdo,4,-82.3794555664063,-298.37939453125
38,tobillo_izquierdo,5,-81.6494750976563,-298.37939453125
38,tobillo_izquierdo,6,-82.37939453125,-295.459838867188
38,tobillo_izquierdo,7,-81.6494750976563,-295.459777832031
38,tobillo_izquierdo,8,-82.6494750976563,-293.459838867188
38,tobillo_izquierdo,9,-83.1896362304688,-291.919494628906
38,tobillo_izquierdo,10,-86.4597778320313,-288.189697265625
38,tobillo_izquierdo,11,-91.189697265625,-282.0
38,tobillo_izquierdo,12,-94.0,-278.0
35,cadera_izquierda,0,-119.827697753906,-174.686401367188
35,cadera_izquierda,1,-120.0,-174.0
35,cadera_izquierda,2,-116.724182128906,-177.27587890625
35,cadera_izquierda,3,-115.267333984375,-176.456848144531
35,cadera_izquierda,4,-119.543090820313,-174.27587890625
35,cadera_izquierda,5,-119.543090820313,-170.181030273438
35,cadera_izquierda,6,-123.0,-168.0
35,cadera_izquierda,7,-123.0,-167.0
35,cadera_izquierda,8,-123.0,-166.0
35,cadera_izquierda,9,-124.0,-163.0
35,cadera_izquierda,10,-124.0,-162.0
35,cadera_izquierda,11,-125.0,-161.0
35,cadera_izquierda,12,-124.724182128906,-158.0
35,cadera_derecha,0,-76.2669677734375,-165.600036621094
35,cadera_derecha,1,-75.0,-166.0
35,cadera_derecha,2,-72.4569091796875,-168.0
35,cadera_derecha,3,-74.0,-168.456848144531
35,cadera_derecha,4,-74.1810302734375,-168.637939453125
35,cadera_derecha,5,-76.27587890625,-161.991394042969
35,cadera_derecha,6,-78.3707275390625,-161.07763671875
35,cadera_derecha,7,-81.2845458984375,-159.982788085938
35,cadera_derecha,8,-78.7328491210938,-158.258728027344
35,cadera_derecha,9,-78.7327270507813,-156.982788085938
35,cadera_derecha,10,-80.27587890625,-154.431030273438
35,cadera_derecha,11,-82.27587890625,-154.612060546875
35,cadera_derecha,12,-84.4569091796875,-151.87939453125
35,rodilla_izquierda,0,-68.4381713867188,-212.914306640625
35,rodilla_izquierda,1,-69.0172119140625,-211.448364257813
35,rodilla_izquierda,2,-70.112060546875,-210.629333496094
35,rodilla_izquierda,3,-72.5689697265625,-209.629333496094
35,rodilla_izquierda,4,-72.5689086914063,-208.991455078125
35,rodilla_izquierda,5,-72.7499389648438,-210.62939453125
35,rodilla_izquierda,6,-76.2068481445313,-209.172485351563
35,rodilla_izquierda,7,-78.0258178710938,-208.534545898438
35,rodilla_izquierda,8,-80.3878173828125,-208.353515625
35,rodilla_izquierda,9,-80.1033935546875,-208.543151855469
35,rodilla_izquierda,10,-83.4654541015625,-209.181030273438
35,rodilla_izquierda,11,-89.27587890625,-209.189697265625
35,rodilla_izquierda,12,-94.4569091796875,-212.284545898438
35,rodilla_derecha,0,-0.93280029296875,-228.733581542969
35,rodilla_derecha,1,-0.1982421875,-220.077697753906
35,rodilla_derecha,2,-3.47406005859375,-209.43115234375
35,rodilla_derecha,3,-9.20684814453125,-206.1552734375
35,rodilla_derecha,4,-19.8533325195313,-200.422485351563
35,rodilla_derecha,5,-23.4912719726563,-197.965576171875
35,rodilla_derecha,6,-27.9481201171875,-197.965576171875
35,rodilla_derecha,7,-33.0430297851563,-193.870849609375
35,rodilla_derecha,8,-34.9481201171875,-194.689758300781
35,rodilla_derecha,9,-45.67236328125,-194.241516113281
35,rodilla_derecha,10,-54.9481201171875,-189.603515625
35,rodilla_derecha,11,-60.758544921875,-190.974243164063
35,rodilla_derecha,12,-69.396484375,-187.517333984375
35,tobillo_derecho,0,-36.3623657226563,-225.276611328125
35,tobillo_derecho,1,-14.0862426757813,-236.275817871094
35,tobillo_derecho,2,10.0172119140625,-253.465454101563
35,tobillo_derecho,3,30.4912109375,-264.111999511719
35,tobillo_derecho,4,41.9567260742188,-264.930908203125
35,tobillo_derecho,5,36.8619384765625,-260.836120605469
35,tobillo_derecho,6,23.3964233398438,-247.913757324219
35,tobillo_derecho,7,4.3792724609375,-235.629333496094
35,tobillo_derecho,8,-15.8189697265625,-227.896545410156
35,tobillo_derecho,9,-32.1033935546875,-225.715576171875
35,tobillo_derecho,10,-51.2068481445313,-231.543151855469
35,tobillo_derecho,11,-59.2068481445313,-236.27587890625
35,tobillo_derecho,12,-66.206787109375,-239.189697265625
35,tobillo_izquierdo,0,-12.4371337890625,-274.628601074219
35,tobillo_izquierdo,1,-13.0,-274.0
35,tobillo_izquierdo,2,-13.0,-274.0
35,tobillo_izquierdo,3,-13.0,-274.0
35,tobillo_izquierdo,4,-14.637939453125,-274.0
35,tobillo_izquierdo,5,-14.637939453125,-274.0
35,tobillo_izquierdo,6,-13.0,-274.0
35,tobillo_izquierdo,7,-14.637939453125,-272.362060546875
35,tobillo_izquierdo,8,-17.0947875976563,-269.905151367188
35,tobillo_izquierdo,9,-19.2758178710938,-266.086181640625
35,tobillo_izquierdo,10,-25.0086059570313,-261.991333007813
35,tobillo_izquierdo,11,-27.4655151367188,-258.715515136719
35,tobillo_izquierdo,12,-33.1981811523438,-252.163818359375
34,cadera_izquierda,0,-183.932861328125,-174.469421386719
34,cadera_izquierda,1,-181.416320800781,-176.583618164063
34,cadera_izquierda,2,-183.483215332031,-176.06689453125
34,cadera_izquierda,3,-182.933044433594,-177.617126464844
34,cadera_izquierda,4,-181.899658203125,-177.100341796875
34,cadera_izquierda,5,-182.93310546875,-177.617126464844
34,cadera_izquierda,6,-183.93310546875,-175.583679199219
34,cadera_izquierda,7,-183.899597167969,-173.06689453125
34,cadera_izquierda,8,-183.382873535156,-173.100402832031
34,cadera_izquierda,9,-184.899597167969,-173.133850097656
34,cadera_izquierda,10,-188.966552734375,-169.617126464844
34,cadera_izquierda,11,-188.416320800781,-166.966491699219
34,cadera_izquierda,12,-190.832702636719,-169.1337890625
34,cadera_izquierda,13,-191.215637207031,-165.6171875
34,cadera_izquierda,14,-197.732299804688,-165.167297363281
34,cadera_izquierda,15,-199.698852539063,-160.550170898438
34,cadera_derecha,0,-149.485717773438,-167.647338867188
34,cadera_derecha,1,-147.449829101563,-172.583679199219
34,cadera_derecha,2,-146.382873535156,-171.516723632813
34,cadera_derecha,3,-147.899658203125,-174.100402832031
34,cadera_derecha,4,-145.282531738281,-171.550231933594
34,cadera_derecha,5,-144.765747070313,-172.100341796875
34,cadera_derecha,6,-146.315979003906,-170.550170898438
34,cadera_derecha,7,-145.282470703125,-170.0
34,cadera_derecha,8,-143.698852539063,-168.483276367188
34,cadera_derecha,9,-142.631958007813,-169.516723632813
34,cadera_derecha,10,-149.282531738281,-164.282592773438
34,cadera_derecha,11,-150.799194335938,-162.565063476563
34,cadera_derecha,12,-152.732299804688,-160.981323242188
34,cadera_derecha,13,-152.598449707031,-161.464538574219
34,cadera_derecha,14,-155.014831542969,-160.947875976563
34,cadera_derecha,15,-160.048278808594,-155.263854980469
34,rodilla_derecha,0,-76.8446044921875,-232.874084472656
34,rodilla_derecha,1,-65.1968994140625,-228.267700195313
34,rodilla_derecha,2,-61.6318969726563,-217.981323242188
34,rodilla_derecha,3,-65.7657470703125,-210.780578613281
34,rodilla_derecha,4,-67.31591796875,-207.680236816406
34,rodilla_derecha,5,-71.9664916992188,-205.096557617188
34,rodilla_derecha,6,-77.6505126953125,-202.512878417969
34,rodilla_derecha,7,-83.2677001953125,-200.962707519531
34,rodilla_derecha,8,-93.0521240234375,-194.761962890625
34,rodilla_derecha,9,-98.7361450195313,-191.661560058594
34,rodilla_derecha,10,-104.38671875,-189.077819824219
34,rodilla_derecha,11,-113.620971679688,-185.494201660156
34,rodilla_derecha,12,-122.238098144531,-184.494201660156
34,rodilla_derecha,13,-131.371948242188,-181.944030761719
34,rodilla_derecha,14,-139.955627441406,-180.460754394531
34,rodilla_derecha,15,-149.055969238281,-184.628051757813
34,rodilla_izquierda,0,-131.880493164063,-208.417419433594
34,rodilla_izquierda,1,-126.832702636719,-211.301147460938
34,rodilla_izquierda,2,-125.847534179688,-211.018615722656
34,rodilla_izquierda,3,-126.847473144531,-208.434997558594
34,rodilla_izquierda,4,-128.330749511719,-208.468505859375
34,rodilla_izquierda,5,-129.880920410156,-207.434997558594
34,rodilla_izquierda,6,-131.464538574219,-208.951721191406
34,rodilla_izquierda,7,-132.531494140625,-210.43505859375
34,rodilla_izquierda,8,-134.598449707031,-210.434997558594
34,rodilla_izquierda,9,-137.148681640625,-209.918273925781
34,rodilla_izquierda,10,-139.631896972656,-209.884826660156
34,rodilla_izquierda,11,-143.115234375,-208.851318359375
34,rodilla_izquierda,12,-147.081726074219,-210.368103027344
34,rodilla_izquierda,13,-151.048278808594,-211.401611328125
34,rodilla_izquierda,14,-160.18212890625,-210.368103027344
34,rodilla_izquierda,15,-168.282531738281,-206.167297363281
34,tobillo_derecho,0,-132.999206542969,-232.939697265625
34,tobillo_derecho,1,-104.460693359375,-241.286315917969
34,tobillo_derecho,2,-73.4568481445313,-256.304992675781
34,tobillo_derecho,3,-37.802490234375,-267.6396484375
34,tobillo_derecho,4,-16.6165161132813,-270.223266601563
34,tobillo_derecho,5,-10.9324951171875,-265.055969238281
34,tobillo_derecho,6,-15.5830688476563,-258.855224609375
34,tobillo_derecho,7,-28.4677734375,-242.31982421875
34,tobillo_derecho,8,-47.5868530273438,-230.401611328125
34,tobillo_derecho,9,-65.1892700195313,-225.650573730469
34,tobillo_derecho,10,-81.6576538085938,-222.033447265625
34,tobillo_derecho,11,-98.0258178710938,-223.650634765625
34,tobillo_derecho,12,-110.776733398438,-220.550109863281
34,tobillo_derecho,13,-122.460693359375,-229.851379394531
34,tobillo_derecho,14,-135.077880859375,-233.535400390625
34,tobillo_derecho,15,-145.728454589844,-234.56884765625
34,tobillo_izquierdo,0,-78.02197265625,-270.350952148438
34,tobillo_izquierdo,1,-77.966552734375,-270.516723632813
34,tobillo_izquierdo,2,-79.0,-270.0
34,tobillo_izquierdo,3,-78.4832763671875,-270.0
34,tobillo_izquierdo,4,-79.0,-270.0
34,tobillo_izquierdo,5,-77.4498291015625,-269.483276367188
34,tobillo_izquierdo,6,-77.4498291015625,-268.966491699219
34,tobillo_izquierdo,7,-79.0,-266.899597167969
34,tobillo_izquierdo,8,-77.4497680664063,-264.315979003906
34,tobillo_izquierdo,9,-77.966552734375,-264.31591796875
34,tobillo_izquierdo,10,-78.4832763671875,-265.349426269531
34,tobillo_izquierdo,11,-79.033447265625,-262.866149902344
34,tobillo_izquierdo,12,-81.4163818359375,-258.799255371094
34,tobillo_izquierdo,13,-82.8327026367188,-255.765747070313
34,tobillo_izquierdo,14,-87.31591796875,-252.215576171875
34,tobillo_izquierdo,15,-93.8326416015625,-251.2490234375
36,cadera_izquierda,0,-224.781066894531,-186.970947265625
36,cadera_izquierda,1,-225.181030273438,-186.732788085938
36,cadera_izquierda,2,-224.362060546875,-186.094787597656
36,cadera_izquierda,3,-223.905212402344,-189.370666503906
36,cadera_izquierda,4,-222.810363769531,-189.646545410156
36,cadera_izquierda,5,-225.267211914063,-187.189697265625
36,cadera_izquierda,6,-228.362060546875,-184.637878417969
36,cadera_izquierda,7,-231.275817871094,-179.810424804688
36,cadera_izquierda,8,-233.189636230469,-177.258666992188
36,cadera_izquierda,9,-231.827575683594,-178.163879394531
36,cadera_izquierda,10,-234.103393554688,-177.888061523438
36,cadera_izquierda,11,-234.560302734375,-177.612121582031
36,cadera_derecha,0,-173.371887207031,-177.903930664063
36,cadera_derecha,1,-174.534423828125,-179.560302734375
36,cadera_derecha,2,-174.258666992188,-180.836181640625
36,cadera_derecha,3,-177.077575683594,-181.1982421875
36,cadera_derecha,4,-175.620727539063,-179.741333007813
36,cadera_derecha,5,-175.258666992188,-176.551635742188
36,cadera_derecha,6,-179.629272460938,-174.362060546875
36,cadera_derecha,7,-182.362121582031,-170.991394042969
36,cadera_derecha,8,-181.0,-171.077575683594
36,cadera_derecha,9,-179.0,-168.525939941406
36,cadera_derecha,10,-181.275939941406,-167.43115234375
36,cadera_derecha,11,-183.5517578125,-164.698303222656
36,rodilla_derecha,0,-101.371948242188,-246.228332519531
36,rodilla_derecha,1,-93.87939453125,-238.017211914063
36,rodilla_derecha,2,-95.793212890625,-227.189636230469
36,rodilla_derecha,3,-101.25,-219.37060546875
36,rodilla_derecha,4,-107.073974609375,-215.68310546875
36,rodilla_derecha,5,-116.878295898438,-210.1025390625
36,rodilla_derecha,6,-124.799865722656,-205.0
36,rodilla_derecha,7,-128.981750488281,-201.1826171875
36,rodilla_derecha,8,-135.808715820313,-198.449401855469
36,rodilla_derecha,9,-141.359985351563,-195.080322265625
36,rodilla_derecha,10,-145.998291015625,-197.536193847656
36,rodilla_derecha,11,-151.99951171875,-198.898254394531
36,rodilla_izquierda,0,-163.475280761719,-234.712219238281
36,rodilla_izquierda,1,-159.886596679688,-229.812072753906
36,rodilla_izquierda,2,-157.582702636719,-227.678649902344
36,rodilla_izquierda,3,-158.098449707031,-228.311157226563
36,rodilla_izquierda,4,-158.329895019531,-228.050598144531
36,rodilla_izquierda,5,-161.911071777344,-227.330444335938
36,rodilla_izquierda,6,-166.398620605469,-227.065979003906
36,rodilla_izquierda,7,-169.378295898438,-229.422302246094
36,rodilla_izquierda,8,-171.655517578125,-229.872192382813
36,rodilla_izquierda,9,-174.978637695313,-228.680419921875
36,rodilla_izquierda,10,-177.745361328125,-229.939208984375
36,rodilla_izquierda,11,-182.935363769531,-230.653686523438
36,tobillo_derecho,0,-163.139892578125,-240.914794921875
36,tobillo_derecho,1,-130.224243164063,-253.112060546875
36,tobillo_derecho,2,-97.0174560546875,-272.034423828125
36,tobillo_derecho,3,-67.5347900390625,-286.775756835938
36,tobillo_derecho,4,-52.79345703125,-285.956787109375
36,tobillo_derecho,5,-52.7933959960938,-279.405090332031
36,tobillo_derecho,6,-52.4227294921875,-272.853393554688
36,tobillo_derecho,7,-67.0692749023438,-258.111999511719
36,tobillo_derecho,8,-86.9054565429688,-247.646545410156
36,tobillo_derecho,9,-100.370910644531,-242.732727050781
36,tobillo_derecho,10,-118.293273925781,-245.008605957031
36,tobillo_derecho,11,-132.853637695313,-243.732788085938
36,tobillo_izquierdo,0,-96.7994995117188,-289.847534179688
36,tobillo_izquierdo,1,-96.913818359375,-288.0
36,tobillo_izquierdo,2,-101.008605957031,-288.0
36,tobillo_izquierdo,3,-96.8966064453125,-286.439453125
36,tobillo_izquierdo,4,-97.8966064453125,-286.439453125
36,tobillo_izquierdo,5,-100.258666992188,-283.982543945313
36,tobillo_izquierdo,6,-102.896606445313,-286.439392089844
36,tobillo_izquierdo,7,-106.982788085938,-279.620483398438
36,tobillo_izquierdo,8,-110.353454589844,-276.611938476563
36,tobillo_izquierdo,9,-107.965637207031,-279.91357421875
36,tobillo_izquierdo,10,-113.706909179688,-273.8876953125
36,tobillo_izquierdo,11,-115.43115234375,-273.155029296875
1,cadera_izquierda,0,-76.3970336914063,-143.060974121094
1,cadera_izquierda,1,-71.0,-146.0
1,cadera_izquierda,2,-67.0,-151.0
1,cadera_izquierda,3,-62.0,-156.0
1,cadera_izquierda,4,-56.0,-160.0
1,cadera_izquierda,5,-55.0,-160.0
1,cadera_izquierda,6,-54.9210815429688,-162.842102050781
1,cadera_izquierda,7,-53.6183471679688,-163.842163085938
1,cadera_izquierda,8,-54.0,-163.0
1,cadera_izquierda,9,-54.0,-163.0
1,cadera_izquierda,10,-55.0,-162.0
1,cadera_izquierda,11,-57.381591796875,-156.394653320313
1,cadera_izquierda,12,-59.0,-155.0
1,cadera_izquierda,13,-58.5394897460938,-153.157836914063
1,cadera_izquierda,14,-60.0,-152.0
1,cadera_izquierda,15,-60.0,-150.618408203125
1,cadera_izquierda,16,-60.9210815429688,-147.697265625
1,cadera_izquierda,17,-61.5394287109375,-143.697326660156
1,cadera_izquierda,18,-62.0,-140.0
1,cadera_izquierda,19,-63.0,-138.0
1,cadera_izquierda,20,-64.0,-135.618408203125
1,cadera_izquierda,21,-65.0,-134.0
1,cadera_izquierda,22,-65.0,-131.0
1,cadera_izquierda,23,-63.2367553710938,-130.0
1,cadera_izquierda,24,-64.0,-130.0
1,cadera_izquierda,25,-65.0,-128.157836914063
1,cadera_izquierda,26,-63.618408203125,-128.921081542969
1,cadera_derecha,0,-41.5321655273438,-141.159851074219
1,cadera_derecha,1,-37.0,-144.0
1,cadera_derecha,2,-32.0,-149.0
1,cadera_derecha,3,-27.0,-154.0
1,cadera_derecha,4,-21.0,-158.0
1,cadera_derecha,5,-18.8161010742188,-158.328674316406
1,cadera_derecha,6,-17.579345703125,-162.026000976563
1,cadera_derecha,7,-16.0789184570313,-159.697326660156
1,cadera_derecha,8,-16.0,-159.0
1,cadera_derecha,9,-15.0,-159.0
1,cadera_derecha,10,-17.3026733398438,-156.697326660156
1,cadera_derecha,11,-19.0,-156.0
1,cadera_derecha,12,-23.8291015625,-154.407653808594
1,cadera_derecha,13,-25.0,-154.0
1,cadera_derecha,14,-25.0,-153.0
1,cadera_derecha,15,-25.0,-151.0
1,cadera_derecha,16,-25.5394287109375,-148.618408203125
1,cadera_derecha,17,-27.4605712890625,-145.697326660156
1,cadera_derecha,18,-28.1578369140625,-141.776245117188
1,cadera_derecha,19,-28.7763061523438,-139.776245117188
1,cadera_derecha,20,-30.23681640625,-138.697326660156
1,cadera_derecha,21,-31.618408203125,-138.460510253906
1,cadera_derecha,22,-32.0789184570313,-138.460510253906
1,cadera_derecha,23,-31.6973266601563,-137.078918457031
1,cadera_derecha,24,-32.0,-137.0
1,cadera_derecha,25,-33.0,-135.539489746094
1,cadera_derecha,26,-32.0789794921875,-135.460571289063
1,rodilla_derecha,0,-55.3482055664063,-195.566650390625
1,rodilla_derecha,1,-46.8551635742188,-198.684265136719
1,rodilla_derecha,2,-32.7892456054688,-204.157836914063
1,rodilla_derecha,3,-18.1179809570313,-204.539428710938
1,rodilla_derecha,4,-0.4727783203125,-207.973937988281
1,rodilla_derecha,5,13.5011596679688,-210.276611328125
1,rodilla_derecha,6,27.3172607421875,-208.4345703125
1,rodilla_derecha,7,33.9226684570313,-202.908020019531
1,rodilla_derecha,8,35.7647705078125,-198.684265136719
1,rodilla_derecha,9,29.6199951171875,-193.842163085938
1,rodilla_derecha,10,23.1724243164063,-187.855163574219
1,rodilla_derecha,11,19.7908935546875,-188.618408203125
1,rodilla_derecha,12,17.567138671875,-189.23681640625
1,rodilla_derecha,13,15.8038940429688,-187.394653320313
1,rodilla_derecha,14,13.0407104492188,-184.170837402344
1,rodilla_derecha,15,10.2644653320313,-183.078857421875
1,rodilla_derecha,16,5.96173095703125,-181.078918457031
1,rodilla_derecha,17,0.42230224609375,-180.223754882813
1,rodilla_derecha,18,-5.10418701171875,-177.921081542969
1,rodilla_derecha,19,-9.4857177734375,-175.0
1,rodilla_derecha,20,-12.4857177734375,-173.381591796875
1,rodilla_derecha,21,-17.2489624023438,-173.144897460938
1,rodilla_derecha,22,-19.867431640625,-171.223754882813
1,rodilla_derecha,23,-22.4069213867188,-173.986938476563
1,rodilla_derecha,24,-23.9463500976563,-175.750183105469
1,rodilla_derecha,25,-27.0911254882813,-175.856018066406
1,rodilla_derecha,26,-28.0911254882813,-175.474365234375
1,tobillo_derecho,0,-103.276916503906,-172.446960449219
1,tobillo_derecho,1,-86.8681640625,-163.697265625
1,tobillo_derecho,2,-72.4735717773438,-157.618408203125
1,tobillo_derecho,3,-61.552490234375,-159.618347167969
1,tobillo_derecho,4,-49.486572265625,-165.0
1,tobillo_derecho,5,-32.078125,-177.579345703125
1,tobillo_derecho,6,-16.419921875,-189.0927734375
1,tobillo_derecho,7,6.225341796875,-199.68505859375
1,tobillo_derecho,8,27.4100952148438,-218.106567382813
1,tobillo_derecho,9,49.4369506835938,-237.449096679688
1,tobillo_derecho,10,64.174072265625,-248.502014160156
1,tobillo_derecho,11,65.5556640625,-241.593933105469
1,tobillo_derecho,12,59.5687255859375,-237.449157714844
1,tobillo_derecho,13,53.5816650390625,-232.84375
1,tobillo_derecho,14,44.3709716796875,-228.698852539063
1,tobillo_derecho,15,33.2391967773438,-226.856750488281
1,tobillo_derecho,16,20.8046264648438,-229.619995117188
1,tobillo_derecho,17,7.4490966796875,-231.462097167969
1,tobillo_derecho,18,-2.76165771484375,-223.396240234375
1,tobillo_derecho,19,-11.5906982421875,-225.922668457031
1,tobillo_derecho,20,-16.1961059570313,-225.383239746094
1,tobillo_derecho,21,-20.8804321289063,-223.304260253906
1,tobillo_derecho,22,-27.3279418945313,-228.291320800781
1,tobillo_derecho,23,-28.2490234375,-230.21240234375
1,tobillo_derecho,24,-29.1700439453125,-231.6728515625
1,tobillo_derecho,25,-32.01220703125,-236.43603515625
1,tobillo_derecho,26,-33.7095336914063,-234.410034179688
1,tobillo_izquierdo,0,-2.29241943359375,-246.319702148438
1,tobillo_izquierdo,1,3.0,-248.0
1,tobillo_izquierdo,2,11.2107543945313,-251.908020019531
1,tobillo_izquierdo,3,18.0528564453125,-249.986938476563
1,tobillo_izquierdo,4,19.5923461914063,-250.289611816406
1,tobillo_izquierdo,5,21.1318359375,-251.210693359375
1,tobillo_izquierdo,6,23.0529174804688,-248.908081054688
1,tobillo_izquierdo,7,23.9739990234375,-250.289672851563
1,tobillo_izquierdo,8,23.5923461914063,-249.289672851563
1,tobillo_izquierdo,9,22.6712646484375,-249.289672851563
1,tobillo_izquierdo,10,23.5923461914063,-248.8291015625
1,tobillo_izquierdo,11,23.1318359375,-247.908081054688
1,tobillo_izquierdo,12,21.7501831054688,-247.447509765625
1,tobillo_izquierdo,13,22.2107543945313,-249.289672851563
1,tobillo_izquierdo,14,21.6712646484375,-248.8291015625
1,tobillo_izquierdo,15,20.7501831054688,-246.06591796875
1,tobillo_izquierdo,16,21.6713256835938,-246.986938476563
1,tobillo_izquierdo,17,21.1318359375,-246.526489257813
1,tobillo_izquierdo,18,20.1318359375,-245.605346679688
1,tobillo_izquierdo,19,17.2107543945313,-243.684265136719
1,tobillo_izquierdo,20,15.1317749023438,-242.144775390625
1,tobillo_izquierdo,21,13.9739379882813,-241.526428222656
1,tobillo_izquierdo,22,9.13177490234375,-238.223754882813
1,tobillo_izquierdo,23,4.750244140625,-237.842163085938
1,tobillo_izquierdo,24,-1.855224609375,-239.381591796875
1,tobillo_izquierdo,25,-7.07891845703125,-235.776245117188
1,tobillo_izquierdo,26,-10.921142578125,-235.776245117188
1,rodilla_izquierda,0,-37.9691772460938,-195.200134277344
1,rodilla_izquierda,1,-34.9210815429688,-195.842102050781
1,rodilla_izquierda,2,-27.2237548828125,-199.552490234375
1,rodilla_izquierda,3,-25.9080200195313,-203.157836914063
1,rodilla_izquierda,4,-21.1578369140625,-201.5263671875
1,rodilla_izquierda,5,-18.8421630859375,-200.921020507813
1,rodilla_izquierda,6,-17.8161010742188,-201.710327148438
1,rodilla_izquierda,7,-16.3555908203125,-203.091918945313
1,rodilla_izquierda,8,-15.8160400390625,-200.789245605469
1,rodilla_izquierda,9,-16.276611328125,-198.8681640625
1,rodilla_izquierda,10,-18.1188354492188,-198.40771484375
1,rodilla_izquierda,11,-19.1187744140625,-198.407653808594
1,rodilla_izquierda,12,-19.5792846679688,-197.947082519531
1,rodilla_izquierda,13,-20.0398559570313,-196.10498046875
1,rodilla_izquierda,14,-19.5792846679688,-195.644409179688
1,rodilla_izquierda,15,-20.5792846679688,-195.644409179688
1,rodilla_izquierda,16,-20.8161010742188,-194.026000976563
1,rodilla_izquierda,17,-22.4345092773438,-193.407653808594
1,rodilla_izquierda,18,-25.89501953125,-190.947143554688
1,rodilla_izquierda,19,-28.1318359375,-189.710327148438
1,rodilla_izquierda,20,-30.8291015625,-187.013061523438
1,rodilla_izquierda,21,-32.9869995117188,-183.93408203125
1,rodilla_izquierda,22,-37.4474487304688,-183.776184082031
1,rodilla_izquierda,23,-40.9080200195313,-183.315734863281
1,rodilla_izquierda,24,-45.2107543945313,-183.552490234375
1,rodilla_izquierda,25,-48.4345092773438,-185.789245605469
1,rodilla_izquierda,26,-54.2766723632813,-186.947021484375
2,cadera_izquierda,0,-46.3247680664063,-138.023376464844
2,cadera_izquierda,1,-42.0,-141.0
2,cadera_izquierda,2,-34.9409790039063,-146.0
2,cadera_izquierda,3,-31.1180419921875,-151.588500976563
2,cadera_izquierda,4,-26.822998046875,-150.470520019531
2,cadera_izquierda,5,-22.0,-156.0
2,cadera_izquierda,6,-21.0,-157.0
2,cadera_izquierda,7,-20.0,-158.0
2,cadera_izquierda,8,-20.0,-159.0
2,cadera_izquierda,9,-19.0,-160.0
2,cadera_izquierda,10,-19.0,-160.0
2,cadera_izquierda,11,-21.0,-157.0
2,cadera_izquierda,12,-21.0,-157.0
2,cadera_izquierda,13,-22.0,-157.0
2,cadera_izquierda,14,-23.0,-157.0
2,cadera_izquierda,15,-23.0,-158.0
2,cadera_izquierda,16,-23.0,-157.0
2,cadera_izquierda,17,-23.0,-157.0
2,cadera_izquierda,18,-24.0,-154.0
2,cadera_derecha,0,-14.377685546875,-132.107849121094
2,cadera_derecha,1,-7.07891845703125,-135.921081542969
2,cadera_derecha,2,-3.0,-139.0
2,cadera_derecha,3,3.0,-143.0
2,cadera_derecha,4,6.9210205078125,-148.223754882813
2,cadera_derecha,5,11.381591796875,-151.76318359375
2,cadera_derecha,6,13.8421020507813,-153.302673339844
2,cadera_derecha,7,12.53955078125,-154.302673339844
2,cadera_derecha,8,14.381591796875,-157.605346679688
2,cadera_derecha,9,15.381591796875,-158.144836425781
2,cadera_derecha,10,14.4605102539063,-158.605346679688
2,cadera_derecha,11,13.4605102539063,-158.06591796875
2,cadera_derecha,12,11.5394897460938,-156.223815917969
2,cadera_derecha,13,9.618408203125,-154.684204101563
2,cadera_derecha,14,4.552490234375,-154.684265136719
2,cadera_derecha,15,5.39459228515625,-151.460510253906
2,cadera_derecha,16,5.4735107421875,-150.697265625
2,cadera_derecha,17,3.486572265625,-149.104919433594
2,cadera_derecha,18,3.78924560546875,-145.960144042969
2,rodilla_derecha,0,-21.4419555664063,-186.619995117188
2,rodilla_derecha,1,-13.3946533203125,-187.381591796875
2,rodilla_derecha,2,-3.8681640625,-189.684265136719
2,rodilla_derecha,3,10.7241821289063,-192.908020019531
2,rodilla_derecha,4,25.3954467773438,-193.684265136719
2,rodilla_derecha,5,-24.2245483398438,-159.485717773438
2,rodilla_derecha,6,-22.5931396484375,-161.038208007813
2,rodilla_derecha,7,63.6849975585938,-199.262817382813
2,rodilla_derecha,8,69.369384765625,-196.0390625
2,rodilla_derecha,9,67.0667724609375,-191.354797363281
2,rodilla_derecha,10,65.2244873046875,-189.052062988281
2,rodilla_derecha,11,60.0797729492188,-188.512634277344
2,rodilla_derecha,12,53.4743041992188,-187.433776855469
2,rodilla_derecha,13,48.8689575195313,-185.591491699219
2,rodilla_derecha,14,44.947998046875,-184.131042480469
2,rodilla_derecha,15,39.8030395507813,-182.209899902344
2,rodilla_derecha,16,33.7373046875,-178.065124511719
2,rodilla_derecha,17,29.210693359375,-174.841247558594
2,rodilla_derecha,18,23.9869384765625,-171.538635253906
2,tobillo_derecho,0,-69.0439453125,-171.059692382813
2,tobillo_derecho,1,-56.1838989257813,-158.091979980469
2,tobillo_derecho,2,-47.10498046875,-146.341796875
2,tobillo_derecho,3,-31.354736328125,-145.354797363281
2,tobillo_derecho,4,-17.459716796875,-151.341735839844
2,tobillo_derecho,5,-4.09112548828125,-156.881164550781
2,tobillo_derecho,6,12.093505859375,-167.539489746094
2,tobillo_derecho,7,28.1334228515625,-180.355529785156
2,tobillo_derecho,8,45.7916259765625,-191.487365722656
2,tobillo_derecho,9,66.3580322265625,-209.369445800781
2,tobillo_derecho,10,88.003173828125,-229.632995605469
2,tobillo_derecho,11,101.279907226563,-241.146484375
2,tobillo_derecho,12,99.898193359375,-239.304321289063
2,tobillo_derecho,13,93.990234375,-235.764831542969
2,tobillo_derecho,14,82.476806640625,-226.093566894531
2,tobillo_derecho,15,71.805419921875,-225.172485351563
2,tobillo_derecho,16,60.6737060546875,-224.396240234375
2,tobillo_derecho,17,47.7786254882813,-226.698913574219
2,tobillo_derecho,18,31.5809326171875,-226.541076660156
2,rodilla_izquierda,0,-6.6124267578125,-192.561645507813
2,rodilla_izquierda,1,-3.0,-190.0
2,rodilla_izquierda,2,3.70648193359375,-195.412963867188
2,rodilla_izquierda,3,5.0,-195.0
2,rodilla_izquierda,4,11.0,-198.0
2,rodilla_izquierda,5,15.6445922851563,-201.64453125
2,rodilla_izquierda,6,16.0,-201.0
2,rodilla_izquierda,7,17.0,-201.0
2,rodilla_izquierda,8,17.0,-201.0
2,rodilla_izquierda,9,20.8245239257813,-201.294982910156
2,rodilla_izquierda,10,20.0,-201.0
2,rodilla_izquierda,11,19.0,-200.0
2,rodilla_izquierda,12,17.0,-199.0
2,rodilla_izquierda,13,15.0,-198.0
2,rodilla_izquierda,14,14.0,-198.0
2,rodilla_izquierda,15,14.0,-198.0
2,rodilla_izquierda,16,14.0,-198.0
2,rodilla_izquierda,17,16.2359619140625,-198.588500976563
2,rodilla_izquierda,18,14.0,-197.0
2,tobillo_izquierdo,0,25.0999145507813,-240.686889648438
2,tobillo_izquierdo,1,33.0,-240.0
2,tobillo_izquierdo,2,39.0,-241.0
2,tobillo_izquierdo,3,45.0,-246.0
2,tobillo_izquierdo,4,51.5294799804688,-244.411499023438
2,tobillo_izquierdo,5,53.5884399414063,-241.882019042969
2,tobillo_izquierdo,6,54.0,-241.0
2,tobillo_izquierdo,7,57.0,-240.0
2,tobillo_izquierdo,8,58.0,-240.0
2,tobillo_izquierdo,9,60.0,-240.0
2,tobillo_izquierdo,10,60.0,-240.0
2,tobillo_izquierdo,11,60.0,-240.0
2,tobillo_izquierdo,12,60.0,-240.0
2,tobillo_izquierdo,13,59.0,-240.0
2,tobillo_izquierdo,14,58.0,-240.0
2,tobillo_izquierdo,15,58.0,-240.0
2,tobillo_izquierdo,16,58.0,-240.0
2,tobillo_izquierdo,17,58.0,-240.0
2,tobillo_izquierdo,18,57.0,-240.0
6,cadera_izquierda,0,20.9857788085938,-155.623901367188
6,cadera_izquierda,1,22.0974731445313,-159.658142089844
6,cadera_izquierda,2,24.658203125,-165.047973632813
6,cadera_izquierda,3,25.0239868164063,-165.047973632813
6,cadera_izquierda,4,24.658203125,-167.048034667969
6,cadera_izquierda,5,23.560791015625,-163.292358398438
6,cadera_izquierda,6,18.5367431640625,-158.731628417969
6,cadera_izquierda,7,18.1708984375,-155.634155273438
6,cadera_izquierda,8,18.1708984375,-153.536682128906
6,cadera_izquierda,9,15.6102294921875,-150.610168457031
6,cadera_izquierda,10,13.7810668945313,-146.220397949219
6,cadera_derecha,0,61.23193359375,-148.451110839844
6,cadera_derecha,1,60.5623168945313,-151.464782714844
6,cadera_derecha,2,62.6101684570313,-155.68212890625
6,cadera_derecha,3,64.3177490234375,-155.82763671875
6,cadera_derecha,4,64.3177490234375,-156.925048828125
6,cadera_derecha,5,63.9520263671875,-154.730163574219
6,cadera_derecha,6,57.562255859375,-151.803588867188
6,cadera_derecha,7,56.2938232421875,-148.877075195313
6,cadera_derecha,8,56.00146484375,-147.512756347656
6,cadera_derecha,9,55.1964111328125,-145.14697265625
6,cadera_derecha,10,52.5621337890625,-142.683654785156
6,rodilla_izquierda,0,56.6533813476563,-213.490905761719
6,rodilla_izquierda,1,60.4632568359375,-215.634155273438
6,rodilla_izquierda,2,64.0,-219.0
6,rodilla_izquierda,3,66.5592041015625,-218.096008300781
6,rodilla_izquierda,4,68.2174072265625,-216.559265136719
6,rodilla_izquierda,5,69.0240478515625,-216.560729980469
6,rodilla_izquierda,6,68.755615234375,-216.194946289063
6,rodilla_izquierda,7,67.3897705078125,-214.8291015625
6,rodilla_izquierda,8,65.755615234375,-213.829040527344
6,rodilla_izquierda,9,65.2174072265625,-213.193420410156
6,rodilla_izquierda,10,64.412353515625,-211.388305664063
6,rodilla_derecha,0,101.379028320313,-207.205505371094
6,rodilla_derecha,1,113.292236328125,-206.341857910156
6,rodilla_derecha,2,119.239868164063,-205.776672363281
6,rodilla_derecha,3,119.50830078125,-198.460327148438
6,rodilla_derecha,4,115.484252929688,-196.9970703125
6,rodilla_derecha,5,112.19189453125,-197.728576660156
6,rodilla_derecha,6,106.53369140625,-198.191955566406
6,rodilla_derecha,7,100.070556640625,-195.19189453125
6,rodilla_derecha,8,97.046630859375,-194.532165527344
6,rodilla_derecha,9,91.38818359375,-191.629699707031
6,rodilla_derecha,10,85.9490966796875,-189.410888671875
6,tobillo_derecho,0,47.4864501953125,-172.776184082031
6,tobillo_derecho,1,66.65673828125,-185.901123046875
6,tobillo_derecho,2,83.752685546875,-199.338806152344
6,tobillo_derecho,3,104.970092773438,-215.532287597656
6,tobillo_derecho,4,131.6748046875,-232.725708007813
6,tobillo_derecho,5,151.160522460938,-246.821655273438
6,tobillo_derecho,6,156.013549804688,-251.308898925781
6,tobillo_derecho,7,144.404907226563,-245.1875
6,tobillo_derecho,8,133.893676757813,-242.3583984375
6,tobillo_derecho,9,120.455810546875,-238.066040039063
6,tobillo_derecho,10,106.652221679688,-233.700256347656
6,tobillo_izquierdo,0,99.8702392578125,-258.6640625
6,tobillo_izquierdo,1,103.02392578125,-258.365844726563
6,tobillo_izquierdo,2,103.8291015625,-257.731689453125
6,tobillo_izquierdo,3,106.463256835938,-257.731628417969
6,tobillo_izquierdo,4,108.560791015625,-257.731689453125
6,tobillo_izquierdo,5,108.926513671875,-257.0
6,tobillo_izquierdo,6,108.194946289063,-256.634155273438
6,tobillo_izquierdo,7,108.560791015625,-257.731628417969
6,tobillo_izquierdo,8,109.292358398438,-257.365844726563
6,tobillo_izquierdo,9,109.292358398438,-256.634216308594
6,tobillo_izquierdo,10,107.097534179688,-256.634216308594
7,cadera_izquierda,0,17.7445068359375,-149.885437011719
7,cadera_izquierda,1,21.0669555664063,-154.100341796875
7,cadera_izquierda,2,24.6505737304688,-157.602355957031
7,cadera_izquierda,3,24.0669555664063,-157.750915527344
7,cadera_izquierda,4,25.6171264648438,-159.301147460938
7,cadera_izquierda,5,27.1337890625,-160.401611328125
7,cadera_izquierda,6,27.6171264648438,-156.684020996094
7,cadera_izquierda,7,27.1004028320313,-154.650573730469
7,cadera_izquierda,8,25.4163818359375,-152.483276367188
7,cadera_derecha,0,54.9490966796875,-147.301818847656
7,cadera_derecha,1,58.0669555664063,-151.617126464844
7,cadera_derecha,2,58.5167846679688,-152.617126464844
7,cadera_derecha,3,61.06689453125,-153.650634765625
7,cadera_derecha,4,64.6505126953125,-155.717468261719
7,cadera_derecha,5,65.1337890625,-155.200744628906
7,cadera_derecha,6,65.100341796875,-153.100402832031
7,cadera_derecha,7,64.06689453125,-149.516662597656
7,cadera_derecha,8,63.5167236328125,-150.349365234375
7,rodilla_derecha,0,82.3359375,-199.491638183594
7,rodilla_derecha,1,94.7509765625,-204.583679199219
7,rodilla_derecha,2,106.052124023438,-201.966491699219
7,rodilla_derecha,3,113.736083984375,-198.866088867188
7,rodilla_derecha,4,111.903564453125,-191.966491699219
7,rodilla_derecha,5,108.2529296875,-188.382873535156
7,rodilla_derecha,6,105.119140625,-187.349426269531
7,rodilla_derecha,7,103.052124023438,-187.866149902344
7,rodilla_derecha,8,99.985107421875,-185.799255371094
7,rodilla_izquierda,0,52.8822021484375,-200.525024414063
7,rodilla_izquierda,1,57.0,-203.0
7,rodilla_izquierda,2,58.0,-203.0
7,rodilla_izquierda,3,59.0,-203.0
7,rodilla_izquierda,4,61.0,-203.0
7,rodilla_izquierda,5,62.0,-202.0
7,rodilla_izquierda,6,61.4498291015625,-202.0
7,rodilla_izquierda,7,60.93310546875,-201.483276367188
7,rodilla_izquierda,8,60.4163818359375,-199.933044433594
7,tobillo_derecho,0,35.3132934570313,-158.153076171875
7,tobillo_derecho,1,53.6692504882813,-170.234191894531
7,tobillo_derecho,2,67.587646484375,-183.602294921875
7,tobillo_derecho,3,82.539306640625,-191.970397949219
7,tobillo_derecho,4,103.658203125,-212.089477539063
7,tobillo_derecho,5,125.877563476563,-226.658264160156
7,tobillo_derecho,6,141.896362304688,-238.710388183594
7,tobillo_derecho,7,145.996704101563,-235.0263671875
7,tobillo_derecho,8,139.245849609375,-230.442749023438
7,tobillo_izquierdo,0,91.6370849609375,-242.89697265625
7,tobillo_izquierdo,1,92.0,-242.0
7,tobillo_izquierdo,2,93.0,-241.0
7,tobillo_izquierdo,3,94.0,-241.0
7,tobillo_izquierdo,4,96.0,-240.0
7,tobillo_izquierdo,5,97.0,-240.0
7,tobillo_izquierdo,6,98.0,-239.0
7,tobillo_izquierdo,7,99.0,-239.0
7,tobillo_izquierdo,8,98.0,-239.0
5,cadera_izquierda,0,-58.5208740234375,-144.321166992188
5,cadera_izquierda,1,-52.0,-147.0
5,cadera_izquierda,2,-47.382080078125,-149.0
5,cadera_izquierda,3,-42.3820190429688,-153.297790527344
5,cadera_izquierda,4,-39.870849609375,-157.297790527344
5,cadera_izquierda,5,-38.617919921875,-156.478088378906
5,cadera_izquierda,6,-38.2134399414063,-157.478088378906
5,cadera_izquierda,7,-39.0,-158.371337890625
5,cadera_izquierda,8,-37.9156494140625,-158.2646484375
5,cadera_izquierda,9,-38.8089599609375,-159.562438964844
5,cadera_izquierda,10,-38.9156494140625,-156.775817871094
5,cadera_izquierda,11,-39.1686401367188,-154.617980957031
5,cadera_izquierda,12,-39.635009765625,-153.623291015625
5,cadera_izquierda,13,-38.8484497070313,-153.814270019531
5,cadera_izquierda,14,-40.146240234375,-151.623291015625
5,cadera_izquierda,15,-40.9327392578125,-152.814331054688
5,cadera_izquierda,16,-40.8260498046875,-151.623291015625
5,cadera_izquierda,17,-41.0394897460938,-149.325500488281
5,cadera_izquierda,18,-42.1461791992188,-146.72998046875
5,cadera_derecha,0,-18.661376953125,-139.024963378906
5,cadera_derecha,1,-10.7686157226563,-140.1123046875
5,cadera_derecha,2,-7.8209228515625,-142.470397949219
5,cadera_derecha,3,-3.8209228515625,-147.522644042969
5,cadera_derecha,4,-0.1790771484375,-150.291320800781
5,cadera_derecha,5,3.46270751953125,-154.007690429688
5,cadera_derecha,6,5.46270751953125,-154.7763671875
5,cadera_derecha,7,5.08782958984375,-155.142517089844
5,cadera_derecha,8,6.2313232421875,-156.501037597656
5,cadera_derecha,9,7.4627685546875,-156.313659667969
5,cadera_derecha,10,5.46270751953125,-154.209045410156
5,cadera_derecha,11,4.46270751953125,-151.873168945313
5,cadera_derecha,12,-1.360595703125,-148.468627929688
5,cadera_derecha,13,-2.287353515625,-147.748596191406
5,cadera_derecha,14,-2.654052734375,-147.640808105469
5,cadera_derecha,15,-4.0,-147.0
5,cadera_derecha,16,-4.5179443359375,-145.446105957031
5,cadera_derecha,17,-4.41021728515625,-142.928161621094
5,cadera_derecha,18,-7.0,-141.0
5,rodilla_derecha,0,-28.6593017578125,-195.52001953125
5,rodilla_derecha,1,-16.096435546875,-195.413940429688
5,rodilla_derecha,2,-1.82965087890625,-198.956237792969
5,rodilla_derecha,3,13.5816040039063,-204.15087890625
5,rodilla_derecha,4,30.0252685546875,-207.630126953125
5,rodilla_derecha,5,44.093017578125,-208.268310546875
5,rodilla_derecha,6,53.7752075195313,-207.902587890625
5,rodilla_derecha,7,56.8231811523438,-199.829040527344
5,rodilla_derecha,8,55.3599853515625,-196.536743164063
5,rodilla_derecha,9,52.7991943359375,-195.073425292969
5,rodilla_derecha,10,47.677734375,-194.341796875
5,rodilla_derecha,11,42.1170043945313,-190.878540039063
5,rodilla_derecha,12,36.3613891601563,-188.781188964844
5,rodilla_derecha,13,32.8981323242188,-187.049438476563
5,rodilla_derecha,14,29.6058349609375,-183.025390625
5,rodilla_derecha,15,23.5816650390625,-178.562194824219
5,rodilla_derecha,16,19.6551513671875,-174.733093261719
5,rodilla_derecha,17,15.1920166015625,-173.098999023438
5,rodilla_derecha,18,9.26544189453125,-172.464782714844
5,tobillo_izquierdo,0,17.0029907226563,-246.154602050781
5,tobillo_izquierdo,1,24.0,-248.0
5,tobillo_izquierdo,2,31.101318359375,-250.185668945313
5,tobillo_izquierdo,3,38.0,-250.0
5,tobillo_izquierdo,4,41.0,-249.0
5,tobillo_izquierdo,5,43.0,-248.0
5,tobillo_izquierdo,6,45.0,-248.0
5,tobillo_izquierdo,7,47.0,-248.0
5,tobillo_izquierdo,8,48.0,-247.0
5,tobillo_izquierdo,9,49.0,-247.0
5,tobillo_izquierdo,10,49.0,-247.0
5,tobillo_izquierdo,11,49.0,-247.0
5,tobillo_izquierdo,12,49.0,-247.0
5,tobillo_izquierdo,13,48.0,-247.0
5,tobillo_izquierdo,14,48.0,-247.0
5,tobillo_izquierdo,15,48.0,-247.0
5,tobillo_izquierdo,16,47.0,-247.0
5,tobillo_izquierdo,17,46.0,-247.0
5,tobillo_izquierdo,18,46.0,-247.0
5,rodilla_izquierda,0,-17.72802734375,-193.749084472656
5,rodilla_izquierda,1,-10.617919921875,-197.168579101563
5,rodilla_izquierda,2,-4.3426513671875,-201.5283203125
5,rodilla_izquierda,3,-2.38201904296875,-203.191040039063
5,rodilla_izquierda,4,4.0,-207.0
5,rodilla_izquierda,5,6.7470703125,-205.960510253906
5,rodilla_izquierda,6,8.10675048828125,-204.808959960938
5,rodilla_izquierda,7,10.123779296875,-206.292419433594
5,rodilla_izquierda,8,12.505859375,-205.101379394531
5,rodilla_izquierda,9,12.0,-205.0
5,rodilla_izquierda,10,12.0,-205.0
5,rodilla_izquierda,11,11.0842895507813,-203.106689453125
5,rodilla_izquierda,12,10.0,-203.0
5,rodilla_izquierda,13,10.0,-203.0
5,rodilla_izquierda,14,8.0,-201.0
5,rodilla_izquierda,15,9.870849609375,-200.191040039063
5,rodilla_izquierda,16,7.0,-199.0
5,rodilla_izquierda,17,4.1910400390625,-197.297790527344
5,rodilla_izquierda,18,3.6798095703125,-198.084289550781
5,tobillo_derecho,0,13.2841186523438,-247.252319335938
5,tobillo_derecho,1,21.1045532226563,-250.335876464844
5,tobillo_derecho,2,28.15087890625,-253.802917480469
5,tobillo_derecho,3,35.1289672851563,-253.128967285156
5,tobillo_derecho,4,38.455078125,-253.085144042969
5,tobillo_derecho,5,40.1454467773438,-252.242919921875
5,tobillo_derecho,6,42.0479736328125,-251.51123046875
5,tobillo_derecho,7,43.4138793945313,-251.145446777344
5,tobillo_derecho,8,44.4137573242188,-250.413818359375
5,tobillo_derecho,9,45.4137573242188,-250.779602050781
5,tobillo_derecho,10,45.413818359375,-251.877075195313
5,tobillo_derecho,11,45.4137573242188,-251.145446777344
5,tobillo_derecho,12,43.9505615234375,-250.048034667969
5,tobillo_derecho,13,43.5847778320313,-249.316345214844
5,tobillo_derecho,14,43.68212890625,-250.047973632813
5,tobillo_derecho,15,43.3163452148438,-250.413818359375
5,tobillo_derecho,16,42.3163452148438,-249.316345214844
5,tobillo_derecho,17,42.0480346679688,-249.68212890625
5,tobillo_derecho,18,38.9505615234375,-246.4873046875
