archivo,marcador,frame,X (px),Y (px)
1,punta_izquierda,0,656.68058,781.57107
1,talon_izquierdo,0,705.07261,798.80077
1,tobillo_izquierdo,0,698.42892,782.78875
1,rodilla_izquierda,0,683.69545,705.8144
1,cadera_izquierda,0,749.09849,649.0692
1,hombro_izquierdo,0,727.56512,508.04375
1,punta_izquierda,1,649.03936,781.22108
1,talon_izquierdo,1,693.26071,799.45473
1,tobillo_izquierdo,1,686.88543,784.46213
1,rodilla_izquierda,1,677.61847,710.20522
1,cadera_izquierda,1,741.58424,653.68674
1,hombro_izquierdo,1,717.89978,508.15145
1,punta_izquierda,2,641.88314,782.30505
1,talon_izquierdo,2,684.55009,801.33546
1,tobillo_izquierdo,2,678.49794,787.28102
1,rodilla_izquierda,2,671.66176,715.94027
1,cadera_izquierda,2,728.32552,658.70642
1,hombro_izquierdo,2,706.81572,512.58733
1,punta_izquierda,3,639.9963,788.26851
1,talon_izquierdo,3,685.48731,800.93422
1,tobillo_izquierdo,3,676.751,787.24259
1,rodilla_izquierda,3,663.58601,719.34618
1,cadera_izquierda,3,718.33712,662.17606
1,hombro_izquierdo,3,695.40979,516.14967
1,punta_izquierda,4,637.53942,790.55748
1,talon_izquierdo,4,684.77308,800.81243
1,tobillo_izquierdo,4,673.83511,787.36136
1,rodilla_izquierda,4,651.64804,719.83323
1,cadera_izquierda,4,708.2317,665.08353
1,hombro_izquierdo,4,687.2802,519.43449
1,punta_izquierda,5,636.11784,794.44967
1,talon_izquierdo,5,684.14211,800.74091
1,tobillo_izquierdo,5,672.38806,787.50202
1,rodilla_izquierda,5,640.6085,720.03395
1,cadera_izquierda,5,700.31485,666.75034
1,hombro_izquierdo,5,674.93917,520.90577
1,punta_izquierda,6,635.09588,798.09337
1,talon_izquierdo,6,685.88573,800.26944
1,tobillo_izquierdo,6,673.93925,787.38647
1,rodilla_izquierda,6,633.48433,721.1812
1,cadera_izquierda,6,690.68516,669.46585
1,hombro_izquierdo,6,667.55825,521.78266
1,punta_izquierda,7,633.89191,799.3126
1,talon_izquierdo,7,685.19205,799.11942
1,tobillo_izquierdo,7,672.28546,786.63202
1,rodilla_izquierda,7,628.07001,720.85805
1,cadera_izquierda,7,679.39711,668.17936
1,hombro_izquierdo,7,654.37654,521.17859
1,punta_izquierda,8,632.21706,798.99872
1,talon_izquierdo,8,683.55572,797.70186
1,tobillo_izquierdo,8,671.56425,785.92771
1,rodilla_izquierda,8,628.36081,721.95709
1,cadera_izquierda,8,674.40565,666.90735
1,hombro_izquierdo,8,648.05145,521.11804
1,punta_izquierda,9,632.64874,799.61637
1,talon_izquierdo,9,683.55869,796.78313
1,tobillo_izquierdo,9,670.2725,785.1177
1,rodilla_izquierda,9,626.99404,723.57948
1,cadera_izquierda,9,667.95971,662.23683
1,hombro_izquierdo,9,640.9873,520.63122
1,punta_izquierda,10,632.79945,799.61168
1,talon_izquierdo,10,684.14589,795.14998
1,tobillo_izquierdo,10,670.89106,782.51259
1,rodilla_izquierda,10,625.44062,723.47172
1,cadera_izquierda,10,665.68068,657.64156
1,hombro_izquierdo,10,632.98616,520.30083
1,punta_izquierda,11,633.16921,799.04403
1,talon_izquierdo,11,683.83564,794.91084
1,tobillo_izquierdo,11,670.68048,782.1467
1,rodilla_izquierda,11,622.7663,723.12932
1,cadera_izquierda,11,657.61757,652.87268
1,hombro_izquierdo,11,626.1054,520.25335
1,punta_izquierda,12,635.52532,798.13515
1,talon_izquierdo,12,678.86724,788.34833
1,tobillo_izquierdo,12,665.6999,777.37331
1,rodilla_izquierda,12,617.01971,722.74315
1,cadera_izquierda,12,650.81818,650.99813
1,hombro_izquierdo,12,626.02644,520.10932
1,punta_izquierda,13,635.56772,797.84457
1,talon_izquierdo,13,678.27032,789.38892
1,tobillo_izquierdo,13,664.93967,777.92305
1,rodilla_izquierda,13,618.47786,722.15446
1,cadera_izquierda,13,645.10145,649.57375
1,hombro_izquierdo,13,621.04872,519.97655
1,punta_izquierda,14,634.96868,797.96888
1,talon_izquierdo,14,678.93276,789.98154
1,tobillo_izquierdo,14,666.04139,778.72237
1,rodilla_izquierda,14,615.59904,721.95464
1,cadera_izquierda,14,638.32781,649.92916
1,hombro_izquierdo,14,609.67867,520.06165
1,punta_izquierda,15,633.78033,800.35641
1,talon_izquierdo,15,679.39207,791.87797
1,tobillo_izquierdo,15,666.75087,781.66879
1,rodilla_izquierda,15,615.53518,722.61363
1,cadera_izquierda,15,631.26486,649.67591
1,hombro_izquierdo,15,603.30654,521.12541
1,punta_izquierda,16,629.47191,801.06406
1,talon_izquierdo,16,680.04358,792.53824
1,tobillo_izquierdo,16,667.10363,783.13257
1,rodilla_izquierda,16,612.40099,722.65921
1,cadera_izquierda,16,626.80847,648.01013
1,hombro_izquierdo,16,597.67405,521.18901
1,punta_izquierda,17,628.33305,801.74101
1,talon_izquierdo,17,680.26863,794.13495
1,tobillo_izquierdo,17,667.36164,783.61891
1,rodilla_izquierda,17,607.98695,722.30342
1,cadera_izquierda,17,621.14719,647.55617
1,hombro_izquierdo,17,591.43272,521.24769
2,punta_izquierda,0,639.28951,769.51838
2,talon_izquierdo,0,684.97295,787.51496
2,tobillo_izquierdo,0,678.22729,771.43013
2,rodilla_izquierda,0,664.23723,694.74256
2,cadera_izquierda,0,721.54873,634.30486
2,hombro_izquierdo,0,705.75834,499.72747
2,punta_izquierda,1,633.47311,768.57905
2,talon_izquierdo,1,675.99009,787.51792
2,tobillo_izquierdo,1,670.56192,771.76655
2,rodilla_izquierda,1,658.98296,697.5292
2,cadera_izquierda,1,718.60039,639.63231
2,hombro_izquierdo,1,702.63988,504.21919
2,punta_izquierda,2,627.54244,768.64516
2,talon_izquierdo,2,666.09661,787.55107
2,tobillo_izquierdo,2,661.05892,773.23548
2,rodilla_izquierda,2,652.19736,701.92781
2,cadera_izquierda,2,708.06599,648.50284
2,hombro_izquierdo,2,692.15572,513.00688
2,punta_izquierda,3,622.51568,774.59368
2,talon_izquierdo,3,665.21507,787.51399
2,tobillo_izquierdo,3,657.83484,773.66781
2,rodilla_izquierda,3,646.94395,707.31673
2,cadera_izquierda,3,697.52958,653.70933
2,hombro_izquierdo,3,678.9893,521.74986
2,punta_izquierda,4,619.68281,776.00931
2,talon_izquierdo,4,663.8031,785.83598
2,tobillo_izquierdo,4,655.0934,773.6118
2,rodilla_izquierda,4,637.53153,709.55067
2,cadera_izquierda,4,687.02894,657.08724
2,hombro_izquierdo,4,671.92406,525.2036
2,punta_izquierda,5,620.07809,778.58153
2,talon_izquierdo,5,664.84228,785.26196
2,tobillo_izquierdo,5,654.32487,773.56957
2,rodilla_izquierda,5,630.51355,710.31916
2,cadera_izquierda,5,679.21251,662.89066
2,hombro_izquierdo,5,657.56338,528.39905
2,punta_izquierda,6,619.42898,778.81217
2,talon_izquierdo,6,664.7077,782.13408
2,tobillo_izquierdo,6,652.74204,772.24014
2,rodilla_izquierda,6,617.29208,712.01391
2,cadera_izquierda,6,669.99149,669.12802
2,hombro_izquierdo,6,648.7631,531.3156
2,punta_izquierda,7,619.07787,781.02867
2,talon_izquierdo,7,664.70215,778.0088
2,tobillo_izquierdo,7,652.19095,769.16086
2,rodilla_izquierda,7,613.91636,712.5493
2,cadera_izquierda,7,664.97875,667.71896
2,hombro_izquierdo,7,642.58238,532.15888
2,punta_izquierda,8,613.69846,782.23412
2,talon_izquierdo,8,664.24553,776.19554
2,tobillo_izquierdo,8,651.96476,766.32478
2,rodilla_izquierda,8,615.43596,715.46082
2,cadera_izquierda,8,660.56768,668.49787
2,hombro_izquierdo,8,635.57384,533.03246
2,punta_izquierda,9,614.12098,783.98081
2,talon_izquierdo,9,663.72911,776.52075
2,tobillo_izquierdo,9,651.47203,766.25718
2,rodilla_izquierda,9,615.82432,718.442
2,cadera_izquierda,9,655.16315,665.98057
2,hombro_izquierdo,9,623.94796,532.10468
2,punta_izquierda,10,613.70367,784.2374
2,talon_izquierdo,10,664.11655,775.86608
2,tobillo_izquierdo,10,651.64541,765.91543
2,rodilla_izquierda,10,615.462,718.01939
2,cadera_izquierda,10,655.73296,664.04571
2,hombro_izquierdo,10,616.79838,530.87062
2,punta_izquierda,11,614.98421,783.46325
2,talon_izquierdo,11,665.29673,775.82971
2,tobillo_izquierdo,11,652.60998,765.98315
2,rodilla_izquierda,11,613.99292,716.6261
2,cadera_izquierda,11,650.1737,661.18278
2,hombro_izquierdo,11,608.83976,530.4575
2,punta_izquierda,12,615.62822,783.0626
2,talon_izquierdo,12,663.13488,775.75059
2,tobillo_izquierdo,12,650.53751,764.88803
2,rodilla_izquierda,12,611.07519,712.13126
2,cadera_izquierda,12,648.24308,654.75379
2,hombro_izquierdo,12,601.75758,530.00545
2,punta_izquierda,13,615.40392,782.77884
2,talon_izquierdo,13,659.82296,773.73334
2,tobillo_izquierdo,13,644.42265,761.58029
2,rodilla_izquierda,13,601.08656,706.81978
2,cadera_izquierda,13,636.27869,652.85691
2,hombro_izquierdo,13,596.60357,529.53858
2,punta_izquierda,14,613.47668,781.48147
2,talon_izquierdo,14,653.53071,774.10039
2,tobillo_izquierdo,14,635.39738,759.62348
2,rodilla_izquierda,14,606.3509,707.14698
2,cadera_izquierda,14,633.06433,650.72976
2,hombro_izquierdo,14,591.59117,529.33751
2,punta_izquierda,15,609.00576,779.99162
2,talon_izquierdo,15,655.32068,774.34668
2,tobillo_izquierdo,15,632.23452,759.03775
2,rodilla_izquierda,15,607.87027,710.22672
2,cadera_izquierda,15,632.29712,650.31063
2,hombro_izquierdo,15,583.81542,529.12811
2,punta_izquierda,16,609.18394,784.36094
2,talon_izquierdo,16,656.4596,776.32905
2,tobillo_izquierdo,16,638.39384,762.68094
2,rodilla_izquierda,16,607.56111,711.87685
2,cadera_izquierda,16,624.27137,648.97038
2,hombro_izquierdo,16,581.08681,529.20622
2,punta_izquierda,17,610.05953,786.58824
2,talon_izquierdo,17,656.68539,777.8722
2,tobillo_izquierdo,17,641.02736,764.786
2,rodilla_izquierda,17,605.87482,710.89233
2,cadera_izquierda,17,624.06315,646.24361
2,hombro_izquierdo,17,580.16945,529.22907
5,punta_izquierda,0,691.28866,769.18365
5,talon_izquierdo,0,736.74711,792.60944
5,tobillo_izquierdo,0,730.82308,776.67898
5,rodilla_izquierda,0,719.70388,695.86935
5,cadera_izquierda,0,789.98056,644.87993
5,hombro_izquierdo,0,773.48419,500.15906
5,punta_izquierda,1,679.47819,769.10144
5,talon_izquierdo,1,725.89491,792.60957
5,tobillo_izquierdo,1,722.37928,776.22226
5,rodilla_izquierda,1,712.45571,699.29624
5,cadera_izquierda,1,780.147,648.5584
5,hombro_izquierdo,1,766.87231,501.13235
5,punta_izquierda,2,672.83735,771.84038
5,talon_izquierdo,2,715.08053,795.49109
5,tobillo_izquierdo,2,712.07697,779.94778
5,rodilla_izquierda,2,705.14751,707.66634
5,cadera_izquierda,2,767.67797,653.75542
5,hombro_izquierdo,2,754.28919,507.1368
5,punta_izquierda,3,667.50383,776.73312
5,talon_izquierdo,3,712.8194,795.44822
5,tobillo_izquierdo,3,707.24773,779.9087
5,rodilla_izquierda,3,698.32495,712.84914
5,cadera_izquierda,3,756.30455,659.32375
5,hombro_izquierdo,3,745.08745,516.06666
5,punta_izquierda,4,666.27617,784.8568
5,talon_izquierdo,4,713.47561,795.3104
5,tobillo_izquierdo,4,704.328,780.45401
5,rodilla_izquierda,4,687.98595,713.28534
5,cadera_izquierda,4,744.80753,662.41636
5,hombro_izquierdo,4,735.1577,520.83252
5,punta_izquierda,5,666.14079,787.05765
5,talon_izquierdo,5,713.66587,793.72393
5,tobillo_izquierdo,5,703.25575,780.31451
5,rodilla_izquierda,5,678.36079,712.53314
5,cadera_izquierda,5,736.34211,666.33082
5,hombro_izquierdo,5,723.22168,525.52998
5,punta_izquierda,6,665.65487,788.28222
5,talon_izquierdo,6,713.78563,790.7291
5,tobillo_izquierdo,6,702.19574,779.80133
5,rodilla_izquierda,6,670.96767,713.2171
5,cadera_izquierda,6,725.82087,668.85032
5,hombro_izquierdo,6,710.3405,525.48347
5,punta_izquierda,7,665.34273,787.99518
5,talon_izquierdo,7,712.63653,788.94417
5,tobillo_izquierdo,7,702.48425,777.86763
5,rodilla_izquierda,7,669.18234,713.69642
5,cadera_izquierda,7,715.8704,669.80555
5,hombro_izquierdo,7,701.63023,527.17712
5,punta_izquierda,8,663.16515,788.599
5,talon_izquierdo,8,712.35844,787.67808
5,tobillo_izquierdo,8,701.68516,776.77516
5,rodilla_izquierda,8,667.23484,714.23735
5,cadera_izquierda,8,708.91685,667.38113
5,hombro_izquierdo,8,693.22575,527.77125
5,punta_izquierda,9,663.11497,790.4109
5,talon_izquierdo,9,712.80098,785.51527
5,tobillo_izquierdo,9,700.66395,774.95951
5,rodilla_izquierda,9,669.09565,714.11955
5,cadera_izquierda,9,707.98182,662.4555
5,hombro_izquierdo,9,681.95251,526.49206
5,punta_izquierda,10,663.78119,789.71999
5,talon_izquierdo,10,713.44614,784.44031
5,tobillo_izquierdo,10,701.61243,774.1965
5,rodilla_izquierda,10,666.9104,714.15251
5,cadera_izquierda,10,700.56318,656.45523
5,hombro_izquierdo,10,677.6298,525.45788
5,punta_izquierda,11,663.97053,789.91562
5,talon_izquierdo,11,711.78549,784.49187
5,tobillo_izquierdo,11,701.51035,773.39325
5,rodilla_izquierda,11,663.79417,711.83121
5,cadera_izquierda,11,703.18245,653.73
5,hombro_izquierdo,11,668.46874,524.91766
5,punta_izquierda,12,664.41381,788.2445
5,talon_izquierdo,12,707.56405,778.33504
5,tobillo_izquierdo,12,694.98035,766.32355
5,rodilla_izquierda,12,656.99827,710.46322
5,cadera_izquierda,12,690.61214,650.35138
5,hombro_izquierdo,12,665.3734,524.67182
5,punta_izquierda,13,659.12453,785.21014
5,talon_izquierdo,13,708.20704,779.53682
5,tobillo_izquierdo,13,690.21595,767.75276
5,rodilla_izquierda,13,655.48977,710.44855
5,cadera_izquierda,13,684.25472,649.71434
5,hombro_izquierdo,13,661.97994,524.5714
5,punta_izquierda,14,660.72407,789.24788
5,talon_izquierdo,14,709.06912,783.61672
5,tobillo_izquierdo,14,692.10485,773.08156
5,rodilla_izquierda,14,654.39217,713.49893
5,cadera_izquierda,14,681.91572,649.7072
5,hombro_izquierdo,14,653.10041,524.41912
5,punta_izquierda,15,660.13916,790.64921
5,talon_izquierdo,15,709.39167,784.76681
5,tobillo_izquierdo,15,692.69978,774.90898
5,rodilla_izquierda,15,653.68801,716.86255
5,cadera_izquierda,15,674.63911,650.32196
5,hombro_izquierdo,15,644.91022,524.18049
5,punta_izquierda,16,659.03143,791.12763
5,talon_izquierdo,16,709.57575,786.63633
5,tobillo_izquierdo,16,694.22184,776.69643
5,rodilla_izquierda,16,651.72718,716.16011
5,cadera_izquierda,16,671.80515,648.22507
5,hombro_izquierdo,16,640.85627,523.16179
6,punta_izquierda,0,728.91392,770.84331
6,talon_izquierdo,0,768.90049,770.96723
6,tobillo_izquierdo,0,763.05542,759.97039
6,rodilla_izquierda,0,754.58313,699.69439
6,cadera_izquierda,0,793.37397,632.61668
6,hombro_izquierdo,0,784.20725,546.88218
6,punta_izquierda,1,730.08139,770.36849
6,talon_izquierdo,1,772.30894,770.96768
6,tobillo_izquierdo,1,763.95641,759.67498
6,rodilla_izquierda,1,744.76049,700.08288
6,cadera_izquierda,1,789.20626,640.03889
6,hombro_izquierdo,1,775.67608,538.00965
6,punta_izquierda,2,729.63123,770.49216
6,talon_izquierdo,2,773.34188,770.9483
6,tobillo_izquierdo,2,763.9702,759.59844
6,rodilla_izquierda,2,739.77213,701.00026
6,cadera_izquierda,2,781.37587,642.79663
6,hombro_izquierdo,2,763.11647,537.2364
6,punta_izquierda,3,728.98167,770.4274
6,talon_izquierdo,3,772.97487,770.60339
6,tobillo_izquierdo,3,763.94543,759.50593
6,rodilla_izquierda,3,736.56898,702.02328
6,cadera_izquierda,3,776.74267,644.12059
6,hombro_izquierdo,3,753.82015,536.07238
6,punta_izquierda,4,728.58633,770.42823
6,talon_izquierdo,4,772.79171,770.15555
6,tobillo_izquierdo,4,763.93353,759.493
6,rodilla_izquierda,4,735.7366,701.98633
6,cadera_izquierda,4,770.73692,643.6701
6,hombro_izquierdo,4,744.63123,535.43628
6,punta_izquierda,5,728.44963,770.41079
6,talon_izquierdo,5,772.73792,769.09127
6,tobillo_izquierdo,5,763.92849,758.87231
6,rodilla_izquierda,5,735.02266,701.93129
6,cadera_izquierda,5,765.9137,643.74117
6,hombro_izquierdo,5,739.39459,534.77735
6,punta_izquierda,6,728.45049,770.09414
6,talon_izquierdo,6,772.68602,769.13594
6,tobillo_izquierdo,6,763.48503,758.7827
6,rodilla_izquierda,6,732.73373,701.89035
6,cadera_izquierda,6,761.06495,643.16581
6,hombro_izquierdo,6,730.52319,532.62005
6,punta_izquierda,7,731.49725,770.62283
6,talon_izquierdo,7,772.58921,768.75215
6,tobillo_izquierdo,7,761.42687,758.77215
6,rodilla_izquierda,7,728.62507,701.79565
6,cadera_izquierda,7,753.76299,640.5267
6,hombro_izquierdo,7,722.09862,530.74712
6,punta_izquierda,8,730.3977,771.24287
6,talon_izquierdo,8,772.56231,768.77797
6,tobillo_izquierdo,8,759.4265,758.41082
6,rodilla_izquierda,8,729.30141,701.7681
6,cadera_izquierda,8,750.03279,636.79133
6,hombro_izquierdo,8,714.06847,529.5296
6,punta_izquierda,9,729.89965,771.23605
6,talon_izquierdo,9,772.51156,768.72415
6,tobillo_izquierdo,9,759.57247,758.37387
6,rodilla_izquierda,9,729.74545,701.2237
6,cadera_izquierda,9,745.10233,635.05023
6,hombro_izquierdo,9,707.63569,528.98748
6,punta_izquierda,10,728.218,771.33216
6,talon_izquierdo,10,772.54789,768.74507
6,tobillo_izquierdo,10,759.51914,758.26199
6,rodilla_izquierda,10,730.33699,700.81126
6,cadera_izquierda,10,743.77567,634.82544
6,hombro_izquierdo,10,702.57008,526.35987
6,punta_izquierda,11,727.41411,771.27384
6,talon_izquierdo,11,773.08651,768.83661
6,tobillo_izquierdo,11,759.48595,758.26514
6,rodilla_izquierda,11,729.69824,700.65709
6,cadera_izquierda,11,740.04599,634.70758
6,hombro_izquierdo,11,694.1506,524.47551
13,punta_izquierda,0,440.35572,812.02138
13,talon_izquierdo,0,504.11865,809.43764
13,tobillo_izquierdo,0,492.45461,792.8032
13,rodilla_izquierda,0,504.44326,694.4787
13,cadera_izquierda,0,567.12719,620.28165
13,hombro_izquierdo,0,551.5036,472.23427
13,punta_izquierda,1,440.34631,812.15302
13,talon_izquierdo,1,504.39062,809.14983
13,tobillo_izquierdo,1,492.31098,792.66261
13,rodilla_izquierda,1,495.53719,693.80104
13,cadera_izquierda,1,560.9198,619.93178
13,hombro_izquierdo,1,543.49348,472.33752
13,punta_izquierda,2,440.40462,812.09541
13,talon_izquierdo,2,503.97537,809.14068
13,tobillo_izquierdo,2,491.13493,792.61394
13,rodilla_izquierda,2,484.2758,691.67017
13,cadera_izquierda,2,548.3123,618.43691
13,hombro_izquierdo,2,530.29181,473.61385
13,punta_izquierda,3,440.42859,811.92218
13,talon_izquierdo,3,503.09629,808.97171
13,tobillo_izquierdo,3,490.52456,792.53908
13,rodilla_izquierda,3,478.37176,691.4175
13,cadera_izquierda,3,541.29759,617.76743
13,hombro_izquierdo,3,514.79553,478.3825
13,punta_izquierda,4,440.07485,811.4444
13,talon_izquierdo,4,503.52184,808.43722
13,tobillo_izquierdo,4,490.51146,791.73371
13,rodilla_izquierda,4,474.92297,685.19411
13,cadera_izquierda,4,532.84412,613.61608
13,hombro_izquierdo,4,498.02811,480.04152
13,punta_izquierda,5,440.77374,808.18887
13,talon_izquierdo,5,505.70045,805.97662
13,tobillo_izquierdo,5,490.52822,790.94153
13,rodilla_izquierda,5,471.33456,685.10515
13,cadera_izquierda,5,522.59399,612.00875
13,hombro_izquierdo,5,484.62204,479.71287
13,punta_izquierda,6,441.34538,809.62297
13,talon_izquierdo,6,505.88081,806.11399
13,tobillo_izquierdo,6,490.18364,791.18583
13,rodilla_izquierda,6,471.23265,705.50406
13,cadera_izquierda,6,513.27908,614.35907
13,hombro_izquierdo,6,473.16894,479.4454
13,punta_izquierda,7,441.24547,809.93125
13,talon_izquierdo,7,505.76277,806.13504
13,tobillo_izquierdo,7,489.37288,791.41203
13,rodilla_izquierda,7,466.6323,704.24473
13,cadera_izquierda,7,508.73657,611.58749
13,hombro_izquierdo,7,464.25296,475.7266
13,punta_izquierda,8,440.79649,811.65967
13,talon_izquierdo,8,505.65239,806.33125
13,tobillo_izquierdo,8,488.21383,791.97961
13,rodilla_izquierda,8,462.57746,703.1171
13,cadera_izquierda,8,509.99788,605.21328
13,hombro_izquierdo,8,452.76232,470.84819
13,punta_izquierda,9,440.73429,811.6363
13,talon_izquierdo,9,503.33004,806.41185
13,tobillo_izquierdo,9,487.09751,791.95933
13,rodilla_izquierda,9,457.51968,702.58461
13,cadera_izquierda,9,507.20312,600.02024
13,hombro_izquierdo,9,441.82096,463.77903
14,punta_izquierda,0,548.89212,797.43078
14,talon_izquierdo,0,610.17986,795.83613
14,tobillo_izquierdo,0,597.19374,780.61913
14,rodilla_izquierda,0,602.06669,686.37426
14,cadera_izquierda,0,671.72911,620.54661
14,hombro_izquierdo,0,654.6559,463.80234
14,punta_izquierda,1,549.22983,797.79655
14,talon_izquierdo,1,609.4614,795.82616
14,tobillo_izquierdo,1,597.02402,780.80137
14,rodilla_izquierda,1,597.5247,686.34594
14,cadera_izquierda,1,662.3041,618.50418
14,hombro_izquierdo,1,647.07161,464.06244
14,punta_izquierda,2,548.86419,797.78277
14,talon_izquierdo,2,609.2395,795.88879
14,tobillo_izquierdo,2,596.66542,781.23228
14,rodilla_izquierda,2,588.9287,686.27912
14,cadera_izquierda,2,652.73598,616.19081
14,hombro_izquierdo,2,630.90734,464.85503
14,punta_izquierda,3,548.57569,797.78644
14,talon_izquierdo,3,608.72034,795.86214
14,tobillo_izquierdo,3,595.55237,781.22764
14,rodilla_izquierda,3,586.02819,684.49502
14,cadera_izquierda,3,647.18611,614.09997
14,hombro_izquierdo,3,616.93096,466.31202
14,punta_izquierda,4,548.32306,797.96122
14,talon_izquierdo,4,610.77061,796.98094
14,tobillo_izquierdo,4,595.58584,782.28201
14,rodilla_izquierda,4,583.20105,683.11815
14,cadera_izquierda,4,639.28122,610.41513
14,hombro_izquierdo,4,608.09818,468.34791
14,punta_izquierda,5,548.06248,798.0357
14,talon_izquierdo,5,610.11538,796.73298
14,tobillo_izquierdo,5,595.08745,782.09687
14,rodilla_izquierda,5,589.46978,695.78115
14,cadera_izquierda,5,640.12459,610.92806
14,hombro_izquierdo,5,598.57847,468.15769
14,punta_izquierda,6,546.69765,798.62812
14,talon_izquierdo,6,609.54277,796.60661
14,tobillo_izquierdo,6,594.28076,781.90169
14,rodilla_izquierda,6,587.96019,690.64509
14,cadera_izquierda,6,638.75948,608.71523
14,hombro_izquierdo,6,589.61243,467.87496
14,punta_izquierda,7,546.49532,798.85967
14,talon_izquierdo,7,607.80127,796.13933
14,tobillo_izquierdo,7,593.68269,781.81975
14,rodilla_izquierda,7,587.48835,686.49264
14,cadera_izquierda,7,637.91376,604.22097
14,hombro_izquierdo,7,579.05273,466.67138
15,punta_izquierda,0,517.05254,816.63119
15,talon_izquierdo,0,588.46785,815.11714
15,tobillo_izquierdo,0,573.74331,796.44047
15,rodilla_izquierda,0,591.53841,698.48276
15,cadera_izquierda,0,666.10439,628.93126
15,hombro_izquierdo,0,658.48515,470.48622
15,punta_izquierda,1,517.055,817.25561
15,talon_izquierdo,1,586.45363,814.83074
15,tobillo_izquierdo,1,572.84666,796.4339
15,rodilla_izquierda,1,582.82265,696.99665
15,cadera_izquierda,1,657.78357,627.0105
15,hombro_izquierdo,1,658.17015,470.19284
15,punta_izquierda,2,517.01626,817.24454
15,talon_izquierdo,2,584.5364,814.53617
15,tobillo_izquierdo,2,571.39978,796.19759
15,rodilla_izquierda,2,571.8508,694.75241
15,cadera_izquierda,2,649.0769,625.30133
15,hombro_izquierdo,2,649.76784,470.21093
15,punta_izquierda,3,516.76105,816.90671
15,talon_izquierdo,3,584.12865,813.73376
15,tobillo_izquierdo,3,571.27979,795.66342
15,rodilla_izquierda,3,563.74449,693.01839
15,cadera_izquierda,3,639.27217,624.20493
15,hombro_izquierdo,3,635.43926,471.5213
15,punta_izquierda,4,516.14399,816.54255
15,talon_izquierdo,4,584.25133,813.51309
15,tobillo_izquierdo,4,570.35414,795.53583
15,rodilla_izquierda,4,563.53872,690.53881
15,cadera_izquierda,4,632.37511,618.4841
15,hombro_izquierdo,4,622.85683,473.45449
15,punta_izquierda,5,516.07916,816.75389
15,talon_izquierdo,5,584.27794,813.27884
15,tobillo_izquierdo,5,569.75229,795.50287
15,rodilla_izquierda,5,560.91408,693.7789
15,cadera_izquierda,5,624.37574,619.18995
15,hombro_izquierdo,5,610.27691,473.61571
15,punta_izquierda,6,515.96066,817.02374
15,talon_izquierdo,6,584.70909,813.34122
15,tobillo_izquierdo,6,569.86187,795.91132
15,rodilla_izquierda,6,556.55239,693.7993
15,cadera_izquierda,6,619.17606,619.01073
15,hombro_izquierdo,6,597.31367,473.68926
15,punta_izquierda,7,515.63776,818.18825
15,talon_izquierdo,7,584.76374,813.38692
15,tobillo_izquierdo,7,569.85037,796.09401
15,rodilla_izquierda,7,558.79847,693.3418
15,cadera_izquierda,7,622.69346,614.86479
15,hombro_izquierdo,7,586.30898,471.19651
15,punta_izquierda,8,515.63169,818.39521
15,talon_izquierdo,8,584.80431,813.39078
15,tobillo_izquierdo,8,569.35186,796.08127
15,rodilla_izquierda,8,559.69007,693.40322
15,cadera_izquierda,8,624.26462,607.3251
15,hombro_izquierdo,8,577.10855,464.06633
16,punta_izquierda,0,569.43209,793.71343
16,talon_izquierdo,0,631.31521,790.92422
16,tobillo_izquierdo,0,620.53373,774.92083
16,rodilla_izquierda,0,649.37811,684.41262
16,cadera_izquierda,0,715.53263,626.38608
16,hombro_izquierdo,0,710.1392,472.43093
16,punta_izquierda,1,569.6323,793.9119
16,talon_izquierdo,1,631.79707,791.03867
16,tobillo_izquierdo,1,620.81966,775.45943
16,rodilla_izquierda,1,639.03368,685.1159
16,cadera_izquierda,1,710.63478,624.57629
16,hombro_izquierdo,1,705.65174,474.28281
16,punta_izquierda,2,570.59572,794.26221
16,talon_izquierdo,2,631.77784,790.97269
16,tobillo_izquierdo,2,620.23905,775.82018
16,rodilla_izquierda,2,628.99384,684.21287
16,cadera_izquierda,2,699.51244,621.37284
16,hombro_izquierdo,2,697.6446,476.74402
16,punta_izquierda,3,571.56075,794.26421
16,talon_izquierdo,3,631.9923,791.05766
16,tobillo_izquierdo,3,620.21152,776.06448
16,rodilla_izquierda,3,623.08062,683.20672
16,cadera_izquierda,3,691.89463,621.05091
16,hombro_izquierdo,3,682.44352,480.83537
16,punta_izquierda,4,571.57482,794.21986
16,talon_izquierdo,4,631.99093,790.79174
16,tobillo_izquierdo,4,619.78277,775.97699
16,rodilla_izquierda,4,619.55847,682.98039
16,cadera_izquierda,4,684.18188,620.21818
16,hombro_izquierdo,4,668.58387,484.29999
16,punta_izquierda,5,571.60818,794.22037
16,talon_izquierdo,5,632.56788,790.04488
16,tobillo_izquierdo,5,619.48534,775.69659
16,rodilla_izquierda,5,618.23599,680.12313
16,cadera_izquierda,5,680.15676,617.72005
16,hombro_izquierdo,5,654.12678,487.57552
16,punta_izquierda,6,572.32761,794.16649
16,talon_izquierdo,6,631.50513,789.52571
16,tobillo_izquierdo,6,618.80116,775.13976
16,rodilla_izquierda,6,619.26573,683.56489
16,cadera_izquierda,6,679.60533,618.00561
16,hombro_izquierdo,6,643.46569,488.16434
16,punta_izquierda,7,572.05782,794.37525
16,talon_izquierdo,7,631.81475,789.80477
16,tobillo_izquierdo,7,618.9069,775.18533
16,rodilla_izquierda,7,621.46259,682.92174
16,cadera_izquierda,7,680.3849,617.53318
16,hombro_izquierdo,7,632.02429,488.65798
16,punta_izquierda,8,570.9149,794.49241
16,talon_izquierdo,8,631.41958,789.80734
16,tobillo_izquierdo,8,618.81472,775.83724
16,rodilla_izquierda,8,622.12549,682.29584
16,cadera_izquierda,8,680.73732,612.82758
16,hombro_izquierdo,8,621.66698,489.13051
16,punta_izquierda,9,570.48363,795.15539
16,talon_izquierdo,9,630.41954,790.57113
16,tobillo_izquierdo,9,618.64168,775.71281
16,rodilla_izquierda,9,627.01223,682.42311
16,cadera_izquierda,9,682.33171,609.68939
16,hombro_izquierdo,9,610.64415,488.62007
17,punta_izquierda,0,588.06662,801.00709
17,talon_izquierdo,0,650.48893,795.46258
17,tobillo_izquierdo,0,640.01381,780.72689
17,rodilla_izquierda,0,670.88167,686.66143
17,cadera_izquierda,0,747.68011,623.80459
17,hombro_izquierdo,0,755.03729,466.07976
17,punta_izquierda,1,588.0899,801.01346
17,talon_izquierdo,1,650.34279,795.39177
17,tobillo_izquierdo,1,640.01221,780.51233
17,rodilla_izquierda,1,662.68719,686.65641
17,cadera_izquierda,1,740.87648,621.51813
17,hombro_izquierdo,1,748.48131,466.30754
17,punta_izquierda,2,588.75372,800.69881
17,talon_izquierdo,2,650.30886,795.49637
17,tobillo_izquierdo,2,639.42352,780.39987
17,rodilla_izquierda,2,655.53434,684.84727
17,cadera_izquierda,2,730.88161,616.73566
17,hombro_izquierdo,2,738.42625,466.69259
17,punta_izquierda,3,588.75435,800.28856
17,talon_izquierdo,3,650.29266,795.24364
17,tobillo_izquierdo,3,638.48454,779.4908
17,rodilla_izquierda,3,650.33649,681.51017
17,cadera_izquierda,3,724.0028,613.69217
17,hombro_izquierdo,3,726.82852,468.86395
17,punta_izquierda,4,588.72929,798.95282
17,talon_izquierdo,4,651.74086,793.68492
17,tobillo_izquierdo,4,638.529,777.23124
17,rodilla_izquierda,4,647.04803,678.51078
17,cadera_izquierda,4,717.29095,609.75112
17,hombro_izquierdo,4,712.73489,471.6112
17,punta_izquierda,5,589.74884,798.75043
17,talon_izquierdo,5,651.59094,792.95267
17,tobillo_izquierdo,5,638.55206,776.5447
17,rodilla_izquierda,5,646.20981,678.78649
17,cadera_izquierda,5,712.20543,610.1942
17,hombro_izquierdo,5,701.502,474.80031
17,punta_izquierda,6,589.91638,798.93293
17,talon_izquierdo,6,651.64433,793.65885
17,tobillo_izquierdo,6,639.06595,777.00683
17,rodilla_izquierda,6,647.33248,680.7245
17,cadera_izquierda,6,713.30515,611.64337
17,hombro_izquierdo,6,692.17901,474.7564
17,punta_izquierda,7,589.97532,798.95224
17,talon_izquierdo,7,651.14061,794.13958
17,tobillo_izquierdo,7,639.07356,777.48023
17,rodilla_izquierda,7,649.18739,680.6963
17,cadera_izquierda,7,713.19054,610.74234
17,hombro_izquierdo,7,681.17598,474.43016
17,punta_izquierda,8,589.02391,799.55451
17,talon_izquierdo,8,651.20138,794.11692
17,tobillo_izquierdo,8,639.26634,777.49298
17,rodilla_izquierda,8,649.90711,680.80271
17,cadera_izquierda,8,715.59483,609.79477
17,hombro_izquierdo,8,672.20707,474.12217
18,punta_izquierda,0,613.08105,799.07011
18,talon_izquierdo,0,680.09897,794.12883
18,tobillo_izquierdo,0,668.3646,778.58558
18,rodilla_izquierda,0,695.70448,686.78644
18,cadera_izquierda,0,772.10592,620.83345
18,hombro_izquierdo,0,763.87648,459.32294
18,punta_izquierda,1,613.4511,799.08427
18,talon_izquierdo,1,680.02676,794.64144
18,tobillo_izquierdo,1,668.0555,779.06317
18,rodilla_izquierda,1,686.90832,686.7755
18,cadera_izquierda,1,758.68017,620.89628
18,hombro_izquierdo,1,757.43803,463.73233
18,punta_izquierda,2,614.70497,798.89656
18,talon_izquierdo,2,678.78576,794.97373
18,tobillo_izquierdo,2,666.81067,779.25487
18,rodilla_izquierda,2,676.896,683.9521
18,cadera_izquierda,2,749.48399,620.05544
18,hombro_izquierdo,2,747.64589,467.81728
18,punta_izquierda,3,614.69873,798.89559
18,talon_izquierdo,3,678.66331,795.76526
18,tobillo_izquierdo,3,665.88661,779.97591
18,rodilla_izquierda,3,669.5985,683.32961
18,cadera_izquierda,3,743.1819,617.82144
18,hombro_izquierdo,3,738.09546,469.0292
18,punta_izquierda,4,614.69141,798.93293
18,talon_izquierdo,4,678.65582,795.67604
18,tobillo_izquierdo,4,665.86046,779.95003
18,rodilla_izquierda,4,665.96912,682.5019
18,cadera_izquierda,4,734.99376,614.99559
18,hombro_izquierdo,4,726.49092,469.82697
18,punta_izquierda,5,614.8823,797.84876
18,talon_izquierdo,5,680.66031,795.07924
18,tobillo_izquierdo,5,665.98234,779.65965
18,rodilla_izquierda,5,663.79772,680.27897
18,cadera_izquierda,5,728.15403,612.76803
18,hombro_izquierdo,5,712.76665,471.51957
18,punta_izquierda,6,615.85316,797.75065
18,talon_izquierdo,6,678.75475,795.09739
18,tobillo_izquierdo,6,664.98682,779.92782
18,rodilla_izquierda,6,663.95725,687.16618
18,cadera_izquierda,6,727.34888,613.39213
18,hombro_izquierdo,6,703.96717,472.21293
18,punta_izquierda,7,615.01562,798.30046
18,talon_izquierdo,7,678.55631,795.14071
18,tobillo_izquierdo,7,664.98419,780.01807
18,rodilla_izquierda,7,665.25438,684.8875
18,cadera_izquierda,7,727.96017,613.39792
18,hombro_izquierdo,7,693.62904,472.73741
18,punta_izquierda,8,614.87617,798.59194
18,talon_izquierdo,8,677.44812,795.66271
18,tobillo_izquierdo,8,664.96593,780.12442
18,rodilla_izquierda,8,667.44719,684.77131
18,cadera_izquierda,8,731.54743,610.70771
18,hombro_izquierdo,8,682.94775,472.41075
18,punta_izquierda,9,614.85289,800.36027
18,talon_izquierdo,9,677.47244,796.32852
18,tobillo_izquierdo,9,665.10653,780.66464
18,rodilla_izquierda,9,668.65202,683.39437
18,cadera_izquierda,9,730.13186,605.59243
18,hombro_izquierdo,9,670.38683,472.04221
19,punta_izquierda,0,483.34019,807.55891
19,talon_izquierdo,0,551.83342,802.1237
19,tobillo_izquierdo,0,538.27017,785.69713
19,rodilla_izquierda,0,543.58601,686.55772
19,cadera_izquierda,0,627.29364,620.44818
19,hombro_izquierdo,0,622.099,466.35135
19,punta_izquierda,1,483.095,807.65534
19,talon_izquierdo,1,551.91753,801.09605
19,tobillo_izquierdo,1,538.33488,785.36773
19,rodilla_izquierda,1,536.68602,686.60485
19,cadera_izquierda,1,620.36133,620.74835
19,hombro_izquierdo,1,615.92651,467.36303
19,punta_izquierda,2,483.40324,807.61788
19,talon_izquierdo,2,552.2929,800.5071
19,tobillo_izquierdo,2,538.33099,785.05314
19,rodilla_izquierda,2,530.72886,686.56429
19,cadera_izquierda,2,611.10054,620.32452
19,hombro_izquierdo,2,604.52459,473.65134
19,punta_izquierda,3,483.43225,807.32401
19,talon_izquierdo,3,552.2925,800.44852
19,tobillo_izquierdo,3,538.09874,785.00949
19,rodilla_izquierda,3,528.16355,685.83076
19,cadera_izquierda,3,603.95308,619.85286
19,hombro_izquierdo,3,591.36194,478.84992
19,punta_izquierda,4,483.41646,806.9475
19,talon_izquierdo,4,552.5263,800.44524
19,tobillo_izquierdo,4,537.99585,784.91699
19,rodilla_izquierda,4,527.21375,685.83868
19,cadera_izquierda,4,598.39033,618.97526
19,hombro_izquierdo,4,579.34027,484.02502
19,punta_izquierda,5,483.36164,806.17393
19,talon_izquierdo,5,553.66264,799.98588
19,tobillo_izquierdo,5,538.01685,784.74814
19,rodilla_izquierda,5,525.39808,685.45733
19,cadera_izquierda,5,589.93996,618.99606
19,hombro_izquierdo,5,567.36328,487.60316
19,punta_izquierda,6,484.06305,806.31986
19,talon_izquierdo,6,553.49545,799.99753
19,tobillo_izquierdo,6,537.7652,785.30638
19,rodilla_izquierda,6,525.96771,697.85133
19,cadera_izquierda,6,592.32496,622.83642
19,hombro_izquierdo,6,556.47142,490.65013
19,punta_izquierda,7,484.0444,807.85252
19,talon_izquierdo,7,553.45247,800.69237
19,tobillo_izquierdo,7,537.7062,786.39203
19,rodilla_izquierda,7,526.28448,696.42656
19,cadera_izquierda,7,596.16863,622.73053
19,hombro_izquierdo,7,549.66728,490.40593
19,punta_izquierda,8,483.99891,808.12726
19,talon_izquierdo,8,553.41099,801.15946
19,tobillo_izquierdo,8,537.54713,786.46613
19,rodilla_izquierda,8,526.53036,695.28207
19,cadera_izquierda,8,596.88063,620.16397
19,hombro_izquierdo,8,541.52435,488.59976
19,punta_izquierda,9,484.00915,809.40339
19,talon_izquierdo,9,553.43754,801.32001
19,tobillo_izquierdo,9,537.50536,786.91725
19,rodilla_izquierda,9,526.33249,695.21158
19,cadera_izquierda,9,596.44489,617.98418
19,hombro_izquierdo,9,532.46504,487.44313
19,punta_izquierda,10,483.92069,810.2488
19,talon_izquierdo,10,552.47984,801.33501
19,tobillo_izquierdo,10,537.05807,786.90361
19,rodilla_izquierda,10,526.76188,694.80919
19,cadera_izquierda,10,595.95995,618.10494
19,hombro_izquierdo,10,524.18512,487.16227
20,punta_izquierda,0,533.7537,800.65407
20,talon_izquierdo,0,597.58312,799.76714
20,tobillo_izquierdo,0,584.68843,782.76056
20,rodilla_izquierda,0,608.75307,690.68204
20,cadera_izquierda,0,684.11242,628.20455
20,hombro_izquierdo,0,674.36331,477.08355
20,punta_izquierda,1,534.61802,800.66469
20,talon_izquierdo,1,597.37387,799.76424
20,tobillo_izquierdo,1,584.45841,782.7773
20,rodilla_izquierda,1,602.11384,689.82111
20,cadera_izquierda,1,676.71112,626.16624
20,hombro_izquierdo,1,669.24225,477.21539
20,punta_izquierda,2,534.37958,800.78732
20,talon_izquierdo,2,596.59887,799.73373
20,tobillo_izquierdo,2,582.98035,782.8248
20,rodilla_izquierda,2,593.76011,689.76479
20,cadera_izquierda,2,670.09581,624.10096
20,hombro_izquierdo,2,663.36159,476.41983
20,punta_izquierda,3,533.43229,800.74799
20,talon_izquierdo,3,596.4188,799.14658
20,tobillo_izquierdo,3,582.74271,782.47481
20,rodilla_izquierda,3,590.34336,687.17435
20,cadera_izquierda,3,660.72407,621.87269
20,hombro_izquierdo,3,646.81217,478.19006
20,punta_izquierda,4,533.23351,800.72932
20,talon_izquierdo,4,597.16341,798.81976
20,tobillo_izquierdo,4,582.80737,781.91965
20,rodilla_izquierda,4,586.7906,683.06214
20,cadera_izquierda,4,651.59546,621.1709
20,hombro_izquierdo,4,634.63274,481.97448
20,punta_izquierda,5,533.17972,801.1865
20,talon_izquierdo,5,597.111,798.66636
20,tobillo_izquierdo,5,582.5544,782.22794
20,rodilla_izquierda,5,586.21965,687.84358
20,cadera_izquierda,5,653.3499,621.54033
20,hombro_izquierdo,5,626.46881,481.57688
20,punta_izquierda,6,532.55402,801.50862
20,talon_izquierdo,6,597.43624,798.85903
20,tobillo_izquierdo,6,582.57437,782.61405
20,rodilla_izquierda,6,586.94561,688.3545
20,cadera_izquierda,6,653.57935,619.14933
20,hombro_izquierdo,6,614.67585,481.34392
20,punta_izquierda,7,532.44764,801.62771
20,talon_izquierdo,7,596.34012,798.88066
20,tobillo_izquierdo,7,582.18098,782.76854
20,rodilla_izquierda,7,587.58711,688.78374
20,cadera_izquierda,7,654.80427,616.72504
20,hombro_izquierdo,7,603.03577,481.03445
20,punta_izquierda,8,532.45405,802.02837
20,talon_izquierdo,8,595.73078,799.05028
20,tobillo_izquierdo,8,582.19357,783.24767
20,rodilla_izquierda,8,584.80705,688.42313
20,cadera_izquierda,8,655.45961,615.85169
20,hombro_izquierdo,8,590.7712,479.23586
21,punta_izquierda,0,511.89938,787.30285
21,talon_izquierdo,0,576.24441,782.18519
21,tobillo_izquierdo,0,564.98812,765.67094
21,rodilla_izquierda,0,578.50616,678.13818
21,cadera_izquierda,0,645.35631,622.05043
21,hombro_izquierdo,0,646.9788,474.05487
21,punta_izquierda,1,513.35867,787.06949
21,talon_izquierdo,1,575.8132,781.70857
21,tobillo_izquierdo,1,564.94572,765.66849
21,rodilla_izquierda,1,572.55592,677.715
21,cadera_izquierda,1,639.4063,621.06899
21,hombro_izquierdo,1,643.35543,474.55166
21,punta_izquierda,2,513.4643,786.47018
21,talon_izquierdo,2,575.32167,781.36585
21,tobillo_izquierdo,2,564.55107,765.66675
21,rodilla_izquierda,2,563.99797,676.36033
21,cadera_izquierda,2,628.73743,618.22055
21,hombro_izquierdo,2,639.34999,474.5508
21,punta_izquierda,3,513.87274,786.22325
21,talon_izquierdo,3,575.93496,780.52115
21,tobillo_izquierdo,3,564.29386,765.20501
21,rodilla_izquierda,3,558.12841,675.8046
21,cadera_izquierda,3,627.32557,615.93319
21,hombro_izquierdo,3,628.09622,475.06581
21,punta_izquierda,4,514.08548,785.61608
21,talon_izquierdo,4,576.2768,780.53859
21,tobillo_izquierdo,4,564.16609,765.23842
21,rodilla_izquierda,4,556.78499,672.7951
21,cadera_izquierda,4,616.41907,611.75731
21,hombro_izquierdo,4,613.09668,477.51865
21,punta_izquierda,5,514.07267,785.65026
21,talon_izquierdo,5,576.10697,780.08998
21,tobillo_izquierdo,5,563.26006,765.30375
21,rodilla_izquierda,5,560.02956,673.00328
21,cadera_izquierda,5,615.33422,612.69754
21,hombro_izquierdo,5,602.06795,479.47343
21,punta_izquierda,6,514.0575,786.45473
21,talon_izquierdo,6,576.10868,781.7613
21,tobillo_izquierdo,6,562.9505,766.62849
21,rodilla_izquierda,6,559.04926,677.61496
21,cadera_izquierda,6,611.14408,610.97408
21,hombro_izquierdo,6,586.42056,482.23194
21,punta_izquierda,7,513.87594,786.66581
21,talon_izquierdo,7,576.25557,782.1494
21,tobillo_izquierdo,7,562.67601,766.85154
21,rodilla_izquierda,7,559.34092,677.46079
21,cadera_izquierda,7,612.96215,608.91447
21,hombro_izquierdo,7,578.35413,482.15988
21,punta_izquierda,8,513.8423,786.94435
21,talon_izquierdo,8,576.22553,782.2551
21,tobillo_izquierdo,8,562.4132,766.91186
21,rodilla_izquierda,8,555.7386,677.39931
21,cadera_izquierda,8,614.92527,607.82914
21,hombro_izquierdo,8,572.84323,480.22856
22,punta_izquierda,0,567.66226,804.30634
22,talon_izquierdo,0,633.42985,800.46262
22,tobillo_izquierdo,0,623.1225,783.94631
22,rodilla_izquierda,0,654.0378,689.32918
22,cadera_izquierda,0,726.64547,620.26684
22,hombro_izquierdo,0,733.77434,457.8422
22,punta_izquierda,1,567.43326,804.66052
22,talon_izquierdo,1,632.57921,800.49771
22,tobillo_izquierdo,1,621.15309,783.94644
22,rodilla_izquierda,1,645.54193,687.55403
22,cadera_izquierda,1,720.82232,619.23604
22,hombro_izquierdo,1,728.95008,457.88414
22,punta_izquierda,2,567.53397,804.78476
22,talon_izquierdo,2,631.72102,800.56581
22,tobillo_izquierdo,2,619.94682,784.02948
22,rodilla_izquierda,2,629.14976,687.57044
22,cadera_izquierda,2,706.40831,619.76145
22,hombro_izquierdo,2,714.96752,468.60942
22,punta_izquierda,3,567.07283,804.093
22,talon_izquierdo,3,630.06855,800.48174
22,tobillo_izquierdo,3,618.64717,784.01184
22,rodilla_izquierda,3,620.67255,686.36789
22,cadera_izquierda,3,697.33858,620.59
22,hombro_izquierdo,3,703.80198,476.06733
22,punta_izquierda,4,564.95876,803.60976
22,talon_izquierdo,4,629.96069,800.36246
22,tobillo_izquierdo,4,618.61656,783.79748
22,rodilla_izquierda,4,615.39534,684.05361
22,cadera_izquierda,4,691.24895,620.58948
22,hombro_izquierdo,4,688.07631,481.21994
22,punta_izquierda,5,565.14141,802.48123
22,talon_izquierdo,5,631.14017,799.60492
22,tobillo_izquierdo,5,618.69839,782.83581
22,rodilla_izquierda,5,612.03335,681.62707
22,cadera_izquierda,5,679.26601,620.29053
22,hombro_izquierdo,5,672.58976,486.11695
22,punta_izquierda,6,567.21737,801.84548
22,talon_izquierdo,6,629.86919,798.00821
22,tobillo_izquierdo,6,616.91528,782.46258
22,rodilla_izquierda,6,609.29243,682.02322
22,cadera_izquierda,6,675.75222,624.38478
22,hombro_izquierdo,6,660.98391,486.07611
22,punta_izquierda,7,567.25336,803.65005
22,talon_izquierdo,7,629.9128,798.63771
22,tobillo_izquierdo,7,616.74213,783.50883
22,rodilla_izquierda,7,610.20447,688.58515
22,cadera_izquierda,7,673.97844,624.14899
22,hombro_izquierdo,7,650.46885,484.42677
22,punta_izquierda,8,566.26945,804.0296
22,talon_izquierdo,8,629.92332,798.667
22,tobillo_izquierdo,8,616.07025,783.63223
22,rodilla_izquierda,8,608.2881,688.49542
22,cadera_izquierda,8,674.46087,623.68602
22,hombro_izquierdo,8,638.92353,483.82144
22,punta_izquierda,9,567.19048,804.70706
22,talon_izquierdo,9,629.70709,798.7205
22,tobillo_izquierdo,9,615.86683,784.07448
22,rodilla_izquierda,9,604.61781,688.53359
22,cadera_izquierda,9,674.33229,623.51163
22,hombro_izquierdo,9,628.65515,482.40752
22,punta_izquierda,10,567.61356,804.88003
22,talon_izquierdo,10,629.68941,798.93718
22,tobillo_izquierdo,10,615.87324,784.27931
22,rodilla_izquierda,10,602.07201,690.76785
22,cadera_izquierda,10,668.9784,623.78863
22,hombro_izquierdo,10,618.34276,482.30778
23,punta_izquierda,0,542.9064,782.81952
23,talon_izquierdo,0,595.17597,781.95293
23,tobillo_izquierdo,0,586.81274,766.45191
23,rodilla_izquierda,0,601.02608,684.63831
23,cadera_izquierda,0,666.21935,627.3267
23,hombro_izquierdo,0,647.69611,472.93664
23,punta_izquierda,1,542.88042,784.95162
23,talon_izquierdo,1,596.24937,782.20663
23,tobillo_izquierdo,1,586.59519,767.26501
23,rodilla_izquierda,1,593.58576,683.95718
23,cadera_izquierda,1,657.68349,624.45122
23,hombro_izquierdo,1,647.02045,474.48723
23,punta_izquierda,2,542.87298,784.98098
23,talon_izquierdo,2,596.43625,782.44796
23,tobillo_izquierdo,2,585.76944,767.74117
23,rodilla_izquierda,2,585.14299,682.23971
23,cadera_izquierda,2,648.8324,624.17506
23,hombro_izquierdo,2,642.31991,475.71128
23,punta_izquierda,3,542.84231,784.95014
23,talon_izquierdo,3,596.43471,782.38971
23,tobillo_izquierdo,3,585.04829,767.50467
23,rodilla_izquierda,3,579.1131,680.51316
23,cadera_izquierda,3,643.32836,621.12249
23,hombro_izquierdo,3,631.13628,476.54353
23,punta_izquierda,4,542.68164,784.92317
23,talon_izquierdo,4,599.95279,782.34658
23,tobillo_izquierdo,4,585.21046,767.27421
23,rodilla_izquierda,4,574.78598,679.25815
23,cadera_izquierda,4,634.24541,620.1005
23,hombro_izquierdo,4,618.99828,478.13534
23,punta_izquierda,5,542.07035,784.83124
23,talon_izquierdo,5,599.70869,782.06269
23,tobillo_izquierdo,5,585.00469,766.72524
23,rodilla_izquierda,5,569.14232,679.05293
23,cadera_izquierda,5,628.7372,617.66489
23,hombro_izquierdo,5,607.42956,480.31662
23,punta_izquierda,6,541.40934,785.97676
23,talon_izquierdo,6,598.08666,781.34937
23,tobillo_izquierdo,6,583.6619,766.70915
23,rodilla_izquierda,6,571.81011,679.11839
23,cadera_izquierda,6,627.48264,617.527
23,hombro_izquierdo,6,595.81472,480.83833
23,punta_izquierda,7,539.74663,786.51408
23,talon_izquierdo,7,596.37972,781.26813
23,tobillo_izquierdo,7,583.0057,766.88534
23,rodilla_izquierda,7,572.22759,676.73054
23,cadera_izquierda,7,626.52866,613.7232
23,hombro_izquierdo,7,587.74315,480.50836
23,punta_izquierda,8,539.8978,786.42364
23,talon_izquierdo,8,596.2159,781.48192
23,tobillo_izquierdo,8,583.08855,767.28129
23,rodilla_izquierda,8,571.2109,676.45213
23,cadera_izquierda,8,629.54103,612.18887
23,hombro_izquierdo,8,579.16998,480.33674
23,punta_izquierda,9,540.11026,786.41379
23,talon_izquierdo,9,595.03057,781.48398
23,tobillo_izquierdo,9,582.28689,766.99973
23,rodilla_izquierda,9,569.22358,676.79472
23,cadera_izquierda,9,626.1953,609.85567
23,hombro_izquierdo,9,567.83701,480.26313
24,punta_izquierda,0,612.30927,843.61758
24,talon_izquierdo,0,680.44733,841.52179
24,tobillo_izquierdo,0,666.14737,824.47749
24,rodilla_izquierda,0,656.63744,730.02959
24,cadera_izquierda,0,759.26147,658.88299
24,hombro_izquierdo,0,737.14582,488.02873
24,punta_izquierda,1,612.02087,844.53651
24,talon_izquierdo,1,680.37987,840.16642
24,tobillo_izquierdo,1,665.0588,823.61258
24,rodilla_izquierda,1,650.47045,730.02638
24,cadera_izquierda,1,752.75871,668.73548
24,hombro_izquierdo,1,725.75964,489.83932
24,punta_izquierda,2,611.95936,844.43332
24,talon_izquierdo,2,680.59582,838.86975
24,tobillo_izquierdo,2,664.39018,822.80057
24,rodilla_izquierda,2,643.69526,729.20839
24,cadera_izquierda,2,745.71756,673.6154
24,hombro_izquierdo,2,710.11711,493.38676
24,punta_izquierda,3,610.61525,844.42469
24,talon_izquierdo,3,680.59536,837.98005
24,tobillo_izquierdo,3,662.95641,821.80054
24,rodilla_izquierda,3,635.35183,727.7506
24,cadera_izquierda,3,734.94478,672.70362
24,hombro_izquierdo,3,694.52728,496.03027
24,punta_izquierda,4,610.65823,843.76011
24,talon_izquierdo,4,680.1899,835.51231
24,tobillo_izquierdo,4,662.65858,820.17441
24,rodilla_izquierda,4,627.2588,726.79575
24,cadera_izquierda,4,722.94142,672.66732
24,hombro_izquierdo,4,686.313,496.74452
24,punta_izquierda,5,613.23984,840.55401
24,talon_izquierdo,5,680.22886,835.51161
24,tobillo_izquierdo,5,661.85549,819.98702
24,rodilla_izquierda,5,618.0887,726.82163
24,cadera_izquierda,5,708.02834,671.72438
24,hombro_izquierdo,5,681.43221,496.28902
24,punta_izquierda,6,611.31918,843.19871
24,talon_izquierdo,6,676.27436,836.36127
24,tobillo_izquierdo,6,656.60374,821.83163
24,rodilla_izquierda,6,613.21753,728.85131
24,cadera_izquierda,6,697.89373,666.4165
24,hombro_izquierdo,6,674.72197,495.95534
24,punta_izquierda,7,613.1321,845.4584
24,talon_izquierdo,7,676.38371,835.23068
24,tobillo_izquierdo,7,655.66916,821.63484
24,rodilla_izquierda,7,606.41533,737.35647
24,cadera_izquierda,7,692.48577,664.25846
24,hombro_izquierdo,7,665.35515,495.77793
24,punta_izquierda,8,611.99352,845.57111
24,talon_izquierdo,8,674.65067,834.19466
24,tobillo_izquierdo,8,653.69762,821.43329
24,rodilla_izquierda,8,603.76253,737.11874
24,cadera_izquierda,8,683.86814,664.28048
24,hombro_izquierdo,8,658.29741,494.5091
24,punta_izquierda,9,611.51299,845.64817
24,talon_izquierdo,9,673.99446,833.914
24,tobillo_izquierdo,9,653.55394,821.09108
24,rodilla_izquierda,9,602.06446,737.06878
24,cadera_izquierda,9,676.10682,661.43326
24,hombro_izquierdo,9,648.24823,494.45696
24,punta_izquierda,10,608.8088,845.55534
24,talon_izquierdo,10,674.15594,833.50452
24,tobillo_izquierdo,10,653.07472,820.7015
24,rodilla_izquierda,10,596.59693,740.75871
24,cadera_izquierda,10,672.92255,661.75808
24,hombro_izquierdo,10,637.13093,494.36159
24,punta_izquierda,11,606.34157,845.52058
24,talon_izquierdo,11,674.15462,833.61344
24,tobillo_izquierdo,11,651.67494,820.25578
24,rodilla_izquierda,11,590.85468,742.85811
24,cadera_izquierda,11,666.03029,661.95642
24,hombro_izquierdo,11,631.13565,493.20832
25,punta_izquierda,0,706.27144,838.70476
25,talon_izquierdo,0,772.48541,837.43681
25,tobillo_izquierdo,0,757.75726,820.3609
25,rodilla_izquierda,0,738.77083,727.20845
25,cadera_izquierda,0,834.6817,662.76481
25,hombro_izquierdo,0,809.8629,490.09807
25,punta_izquierda,1,706.3603,839.47273
25,talon_izquierdo,1,773.57174,836.47681
25,tobillo_izquierdo,1,757.70016,819.32681
25,rodilla_izquierda,1,732.62569,727.29722
25,cadera_izquierda,1,831.85307,672.13856
25,hombro_izquierdo,1,799.50314,489.32827
25,punta_izquierda,2,707.71431,839.98238
25,talon_izquierdo,2,773.56504,836.43414
25,tobillo_izquierdo,2,757.33303,819.97164
25,rodilla_izquierda,2,726.31451,727.96393
25,cadera_izquierda,2,819.34484,674.39232
25,hombro_izquierdo,2,784.52105,488.81206
25,punta_izquierda,3,708.5586,839.97542
25,talon_izquierdo,3,773.73316,836.09811
25,tobillo_izquierdo,3,757.31575,819.97396
25,rodilla_izquierda,3,720.70719,728.21177
25,cadera_izquierda,3,810.25663,673.15797
25,hombro_izquierdo,3,773.31087,488.81441
25,punta_izquierda,4,708.92115,840.47695
25,talon_izquierdo,4,773.4712,835.08668
25,tobillo_izquierdo,4,757.30116,817.49456
25,rodilla_izquierda,4,717.28209,728.1987
25,cadera_izquierda,4,796.92026,669.25928
25,hombro_izquierdo,4,768.88933,489.67108
25,punta_izquierda,5,706.78007,840.21412
25,talon_izquierdo,5,772.25252,833.90865
25,tobillo_izquierdo,5,754.19008,815.54155
25,rodilla_izquierda,5,712.23169,728.17997
25,cadera_izquierda,5,786.47341,663.54392
25,hombro_izquierdo,5,764.59837,490.03936
25,punta_izquierda,6,708.24497,841.73834
25,talon_izquierdo,6,770.85085,833.67395
25,tobillo_izquierdo,6,750.89647,815.99699
25,rodilla_izquierda,6,706.1871,728.17546
25,cadera_izquierda,6,778.89067,657.94566
25,hombro_izquierdo,6,760.00031,488.37957
25,punta_izquierda,7,707.18691,842.07443
25,talon_izquierdo,7,771.10909,834.08059
25,tobillo_izquierdo,7,750.55578,816.36701
25,rodilla_izquierda,7,700.44016,726.60643
25,cadera_izquierda,7,771.69977,651.54724
25,hombro_izquierdo,7,750.43756,487.69808
25,punta_izquierda,8,705.19478,842.60294
25,talon_izquierdo,8,770.3536,834.10647
25,tobillo_izquierdo,8,750.06197,817.83478
25,rodilla_izquierda,8,692.24178,732.17425
25,cadera_izquierda,8,761.4747,651.24707
25,hombro_izquierdo,8,742.88572,486.80809
25,punta_izquierda,9,703.03247,843.39949
25,talon_izquierdo,9,770.01165,834.49322
25,tobillo_izquierdo,9,749.21831,818.51031
25,rodilla_izquierda,9,696.47186,733.285
25,cadera_izquierda,9,757.40095,650.45006
25,hombro_izquierdo,9,735.5393,486.75
25,punta_izquierda,10,702.11185,844.28385
25,talon_izquierdo,10,769.11781,833.39502
25,tobillo_izquierdo,10,747.15197,818.09008
25,rodilla_izquierda,10,690.65792,732.14573
25,cadera_izquierda,10,758.5722,648.5893
25,hombro_izquierdo,10,727.02959,486.2315
25,punta_izquierda,11,702.19185,844.89603
25,talon_izquierdo,11,769.14013,832.04615
25,tobillo_izquierdo,11,746.82804,818.07566
25,rodilla_izquierda,11,680.87128,730.05142
25,cadera_izquierda,11,758.7668,642.88958
25,hombro_izquierdo,11,722.15881,483.09351
26,punta_izquierda,0,682.53462,851.93484
26,talon_izquierdo,0,749.23428,845.39615
26,tobillo_izquierdo,0,736.01589,829.4579
26,rodilla_izquierda,0,735.47974,734.11651
26,cadera_izquierda,0,839.4417,669.98315
26,hombro_izquierdo,0,828.06599,489.56696
26,punta_izquierda,1,683.28747,852.02811
26,talon_izquierdo,1,750.51962,844.23312
26,tobillo_izquierdo,1,736.01566,829.13321
26,rodilla_izquierda,1,725.12094,734.25047
26,cadera_izquierda,1,830.68829,677.74377
26,hombro_izquierdo,1,817.87359,488.18626
26,punta_izquierda,2,686.37629,851.45802
26,talon_izquierdo,2,751.76228,843.39962
26,tobillo_izquierdo,2,736.0544,828.91575
26,rodilla_izquierda,2,717.21605,733.95525
26,cadera_izquierda,2,820.35479,681.43859
26,hombro_izquierdo,2,801.84797,487.89037
26,punta_izquierda,3,686.26728,851.41123
26,talon_izquierdo,3,752.4297,840.75215
26,tobillo_izquierdo,3,735.96251,826.33729
26,rodilla_izquierda,3,710.69269,734.06411
26,cadera_izquierda,3,813.15954,682.35513
26,hombro_izquierdo,3,791.8574,489.59625
26,punta_izquierda,4,686.71354,848.84628
26,talon_izquierdo,4,753.14856,840.89004
26,tobillo_izquierdo,4,735.99277,825.367
26,rodilla_izquierda,4,704.34105,733.55827
26,cadera_izquierda,4,801.11172,682.11425
26,hombro_izquierdo,4,776.73454,490.46052
26,punta_izquierda,5,686.51619,849.59507
26,talon_izquierdo,5,753.25647,841.0061
26,tobillo_izquierdo,5,735.48323,824.5586
26,rodilla_izquierda,5,693.3007,734.95709
26,cadera_izquierda,5,787.33355,674.97638
26,hombro_izquierdo,5,770.3734,489.77701
26,punta_izquierda,6,686.34235,852.24331
26,talon_izquierdo,6,752.64256,841.35867
26,tobillo_izquierdo,6,731.44192,824.81886
26,rodilla_izquierda,6,685.56318,740.80937
26,cadera_izquierda,6,777.9998,666.82038
26,hombro_izquierdo,6,765.79113,488.20344
26,punta_izquierda,7,683.23608,853.38053
26,talon_izquierdo,7,751.90624,841.60683
26,tobillo_izquierdo,7,729.32013,825.73077
26,rodilla_izquierda,7,677.85748,740.22828
26,cadera_izquierda,7,763.43416,657.38143
26,hombro_izquierdo,7,759.17536,486.64069
26,punta_izquierda,8,679.30235,854.46618
26,talon_izquierdo,8,749.4714,841.63676
26,tobillo_izquierdo,8,725.26543,825.75459
26,rodilla_izquierda,8,670.66406,739.81622
26,cadera_izquierda,8,752.84849,654.22477
26,hombro_izquierdo,8,748.17404,483.88286
26,punta_izquierda,9,679.18219,854.37374
26,talon_izquierdo,9,746.75646,837.2397
26,tobillo_izquierdo,9,722.528,822.61634
26,rodilla_izquierda,9,661.75158,739.7487
26,cadera_izquierda,9,744.84673,656.09384
26,hombro_izquierdo,9,738.47906,483.06368
26,punta_izquierda,10,679.28095,854.31754
26,talon_izquierdo,10,747.03959,837.54798
26,tobillo_izquierdo,10,723.39849,822.74895
26,rodilla_izquierda,10,654.34118,741.15203
26,cadera_izquierda,10,738.83234,655.2333
26,hombro_izquierdo,10,730.05924,480.22447
26,punta_izquierda,11,678.96933,853.82933
26,talon_izquierdo,11,746.96926,833.09994
26,tobillo_izquierdo,11,721.68663,822.04496
26,rodilla_izquierda,11,644.82336,740.8814
26,cadera_izquierda,11,733.60325,656.26378
26,hombro_izquierdo,11,721.45185,479.37439
27,punta_izquierda,0,741.32183,848.19431
27,talon_izquierdo,0,809.93666,847.88706
27,tobillo_izquierdo,0,796.22835,830.76274
27,rodilla_izquierda,0,799.55967,744.30682
27,cadera_izquierda,0,895.03544,670.85618
27,hombro_izquierdo,0,878.35825,490.67128
27,punta_izquierda,1,741.47358,848.15389
27,talon_izquierdo,1,809.82903,848.04555
27,tobillo_izquierdo,1,795.8535,830.84913
27,rodilla_izquierda,1,792.51932,742.51951
27,cadera_izquierda,1,888.50842,679.90999
27,hombro_izquierdo,1,864.35841,491.4415
27,punta_izquierda,2,741.47369,848.29609
27,talon_izquierdo,2,809.82868,848.06692
27,tobillo_izquierdo,2,795.7984,830.92046
27,rodilla_izquierda,2,782.593,741.22934
27,cadera_izquierda,2,877.82227,684.32366
27,hombro_izquierdo,2,847.36582,493.06531
27,punta_izquierda,3,743.2719,848.11307
27,talon_izquierdo,3,809.4088,847.89163
27,tobillo_izquierdo,3,794.63573,830.99365
27,rodilla_izquierda,3,774.61304,739.98662
27,cadera_izquierda,3,866.27546,691.11585
27,hombro_izquierdo,3,828.67018,498.31747
27,punta_izquierda,4,747.27293,846.06357
27,talon_izquierdo,4,811.80748,847.00509
27,tobillo_izquierdo,4,794.95766,829.49003
27,rodilla_izquierda,4,767.88151,739.20867
27,cadera_izquierda,4,853.48772,692.86963
27,hombro_izquierdo,4,816.58934,500.34201
27,punta_izquierda,5,746.91587,845.55026
27,talon_izquierdo,5,811.86756,846.09871
27,tobillo_izquierdo,5,794.2808,828.37631
27,rodilla_izquierda,5,761.82295,739.20706
27,cadera_izquierda,5,838.56703,692.40234
27,hombro_izquierdo,5,809.76706,502.01908
27,punta_izquierda,6,747.57408,847.86994
27,talon_izquierdo,6,809.20412,844.05333
27,tobillo_izquierdo,6,791.96348,827.39146
27,rodilla_izquierda,6,751.83174,739.26165
27,cadera_izquierda,6,833.50822,691.4699
27,hombro_izquierdo,6,799.31837,501.82654
27,punta_izquierda,7,744.49677,848.17655
27,talon_izquierdo,7,809.21934,847.27075
27,tobillo_izquierdo,7,791.17298,827.79315
27,rodilla_izquierda,7,754.23031,742.38226
27,cadera_izquierda,7,831.36126,690.42217
27,hombro_izquierdo,7,790.99852,500.21458
27,punta_izquierda,8,742.85397,847.58251
27,talon_izquierdo,8,809.11411,846.62586
27,tobillo_izquierdo,8,790.69433,827.86081
27,rodilla_izquierda,8,751.16512,746.5163
27,cadera_izquierda,8,826.28855,684.19028
27,hombro_izquierdo,8,779.86616,497.68128
27,punta_izquierda,9,742.51963,848.11146
27,talon_izquierdo,9,808.67678,845.16659
27,tobillo_izquierdo,9,790.30912,827.91314
27,rodilla_izquierda,9,747.78368,754.19194
27,cadera_izquierda,9,820.9671,675.03656
27,hombro_izquierdo,9,767.82555,495.52468
27,punta_izquierda,10,740.52103,848.37108
27,talon_izquierdo,10,808.59129,843.83143
27,tobillo_izquierdo,10,788.90888,827.56971
27,rodilla_izquierda,10,736.77023,752.59395
27,cadera_izquierda,10,813.42779,666.67065
27,hombro_izquierdo,10,759.55914,494.76975
27,punta_izquierda,11,740.26205,848.78275
27,talon_izquierdo,11,807.02642,839.21627
27,tobillo_izquierdo,11,787.06301,826.02598
27,rodilla_izquierda,11,729.55313,751.97075
27,cadera_izquierda,11,809.07103,669.66605
27,hombro_izquierdo,11,754.45169,493.47283
28,punta_izquierda,0,735.45811,847.00946
28,talon_izquierdo,0,803.15706,845.46515
28,tobillo_izquierdo,0,789.29026,827.79798
28,rodilla_izquierda,0,780.30773,731.76966
28,cadera_izquierda,0,875.9305,653.28705
28,hombro_izquierdo,0,858.1295,479.56204
28,punta_izquierda,1,735.29795,846.8663
28,talon_izquierdo,1,803.65442,845.19112
28,tobillo_izquierdo,1,789.27458,827.35645
28,rodilla_izquierda,1,776.52809,731.26318
28,cadera_izquierda,1,871.70036,660.591
28,hombro_izquierdo,1,847.68854,478.91847
28,punta_izquierda,2,735.11135,846.84937
28,talon_izquierdo,2,803.78992,845.10943
28,tobillo_izquierdo,2,789.09279,827.31171
28,rodilla_izquierda,2,768.19273,729.85392
28,cadera_izquierda,2,864.02184,666.79695
28,hombro_izquierdo,2,835.35118,478.91529
28,punta_izquierda,3,735.46818,846.90775
28,talon_izquierdo,3,805.78852,844.25546
28,tobillo_izquierdo,3,789.15476,826.69006
28,rodilla_izquierda,3,761.57518,728.22702
28,cadera_izquierda,3,854.89546,667.66643
28,hombro_izquierdo,3,825.36621,481.11105
28,punta_izquierda,4,735.63789,846.76884
28,talon_izquierdo,4,806.39013,844.05442
28,tobillo_izquierdo,4,788.17806,826.59015
28,rodilla_izquierda,4,758.21423,728.25689
28,cadera_izquierda,4,836.63389,666.89808
28,hombro_izquierdo,4,810.85344,481.20349
28,punta_izquierda,5,735.8658,847.36094
28,talon_izquierdo,5,803.08279,843.90005
28,tobillo_izquierdo,5,785.95631,826.57843
28,rodilla_izquierda,5,748.93799,728.97626
28,cadera_izquierda,5,824.31902,657.47239
28,hombro_izquierdo,5,805.51397,478.88323
28,punta_izquierda,6,734.15365,847.99752
28,talon_izquierdo,6,800.9626,843.88016
28,tobillo_izquierdo,6,781.59307,826.7086
28,rodilla_izquierda,6,742.18941,730.71568
28,cadera_izquierda,6,810.74318,647.88789
28,hombro_izquierdo,6,799.99598,476.98702
28,punta_izquierda,7,732.84222,848.76974
28,talon_izquierdo,7,801.06892,844.51398
28,tobillo_izquierdo,7,781.73218,827.36475
28,rodilla_izquierda,7,737.52394,733.04264
28,cadera_izquierda,7,802.29092,641.71162
28,hombro_izquierdo,7,791.02289,474.27595
28,punta_izquierda,8,731.37503,848.92411
28,talon_izquierdo,8,800.90452,844.73117
28,tobillo_izquierdo,8,781.13457,827.35593
28,rodilla_izquierda,8,736.62546,732.98696
28,cadera_izquierda,8,796.32517,639.95906
28,hombro_izquierdo,8,781.40076,474.58301
28,punta_izquierda,9,731.23913,848.95836
28,talon_izquierdo,9,800.99052,844.84106
28,tobillo_izquierdo,9,781.38371,827.44721
28,rodilla_izquierda,9,734.61737,732.92381
28,cadera_izquierda,9,789.24196,640.27803
28,hombro_izquierdo,9,773.62438,473.18525
28,punta_izquierda,10,731.36232,848.71786
28,talon_izquierdo,10,801.37499,844.37442
28,tobillo_izquierdo,10,781.86642,827.43717
28,rodilla_izquierda,10,734.99336,734.50558
28,cadera_izquierda,10,790.43661,636.77279
28,hombro_izquierdo,10,762.79118,470.73341
29,punta_izquierda,0,729.89319,844.90279
29,talon_izquierdo,0,797.67282,839.48168
29,tobillo_izquierdo,0,783.40467,824.56761
29,rodilla_izquierda,0,774.24774,735.56638
29,cadera_izquierda,0,874.25056,665.37804
29,hombro_izquierdo,0,857.59981,491.14542
29,punta_izquierda,1,729.862,845.38404
29,talon_izquierdo,1,796.91111,838.8534
29,tobillo_izquierdo,1,782.99807,822.84087
29,rodilla_izquierda,1,767.61395,735.16379
29,cadera_izquierda,1,867.76955,676.50066
29,hombro_izquierdo,1,845.74162,491.70385
29,punta_izquierda,2,729.24133,845.42866
29,talon_izquierdo,2,796.72577,837.29828
29,tobillo_izquierdo,2,781.81881,822.33039
29,rodilla_izquierda,2,757.0443,735.16495
29,cadera_izquierda,2,858.63848,680.53569
29,hombro_izquierdo,2,835.08986,494.41058
29,punta_izquierda,3,728.39241,845.50565
29,talon_izquierdo,3,797.3505,837.33156
29,tobillo_izquierdo,3,780.4917,822.68657
29,rodilla_izquierda,3,747.12358,735.57012
29,cadera_izquierda,3,845.43079,681.80024
29,hombro_izquierdo,3,815.48779,495.62565
29,punta_izquierda,4,728.40443,845.23534
29,talon_izquierdo,4,797.45653,836.56951
29,tobillo_izquierdo,4,779.76013,821.92632
29,rodilla_izquierda,4,738.57668,737.09479
29,cadera_izquierda,4,826.3512,686.98593
29,hombro_izquierdo,4,802.03926,496.76431
29,punta_izquierda,5,726.95274,846.68174
29,talon_izquierdo,5,796.16529,837.5035
29,tobillo_izquierdo,5,775.78245,821.81438
29,rodilla_izquierda,5,729.791335,740.6200799999999
29,cadera_izquierda,5,814.46079,688.32264
29,hombro_izquierdo,5,793.42678,497.08647
29,punta_izquierda,6,726.48806,847.97332
29,talon_izquierdo,6,793.16866,837.80283
29,tobillo_izquierdo,6,771.82949,821.83221
29,rodilla_izquierda,6,721.00599,744.14537
29,cadera_izquierda,6,805.76975,686.58096
29,hombro_izquierdo,6,781.40951,497.27833
29,punta_izquierda,7,726.53955,848.07561
29,talon_izquierdo,7,793.36241,837.28418
29,tobillo_izquierdo,7,772.66994,821.56197
29,rodilla_izquierda,7,716.63338,751.80937
29,cadera_izquierda,7,797.56405,685.30084
29,hombro_izquierdo,7,771.16865,497.20749
29,punta_izquierda,8,724.13097,847.98768
29,talon_izquierdo,8,793.42558,837.29796
29,tobillo_izquierdo,8,771.35193,821.29785
29,rodilla_izquierda,8,712.41405,752.18215
29,cadera_izquierda,8,788.3135,680.3662
29,hombro_izquierdo,8,761.32782,497.1145
29,punta_izquierda,9,721.5937,847.94764
29,talon_izquierdo,9,792.68446,835.69584
29,tobillo_izquierdo,9,769.7596,820.61505
29,rodilla_izquierda,9,702.71421,751.83486
29,cadera_izquierda,9,776.06661,676.37243
29,hombro_izquierdo,9,747.52378,497.0249
29,punta_izquierda,10,720.16924,844.7737425
29,talon_izquierdo,10,788.1472349999999,830.8108625
29,tobillo_izquierdo,10,764.034335,818.1346925
29,rodilla_izquierda,10,696.001135,755.4122950000001
29,cadera_izquierda,10,769.4357749999999,677.5965475
29,hombro_izquierdo,10,743.76796,497.41322
29,punta_izquierda,11,718.74478,841.599845
29,talon_izquierdo,11,783.61001,825.925885
29,tobillo_izquierdo,11,758.30907,815.654335
29,rodilla_izquierda,11,689.28806,758.98973
29,cadera_izquierda,11,762.80494,678.820665
29,hombro_izquierdo,11,740.01214,497.80154
29,punta_izquierda,12,715.89586,835.25205
29,talon_izquierdo,12,774.53556,816.15593
29,tobillo_izquierdo,12,746.85854,810.69362
29,rodilla_izquierda,12,675.86191,766.1446
29,cadera_izquierda,12,749.54327,681.2689
29,hombro_izquierdo,12,732.5005,498.57818
30,punta_izquierda,0,806.63979,842.19552
30,talon_izquierdo,0,876.16539,833.98281
30,tobillo_izquierdo,0,861.27817,818.07463
30,rodilla_izquierda,0,838.76169,726.06641
30,cadera_izquierda,0,933.08498,661.62503
30,hombro_izquierdo,0,896.50595,492.15492
30,punta_izquierda,1,807.82562,841.84437
30,talon_izquierdo,1,875.98566,833.85761
30,tobillo_izquierdo,1,860.41866,818.64748
30,rodilla_izquierda,1,836.47299,726.06699
30,cadera_izquierda,1,926.901,668.3952
30,hombro_izquierdo,1,889.57706,493.59504
30,punta_izquierda,2,807.81281,840.94553
30,talon_izquierdo,2,875.76845,834.70791
30,tobillo_izquierdo,2,858.86553,819.80781
30,rodilla_izquierda,2,835.96178,725.19949
30,cadera_izquierda,2,917.85748,667.77207
30,hombro_izquierdo,2,885.01213,493.57437
30,punta_izquierda,3,809.00087,839.8293
30,talon_izquierdo,3,876.04992,834.71074
30,tobillo_izquierdo,3,858.10873,819.79641
30,rodilla_izquierda,3,834.0196,724.00943
30,cadera_izquierda,3,902.28098,664.38566
30,hombro_izquierdo,3,874.18831,494.8964
30,punta_izquierda,4,815.56252,835.41884
30,talon_izquierdo,4,871.96392,830.23019
30,tobillo_izquierdo,4,856.514,815.17488
30,rodilla_izquierda,4,828.60146,724.00673
30,cadera_izquierda,4,895.04059,658.79821
30,hombro_izquierdo,4,868.05445,494.67934
30,punta_izquierda,5,814.19352,835.53291
30,talon_izquierdo,5,872.20808,831.35819
30,tobillo_izquierdo,5,855.56265,815.24556
30,rodilla_izquierda,5,825.4034,724.49461
30,cadera_izquierda,5,889.1728,654.52642
30,hombro_izquierdo,5,862.45319,493.18154
30,punta_izquierda,6,811.93628,837.33967
30,talon_izquierdo,6,872.2431,831.39926
30,tobillo_izquierdo,6,855.54039,815.39375
30,rodilla_izquierda,6,825.33245,726.68445
30,cadera_izquierda,6,883.41648,647.23218
30,hombro_izquierdo,6,852.04943,493.06177
30,punta_izquierda,7,811.8195,838.03297
30,talon_izquierdo,7,872.36841,831.52434
30,tobillo_izquierdo,7,855.51796,815.50615
30,rodilla_izquierda,7,824.24726,726.62349
30,cadera_izquierda,7,883.79906,643.45677
30,hombro_izquierdo,7,845.40064,489.93266
30,punta_izquierda,8,811.79054,837.91394
30,talon_izquierdo,8,872.49372,831.61762
30,tobillo_izquierdo,8,855.15753,815.52784
30,rodilla_izquierda,8,818.77161,719.16253
30,cadera_izquierda,8,880.69233,640.19377
30,hombro_izquierdo,8,837.59548,486.82364
30,punta_izquierda,9,811.58409,837.97568
30,talon_izquierdo,9,872.62104,831.7257
30,tobillo_izquierdo,9,855.19981,815.45059
30,rodilla_izquierda,9,815.52338,713.37192
30,cadera_izquierda,9,876.84465,631.50805
30,hombro_izquierdo,9,830.83151,482.69231
31,punta_izquierda,0,874.82689,836.83788
31,talon_izquierdo,0,937.09024,841.29404
31,tobillo_izquierdo,0,922.23593,826.14153
31,rodilla_izquierda,0,916.31201,745.8978
31,cadera_izquierda,0,1015.23376,673.75541
31,hombro_izquierdo,0,1003.97438,498.81846
31,punta_izquierda,1,871.7430350000001,839.615415
31,talon_izquierdo,1,934.881245,842.272605
31,tobillo_izquierdo,1,919.8074349999999,826.5353
31,rodilla_izquierda,1,908.669445,745.89561
31,cadera_izquierda,1,1013.390175,678.30005
31,hombro_izquierdo,1,996.59569,501.13962000000004
31,punta_izquierda,2,868.6591800000001,842.39295
31,talon_izquierdo,2,932.67225,843.25117
31,tobillo_izquierdo,2,917.37894,826.92907
31,rodilla_izquierda,2,901.02688,745.89342
31,cadera_izquierda,2,1011.54659,682.84469
31,hombro_izquierdo,2,989.217,503.46078
31,punta_izquierda,3,862.49147,847.94802
31,talon_izquierdo,3,932.47988,843.27557
31,tobillo_izquierdo,3,916.22303,827.19526
31,rodilla_izquierda,3,890.3635,746.14145
31,cadera_izquierda,3,1000.44182,692.43846
31,hombro_izquierdo,3,970.6406,505.70128
31,punta_izquierda,4,863.7252,846.77006
31,talon_izquierdo,4,933.14764,842.68707
31,tobillo_izquierdo,4,915.33457,826.44994
31,rodilla_izquierda,4,881.20577,746.74714
31,cadera_izquierda,4,987.63817,699.11008
31,hombro_izquierdo,4,957.3004,509.84755
31,punta_izquierda,5,867.86493,844.39444
31,talon_izquierdo,5,934.88892,842.19481
31,tobillo_izquierdo,5,915.89235,826.17462
31,rodilla_izquierda,5,876.64467,748.41266
31,cadera_izquierda,5,967.51511,699.54569
31,hombro_izquierdo,5,947.97981,509.31766
31,punta_izquierda,6,870.26075,843.39273
31,talon_izquierdo,6,930.59893,841.97202
31,tobillo_izquierdo,6,910.80557,825.79572
31,rodilla_izquierda,6,870.368785,751.667165
31,cadera_izquierda,6,962.73273,701.96444
31,hombro_izquierdo,6,936.9433,508.49771
31,punta_izquierda,7,864.988,846.34082
31,talon_izquierdo,7,924.67661,842.06021
31,tobillo_izquierdo,7,907.01059,825.6973
31,rodilla_izquierda,7,864.0929,754.92167
31,cadera_izquierda,7,956.67154,697.74717
31,hombro_izquierdo,7,926.12274,507.8085
31,punta_izquierda,8,864.91402,847.27674
31,talon_izquierdo,8,925.23033,841.43746
31,tobillo_izquierdo,8,908.99466,826.0415
31,rodilla_izquierda,8,864.77182,758.46573
31,cadera_izquierda,8,948.10764,696.01727
31,hombro_izquierdo,8,913.38982,507.60093
31,punta_izquierda,9,869.4726,846.0879
31,talon_izquierdo,9,925.7888,835.54205
31,tobillo_izquierdo,9,909.71992,824.73382
31,rodilla_izquierda,9,859.23449,761.78764
31,cadera_izquierda,9,939.48463,694.53876
31,hombro_izquierdo,9,902.86663,507.27652
31,punta_izquierda,10,865.61302,847.09205
31,talon_izquierdo,10,925.46597,832.62428
31,tobillo_izquierdo,10,906.38826,823.01365
31,rodilla_izquierda,10,850.2566,764.34157
31,cadera_izquierda,10,934.60728,693.92786
31,hombro_izquierdo,10,893.55457,507.05292
31,punta_izquierda,11,862.34465,848.51489
31,talon_izquierdo,11,926.80658,828.53061
31,tobillo_izquierdo,11,905.23132,820.78048
31,rodilla_izquierda,11,836.59189,766.87825
31,cadera_izquierda,11,926.12297,693.04125
31,hombro_izquierdo,11,886.57648,506.62719
32,punta_izquierda,0,852.17823,852.91131
32,talon_izquierdo,0,919.50937,846.49512
32,tobillo_izquierdo,0,906.23646,830.1391
32,rodilla_izquierda,0,888.55625,744.53972
32,cadera_izquierda,0,982.87136,675.24307
32,hombro_izquierdo,0,979.97337,503.7663
32,punta_izquierda,1,855.42967,852.81224
32,talon_izquierdo,1,919.97572,844.62316
32,tobillo_izquierdo,1,906.32458,828.2728
32,rodilla_izquierda,1,882.38525,744.52872
32,cadera_izquierda,1,984.7752,690.82308
32,hombro_izquierdo,1,966.07189,503.73987
32,punta_izquierda,2,857.64925,852.75379
32,talon_izquierdo,2,921.30535,840.68366
32,tobillo_izquierdo,2,906.22507,827.55208
32,rodilla_izquierda,2,872.56084,744.87865
32,cadera_izquierda,2,979.55784,697.1514
32,hombro_izquierdo,2,952.19198,504.81451
32,punta_izquierda,3,858.45091,852.0473
32,talon_izquierdo,3,922.03857,839.7861
32,tobillo_izquierdo,3,905.98314,825.17246
32,rodilla_izquierda,3,862.50006,746.13605
32,cadera_izquierda,3,965.76302,698.25868
32,hombro_izquierdo,3,942.78797,505.33452
32,punta_izquierda,4,858.07091,850.96673
32,talon_izquierdo,4,920.03626,839.23275
32,tobillo_izquierdo,4,903.43122,823.75973
32,rodilla_izquierda,4,853.13896,746.90183
32,cadera_izquierda,4,943.40755,703.88018
32,hombro_izquierdo,4,928.21581,506.1528
32,punta_izquierda,5,858.41005,849.57338
32,talon_izquierdo,5,917.85404,835.47832
32,tobillo_izquierdo,5,896.62594,818.77739
32,rodilla_izquierda,5,831.81347,748.54018
32,cadera_izquierda,5,937.68837,704.27093
32,hombro_izquierdo,5,917.14439,505.99186
32,punta_izquierda,6,856.91912,850.71297
32,talon_izquierdo,6,917.42014,838.68307
32,tobillo_izquierdo,6,895.21105,818.98023
32,rodilla_izquierda,6,836.71034,750.63926
32,cadera_izquierda,6,933.77192,701.79327
32,hombro_izquierdo,6,906.33562,505.78977
33,punta_izquierda,0,842.19154,838.70534
33,talon_izquierdo,0,902.62419,835.88774
33,tobillo_izquierdo,0,894.43748,819.9307
33,rodilla_izquierda,0,907.65301,742.97147
33,cadera_izquierda,0,996.12019,659.61478
33,hombro_izquierdo,0,1003.25455,492.65818
33,punta_izquierda,1,841.86087,839.93764
33,talon_izquierdo,1,903.80482,834.12887
33,tobillo_izquierdo,1,894.21038,818.84408
33,rodilla_izquierda,1,895.73444,737.80283
33,cadera_izquierda,1,996.45046,674.66816
33,hombro_izquierdo,1,991.6024,495.60161
33,punta_izquierda,2,841.55296,841.57336
33,talon_izquierdo,2,904.5108,833.68328
33,tobillo_izquierdo,2,894.12586,818.58459
33,rodilla_izquierda,2,884.52765,735.51083
33,cadera_izquierda,2,990.70141,678.52217
33,hombro_izquierdo,2,975.44987,497.99793
33,punta_izquierda,3,842.73674,841.55488
33,talon_izquierdo,3,905.42593,833.17628
33,tobillo_izquierdo,3,894.12449,817.97974
33,rodilla_izquierda,3,872.96019,734.46258
33,cadera_izquierda,3,980.31086,681.62179
33,hombro_izquierdo,3,958.76621,502.15066
33,punta_izquierda,4,843.3807,841.47512
33,talon_izquierdo,4,907.00584,832.29295
33,tobillo_izquierdo,4,893.82969,817.35539
33,rodilla_izquierda,4,863.00337,734.2598
33,cadera_izquierda,4,966.34975,682.79486
33,hombro_izquierdo,4,940.47724,504.27687
33,punta_izquierda,5,843.7393,841.28039
33,talon_izquierdo,5,908.32426,830.92129
33,tobillo_izquierdo,5,893.64006,815.11566
33,rodilla_izquierda,5,853.4341,734.61965
33,cadera_izquierda,5,948.57954,685.25932
33,hombro_izquierdo,5,923.63056,506.66076
33,punta_izquierda,6,843.71412,840.78891
33,talon_izquierdo,6,907.63384,831.0185
33,tobillo_izquierdo,6,890.02384,814.37003
33,rodilla_izquierda,6,848.22721,734.80781
33,cadera_izquierda,6,934.28942,684.95947
33,hombro_izquierdo,6,914.28303,508.52382
33,punta_izquierda,7,843.60409,841.63502
33,talon_izquierdo,7,905.40459,831.10167
33,tobillo_izquierdo,7,885.95043,814.61902
33,rodilla_izquierda,7,842.28064,735.71064
33,cadera_izquierda,7,928.24287,683.67407
33,hombro_izquierdo,7,906.37705,508.52346
33,punta_izquierda,8,844.45936,841.60741
33,talon_izquierdo,8,904.70982,831.4581
33,tobillo_izquierdo,8,885.05304,814.76322
33,rodilla_izquierda,8,836.84841,737.14603
33,cadera_izquierda,8,919.46079,680.79151
33,hombro_izquierdo,8,892.10272,508.69695
33,punta_izquierda,9,843.82673,841.61945
33,talon_izquierdo,9,904.1395,831.49492
33,tobillo_izquierdo,9,885.39007,815.44924
33,rodilla_izquierda,9,830.8869,741.83174
33,cadera_izquierda,9,912.6963,673.65892
33,hombro_izquierdo,9,881.28136,508.33292
33,punta_izquierda,10,844.18236,840.78356
33,talon_izquierdo,10,904.22688,828.1257
33,tobillo_izquierdo,10,885.08451,813.42226
33,rodilla_izquierda,10,831.04689,743.37373
33,cadera_izquierda,10,906.01324,670.81427
33,hombro_izquierdo,10,869.72282,507.92074
33,punta_izquierda,11,843.33069,838.94385
33,talon_izquierdo,11,904.22756,824.65613
33,tobillo_izquierdo,11,883.21735,809.82658
33,rodilla_izquierda,11,822.57528,743.24808
33,cadera_izquierda,11,901.60326,670.53219
33,hombro_izquierdo,11,858.1319,507.67886
33,punta_izquierda,12,841.43806,838.95859
33,talon_izquierdo,12,903.90776,822.82858
33,tobillo_izquierdo,12,881.91656,809.27851
33,rodilla_izquierda,12,812.92803,743.45259
33,cadera_izquierda,12,893.91924,670.03864
33,hombro_izquierdo,12,847.14907,507.49073
33,punta_izquierda,13,841.52241,838.94797
33,talon_izquierdo,13,903.06593,816.47889
33,tobillo_izquierdo,13,879.4198,806.65299
33,rodilla_izquierda,13,800.94154,743.2784
33,cadera_izquierda,13,882.54461,668.47052
33,hombro_izquierdo,13,843.35793,504.23558
34,punta_izquierda,0,762.06917,855.89442
34,talon_izquierdo,0,825.64236,846.54649
34,tobillo_izquierdo,0,811.47938,831.57082
34,rodilla_izquierda,0,795.12337,744.42829
34,cadera_izquierda,0,882.92467,648.90093
34,hombro_izquierdo,0,869.71258,498.22545
34,punta_izquierda,1,759.93565,856.06179
34,talon_izquierdo,1,825.32724,847.17902
34,tobillo_izquierdo,1,810.11862,831.84801
34,rodilla_izquierda,1,784.6384,745.03134
34,cadera_izquierda,1,874.91896,667.74439
34,hombro_izquierdo,1,863.81641,500.01615
34,punta_izquierda,2,760.77415,855.78511
34,talon_izquierdo,2,826.05486,847.06193
34,tobillo_izquierdo,2,810.12583,832.11181
34,rodilla_izquierda,2,779.5392,745.79075
34,cadera_izquierda,2,872.73256,686.0412
34,hombro_izquierdo,2,846.01187,503.61544
34,punta_izquierda,3,760.72901,855.15181
34,talon_izquierdo,3,826.88478,847.16003
34,tobillo_izquierdo,3,810.14963,832.14786
34,rodilla_izquierda,3,770.1602,745.7809
34,cadera_izquierda,3,861.30959,697.65608
34,hombro_izquierdo,3,832.02959,505.92424
34,punta_izquierda,4,760.79676,854.0334
34,talon_izquierdo,4,829.31385,846.91046
34,tobillo_izquierdo,4,810.53003,831.17789
34,rodilla_izquierda,4,760.93763,749.35489
34,cadera_izquierda,4,850.42477,696.43956
34,hombro_izquierdo,4,823.78904,506.95347
34,punta_izquierda,5,760.77307,854.64224
34,talon_izquierdo,5,828.08344,847.18237
34,tobillo_izquierdo,5,808.02349,831.19269
34,rodilla_izquierda,5,741.90622,750.52461
34,cadera_izquierda,5,843.21424,696.30007
34,hombro_izquierdo,5,815.30748,506.72507
34,punta_izquierda,6,759.80896,855.21677
34,talon_izquierdo,6,824.99903,845.82996
34,tobillo_izquierdo,6,803.37873,829.71147
34,rodilla_izquierda,6,744.17524,759.59026
34,cadera_izquierda,6,837.46496,698.91252
34,hombro_izquierdo,6,806.15908,506.30465
34,punta_izquierda,7,757.55705,856.20148
34,talon_izquierdo,7,824.83938,845.82957
34,tobillo_izquierdo,7,802.91616,829.65437
34,rodilla_izquierda,7,739.67451,761.26621
34,cadera_izquierda,7,830.64228,698.85593
34,hombro_izquierdo,7,799.57621,504.95572
34,punta_izquierda,8,756.81026,855.35401
34,talon_izquierdo,8,824.96716,845.78889
34,tobillo_izquierdo,8,802.65553,829.6798
34,rodilla_izquierda,8,741.33911,765.37514
34,cadera_izquierda,8,819.1111,696.83745
34,hombro_izquierdo,8,785.25249,504.83012
34,punta_izquierda,9,755.28837,855.36244
34,talon_izquierdo,9,823.46334,841.91299
34,tobillo_izquierdo,9,797.90045,827.30295
34,rodilla_izquierda,9,738.58423,765.75282
34,cadera_izquierda,9,811.6186,696.47497
34,hombro_izquierdo,9,774.92712,502.48106
34,punta_izquierda,10,740.549725,840.3310200000001
34,talon_izquierdo,10,812.322175,841.8950950000001
34,tobillo_izquierdo,10,787.12183,827.8156200000001
34,rodilla_izquierda,10,726.28269,767.41699
34,cadera_izquierda,10,803.68578,694.15844
34,hombro_izquierdo,10,768.89122,499.69039
34,punta_izquierda,11,725.81108,825.2996
34,talon_izquierdo,11,801.18101,841.8772
34,tobillo_izquierdo,11,776.34321,828.32829
34,rodilla_izquierda,11,725.92901,773.36712
34,cadera_izquierda,11,802.30196,693.03249
34,hombro_izquierdo,11,765.34155,496.24692
35,punta_izquierda,0,812.88963,827.45983
35,talon_izquierdo,0,869.82645,820.0194
35,tobillo_izquierdo,0,857.10331,806.07028
35,rodilla_izquierda,0,844.56064,729.05982
35,cadera_izquierda,0,924.93187,647.41977
35,hombro_izquierdo,0,923.1986,498.91466
35,punta_izquierda,1,812.97844,827.55549
35,talon_izquierdo,1,873.55059,822.71689
35,tobillo_izquierdo,1,858.25401,806.48272
35,rodilla_izquierda,1,837.20215,729.05196
35,cadera_izquierda,1,925.03561,665.67357
35,hombro_izquierdo,1,916.20953,499.14505
35,punta_izquierda,2,814.56282,825.86943
35,talon_izquierdo,2,876.41956,820.58634
35,tobillo_izquierdo,2,859.2663,804.14128
35,rodilla_izquierda,2,829.27197,728.75688
35,cadera_izquierda,2,918.49005,674.10174
35,hombro_izquierdo,2,898.42163,500.25278
35,punta_izquierda,3,814.16525,826.11475
35,talon_izquierdo,3,878.02345,820.75325
35,tobillo_izquierdo,3,860.04519,804.08154
35,rodilla_izquierda,3,820.80379,728.04897
35,cadera_izquierda,3,908.23631,674.79105
35,hombro_izquierdo,3,883.09187,501.53493
35,punta_izquierda,4,815.85606,825.1321
35,talon_izquierdo,4,877.68728,821.17606
35,tobillo_izquierdo,4,860.54575,803.80236
35,rodilla_izquierda,4,813.92395,727.39893
35,cadera_izquierda,4,888.85277,673.77254
35,hombro_izquierdo,4,868.28459,502.47407
35,punta_izquierda,5,815.94046,825.23915
35,talon_izquierdo,5,873.95983,812.27777
35,tobillo_izquierdo,5,855.67663,797.78664
35,rodilla_izquierda,5,797.81799,735.57102
35,cadera_izquierda,5,873.74125,673.34548
35,hombro_izquierdo,5,856.98263,502.60584
35,punta_izquierda,6,814.71766,825.55593
35,talon_izquierdo,6,873.93162,814.91185
35,tobillo_izquierdo,6,853.46815,800.35563
35,rodilla_izquierda,6,796.25393,735.53104
35,cadera_izquierda,6,861.94519,671.46206
35,hombro_izquierdo,6,846.70441,500.65779
35,punta_izquierda,7,812.41459,827.67039
35,talon_izquierdo,7,873.82994,817.04576
35,tobillo_izquierdo,7,853.63403,803.80435
35,rodilla_izquierda,7,794.31187,739.97523
35,cadera_izquierda,7,851.58937,668.46015
35,hombro_izquierdo,7,834.55158,498.52591
35,punta_izquierda,8,810.0547750000001,824.0543175
35,talon_izquierdo,8,871.537115,813.6913625
35,tobillo_izquierdo,8,850.25678,799.838395
35,rodilla_izquierda,8,787.6153725,740.2689625
35,cadera_izquierda,8,845.4530925,666.4300175000001
35,hombro_izquierdo,8,825.0800199999999,496.7669025
35,punta_izquierda,9,807.69496,820.438245
35,talon_izquierdo,9,869.24429,810.336965
35,tobillo_izquierdo,9,846.87953,795.87244
35,rodilla_izquierda,9,780.9188750000001,740.5626950000001
35,cadera_izquierda,9,839.316815,664.399885
35,hombro_izquierdo,9,815.6084599999999,495.007895
35,punta_izquierda,10,802.97533,813.2061
35,talon_izquierdo,10,864.65864,803.62817
35,tobillo_izquierdo,10,840.12503,787.94053
35,rodilla_izquierda,10,767.52588,741.15016
35,cadera_izquierda,10,827.04426,660.33962
35,hombro_izquierdo,10,796.66534,491.48988
36,punta_izquierda,0,886.6424,861.13986
36,talon_izquierdo,0,950.17719,854.52785
36,tobillo_izquierdo,0,936.55861,835.667
36,rodilla_izquierda,0,925.31147,761.1786
36,cadera_izquierda,0,1041.87435,696.37075
36,hombro_izquierdo,0,1045.23903,496.53811
36,punta_izquierda,1,881.3345999999999,863.466265
36,talon_izquierdo,1,948.287945,854.594475
36,tobillo_izquierdo,1,933.32448,837.28141
36,rodilla_izquierda,1,919.177065,762.16248
36,cadera_izquierda,1,1034.9826050000001,700.312085
36,hombro_izquierdo,1,1034.13294,498.01108999999997
36,punta_izquierda,2,876.0268,865.79267
36,talon_izquierdo,2,946.3987,854.6611
36,tobillo_izquierdo,2,930.09035,838.89582
36,rodilla_izquierda,2,913.04266,763.14636
36,cadera_izquierda,2,1028.09086,704.25342
36,hombro_izquierdo,2,1023.02685,499.48407
36,punta_izquierda,3,884.94015,862.06914
36,talon_izquierdo,3,952.61118,847.64212
36,tobillo_izquierdo,3,931.54655,835.54907
36,rodilla_izquierda,3,901.62529,763.21067
36,cadera_izquierda,3,1015.70812,708.1373
36,hombro_izquierdo,3,1000.58521,499.25635
36,punta_izquierda,4,882.78339,862.55349
36,talon_izquierdo,4,952.68053,851.94855
36,tobillo_izquierdo,4,937.26912,835.32724
36,rodilla_izquierda,4,894.53545,763.45335
36,cadera_izquierda,4,997.73518,711.00119
36,hombro_izquierdo,4,992.29134,502.83549
36,punta_izquierda,5,889.51263,861.19489
36,talon_izquierdo,5,947.14954,846.37146
36,tobillo_izquierdo,5,930.72309,832.12436
36,rodilla_izquierda,5,882.02419,769.06552
36,cadera_izquierda,5,987.23385,711.29531
36,hombro_izquierdo,5,987.08015,505.50958
36,punta_izquierda,6,882.279425,862.4975099999999
36,talon_izquierdo,6,941.49879,850.03944
36,tobillo_izquierdo,6,923.46296,834.1713
36,rodilla_izquierda,6,876.69376,774.28913
36,cadera_izquierda,6,979.50794,711.90705
36,hombro_izquierdo,6,977.20528,505.63781
36,punta_izquierda,7,875.04622,863.80013
36,talon_izquierdo,7,939.72141,849.39616
36,tobillo_izquierdo,7,920.95682,834.99933
36,rodilla_izquierda,7,866.60151,779.19841
36,cadera_izquierda,7,972.45323,712.66633
36,hombro_izquierdo,7,951.049,505.52168
36,punta_izquierda,8,873.54458,861.18781
36,talon_izquierdo,8,938.49037,849.19982
36,tobillo_izquierdo,8,918.35667,834.62661
36,rodilla_izquierda,8,862.30631,782.7117
36,cadera_izquierda,8,962.07264,709.64813
36,hombro_izquierdo,8,931.20386,499.17463
36,punta_izquierda,9,872.96368,862.31872
36,talon_izquierdo,9,935.46535,847.65371
36,tobillo_izquierdo,9,914.32377,833.77225
36,rodilla_izquierda,9,859.86488,784.28427
36,cadera_izquierda,9,948.19553,708.05252
36,hombro_izquierdo,9,920.99556,495.96844
36,punta_izquierda,10,878.67262,854.02902
36,talon_izquierdo,10,939.36436,841.88164
36,tobillo_izquierdo,10,914.35232,830.10292
36,rodilla_izquierda,10,846.80792,788.89119
36,cadera_izquierda,10,939.19395,707.21889
36,hombro_izquierdo,10,909.38793,490.60224
36,punta_izquierda,11,878.5504,857.91715
36,talon_izquierdo,11,936.41613,835.10786
36,tobillo_izquierdo,11,914.53846,829.79007
36,rodilla_izquierda,11,844.05401,795.14721
36,cadera_izquierda,11,929.24669,706.61855
36,hombro_izquierdo,11,897.31476,487.5591
38,punta_izquierda,0,956.30882,853.44516
38,talon_izquierdo,0,1007.40898,847.75671
38,tobillo_izquierdo,0,998.49472,833.5837
38,rodilla_izquierda,0,1035.45948,759.91606
38,cadera_izquierda,0,1136.39282,685.74347
38,hombro_izquierdo,0,1157.55993,518.39806
38,punta_izquierda,1,953.18974,853.81788
38,talon_izquierdo,1,1007.27154,850.97639
38,tobillo_izquierdo,1,998.25405,835.45135
38,rodilla_izquierda,1,1018.49522,756.53969
38,cadera_izquierda,1,1136.4465,699.83672
38,hombro_izquierdo,1,1148.01601,508.21186
38,punta_izquierda,2,949.35774,854.2119
38,talon_izquierdo,2,1007.53624,850.91446
38,tobillo_izquierdo,2,997.7092,835.42065
38,rodilla_izquierda,2,1002.74391,754.12274
38,cadera_izquierda,2,1128.38379,706.01318
38,hombro_izquierdo,2,1135.39112,508.78279
38,punta_izquierda,3,949.5104,854.96661
38,talon_izquierdo,3,1010.03941,850.84899
38,tobillo_izquierdo,3,998.31127,834.0795
38,rodilla_izquierda,3,989.04362,753.49504
38,cadera_izquierda,3,1109.09878,708.2907
38,hombro_izquierdo,3,1115.60314,505.72037
38,punta_izquierda,4,949.863,855.24271
38,talon_izquierdo,4,1011.57738,845.12057
38,tobillo_izquierdo,4,998.85715,829.10527
38,rodilla_izquierda,4,977.71706,751.79508
38,cadera_izquierda,4,1095.34206,708.98367
38,hombro_izquierdo,4,1089.88781,505.73183
38,punta_izquierda,5,950.03752,854.40006
38,talon_izquierdo,5,1014.34353,845.04293
38,tobillo_izquierdo,5,999.23538,828.32919
38,rodilla_izquierda,5,969.73103,752.07047
38,cadera_izquierda,5,1078.98891,709.67034
38,hombro_izquierdo,5,1073.69946,506.36629
38,punta_izquierda,6,946.18286,858.13183
38,talon_izquierdo,6,1013.30063,845.85738
38,tobillo_izquierdo,6,995.82001,828.57747
38,rodilla_izquierda,6,953.10402,757.05107
38,cadera_izquierda,6,1068.41812,709.13199
38,hombro_izquierdo,6,1056.97483,506.94092
38,punta_izquierda,7,946.73246,858.01339
38,talon_izquierdo,7,1009.93446,846.42167
38,tobillo_izquierdo,7,993.52043,829.22481
38,rodilla_izquierda,7,956.08332,757.00845
38,cadera_izquierda,7,1057.2868,707.13849
38,hombro_izquierdo,7,1039.58427,505.38399
38,punta_izquierda,8,947.05135,854.44352
38,talon_izquierdo,8,1008.80047,845.74724
38,tobillo_izquierdo,8,992.06932,828.88241
38,rodilla_izquierda,8,952.86993,758.16498
38,cadera_izquierda,8,1051.62174,706.29655
38,hombro_izquierdo,8,1027.26952,505.02463
38,punta_izquierda,9,947.14222,850.8459
38,talon_izquierdo,9,1008.61794,845.17548
38,tobillo_izquierdo,9,992.1302,827.98627
38,rodilla_izquierda,9,955.62899,760.25569
38,cadera_izquierda,9,1047.25239,705.12058
38,hombro_izquierdo,9,1012.4287,504.77389
38,punta_izquierda,10,947.45911,851.10166
38,talon_izquierdo,10,1008.39535,843.15661
38,tobillo_izquierdo,10,991.15849,826.33646
38,rodilla_izquierda,10,945.38607,760.87457
38,cadera_izquierda,10,1041.66286,705.01289
38,hombro_izquierdo,10,996.97643,504.45982
38,punta_izquierda,11,947.66235,852.29191
38,talon_izquierdo,11,1008.41354,838.61619
38,tobillo_izquierdo,11,989.87938,825.8328
38,rodilla_izquierda,11,931.04759,766.42887
38,cadera_izquierda,11,1031.7477,703.14292
38,hombro_izquierdo,11,983.87352,504.60524
38,punta_izquierda,12,947.8307,853.04373
38,talon_izquierdo,12,1009.51664,835.16605
38,tobillo_izquierdo,12,989.45114,825.01835
38,rodilla_izquierda,12,920.10841,770.11815
38,cadera_izquierda,12,1018.91373,701.79804
38,hombro_izquierdo,12,973.59776,504.46159
39,punta_izquierda,0,513.15708,847.76726
39,talon_izquierdo,0,581.34636,849.80557
39,tobillo_izquierdo,0,571.60503,830.85055
39,rodilla_izquierda,0,577.46796,736.34742
39,cadera_izquierda,0,660.63417,637.55789
39,hombro_izquierdo,0,655.81518,445.59742
39,punta_izquierda,1,512.96528,850.50131
39,talon_izquierdo,1,581.23077,849.80538
39,tobillo_izquierdo,1,570.13561,830.87533
39,rodilla_izquierda,1,563.87266,736.32206
39,cadera_izquierda,1,647.19629,644.28763
39,hombro_izquierdo,1,649.64544,446.26571
39,punta_izquierda,2,511.37192,852.15441
39,talon_izquierdo,2,581.28176,849.6505
39,tobillo_izquierdo,2,568.70396,830.54697
39,rodilla_izquierda,2,544.86111,735.5443
39,cadera_izquierda,2,623.98676,645.8781
39,hombro_izquierdo,2,634.46217,446.41029
39,punta_izquierda,3,511.39521,853.04746
39,talon_izquierdo,3,580.98564,845.85918
39,tobillo_izquierdo,3,565.15251,825.94269
39,rodilla_izquierda,3,529.8036,727.65011
39,cadera_izquierda,3,607.80968,645.7341
39,hombro_izquierdo,3,616.67913,452.2422
39,punta_izquierda,4,511.13874,853.0118
39,talon_izquierdo,4,580.97322,842.75203
39,tobillo_izquierdo,4,564.25455,823.16589
39,rodilla_izquierda,4,518.24547,721.97891
39,cadera_izquierda,4,597.20226,649.06778
39,hombro_izquierdo,4,601.46593,461.51297
39,punta_izquierda,5,512.07493,851.79682
39,talon_izquierdo,5,580.77473,842.17421
39,tobillo_izquierdo,5,563.33233,822.79118
39,rodilla_izquierda,5,512.53687,721.24821
39,cadera_izquierda,5,587.48955,650.30876
39,hombro_izquierdo,5,583.67718,465.52509
39,punta_izquierda,6,511.37524,849.39088
39,talon_izquierdo,6,577.65856,842.56727
39,tobillo_izquierdo,6,560.64566,823.19679
39,rodilla_izquierda,6,510.6871,722.15838
39,cadera_izquierda,6,572.12219,652.95932
39,hombro_izquierdo,6,561.19177,469.39951
39,punta_izquierda,7,510.99701,847.55367
39,talon_izquierdo,7,577.75206,842.76838
39,tobillo_izquierdo,7,558.96807,823.50604
39,rodilla_izquierda,7,508.61372,727.13468
39,cadera_izquierda,7,555.1446,655.52961
39,hombro_izquierdo,7,545.22829,469.84278
39,punta_izquierda,8,510.25377,850.3671
39,talon_izquierdo,8,577.61713,842.94476
39,tobillo_izquierdo,8,558.66749,823.92929
39,rodilla_izquierda,8,504.47147,727.02556
39,cadera_izquierda,8,541.52973,654.81996
39,hombro_izquierdo,8,530.31281,470.97713
39,punta_izquierda,9,506.59275,854.31451
39,talon_izquierdo,9,576.95051,843.50525
39,tobillo_izquierdo,9,556.30955,825.45686
39,rodilla_izquierda,9,497.27863,728.19464
39,cadera_izquierda,9,540.09121,651.82874
39,hombro_izquierdo,9,520.22547,469.0712
39,punta_izquierda,10,505.6156,855.95448
39,talon_izquierdo,10,574.21778,842.01251
39,tobillo_izquierdo,10,552.78276,825.18643
39,rodilla_izquierda,10,489.90509,730.47132
39,cadera_izquierda,10,530.8215,649.52985
39,hombro_izquierdo,10,509.16309,467.67022
40,punta_izquierda,0,512.65388,843.96391
40,talon_izquierdo,0,580.92539,840.34158
40,tobillo_izquierdo,0,568.15464,825.30108
40,rodilla_izquierda,0,563.77001,736.52438
40,cadera_izquierda,0,639.65933,651.30758
40,hombro_izquierdo,0,619.27563,464.32434
40,punta_izquierda,1,509.38059,845.41636
40,talon_izquierdo,1,580.95303,840.18502
40,tobillo_izquierdo,1,566.81774,824.49313
40,rodilla_izquierda,1,548.06219,736.56899
40,cadera_izquierda,1,632.74441,655.13964
40,hombro_izquierdo,1,612.10487,465.13602
40,punta_izquierda,2,508.75294,845.76449
40,talon_izquierdo,2,579.65693,839.75334
40,tobillo_izquierdo,2,562.25121,824.29287
40,rodilla_izquierda,2,530.66202,736.39473
40,cadera_izquierda,2,616.24397,657.51384
40,hombro_izquierdo,2,595.93122,468.65004
40,punta_izquierda,3,508.77359,846.49435
40,talon_izquierdo,3,579.6876,839.7534
40,tobillo_izquierdo,3,561.7099,824.2874
40,rodilla_izquierda,3,520.2,735.27078
40,cadera_izquierda,3,604.08714,659.3544
40,hombro_izquierdo,3,580.84431,473.16507
40,punta_izquierda,4,505.78245,846.93177
40,talon_izquierdo,4,578.19792,839.77316
40,tobillo_izquierdo,4,559.13853,824.22792
40,rodilla_izquierda,4,514.22258,733.27187
40,cadera_izquierda,4,590.38227,664.16757
40,hombro_izquierdo,4,562.17424,478.3095
40,punta_izquierda,5,506.12875,846.65631
40,talon_izquierdo,5,578.14545,839.6309
40,tobillo_izquierdo,5,558.98272,823.71525
40,rodilla_izquierda,5,510.62021,733.95101
40,cadera_izquierda,5,572.71706,665.73827
40,hombro_izquierdo,5,546.44812,479.75677
40,punta_izquierda,6,505.93346,846.78847
40,talon_izquierdo,6,575.4693,838.99747
40,tobillo_izquierdo,6,557.17192,822.62921
40,rodilla_izquierda,6,512.43221,735.70697
40,cadera_izquierda,6,565.76643,665.43102
40,hombro_izquierdo,6,533.10659,479.09106
40,punta_izquierda,7,504.23887,846.74135
40,talon_izquierdo,7,575.70305,839.04575
40,tobillo_izquierdo,7,554.42579,822.59696
40,rodilla_izquierda,7,510.02392,737.22759
40,cadera_izquierda,7,551.40833,664.3854
40,hombro_izquierdo,7,520.33499,478.19489
40,punta_izquierda,8,503.60882,848.51476
40,talon_izquierdo,8,576.07058,839.04626
40,tobillo_izquierdo,8,555.21795,822.60778
40,rodilla_izquierda,8,505.03561,737.34951
40,cadera_izquierda,8,543.3363,657.35516
40,hombro_izquierdo,8,510.03679,474.30174
40,punta_izquierda,9,502.09602,848.81905
40,talon_izquierdo,9,576.20848,839.2314
40,tobillo_izquierdo,9,555.11387,822.93293
40,rodilla_izquierda,9,501.57766,740.99
40,cadera_izquierda,9,534.90051,655.39237
40,hombro_izquierdo,9,496.97422,466.23329
40,punta_izquierda,10,502.28577,849.16255
40,talon_izquierdo,10,573.38568,838.48422
40,tobillo_izquierdo,10,553.4745,822.86598
40,rodilla_izquierda,10,495.23369,742.23408
40,cadera_izquierda,10,526.84502,649.09314
40,hombro_izquierdo,10,487.87107,456.92665
41,punta_izquierda,0,499.63251,831.60873
41,talon_izquierdo,0,568.11962,829.25944
41,tobillo_izquierdo,0,553.89519,810.43387
41,rodilla_izquierda,0,556.52372,717.96764
41,cadera_izquierda,0,633.93408,636.35443
41,hombro_izquierdo,0,621.84368,461.7481
41,punta_izquierda,1,499.43275,831.77417
41,talon_izquierdo,1,567.42743,827.81028
41,tobillo_izquierdo,1,553.5644,810.06534
41,rodilla_izquierda,1,545.81268,716.55948
41,cadera_izquierda,1,627.22355,634.82087
41,hombro_izquierdo,1,612.00045,462.99333
41,punta_izquierda,2,498.57862,831.84247
41,talon_izquierdo,2,566.77837,827.81761
41,tobillo_izquierdo,2,553.07962,810.07841
41,rodilla_izquierda,2,537.08427,713.15434
41,cadera_izquierda,2,615.12938,629.24469
41,hombro_izquierdo,2,595.47947,465.23264
41,punta_izquierda,3,498.58446,831.86236
41,talon_izquierdo,3,566.71572,827.62301
41,tobillo_izquierdo,3,552.83918,809.87228
41,rodilla_izquierda,3,533.73201,709.51655
41,cadera_izquierda,3,605.28557,627.06811
41,hombro_izquierdo,3,581.18626,466.64486
41,punta_izquierda,4,500.3084,830.62524
41,talon_izquierdo,4,570.09001,826.63218
41,tobillo_izquierdo,4,552.85286,809.15671
41,rodilla_izquierda,4,532.53021,707.15793
41,cadera_izquierda,4,593.73997,625.96656
41,hombro_izquierdo,4,568.10377,467.00222
41,punta_izquierda,5,500.30491,829.33147
41,talon_izquierdo,5,566.35174,823.93348
41,tobillo_izquierdo,5,550.44182,807.25147
41,rodilla_izquierda,5,535.18885,708.07389
41,cadera_izquierda,5,584.18449,624.52911
41,hombro_izquierdo,5,554.16046,467.12199
41,punta_izquierda,6,500.15041,830.01673
41,talon_izquierdo,6,566.00681,823.66015
41,tobillo_izquierdo,6,549.48458,807.12954
41,rodilla_izquierda,6,531.92133,708.67475
41,cadera_izquierda,6,574.22035,621.48594
41,hombro_izquierdo,6,541.75014,466.31675
41,punta_izquierda,7,499.03021,831.64369
41,talon_izquierdo,7,565.97586,823.85224
41,tobillo_izquierdo,7,549.11642,807.19392
41,rodilla_izquierda,7,525.8642,708.07846
41,cadera_izquierda,7,570.57438,616.16261
41,hombro_izquierdo,7,531.40245,459.02785
41,punta_izquierda,8,498.57851,831.67259
41,talon_izquierdo,8,565.91749,823.83595
41,tobillo_izquierdo,8,548.9407,807.1954
41,rodilla_izquierda,8,527.88443,710.20522
41,cadera_izquierda,8,571.65316,614.54556
41,hombro_izquierdo,8,521.09459,452.21181
42,punta_izquierda,0,503.32352,809.60681
42,talon_izquierdo,0,564.03111,813.38905
42,tobillo_izquierdo,0,555.95278,794.30238
42,rodilla_izquierda,0,562.92835,704.92817
42,cadera_izquierda,0,626.97859,635.29517
42,hombro_izquierdo,0,616.6848,463.03945
42,punta_izquierda,1,502.93922,810.83099
42,talon_izquierdo,1,564.00021,811.83399
42,tobillo_izquierdo,1,554.09597,794.16527
42,rodilla_izquierda,1,549.75758,704.93686
42,cadera_izquierda,1,620.0956,636.35405
42,hombro_izquierdo,1,610.49686,465.1822
42,punta_izquierda,2,501.6588,812.41798
42,talon_izquierdo,2,563.98796,810.90599
42,tobillo_izquierdo,2,551.67269,793.42897
42,rodilla_izquierda,2,533.01178,704.81739
42,cadera_izquierda,2,606.59557,636.34375
42,hombro_izquierdo,2,597.7387,469.78449
42,punta_izquierda,3,501.36326,812.59726
42,talon_izquierdo,3,563.98018,810.95208
42,tobillo_izquierdo,3,549.4198,793.50145
42,rodilla_izquierda,3,521.50806,703.19744
42,cadera_izquierda,3,593.804,633.83133
42,hombro_izquierdo,3,584.48885,472.50196
42,punta_izquierda,4,500.05308,812.54248
42,talon_izquierdo,4,563.60636,810.61206
42,tobillo_izquierdo,4,547.05437,793.3579
42,rodilla_izquierda,4,514.7315,699.973
42,cadera_izquierda,4,581.26923,631.59785
42,hombro_izquierdo,4,570.06969,477.00486
42,punta_izquierda,5,499.73139,812.77963
42,talon_izquierdo,5,563.32426,810.21674
42,tobillo_izquierdo,5,546.17987,792.9183
42,rodilla_izquierda,5,507.43155,698.68264
42,cadera_izquierda,5,571.89108,633.26878
42,hombro_izquierdo,5,554.67064,480.45943
42,punta_izquierda,6,499.80022,812.03998
42,talon_izquierdo,6,561.78926,807.98982
42,tobillo_izquierdo,6,546.32795,791.00005
42,rodilla_izquierda,6,504.50289,699.00238
42,cadera_izquierda,6,561.50917,633.34023
42,hombro_izquierdo,6,539.95457,481.33578
42,punta_izquierda,7,499.77385,812.99064
42,talon_izquierdo,7,560.59542,808.03418
42,tobillo_izquierdo,7,544.15112,791.52044
42,rodilla_izquierda,7,502.9347,703.16152
42,cadera_izquierda,7,554.54252,633.1381
42,hombro_izquierdo,7,528.47786,479.73775
42,punta_izquierda,8,499.56545,813.32892
42,talon_izquierdo,8,560.81583,808.16588
42,tobillo_izquierdo,8,543.85111,791.57419
42,rodilla_izquierda,8,505.12344,703.57814
42,cadera_izquierda,8,544.16187,630.17411
42,hombro_izquierdo,8,518.27013,478.74248
42,punta_izquierda,9,497.58482,814.81755
42,talon_izquierdo,9,560.86985,808.44597
42,tobillo_izquierdo,9,543.03698,791.58919
42,rodilla_izquierda,9,501.98404,703.39429
42,cadera_izquierda,9,538.69555,624.09401
42,hombro_izquierdo,9,507.36174,474.60223
42,punta_izquierda,10,497.65617,815.10491
42,talon_izquierdo,10,560.91213,808.47294
42,tobillo_izquierdo,10,542.53,791.56943
42,rodilla_izquierda,10,503.87375,703.79965
42,cadera_izquierda,10,538.91499,618.56469
42,hombro_izquierdo,10,497.08002,466.19199
43,punta_izquierda,0,471.41241,812.9011
43,talon_izquierdo,0,533.19786,812.8702
43,tobillo_izquierdo,0,522.66426,795.77022
43,rodilla_izquierda,0,522.4193,709.60024
43,cadera_izquierda,0,587.47959,639.63359
43,hombro_izquierdo,0,564.49762,477.98194
43,punta_izquierda,1,470.98743,813.45644
43,talon_izquierdo,1,533.19529,811.08893
43,tobillo_izquierdo,1,521.35294,795.67649
43,rodilla_izquierda,1,509.60695,709.96794
43,cadera_izquierda,1,578.91609,645.28001
43,hombro_izquierdo,1,553.90257,480.88304
43,punta_izquierda,2,470.01071,815.24904
43,talon_izquierdo,2,533.19729,812.21282
43,tobillo_izquierdo,2,520.57051,796.24883
43,rodilla_izquierda,2,496.94349,710.03482
43,cadera_izquierda,2,570.70295,646.90839
43,hombro_izquierdo,2,540.09007,485.16925
43,punta_izquierda,3,470.31773,815.11302
43,talon_izquierdo,3,533.09269,811.25115
43,tobillo_izquierdo,3,519.79574,796.04161
43,rodilla_izquierda,3,489.36378,709.79831
43,cadera_izquierda,3,559.09407,648.9812
43,hombro_izquierdo,3,527.32647,488.14567
43,punta_izquierda,4,470.23075,814.91282
43,talon_izquierdo,4,532.22574,810.09508
43,tobillo_izquierdo,4,517.62165,795.44378
43,rodilla_izquierda,4,480.19215,708.53499
43,cadera_izquierda,4,547.22992,651.86962
43,hombro_izquierdo,4,514.79364,490.34539
43,punta_izquierda,5,470.23693,814.8975
43,talon_izquierdo,5,531.52885,808.41501
43,tobillo_izquierdo,5,516.50351,793.486
43,rodilla_izquierda,5,474.44653,709.44497
43,cadera_izquierda,5,536.55453,650.91664
43,hombro_izquierdo,5,504.12432,491.3659
43,punta_izquierda,6,468.21287,815.20675
43,talon_izquierdo,6,530.55056,808.20058
43,tobillo_izquierdo,6,513.02805,792.85257
43,rodilla_izquierda,6,479.37907,713.2142
43,cadera_izquierda,6,530.2779,650.28681
43,hombro_izquierdo,6,493.69177,491.81516
43,punta_izquierda,7,467.66693,816.0322
43,talon_izquierdo,7,530.67329,808.23051
43,tobillo_izquierdo,7,513.28411,793.09841
43,rodilla_izquierda,7,474.35606,713.13161
43,cadera_izquierda,7,523.51067,650.09067
43,hombro_izquierdo,7,484.90322,491.25225
43,punta_izquierda,8,466.0104,815.98469
43,talon_izquierdo,8,530.70545,808.20168
43,tobillo_izquierdo,8,513.31038,793.1429
43,rodilla_izquierda,8,471.69931,713.78687
43,cadera_izquierda,8,516.00677,648.37069
43,hombro_izquierdo,8,474.65312,490.17268
43,punta_izquierda,9,465.55796,816.08692
43,talon_izquierdo,9,531.12602,808.41424
43,tobillo_izquierdo,9,513.14329,793.30286
43,rodilla_izquierda,9,468.71238,712.74801
43,cadera_izquierda,9,510.67846,641.49526
43,hombro_izquierdo,9,464.72497,483.02068
45,punta_izquierda,0,441.25514,817.44873
45,talon_izquierdo,0,505.20309,815.75379
45,tobillo_izquierdo,0,489.91756,799.05227
45,rodilla_izquierda,0,480.94099,714.09959
45,cadera_izquierda,0,538.9123,638.52786
45,hombro_izquierdo,0,513.64769,475.86156
45,punta_izquierda,1,441.97054,817.95786
45,talon_izquierdo,1,504.70579,815.60522
45,tobillo_izquierdo,1,489.30943,799.05247
45,rodilla_izquierda,1,473.36346,712.39306
45,cadera_izquierda,1,530.58208,639.53047
45,hombro_izquierdo,1,507.16244,477.88406
45,punta_izquierda,2,441.34452,819.08084
45,talon_izquierdo,2,504.61029,815.77812
45,tobillo_izquierdo,2,488.03518,799.05787
45,rodilla_izquierda,2,461.06649,705.90439
45,cadera_izquierda,2,517.35329,638.96559
45,hombro_izquierdo,2,497.0406,479.34642
45,punta_izquierda,3,439.19188,819.06436
45,talon_izquierdo,3,503.52356,815.70268
45,tobillo_izquierdo,3,485.76897,798.59523
45,rodilla_izquierda,3,451.50553,700.92153
45,cadera_izquierda,3,502.30597,638.96328
45,hombro_izquierdo,3,483.80087,481.50298
45,punta_izquierda,4,439.20356,818.8621
45,talon_izquierdo,4,503.0508,815.77864
45,tobillo_izquierdo,4,485.75432,798.9093
45,rodilla_izquierda,4,445.24226,702.71696
45,cadera_izquierda,4,493.22313,639.00943
45,hombro_izquierdo,4,473.12865,481.3529
45,punta_izquierda,5,439.54084,818.30425
45,talon_izquierdo,5,503.33548,815.83915
45,tobillo_izquierdo,5,485.66448,799.46819
45,rodilla_izquierda,5,440.4065,703.38625
45,cadera_izquierda,5,482.16087,639.10091
45,hombro_izquierdo,5,460.43859,481.14481
45,punta_izquierda,6,440.48507,818.61079
45,talon_izquierdo,6,500.93559,814.44599
45,tobillo_izquierdo,6,482.90182,798.97264
45,rodilla_izquierda,6,440.57516,703.51905
45,cadera_izquierda,6,475.23279,633.52504
45,hombro_izquierdo,6,449.01383,479.68564
45,punta_izquierda,7,440.30602,818.82618
45,talon_izquierdo,7,501.10577,814.30604
45,tobillo_izquierdo,7,483.2095,798.98159
45,rodilla_izquierda,7,433.58823,708.42324
45,cadera_izquierda,7,470.69158,632.57168
45,hombro_izquierdo,7,437.57257,475.14007
45,punta_izquierda,8,440.28357,818.91483
45,talon_izquierdo,8,500.49511,812.79611
45,tobillo_izquierdo,8,483.00591,798.29731
45,rodilla_izquierda,8,431.45494,706.22014
45,cadera_izquierda,8,460.37006,626.04773
45,hombro_izquierdo,8,429.02573,468.53227
45,punta_izquierda,9,439.70841,819.63085
45,talon_izquierdo,9,499.10997,811.09962
45,tobillo_izquierdo,9,482.4876,797.77177
45,rodilla_izquierda,9,430.52247,706.13858
45,cadera_izquierda,9,455.62443,621.27743
45,hombro_izquierdo,9,420.01768,461.62305
45,punta_izquierda,10,440.01117,820.15195
45,talon_izquierdo,10,499.02472,809.69944
45,tobillo_izquierdo,10,482.13306,796.28938
45,rodilla_izquierda,10,426.33757,705.23478
45,cadera_izquierda,10,446.80195,619.00738
45,hombro_izquierdo,10,410.40833,455.28688
46,punta_izquierda,0,411.91881,819.85467
46,talon_izquierdo,0,470.15079,820.67556
46,tobillo_izquierdo,0,456.02872,805.71649
46,rodilla_izquierda,0,435.30696,713.62864
46,cadera_izquierda,0,487.95845,653.52928
46,hombro_izquierdo,0,465.08471,483.31647
46,punta_izquierda,1,407.78907,820.91786
46,talon_izquierdo,1,468.82464,820.41871
46,tobillo_izquierdo,1,454.77445,805.45481
46,rodilla_izquierda,1,425.61361,714.89949
46,cadera_izquierda,1,478.26751,654.13786
46,hombro_izquierdo,1,454.3158,486.21338
46,punta_izquierda,2,404.89534,821.26908
46,talon_izquierdo,2,468.68414,820.41967
46,tobillo_izquierdo,2,454.1393,805.33135
46,rodilla_izquierda,2,412.06341,714.22531
46,cadera_izquierda,2,468.25596,654.24633
46,hombro_izquierdo,2,441.76681,488.12674
46,punta_izquierda,3,405.40206,821.29019
46,talon_izquierdo,3,468.73758,820.12755
46,tobillo_izquierdo,3,454.14817,805.3851
46,rodilla_izquierda,3,403.65466,714.84368
46,cadera_izquierda,3,455.91439,654.36935
46,hombro_izquierdo,3,429.16766,491.52464
46,punta_izquierda,4,405.73105,821.08098
46,talon_izquierdo,4,468.38522,820.07193
46,tobillo_izquierdo,4,453.90598,805.53741
46,rodilla_izquierda,4,399.43371,715.00062
46,cadera_izquierda,4,445.80331,656.54889
46,hombro_izquierdo,4,410.6496,495.64632
46,punta_izquierda,5,409.80878,820.80553
46,talon_izquierdo,5,469.53918,819.42241
46,tobillo_izquierdo,5,453.91173,804.36408
46,rodilla_izquierda,5,395.60658,715.19638
46,cadera_izquierda,5,435.69717,656.12184
46,hombro_izquierdo,5,400.38431,494.72272
46,punta_izquierda,6,409.67912,821.10132
46,talon_izquierdo,6,469.12371,818.40177
46,tobillo_izquierdo,6,452.5688,804.18686
46,rodilla_izquierda,6,394.985835,726.59446
46,cadera_izquierda,6,428.96158,656.08373
46,hombro_izquierdo,6,387.40002,494.31164
46,punta_izquierda,7,409.16153,823.96392
46,talon_izquierdo,7,468.90123,818.37763
46,tobillo_izquierdo,7,451.15977,804.26076
46,rodilla_izquierda,7,394.36509,737.99254
46,cadera_izquierda,7,413.32211,653.95955
46,hombro_izquierdo,7,375.45573,492.25453
46,punta_izquierda,8,407.69171,824.01317
46,talon_izquierdo,8,466.75424,818.21477
46,tobillo_izquierdo,8,450.61715,804.15551
46,rodilla_izquierda,8,385.87684,725.57466
46,cadera_izquierda,8,406.13651,650.14828
46,hombro_izquierdo,8,359.55508,486.25069
46,punta_izquierda,9,407.05247,824.23371
46,talon_izquierdo,9,466.80619,818.24271
46,tobillo_izquierdo,9,450.7297,804.31342
46,rodilla_izquierda,9,386.15524,724.71097
46,cadera_izquierda,9,400.03143,645.0435
46,hombro_izquierdo,9,346.12344,479.17867
46,punta_izquierda,10,404.39435,824.47897
46,talon_izquierdo,10,466.98112,817.93153
46,tobillo_izquierdo,10,450.31692,804.03436
46,rodilla_izquierda,10,386.09018,725.7334
46,cadera_izquierda,10,394.25938,641.99396
46,hombro_izquierdo,10,334.4965,470.71239
47,punta_izquierda,0,609.48589,797.42872
47,talon_izquierdo,0,664.44986,801.61078
47,tobillo_izquierdo,0,654.06487,786.92092
47,rodilla_izquierda,0,655.88688,706.74871
47,cadera_izquierda,0,717.13102,635.98641
47,hombro_izquierdo,0,690.91335,478.21597
47,punta_izquierda,1,608.81252,799.04712
47,talon_izquierdo,1,662.95052,800.71735
47,tobillo_izquierdo,1,652.40719,786.61303
47,rodilla_izquierda,1,646.52533,705.39308
47,cadera_izquierda,1,705.58136,640.03921
47,hombro_izquierdo,1,679.12994,481.0189
47,punta_izquierda,2,608.14837,799.74963
47,talon_izquierdo,2,662.76575,800.18221
47,tobillo_izquierdo,2,651.07944,786.4548
47,rodilla_izquierda,2,634.22716,703.78221
47,cadera_izquierda,2,690.22362,640.62874
47,hombro_izquierdo,2,666.75825,486.44677
47,punta_izquierda,3,607.40919,800.38068
47,talon_izquierdo,3,662.96888,800.30755
47,tobillo_izquierdo,3,649.18894,786.24249
47,rodilla_izquierda,3,623.07112,700.55313
47,cadera_izquierda,3,681.78537,640.45287
47,hombro_izquierdo,3,654.46867,490.72535
47,punta_izquierda,4,607.25246,800.34907
47,talon_izquierdo,4,663.28222,800.25412
47,tobillo_izquierdo,4,649.21955,786.1769
47,rodilla_izquierda,4,616.09234,699.49322
47,cadera_izquierda,4,675.09481,640.24533
47,hombro_izquierdo,4,641.28736,493.7786
47,punta_izquierda,5,608.84102,800.2386
47,talon_izquierdo,5,663.39535,800.35551
47,tobillo_izquierdo,5,649.24032,786.32612
47,rodilla_izquierda,5,613.14714,699.92388
47,cadera_izquierda,5,665.82853,640.18765
47,hombro_izquierdo,5,628.09519,496.09297
47,punta_izquierda,6,608.49409,800.29364
47,talon_izquierdo,6,662.8307,799.27842
47,tobillo_izquierdo,6,647.69377,783.67079
47,rodilla_izquierda,6,617.73199,701.90502
47,cadera_izquierda,6,659.49514,640.09122
47,hombro_izquierdo,6,613.45957,497.80275
47,punta_izquierda,7,607.92171,800.8224
47,talon_izquierdo,7,662.49058,798.34115
47,tobillo_izquierdo,7,646.12038,783.54443
47,rodilla_izquierda,7,611.38916,706.8716
47,cadera_izquierda,7,651.27708,639.99569
47,hombro_izquierdo,7,602.25088,496.43888
47,punta_izquierda,8,607.77952,802.6636
47,talon_izquierdo,8,662.50872,797.84837
47,tobillo_izquierdo,8,646.1352,783.64144
47,rodilla_izquierda,8,603.91308,706.71034
47,cadera_izquierda,8,645.68687,639.92314
47,hombro_izquierdo,8,591.32881,495.81134
47,punta_izquierda,9,606.32069,803.88141
47,talon_izquierdo,9,662.58837,797.86408
47,tobillo_izquierdo,9,646.29633,783.77817
47,rodilla_izquierda,9,603.35632,705.44451
47,cadera_izquierda,9,640.32612,637.18954
47,hombro_izquierdo,9,580.34569,490.40992
48,punta_izquierda,0,591.16299,825.37389
48,talon_izquierdo,0,651.19394,829.10585
48,tobillo_izquierdo,0,640.2396,810.36339
48,rodilla_izquierda,0,636.35073,716.75936
48,cadera_izquierda,0,701.96411,639.3732
48,hombro_izquierdo,0,695.00862,468.43529
48,punta_izquierda,1,587.99732,825.38805
48,talon_izquierdo,1,651.39404,828.27415
48,tobillo_izquierdo,1,637.17476,810.28672
48,rodilla_izquierda,1,624.02372,716.28673
48,cadera_izquierda,1,697.09562,640.93985
48,hombro_izquierdo,1,690.57587,470.79463
48,punta_izquierda,2,585.6197,825.39532
48,talon_izquierdo,2,651.36738,827.02531
48,tobillo_izquierdo,2,634.98653,810.06469
48,rodilla_izquierda,2,611.94139,713.05752
48,cadera_izquierda,2,685.2471,639.56349
48,hombro_izquierdo,2,677.81816,473.88167
48,punta_izquierda,3,585.39585,825.53379
48,talon_izquierdo,3,650.9598,825.64071
48,tobillo_izquierdo,3,634.10883,809.25553
48,rodilla_izquierda,3,602.17461,711.98526
48,cadera_izquierda,3,668.72766,638.829
48,hombro_izquierdo,3,663.19971,476.97644
48,punta_izquierda,4,585.67057,825.53366
48,talon_izquierdo,4,650.95419,824.8533
48,tobillo_izquierdo,4,634.42852,808.74028
48,rodilla_izquierda,4,595.70852,712.16248
48,cadera_izquierda,4,659.62864,638.93901
48,hombro_izquierdo,4,647.34072,479.70141
48,punta_izquierda,5,585.70095,825.50405
48,talon_izquierdo,5,648.65582,824.48335
48,tobillo_izquierdo,5,634.00703,808.11992
48,rodilla_izquierda,5,592.16698,714.33159
48,cadera_izquierda,5,650.67736,638.3133
48,hombro_izquierdo,5,634.42881,479.26419
48,punta_izquierda,6,585.88594,826.51129
48,talon_izquierdo,6,649.11135,824.50086
48,tobillo_izquierdo,6,634.19031,809.05191
48,rodilla_izquierda,6,594.70802,722.3788
48,cadera_izquierda,6,641.92995,638.09637
48,hombro_izquierdo,6,619.76166,478.71193
48,punta_izquierda,7,584.53022,827.52439
48,talon_izquierdo,7,649.82569,824.57173
48,tobillo_izquierdo,7,633.9513,809.0064
48,rodilla_izquierda,7,589.21423,719.09307
48,cadera_izquierda,7,633.60283,635.80057
48,hombro_izquierdo,7,604.79885,478.09949
48,punta_izquierda,8,584.6604,828.03365
48,talon_izquierdo,8,650.68777,824.61828
48,tobillo_izquierdo,8,633.79377,808.64862
48,rodilla_izquierda,8,585.14008,715.90976
48,cadera_izquierda,8,629.1374,634.15835
48,hombro_izquierdo,8,592.48083,471.92132
48,punta_izquierda,9,583.37408,828.28998
48,talon_izquierdo,9,651.14096,824.67022
48,tobillo_izquierdo,9,633.83331,808.7081
48,rodilla_izquierda,9,585.11684,715.31289
48,cadera_izquierda,9,623.04663,629.38489
48,hombro_izquierdo,9,581.32307,464.99137
49,punta_izquierda,0,745.56639,847.35219
49,talon_izquierdo,0,813.91766,849.37234
49,tobillo_izquierdo,0,800.39045,828.51728
49,rodilla_izquierda,0,803.64962,728.01562
49,cadera_izquierda,0,904.97852,663.97702
49,hombro_izquierdo,0,902.75814,478.10927
49,punta_izquierda,1,744.9190799999999,847.8517549999999
49,talon_izquierdo,1,813.278305,849.349325
49,tobillo_izquierdo,1,799.08471,828.900175
49,rodilla_izquierda,1,796.69493,727.7398450000001
49,cadera_izquierda,1,895.028255,662.161735
49,hombro_izquierdo,1,893.28844,476.02381
49,punta_izquierda,2,744.27177,848.35132
49,talon_izquierdo,2,812.63895,849.32631
49,tobillo_izquierdo,2,797.77897,829.28307
49,rodilla_izquierda,2,789.74024,727.46407
49,cadera_izquierda,2,885.07799,660.34645
49,hombro_izquierdo,2,883.81874,473.93835
49,punta_izquierda,3,743.78237,848.96402
49,talon_izquierdo,3,811.28683,848.57199
49,tobillo_izquierdo,3,795.06826,829.2812
49,rodilla_izquierda,3,775.85226,726.76054
49,cadera_izquierda,3,865.91726,653.48428
49,hombro_izquierdo,3,862.66348,468.99312
49,punta_izquierda,4,741.86462,849.44077
49,talon_izquierdo,4,810.00635,847.83788
49,tobillo_izquierdo,4,793.64325,829.20556
49,rodilla_izquierda,4,762.97342,725.79778
49,cadera_izquierda,4,845.35194,648.86591
49,hombro_izquierdo,4,845.25215,468.60804
49,punta_izquierda,5,741.59214,849.39461
49,talon_izquierdo,5,810.05819,846.82767
49,tobillo_izquierdo,5,791.47614,829.03459
49,rodilla_izquierda,5,752.36612,723.70437
49,cadera_izquierda,5,829.35499,645.43103
49,hombro_izquierdo,5,824.89752,469.31122
49,punta_izquierda,6,741.67917,849.40111
49,talon_izquierdo,6,805.2614,845.05297
49,tobillo_izquierdo,6,784.52013,827.70116
49,rodilla_izquierda,6,740.41254,723.6306
49,cadera_izquierda,6,814.47104,640.89872
49,hombro_izquierdo,6,806.86472,470.08109
49,punta_izquierda,7,740.75632,849.89234
49,talon_izquierdo,7,805.7147,845.12037
49,tobillo_izquierdo,7,784.87959,827.71262
49,rodilla_izquierda,7,737.05273,725.21327
49,cadera_izquierda,7,800.36167,638.0
49,hombro_izquierdo,7,786.36492,470.35293
49,punta_izquierda,8,739.73139,849.97288
49,talon_izquierdo,8,803.24244,843.62145
49,tobillo_izquierdo,8,783.0558,826.59826
49,rodilla_izquierda,8,731.05173,723.61927
49,cadera_izquierda,8,795.76916,636.58012
49,hombro_izquierdo,8,767.91887,471.28242
49,punta_izquierda,9,739.81556,849.87973
49,talon_izquierdo,9,800.34473,840.84169
49,tobillo_izquierdo,9,780.19409,824.61963
49,rodilla_izquierda,9,723.77106,718.86899
49,cadera_izquierda,9,784.39699,634.72843
49,hombro_izquierdo,9,749.7995,473.6311
49,punta_izquierda,10,739.93584,850.08173
49,talon_izquierdo,10,790.17529,833.75145
49,tobillo_izquierdo,10,771.88911,820.78158
49,rodilla_izquierda,10,713.18853,708.73062
49,cadera_izquierda,10,781.17222,632.59756
49,hombro_izquierdo,10,736.85097,475.32585
49,punta_izquierda,11,737.4531,850.76016
49,talon_izquierdo,11,774.64537,827.61452
49,tobillo_izquierdo,11,755.65624,814.85881
49,rodilla_izquierda,11,701.4398,702.68271
49,cadera_izquierda,11,781.89909,626.06865
49,hombro_izquierdo,11,727.94992,475.59441
50,punta_izquierda,0,768.61536,838.91359
50,talon_izquierdo,0,839.25768,851.84961
50,tobillo_izquierdo,0,832.20766,828.54715
50,rodilla_izquierda,0,866.00304,731.04547
50,cadera_izquierda,0,963.96481,661.97077
50,hombro_izquierdo,0,953.61563,472.70226
50,punta_izquierda,1,768.62097,842.4982
50,talon_izquierdo,1,837.4827,850.49159
50,tobillo_izquierdo,1,827.20848,828.13388
50,rodilla_izquierda,1,851.19432,730.03777
50,cadera_izquierda,1,943.30599,661.97579
50,hombro_izquierdo,1,933.34734,482.86869
50,punta_izquierda,2,767.93329,845.91132
50,talon_izquierdo,2,834.69784,849.83151
50,tobillo_izquierdo,2,821.14964,828.06494
50,rodilla_izquierda,2,828.91273,726.24266
50,cadera_izquierda,2,920.85131,660.01145
50,hombro_izquierdo,2,906.31685,481.57032
50,punta_izquierda,3,764.35701,846.93556
50,talon_izquierdo,3,832.69615,849.83441
50,tobillo_izquierdo,3,818.1439,828.1203
50,rodilla_izquierda,3,809.21047,724.9485
50,cadera_izquierda,3,902.73588,654.99956
50,hombro_izquierdo,3,892.55608,477.35665
50,punta_izquierda,4,761.04223,847.47694
50,talon_izquierdo,4,832.21533,848.95256
50,tobillo_izquierdo,4,815.76868,828.48027
50,rodilla_izquierda,4,800.56126,722.45514
50,cadera_izquierda,4,886.51989,653.16242
50,hombro_izquierdo,4,872.45785,471.847
50,punta_izquierda,5,763.68999,847.16331
50,talon_izquierdo,5,832.51465,846.06633
50,tobillo_izquierdo,5,815.64297,827.2398
50,rodilla_izquierda,5,790.28389,720.37223
50,cadera_izquierda,5,869.14335,650.67305
50,hombro_izquierdo,5,855.27294,471.42761
50,punta_izquierda,6,764.36892,846.91129
50,talon_izquierdo,6,830.30497,844.83469
50,tobillo_izquierdo,6,812.72467,826.85949
50,rodilla_izquierda,6,780.97715,719.75695
50,cadera_izquierda,6,858.39746,646.08737
50,hombro_izquierdo,6,835.94078,472.42829
50,punta_izquierda,7,764.95394,847.66053
50,talon_izquierdo,7,825.77242,842.76928
50,tobillo_izquierdo,7,807.48676,826.44364
50,rodilla_izquierda,7,771.63952,718.50798
50,cadera_izquierda,7,848.03925,640.8823
50,hombro_izquierdo,7,814.00595,474.06114
50,punta_izquierda,8,765.01637,850.2258
50,talon_izquierdo,8,825.78712,840.46093
50,tobillo_izquierdo,8,806.29017,825.54538
50,rodilla_izquierda,8,765.69185,720.81711
50,cadera_izquierda,8,838.62917,639.17062
50,hombro_izquierdo,8,795.2706,475.40007
50,punta_izquierda,9,765.49805,850.46436
50,talon_izquierdo,9,821.26476,832.08574
50,tobillo_izquierdo,9,801.12654,819.58701
50,rodilla_izquierda,9,758.82574,717.25516
50,cadera_izquierda,9,831.58476,634.85042
50,hombro_izquierdo,9,776.28187,477.70704
50,punta_izquierda,10,769.09658,850.90751
50,talon_izquierdo,10,811.69613,824.88742
50,tobillo_izquierdo,10,791.91153,814.45223
50,rodilla_izquierda,10,752.45007,711.05063
50,cadera_izquierda,10,831.65251,636.23039
50,hombro_izquierdo,10,758.9134,483.85328
50,punta_izquierda,11,769.04406,849.78465
50,talon_izquierdo,11,803.43807,821.81219
50,tobillo_izquierdo,11,786.86726,809.83089
50,rodilla_izquierda,11,744.66946,701.73347
50,cadera_izquierda,11,821.33171,632.60921
50,hombro_izquierdo,11,749.47552,485.59225
50,punta_izquierda,12,760.25751,849.33365
50,talon_izquierdo,12,795.75989,816.93143
50,tobillo_izquierdo,12,777.40808,806.06571
50,rodilla_izquierda,12,733.16711,694.00118
50,cadera_izquierda,12,819.85708,629.15547
50,hombro_izquierdo,12,742.50372,488.66748
50,punta_izquierda,13,740.86653,847.92079
50,talon_izquierdo,13,784.40798,814.715
50,tobillo_izquierdo,13,764.26289,802.93236
50,rodilla_izquierda,13,717.59789,692.84182
50,cadera_izquierda,13,805.06136,625.20026
50,hombro_izquierdo,13,725.00284,492.30925
51,punta_izquierda,0,920.33546,860.32567
51,talon_izquierdo,0,994.73602,863.53041
51,tobillo_izquierdo,0,983.42514,840.27933
51,rodilla_izquierda,0,996.35593,736.91113
51,cadera_izquierda,0,1102.924,664.31698
51,hombro_izquierdo,0,1089.56406,466.96112
51,punta_izquierda,1,920.0261849999999,860.51911
51,talon_izquierdo,1,995.1514999999999,863.448175
51,tobillo_izquierdo,1,983.32815,840.19191
51,rodilla_izquierda,1,988.42981,736.106405
51,cadera_izquierda,1,1093.241385,664.95192
51,hombro_izquierdo,1,1077.527905,469.68627000000004
51,punta_izquierda,2,919.71691,860.71255
51,talon_izquierdo,2,995.56698,863.36594
51,tobillo_izquierdo,2,983.23116,840.10449
51,rodilla_izquierda,2,980.50369,735.30168
51,cadera_izquierda,2,1083.55877,665.58686
51,hombro_izquierdo,2,1065.49175,472.41142
51,punta_izquierda,3,919.29966,860.7354
51,talon_izquierdo,3,996.30787,861.70672
51,tobillo_izquierdo,3,982.65392,837.84429
51,rodilla_izquierda,3,966.68621,733.59644
51,cadera_izquierda,3,1066.67587,661.42972
51,hombro_izquierdo,3,1051.25278,470.91246
51,punta_izquierda,4,920.71238,860.72941
51,talon_izquierdo,4,995.29346,860.69414
51,tobillo_izquierdo,4,979.80286,836.21076
51,rodilla_izquierda,4,959.90232,730.15583
51,cadera_izquierda,4,1052.72335,654.67474
51,hombro_izquierdo,4,1032.83535,467.69082
51,punta_izquierda,5,920.68777,860.8064
51,talon_izquierdo,5,992.95097,860.13609
51,tobillo_izquierdo,5,975.13344,836.35463
51,rodilla_izquierda,5,951.99652,727.66157
51,cadera_izquierda,5,1039.57867,649.49026
51,hombro_izquierdo,5,1012.20211,467.38518
51,punta_izquierda,6,920.75861,861.53614
51,talon_izquierdo,6,986.97544,856.60278
51,tobillo_izquierdo,6,967.24594,836.42931
51,rodilla_izquierda,6,946.39486,728.25
51,cadera_izquierda,6,1036.80325,642.81658
51,hombro_izquierdo,6,997.95525,467.34411
51,punta_izquierda,7,920.28168,862.8292
51,talon_izquierdo,7,985.03281,855.05802
51,tobillo_izquierdo,7,965.6488,836.50301
51,rodilla_izquierda,7,934.34498,726.44466
51,cadera_izquierda,7,1018.10692,641.63534
51,hombro_izquierdo,7,977.8466,470.45625
51,punta_izquierda,8,920.28196,863.16374
51,talon_izquierdo,8,976.53156,842.79702
51,tobillo_izquierdo,8,957.96747,829.23826
51,rodilla_izquierda,8,925.71018,719.65646
51,cadera_izquierda,8,1012.92137,638.3563
51,hombro_izquierdo,8,956.09304,473.33746
51,punta_izquierda,9,920.8493,863.17694
51,talon_izquierdo,9,967.57622,835.32261
51,tobillo_izquierdo,9,947.45356,824.15093
51,rodilla_izquierda,9,916.49654,717.38152
51,cadera_izquierda,9,1009.32919,640.17561
51,hombro_izquierdo,9,939.41185,476.57143
51,punta_izquierda,10,920.36264,862.7029
51,talon_izquierdo,10,958.63529,828.39774
51,tobillo_izquierdo,10,939.46581,818.55421
51,rodilla_izquierda,10,904.84022,712.70598
51,cadera_izquierda,10,1004.59625,641.45007
51,hombro_izquierdo,10,924.83431,482.66225
51,punta_izquierda,11,904.36907,861.23487
51,talon_izquierdo,11,953.21239,823.25859
51,tobillo_izquierdo,11,931.16295,810.52445
51,rodilla_izquierda,11,889.64848,699.97911
51,cadera_izquierda,11,999.72004,642.22963
51,hombro_izquierdo,11,915.50795,488.38472
52,punta_izquierda,0,849.78264,844.40557
52,talon_izquierdo,0,913.86944,847.61187
52,tobillo_izquierdo,0,904.15174,827.23375
52,rodilla_izquierda,0,926.65815,731.67883
52,cadera_izquierda,0,1018.12717,663.97902
52,hombro_izquierdo,0,1020.30773,465.24658
52,punta_izquierda,1,847.47047,844.91695
52,talon_izquierdo,1,913.86927,848.4043
52,tobillo_izquierdo,1,902.19229,827.29832
52,rodilla_izquierda,1,911.23077,727.92904
52,cadera_izquierda,1,1007.51175,651.86408
52,hombro_izquierdo,1,1012.19193,464.00669
52,punta_izquierda,2,846.37636,845.7117
52,talon_izquierdo,2,913.80049,846.96769
52,tobillo_izquierdo,2,900.34184,825.51119
52,rodilla_izquierda,2,896.12486,726.00583
52,cadera_izquierda,2,987.85412,650.49068
52,hombro_izquierdo,2,997.74147,461.82193
52,punta_izquierda,3,846.48794,845.47249
52,talon_izquierdo,3,913.77623,846.13206
52,tobillo_izquierdo,3,900.35357,823.84528
52,rodilla_izquierda,3,880.40382,723.84805
52,cadera_izquierda,3,964.78489,644.44509
52,hombro_izquierdo,3,973.88054,456.27958
52,punta_izquierda,4,845.90544,845.1326
52,talon_izquierdo,4,913.77846,846.05494
52,tobillo_izquierdo,4,899.93551,823.82192
52,rodilla_izquierda,4,872.6108,721.90025
52,cadera_izquierda,4,948.87165,638.29727
52,hombro_izquierdo,4,953.42663,455.55763
52,punta_izquierda,5,845.80181,844.68676
52,talon_izquierdo,5,910.81163,844.44053
52,tobillo_izquierdo,5,897.13549,823.84445
52,rodilla_izquierda,5,860.2058,717.86078
52,cadera_izquierda,5,935.25724,631.96451
52,hombro_izquierdo,5,934.28724,455.65014
52,punta_izquierda,6,845.59462,845.09076
52,talon_izquierdo,6,907.69426,840.59463
52,tobillo_izquierdo,6,890.85222,822.4744
52,rodilla_izquierda,6,847.91348,712.11143
52,cadera_izquierda,6,926.99215,628.90898
52,hombro_izquierdo,6,916.01143,457.01156
52,punta_izquierda,7,844.28844,845.73617
52,talon_izquierdo,7,907.42315,838.69434
52,tobillo_izquierdo,7,888.36811,822.09678
52,rodilla_izquierda,7,841.47766,713.60018
52,cadera_izquierda,7,909.43714,626.91761
52,hombro_izquierdo,7,895.88276,459.74291
52,punta_izquierda,8,844.30824,846.01278
52,talon_izquierdo,8,904.71119,833.28906
52,tobillo_izquierdo,8,882.39412,818.38735
52,rodilla_izquierda,8,827.29174,711.59651
52,cadera_izquierda,8,905.42833,624.94567
52,hombro_izquierdo,8,882.80754,459.43849
52,punta_izquierda,9,844.01361,847.62474
52,talon_izquierdo,9,896.47562,825.95517
52,tobillo_izquierdo,9,874.52751,813.55976
52,rodilla_izquierda,9,820.59517,703.47077
52,cadera_izquierda,9,900.46326,625.09463
52,hombro_izquierdo,9,863.09057,459.39459
52,punta_izquierda,10,843.72442,847.58901
52,talon_izquierdo,10,883.86068,818.50773
52,tobillo_izquierdo,10,863.81069,806.24519
52,rodilla_izquierda,10,811.45031,693.31206
52,cadera_izquierda,10,890.9376,624.83095
52,hombro_izquierdo,10,843.5428,461.32246
52,punta_izquierda,11,832.25584,846.55666
52,talon_izquierdo,11,872.2419,814.48416
52,tobillo_izquierdo,11,852.38028,803.26201
52,rodilla_izquierda,11,803.72063,691.81797
52,cadera_izquierda,11,882.48041,622.18445
52,hombro_izquierdo,11,831.73697,465.08655
53,punta_izquierda,0,977.25368,818.38677
53,talon_izquierdo,0,1039.2627,850.69688
53,tobillo_izquierdo,0,1035.22293,828.71343
53,rodilla_izquierda,0,1072.70382,737.19084
53,cadera_izquierda,0,1177.76173,660.73925
53,hombro_izquierdo,0,1173.1921,472.27502
53,punta_izquierda,1,969.009815,829.0918449999999
53,talon_izquierdo,1,1034.54006,850.39819
53,tobillo_izquierdo,1,1026.83361,827.45049
53,rodilla_izquierda,1,1062.03335,734.80285
53,cadera_izquierda,1,1161.93295,657.19899
53,hombro_izquierdo,1,1165.16544,464.71791
53,punta_izquierda,2,960.76595,839.79692
53,talon_izquierdo,2,1031.13773,849.04565
53,tobillo_izquierdo,2,1019.05403,825.65127
53,rodilla_izquierda,2,1038.73192,725.97358
53,cadera_izquierda,2,1134.42238,657.78891
53,hombro_izquierdo,2,1139.4530300000001,466.675545
53,punta_izquierda,3,956.71011,842.74282
53,talon_izquierdo,3,1031.5575,848.48064
53,tobillo_izquierdo,3,1017.57133,824.48419
53,rodilla_izquierda,3,1019.40582,722.42013
53,cadera_izquierda,3,1118.40683,654.7769
53,hombro_izquierdo,3,1113.74062,468.63318
53,punta_izquierda,4,955.36114,845.3348
53,talon_izquierdo,4,1031.94832,846.61099
53,tobillo_izquierdo,4,1016.17527,822.56973
53,rodilla_izquierda,4,1009.03439,720.1439
53,cadera_izquierda,4,1099.20731,648.02256
53,hombro_izquierdo,4,1099.38354,464.36438
53,punta_izquierda,5,955.03801,843.56132
53,talon_izquierdo,5,1031.96411,845.60117
53,tobillo_izquierdo,5,1014.19407,822.15092
53,rodilla_izquierda,5,998.81321,719.95882
53,cadera_izquierda,5,1082.82429,642.59392
53,hombro_izquierdo,5,1080.13012,456.82552
53,punta_izquierda,6,955.52359,843.31014
53,talon_izquierdo,6,1031.37577,841.48549
53,tobillo_izquierdo,6,1011.77822,821.58161
53,rodilla_izquierda,6,988.9801,716.84767
53,cadera_izquierda,6,1073.52596,638.65422
53,hombro_izquierdo,6,1064.33693,455.42602
53,punta_izquierda,7,955.63093,846.50877
53,talon_izquierdo,7,1028.66787,841.96082
53,tobillo_izquierdo,7,1008.12195,822.77334
53,rodilla_izquierda,7,981.95835,717.69309
53,cadera_izquierda,7,1068.40908,635.82059
53,hombro_izquierdo,7,1048.12111,456.67425
53,punta_izquierda,8,955.54007,846.66339
53,talon_izquierdo,8,1027.45262,840.6254
53,tobillo_izquierdo,8,1004.87125,820.99253
53,rodilla_izquierda,8,974.18816,714.23728
53,cadera_izquierda,8,1049.02725,630.18241
53,hombro_izquierdo,8,1025.11368,462.32098
53,punta_izquierda,9,956.80653,848.02488
53,talon_izquierdo,9,1026.10291,838.31763
53,tobillo_izquierdo,9,1004.7551,819.64578
53,rodilla_izquierda,9,969.88266,711.24787
53,cadera_izquierda,9,1046.69437,626.89334
53,hombro_izquierdo,9,1008.80791,462.60011
53,punta_izquierda,10,957.45998,847.2759
53,talon_izquierdo,10,1022.04231,832.3919
53,tobillo_izquierdo,10,1000.98782,815.38332
53,rodilla_izquierda,10,962.70161,705.16893
53,cadera_izquierda,10,1045.12127,625.38437
53,hombro_izquierdo,10,989.65828,464.41549
53,punta_izquierda,11,960.24456,847.23033
53,talon_izquierdo,11,1012.18906,821.0571
53,tobillo_izquierdo,11,992.43507,808.79249
53,rodilla_izquierda,11,954.3203,697.32096
53,cadera_izquierda,11,1041.76792,623.12146
53,hombro_izquierdo,11,972.59697,468.5634
54,punta_izquierda,0,864.72198,832.02774
54,talon_izquierdo,0,932.76552,844.82323
54,tobillo_izquierdo,0,923.05372,824.25437
54,rodilla_izquierda,0,955.19102,726.72243
54,cadera_izquierda,0,1044.9361,646.32517
54,hombro_izquierdo,0,1047.76119,455.94609
54,punta_izquierda,1,858.62967,834.75181
54,talon_izquierdo,1,930.21235,842.0754
54,tobillo_izquierdo,1,918.67378,822.86636
54,rodilla_izquierda,1,937.91124,725.85642
54,cadera_izquierda,1,1030.03166,648.19282
54,hombro_izquierdo,1,1037.69634,463.04142
54,punta_izquierda,2,855.71119,837.12209
54,talon_izquierdo,2,929.6961,842.13025
54,tobillo_izquierdo,2,914.91331,822.71502
54,rodilla_izquierda,2,919.63961,722.46519
54,cadera_izquierda,2,1010.74974,643.78507
54,hombro_izquierdo,2,1015.19051,462.44687
54,punta_izquierda,3,854.89466,839.32622
54,talon_izquierdo,3,929.11463,841.96571
54,tobillo_izquierdo,3,913.08495,822.30883
54,rodilla_izquierda,3,906.68758,721.14612
54,cadera_izquierda,3,993.24989,639.98295
54,hombro_izquierdo,3,993.86295,459.49562
54,punta_izquierda,4,853.36246,839.32333
54,talon_izquierdo,4,926.50051,838.30333
54,tobillo_izquierdo,4,911.34756,818.79986
54,rodilla_izquierda,4,895.97517,720.94779
54,cadera_izquierda,4,976.63376,638.46117
54,hombro_izquierdo,4,973.15464,459.28715
54,punta_izquierda,5,852.97188,839.40398
54,talon_izquierdo,5,926.8527,835.78268
54,tobillo_izquierdo,5,909.70247,818.45256
54,rodilla_izquierda,5,882.6115,713.35518
54,cadera_izquierda,5,959.02102,632.00558
54,hombro_izquierdo,5,954.289,459.2623
54,punta_izquierda,6,852.11254,840.3766
54,talon_izquierdo,6,922.54097,834.3825
54,tobillo_izquierdo,6,903.69884,817.75424
54,rodilla_izquierda,6,869.75172,710.16531
54,cadera_izquierda,6,946.70368,625.6024
54,hombro_izquierdo,6,935.68262,459.20842
54,punta_izquierda,7,852.29988,840.73522
54,talon_izquierdo,7,920.11482,832.81508
54,tobillo_izquierdo,7,900.51762,815.81713
54,rodilla_izquierda,7,864.50953,711.79594
54,cadera_izquierda,7,931.77069,623.66233
54,hombro_izquierdo,7,914.83503,461.86291
54,punta_izquierda,8,857.99526,842.67169
54,talon_izquierdo,8,914.68019,824.57907
54,tobillo_izquierdo,8,895.51329,810.79713
54,rodilla_izquierda,8,851.15501,706.84552
54,cadera_izquierda,8,922.0962,621.94498
54,hombro_izquierdo,8,895.16247,463.41687
54,punta_izquierda,9,859.98487,843.86317
54,talon_izquierdo,9,905.04662,814.82952
54,tobillo_izquierdo,9,885.4125,804.42034
54,rodilla_izquierda,9,840.53335,698.46042
54,cadera_izquierda,9,925.58842,622.91167
54,hombro_izquierdo,9,873.77569,469.8469
54,punta_izquierda,10,856.6741,844.08422
54,talon_izquierdo,10,897.11969,808.65654
54,tobillo_izquierdo,10,876.54654,800.03081
54,rodilla_izquierda,10,829.16576,688.9721
54,cadera_izquierda,10,917.87727,623.90965
54,hombro_izquierdo,10,856.11362,475.60275
54,punta_izquierda,11,844.65752,843.33138
54,talon_izquierdo,11,887.6104,809.59188
54,tobillo_izquierdo,11,868.87493,799.37723
54,rodilla_izquierda,11,820.60644,689.88941
54,cadera_izquierda,11,912.45586,624.5154
54,hombro_izquierdo,11,843.19691,477.24201
55,punta_izquierda,0,840.99255,844.27264
55,talon_izquierdo,0,913.01565,855.40712
55,tobillo_izquierdo,0,905.69012,834.02568
55,rodilla_izquierda,0,931.12965,733.7351
55,cadera_izquierda,0,1022.69886,654.68574
55,hombro_izquierdo,0,1014.4352,452.77385
55,punta_izquierda,1,841.78596,847.20567
55,talon_izquierdo,1,912.96936,852.56196
55,tobillo_izquierdo,1,903.1889,830.88949
55,rodilla_izquierda,1,916.54066,730.81276
55,cadera_izquierda,1,1005.17475,654.542
55,hombro_izquierdo,1,1000.04093,458.40698
55,punta_izquierda,2,840.27597,848.60231
55,talon_izquierdo,2,911.5856,851.59759
55,tobillo_izquierdo,2,898.51004,829.66151
55,rodilla_izquierda,2,896.11885,727.57582
55,cadera_izquierda,2,980.02819,650.63861
55,hombro_izquierdo,2,976.39584,458.04275
55,punta_izquierda,3,840.32324,849.00889
55,talon_izquierdo,3,911.45199,849.7533
55,tobillo_izquierdo,3,896.59023,829.01675
55,rodilla_izquierda,3,885.20233,724.46378
55,cadera_izquierda,3,963.61839,644.18052
55,hombro_izquierdo,3,954.99012,454.83086
55,punta_izquierda,4,840.28799,849.43839
55,talon_izquierdo,4,911.39923,848.87557
55,tobillo_izquierdo,4,894.38604,828.98708
55,rodilla_izquierda,4,875.08181,724.53098
55,cadera_izquierda,4,950.94543,639.21337
55,hombro_izquierdo,4,936.0014,450.0961
55,punta_izquierda,5,839.90913,848.87783
55,talon_izquierdo,5,911.1315,847.99366
55,tobillo_izquierdo,5,894.20488,828.61809
55,rodilla_izquierda,5,870.13298,716.72582
55,cadera_izquierda,5,945.14574,633.90845
55,hombro_izquierdo,5,920.87374,450.22484
55,punta_izquierda,6,840.94494,848.99968
55,talon_izquierdo,6,909.49574,847.82192
55,tobillo_izquierdo,6,892.72224,828.63979
55,rodilla_izquierda,6,859.6352,718.48005
55,cadera_izquierda,6,932.87144,630.54464
55,hombro_izquierdo,6,901.60921,453.47256
55,punta_izquierda,7,839.73124,849.249
55,talon_izquierdo,7,907.19582,847.6017
55,tobillo_izquierdo,7,888.30111,828.28174
55,rodilla_izquierda,7,861.24063,717.50402
55,cadera_izquierda,7,930.56505,625.87875
55,hombro_izquierdo,7,882.22858,457.70422
55,punta_izquierda,8,839.32079,849.83711
55,talon_izquierdo,8,905.7102,846.43229
55,tobillo_izquierdo,8,885.97486,827.1314
55,rodilla_izquierda,8,856.47543,711.95397
55,cadera_izquierda,8,922.27953,620.68752
55,hombro_izquierdo,8,862.42458,459.14054
55,punta_izquierda,9,839.28291,850.20385
55,talon_izquierdo,9,905.46993,844.50799
55,tobillo_izquierdo,9,885.21532,825.59372
55,rodilla_izquierda,9,857.18805,706.68215
55,cadera_izquierda,9,923.62335,616.59539
55,hombro_izquierdo,9,849.73755,459.11444
55,punta_izquierda,10,839.51025,849.99734
55,talon_izquierdo,10,904.86088,842.9754
55,tobillo_izquierdo,10,885.15839,823.9448
55,rodilla_izquierda,10,856.17313,700.34256
55,cadera_izquierda,10,920.08421,610.31748
55,hombro_izquierdo,10,834.33432,459.01337
56,punta_izquierda,0,970.91,808.47719
56,talon_izquierdo,0,1034.3557,842.71713
56,tobillo_izquierdo,0,1030.17963,818.79709
56,rodilla_izquierda,0,1063.7899,719.10569
56,cadera_izquierda,0,1162.47059,646.70104
56,hombro_izquierdo,0,1173.02959,462.12281
56,punta_izquierda,1,962.5032249999999,821.9981949999999
56,talon_izquierdo,1,1031.55247,839.27524
56,tobillo_izquierdo,1,1023.68202,818.42611
56,rodilla_izquierda,1,1052.45831,722.72641
56,cadera_izquierda,1,1151.80412,647.44919
56,hombro_izquierdo,1,1166.18053,468.5606
56,punta_izquierda,2,954.09645,835.5192
56,talon_izquierdo,2,1027.94415,838.6046
56,tobillo_izquierdo,2,1016.27861,818.42585
56,rodilla_izquierda,2,1039.42886,722.03608
56,cadera_izquierda,2,1133.65196,647.76223
56,hombro_izquierdo,2,1149.06315,469.69839
56,punta_izquierda,3,952.85574,837.66945
56,talon_izquierdo,3,1028.09361,838.67818
56,tobillo_izquierdo,3,1015.29968,817.91949
56,rodilla_izquierda,3,1022.61669,719.54613
56,cadera_izquierda,3,1116.0054,646.67195
56,hombro_izquierdo,3,1128.99548,469.39439
56,punta_izquierda,4,954.19865,837.12132
56,talon_izquierdo,4,1027.73415,837.46217
56,tobillo_izquierdo,4,1014.76536,816.32607
56,rodilla_izquierda,4,1011.73897,716.01076
56,cadera_izquierda,4,1100.46421,645.25201
56,hombro_izquierdo,4,1109.24538,471.07102
56,punta_izquierda,5,954.60016,836.51859
56,talon_izquierdo,5,1027.85969,835.4995
56,tobillo_izquierdo,5,1012.82513,815.53177
56,rodilla_izquierda,5,1004.80465,715.28759
56,cadera_izquierda,5,1084.75159,642.25422
56,hombro_izquierdo,5,1095.40592,473.76892
56,punta_izquierda,6,952.92503,836.24179
56,talon_izquierdo,6,1025.44876,834.90817
56,tobillo_izquierdo,6,1008.83537,815.28914
56,rodilla_izquierda,6,1005.4612,714.79076
56,cadera_izquierda,6,1085.91316,640.14214
56,hombro_izquierdo,6,1077.35847,481.6149
56,punta_izquierda,7,953.15735,834.63015
56,talon_izquierdo,7,1023.09654,834.38302
56,tobillo_izquierdo,7,1006.47938,815.01389
56,rodilla_izquierda,7,997.19822,714.54582
56,cadera_izquierda,7,1074.36951,636.01873
56,hombro_izquierdo,7,1057.56386,487.38571
56,punta_izquierda,8,952.61456,835.43783
56,talon_izquierdo,8,1023.19084,834.53024
56,tobillo_izquierdo,8,1006.53351,815.02058
56,rodilla_izquierda,8,991.54964,711.97329
56,cadera_izquierda,8,1068.59631,632.99107
56,hombro_izquierdo,8,1041.20899,488.29411
56,punta_izquierda,9,952.87222,836.91165
56,talon_izquierdo,9,1023.39924,834.66697
56,tobillo_izquierdo,9,1006.5715,815.03783
56,rodilla_izquierda,9,989.96269,707.71186
56,cadera_izquierda,9,1071.49967,630.95598
56,hombro_izquierdo,9,1028.80634,485.76338
56,punta_izquierda,10,953.23059,836.93425
56,talon_izquierdo,10,1023.08052,834.24668
56,tobillo_izquierdo,10,1005.64075,814.46523
56,rodilla_izquierda,10,993.72299,708.21512
56,cadera_izquierda,10,1065.98499,629.26503
56,hombro_izquierdo,10,1014.00307,484.22265
57,punta_izquierda,0,970.51907,827.87639
57,talon_izquierdo,0,1032.55726,846.06344
57,tobillo_izquierdo,0,1027.66445,818.7396
57,rodilla_izquierda,0,1068.29041,726.00583
57,cadera_izquierda,0,1161.81313,648.85928
57,hombro_izquierdo,0,1179.6777,452.59187
57,punta_izquierda,1,965.43274,832.39531
57,talon_izquierdo,1,1031.5950400000002,845.453925
57,tobillo_izquierdo,1,1023.07377,819.26788
57,rodilla_izquierda,1,1057.91445,726.20516
57,cadera_izquierda,1,1154.5618650000001,648.877465
57,hombro_izquierdo,1,1169.08951,453.95931499999995
57,punta_izquierda,2,960.34641,836.91423
57,talon_izquierdo,2,1030.63282,844.84441
57,tobillo_izquierdo,2,1018.48309,819.79616
57,rodilla_izquierda,2,1047.53849,726.40449
57,cadera_izquierda,2,1147.3106,648.89565
57,hombro_izquierdo,2,1158.50132,455.32676
57,punta_izquierda,3,957.93789,840.58729
57,talon_izquierdo,3,1027.02003,843.78438
57,tobillo_izquierdo,3,1014.41998,820.88393
57,rodilla_izquierda,3,1032.5029,724.942
57,cadera_izquierda,3,1132.42538,648.94303
57,hombro_izquierdo,3,1150.05718,455.60456
57,punta_izquierda,4,953.76423,840.4214
57,talon_izquierdo,4,1027.27524,843.23212
57,tobillo_izquierdo,4,1011.49544,820.52563
57,rodilla_izquierda,4,1018.08403,720.13688
57,cadera_izquierda,4,1116.14159,647.81296
57,hombro_izquierdo,4,1126.81034,459.97478
57,punta_izquierda,5,950.15636,842.02261
57,talon_izquierdo,5,1027.38132,841.54638
57,tobillo_izquierdo,5,1011.6164,819.90276
57,rodilla_izquierda,5,1007.12013,717.10716
57,cadera_izquierda,5,1093.90446,640.78426
57,hombro_izquierdo,5,1106.07994,458.79984
57,punta_izquierda,6,950.54111,839.20835
57,talon_izquierdo,6,1026.28315,840.64555
57,tobillo_izquierdo,6,1007.72141,819.88976
57,rodilla_izquierda,6,1001.33675,711.88587
57,cadera_izquierda,6,1079.01993,632.49437
57,hombro_izquierdo,6,1085.01308,458.40485
57,punta_izquierda,7,953.11226,841.71079
57,talon_izquierdo,7,1025.38158,840.31036
57,tobillo_izquierdo,7,1007.05696,820.65103
57,rodilla_izquierda,7,993.67653,711.61235
57,cadera_izquierda,7,1073.51017,628.90963
57,hombro_izquierdo,7,1065.45238,458.28164
57,punta_izquierda,8,952.91531,841.617
57,talon_izquierdo,8,1023.69495,840.43125
57,tobillo_izquierdo,8,1005.66216,820.66255
57,rodilla_izquierda,8,988.67031,712.14098
57,cadera_izquierda,8,1060.39192,625.96282
57,hombro_izquierdo,8,1045.51609,455.8908
57,punta_izquierda,9,951.34644,842.44902
57,talon_izquierdo,9,1022.18102,839.88067
57,tobillo_izquierdo,9,1003.89244,820.65393
57,rodilla_izquierda,9,979.80801,706.38803
57,cadera_izquierda,9,1057.43992,618.61271
57,hombro_izquierdo,9,1029.11636,452.10399
57,punta_izquierda,10,952.37909,842.25133
57,talon_izquierdo,10,1021.90475,838.25145
57,tobillo_izquierdo,10,1002.94224,818.76818
57,rodilla_izquierda,10,977.43313,698.74534
57,cadera_izquierda,10,1054.128,613.60778
57,hombro_izquierdo,10,1005.71594,451.20618
57,punta_izquierda,11,953.84514,841.50596
57,talon_izquierdo,11,1020.17544,830.68035
57,tobillo_izquierdo,11,999.92191,811.75146
57,rodilla_izquierda,11,976.75667,698.71573
57,cadera_izquierda,11,1052.89421,611.1849
57,hombro_izquierdo,11,990.91106,450.78415
58,punta_izquierda,0,890.36711,859.69191
58,talon_izquierdo,0,962.79053,860.94165
58,tobillo_izquierdo,0,955.24189,840.53734
58,rodilla_izquierda,0,1001.00063,742.20594
58,cadera_izquierda,0,1118.68423,670.84717
58,hombro_izquierdo,0,1115.91557,475.02085
58,punta_izquierda,1,888.06009,859.94451
58,talon_izquierdo,1,964.00429,860.97319
58,tobillo_izquierdo,1,951.66046,840.46311
58,rodilla_izquierda,1,980.3793,738.97416
58,cadera_izquierda,1,1095.44609,667.81327
58,hombro_izquierdo,1,1104.84455,473.26527
58,punta_izquierda,2,886.51731,859.98983
58,talon_izquierdo,2,964.0321,860.71596
58,tobillo_izquierdo,2,949.88794,838.27945
58,rodilla_izquierda,2,960.60265,730.2417
58,cadera_izquierda,2,1080.49793,665.41782
58,hombro_izquierdo,2,1076.57822,477.0
58,punta_izquierda,3,882.6923,862.69504
58,talon_izquierdo,3,962.71122,860.7437
58,tobillo_izquierdo,3,945.29325,838.31505
58,rodilla_izquierda,3,942.74626,728.95257
58,cadera_izquierda,3,1061.77746,653.70837
58,hombro_izquierdo,3,1052.74052,473.39192
58,punta_izquierda,4,882.78746,862.59926
58,talon_izquierdo,4,962.71729,859.3902
58,tobillo_izquierdo,4,944.82491,837.59626
58,rodilla_izquierda,4,936.61932,728.9574
58,cadera_izquierda,4,1040.92609,654.05695
58,hombro_izquierdo,4,1031.96526,469.97503
58,punta_izquierda,5,883.14177,862.62082
58,talon_izquierdo,5,960.74467,857.36624
58,tobillo_izquierdo,5,943.29821,835.93228
58,rodilla_izquierda,5,926.93424,728.6757
58,cadera_izquierda,5,1030.48771,654.3147
58,hombro_izquierdo,5,1013.48351,469.41319
58,punta_izquierda,6,882.32208,862.47077
58,talon_izquierdo,6,959.14919,856.48929
58,tobillo_izquierdo,6,938.98664,836.03477
58,rodilla_izquierda,6,919.22453,727.52227
58,cadera_izquierda,6,1014.66877,654.74967
58,hombro_izquierdo,6,997.58675,469.8337
58,punta_izquierda,7,882.80491,862.55265
58,talon_izquierdo,7,954.69091,852.93313
58,tobillo_izquierdo,7,936.01862,835.10091
58,rodilla_izquierda,7,912.50301,728.06293
58,cadera_izquierda,7,1008.55133,653.92839
58,hombro_izquierdo,7,975.99438,481.8067
58,punta_izquierda,8,882.65659,863.43314
58,talon_izquierdo,8,954.17868,849.20626
58,tobillo_izquierdo,8,934.01722,834.45003
58,rodilla_izquierda,8,901.75472,727.56482
58,cadera_izquierda,8,995.44533,650.17789
58,hombro_izquierdo,8,950.75523,486.64088
58,punta_izquierda,9,882.99751,864.46221
58,talon_izquierdo,9,948.76677,843.57935
58,tobillo_izquierdo,9,930.16954,831.33219
58,rodilla_izquierda,9,894.19395,723.72374
58,cadera_izquierda,9,993.64346,646.56444
58,hombro_izquierdo,9,934.45879,485.07508
58,punta_izquierda,10,883.17209,864.67001
58,talon_izquierdo,10,943.26696,837.81539
58,tobillo_izquierdo,10,923.1134,825.99863
58,rodilla_izquierda,10,886.22864,719.96874
58,cadera_izquierda,10,990.70278,647.36042
58,hombro_izquierdo,10,916.51663,488.14853
58,punta_izquierda,11,885.80755,864.642
58,talon_izquierdo,11,937.72322,831.05043
58,tobillo_izquierdo,11,917.27783,820.35627
58,rodilla_izquierda,11,874.62999,713.26062
58,cadera_izquierda,11,977.90279,644.06941
58,hombro_izquierdo,11,904.62393,492.364
59,punta_izquierda,0,985.56107,832.25092
59,talon_izquierdo,0,1057.85683,848.04181
59,tobillo_izquierdo,0,1051.6032,824.29577
59,rodilla_izquierda,0,1098.0463,735.77341
59,cadera_izquierda,0,1209.81022,661.59451
59,hombro_izquierdo,0,1223.64052,457.14787
59,punta_izquierda,1,985.3727,836.17439
59,talon_izquierdo,1,1054.81133,844.99665
59,tobillo_izquierdo,1,1047.14333,822.10882
59,rodilla_izquierda,1,1086.19743,735.74264
59,cadera_izquierda,1,1185.62073,662.49239
59,hombro_izquierdo,1,1202.57309,467.64289
59,punta_izquierda,2,981.13312,841.0061
59,talon_izquierdo,2,1053.08659,844.24702
59,tobillo_izquierdo,2,1042.72465,821.50912
59,rodilla_izquierda,2,1070.03288,729.84497
59,cadera_izquierda,2,1171.20197,658.15995
59,hombro_izquierdo,2,1183.42083,475.63091
59,punta_izquierda,3,978.87199,843.66728
59,talon_izquierdo,3,1051.82602,841.86091
59,tobillo_izquierdo,3,1039.2168,820.16263
59,rodilla_izquierda,3,1058.00182,725.56668
59,cadera_izquierda,3,1153.43777,652.56118
59,hombro_izquierdo,3,1159.74049,473.07582
59,punta_izquierda,4,976.08547,845.55154
59,talon_izquierdo,4,1052.02778,840.87929
59,tobillo_izquierdo,4,1037.28859,819.44957
59,rodilla_izquierda,4,1043.36277,724.7962
59,cadera_izquierda,4,1135.83652,651.11459
59,hombro_izquierdo,4,1138.49487,471.78935
59,punta_izquierda,5,975.51476,845.39434
59,talon_izquierdo,5,1052.16579,841.17862
59,tobillo_izquierdo,5,1036.32202,820.1307
59,rodilla_izquierda,5,1033.71986,722.95584
59,cadera_izquierda,5,1124.56799,649.9177
59,hombro_izquierdo,5,1124.18358,470.28447
59,punta_izquierda,6,975.69523,845.4293
59,talon_izquierdo,6,1049.9374,839.0948
59,tobillo_izquierdo,6,1031.92623,819.28594
59,rodilla_izquierda,6,1019.93282,722.66082
59,cadera_izquierda,6,1113.75881,650.08648
59,hombro_izquierdo,6,1106.56815,474.61349
59,punta_izquierda,7,976.29456,846.463
59,talon_izquierdo,7,1046.08143,838.34106
59,tobillo_izquierdo,7,1027.85992,819.36859
59,rodilla_izquierda,7,1016.83056,721.16775
59,cadera_izquierda,7,1103.50994,643.31908
59,hombro_izquierdo,7,1085.26085,479.05285
59,punta_izquierda,8,976.03535,845.95548
59,talon_izquierdo,8,1045.06165,835.66848
59,tobillo_izquierdo,8,1026.45412,818.47445
59,rodilla_izquierda,8,1011.67992,719.53518
59,cadera_izquierda,8,1101.38592,640.17909
59,hombro_izquierdo,8,1063.9698,485.68108
59,punta_izquierda,9,976.34502,846.08108
59,talon_izquierdo,9,1043.48431,832.73912
59,tobillo_izquierdo,9,1024.49341,817.46341
59,rodilla_izquierda,9,1006.26446,710.96038
59,cadera_izquierda,9,1101.97289,641.25045
59,hombro_izquierdo,9,1049.91074,488.66139
59,punta_izquierda,10,976.55388,846.15601
59,talon_izquierdo,10,1038.93906,824.85935
59,tobillo_izquierdo,10,1019.70623,810.51614
59,rodilla_izquierda,10,997.6569,700.59696
59,cadera_izquierda,10,1100.33375,642.12869
59,hombro_izquierdo,10,1031.34293,492.4613
59,punta_izquierda,11,978.79875,846.11391
59,talon_izquierdo,11,1036.06258,818.45707
59,tobillo_izquierdo,11,1017.09915,805.878
59,rodilla_izquierda,11,990.56911,699.88313
59,cadera_izquierda,11,1091.10168,642.25937
59,hombro_izquierdo,11,1017.94384,494.76363
60,punta_izquierda,0,937.57616,824.62613
60,talon_izquierdo,0,1003.35434,842.9725
60,tobillo_izquierdo,0,997.38258,823.80293
60,rodilla_izquierda,0,1038.64872,735.85883
60,cadera_izquierda,0,1140.93647,663.21575
60,hombro_izquierdo,0,1134.98726,460.30904
60,punta_izquierda,1,937.04023,833.64408
60,talon_izquierdo,1,1002.65419,842.09973
60,tobillo_izquierdo,1,994.1209,823.03959
60,rodilla_izquierda,1,1027.31701,737.71644
60,cadera_izquierda,1,1118.09795,664.75207
60,hombro_izquierdo,1,1123.75122,475.96353
60,punta_izquierda,2,929.91566,838.25158
60,talon_izquierdo,2,1002.62764,842.6359
60,tobillo_izquierdo,2,990.19798,823.37523
60,rodilla_izquierda,2,1006.8623,733.4218
60,cadera_izquierda,2,1101.56868,664.49336
60,hombro_izquierdo,2,1100.37609,473.32336
60,punta_izquierda,3,927.92753,839.76698
60,talon_izquierdo,3,1002.63817,842.70381
60,tobillo_izquierdo,3,987.01698,822.74457
60,rodilla_izquierda,3,990.76149,729.89113
60,cadera_izquierda,3,1081.75072,662.18108
60,hombro_izquierdo,3,1075.50808,473.42842
60,punta_izquierda,4,928.31125,842.5206
60,talon_izquierdo,4,1002.61848,842.62849
60,tobillo_izquierdo,4,986.77757,821.46863
60,rodilla_izquierda,4,979.31271,728.56723
60,cadera_izquierda,4,1062.68005,655.36636
60,hombro_izquierdo,4,1056.97712,473.17955
60,punta_izquierda,5,927.27179,842.19076
60,talon_izquierdo,5,1002.43629,841.83555
60,tobillo_izquierdo,5,985.5233,819.06617
60,rodilla_izquierda,5,969.98154,721.26283
60,cadera_izquierda,5,1047.77515,644.97823
60,hombro_izquierdo,5,1031.91959,462.28094
60,punta_izquierda,6,925.94164,843.4338
60,talon_izquierdo,6,998.2037,840.89828
60,tobillo_izquierdo,6,977.91756,819.56062
60,rodilla_izquierda,6,957.40877,719.05277
60,cadera_izquierda,6,1038.53325,640.5137
60,hombro_izquierdo,6,1017.63691,461.64468
60,punta_izquierda,7,926.44878,844.96002
60,talon_izquierdo,7,997.7916,840.38767
60,tobillo_izquierdo,7,976.72497,819.5993
60,rodilla_izquierda,7,950.96895,716.61104
60,cadera_izquierda,7,1030.94284,637.97457
60,hombro_izquierdo,7,995.2589,467.26206
60,punta_izquierda,8,926.61884,844.21072
60,talon_izquierdo,8,994.97761,836.37305
60,tobillo_izquierdo,8,974.73919,818.31287
60,rodilla_izquierda,8,939.4099,714.56321
60,cadera_izquierda,8,1024.37759,637.11075
60,hombro_izquierdo,8,973.78944,468.86083
60,punta_izquierda,9,929.11469,844.63687
60,talon_izquierdo,9,987.79324,825.59095
60,tobillo_izquierdo,9,968.52848,812.02608
60,rodilla_izquierda,9,931.69035,710.6763
60,cadera_izquierda,9,1020.46692,634.6219
60,hombro_izquierdo,9,954.25501,471.75598
60,punta_izquierda,10,929.94667,844.24567
60,talon_izquierdo,10,982.8138,818.97688
60,tobillo_izquierdo,10,962.71477,807.08345
60,rodilla_izquierda,10,920.78087,701.36345
60,cadera_izquierda,10,1014.74258,632.02039
60,hombro_izquierdo,10,937.38762,473.87195
62,punta_izquierda,0,689.14936,872.30832
62,talon_izquierdo,0,760.91297,875.04108
62,tobillo_izquierdo,0,745.66011,852.63335
62,rodilla_izquierda,0,751.97971,726.94812
62,cadera_izquierda,0,832.53817,651.23902
62,hombro_izquierdo,0,868.0905,461.06201
62,punta_izquierda,1,688.65091,872.72204
62,talon_izquierdo,1,760.63128,875.17555
62,tobillo_izquierdo,1,745.65599,853.39385
62,rodilla_izquierda,1,749.76574,730.54323
62,cadera_izquierda,1,831.98673,651.90341
62,hombro_izquierdo,1,866.17727,460.38184
62,punta_izquierda,2,687.579,872.76775
62,talon_izquierdo,2,760.62687,875.34338
62,tobillo_izquierdo,2,745.6358,853.64239
62,rodilla_izquierda,2,748.15813,730.39755
62,cadera_izquierda,2,821.11782,649.15295
62,hombro_izquierdo,2,849.81199,455.99714
62,punta_izquierda,3,687.54215,872.76884
62,talon_izquierdo,3,760.52731,876.0368
62,tobillo_izquierdo,3,745.62733,854.1073
62,rodilla_izquierda,3,741.69405,730.38101
62,cadera_izquierda,3,807.34921,645.01376
62,hombro_izquierdo,3,835.99903,450.11158
62,punta_izquierda,4,686.17533,873.55773
62,talon_izquierdo,4,760.08831,876.44525
62,tobillo_izquierdo,4,744.47805,854.1922
62,rodilla_izquierda,4,741.48983,730.34567
62,cadera_izquierda,4,802.82255,642.29117
62,hombro_izquierdo,4,823.15075,445.86892
62,punta_izquierda,5,688.76301,873.56803
62,talon_izquierdo,5,760.17626,876.47389
62,tobillo_izquierdo,5,744.51891,854.19375
62,rodilla_izquierda,5,742.20755,730.26404
62,cadera_izquierda,5,799.41936,639.63572
62,hombro_izquierdo,5,810.36015,444.67512
62,punta_izquierda,6,688.17564,873.24115
62,talon_izquierdo,6,760.12585,876.86502
62,tobillo_izquierdo,6,744.47376,854.2224
62,rodilla_izquierda,6,740.2553,727.74673
62,cadera_izquierda,6,797.65383,635.32369
62,hombro_izquierdo,6,798.06753,442.90731
62,punta_izquierda,7,688.44612,873.22241
62,talon_izquierdo,7,760.1473,877.00388
62,tobillo_izquierdo,7,744.33615,854.33016
62,rodilla_izquierda,7,739.14368,727.99933
62,cadera_izquierda,7,796.28918,632.6826
62,hombro_izquierdo,7,790.53989,443.17294
62,punta_izquierda,8,688.65973,873.25415
62,talon_izquierdo,8,760.23794,877.01109
62,tobillo_izquierdo,8,744.34072,854.61005
62,rodilla_izquierda,8,738.8479,729.83197
62,cadera_izquierda,8,795.48082,630.41763
62,hombro_izquierdo,8,776.1842,444.11916
63,punta_izquierda,0,862.5602,822.8643
63,talon_izquierdo,0,926.62067,817.49199
63,tobillo_izquierdo,0,912.20833,799.58181
63,rodilla_izquierda,0,909.2296,690.48956
63,cadera_izquierda,0,991.70254,634.72328
63,hombro_izquierdo,0,1018.7439,477.22749
63,punta_izquierda,1,861.65783,823.60382
63,talon_izquierdo,1,926.61461,818.56644
63,tobillo_izquierdo,1,912.20037,801.09637
63,rodilla_izquierda,1,904.53495,692.62501
63,cadera_izquierda,1,983.86276,634.88943
63,hombro_izquierdo,1,1012.72854,477.1449
63,punta_izquierda,2,861.54865,823.5699
63,talon_izquierdo,2,926.61055,819.57542
63,tobillo_izquierdo,2,912.20072,801.58979
63,rodilla_izquierda,2,900.82941,693.76049
63,cadera_izquierda,2,975.26985,635.26653
63,hombro_izquierdo,2,1002.16496,475.77514
63,punta_izquierda,3,862.03611,823.07274
63,talon_izquierdo,3,926.20182,819.89877
63,tobillo_izquierdo,3,912.00703,802.0863
63,rodilla_izquierda,3,898.85067,694.4158
63,cadera_izquierda,3,969.12987,634.80227
63,hombro_izquierdo,3,991.62884,472.72148
63,punta_izquierda,4,862.58017,823.03747
63,talon_izquierdo,4,925.1524,820.03105
63,tobillo_izquierdo,4,911.78186,802.06294
63,rodilla_izquierda,4,899.74371,694.33102
63,cadera_izquierda,4,962.33986,629.69929
63,hombro_izquierdo,4,977.56771,466.13921
63,punta_izquierda,5,862.3942,824.01478
63,talon_izquierdo,5,925.16636,821.35823
63,tobillo_izquierdo,5,911.61873,805.18471
63,rodilla_izquierda,5,899.25333,697.95877
63,cadera_izquierda,5,953.16341,628.06106
63,hombro_izquierdo,5,966.35628,463.57922
63,punta_izquierda,6,860.10378,824.0095
63,talon_izquierdo,6,926.04956,822.24619
63,tobillo_izquierdo,6,911.61816,805.19204
63,rodilla_izquierda,6,899.59557,697.63941
63,cadera_izquierda,6,951.05261,622.38085
63,hombro_izquierdo,6,955.67745,462.183
63,punta_izquierda,7,859.98802,823.8935
63,talon_izquierdo,7,926.2476,821.80794
63,tobillo_izquierdo,7,911.44226,804.80529
63,rodilla_izquierda,7,898.07018,693.25496
63,cadera_izquierda,7,952.6791,618.79521
63,hombro_izquierdo,7,949.38395,460.13517
63,punta_izquierda,8,859.77236,823.8852
63,talon_izquierdo,8,926.43688,821.55322
63,tobillo_izquierdo,8,911.34859,804.71491
63,rodilla_izquierda,8,895.14685,691.72894
63,cadera_izquierda,8,951.02766,614.22537
63,hombro_izquierdo,8,941.54646,458.22316
64,punta_izquierda,0,603.63321,845.06166
64,talon_izquierdo,0,667.95284,844.15658
64,tobillo_izquierdo,0,655.13557,823.4071
64,rodilla_izquierda,0,662.57286,720.95609
64,cadera_izquierda,0,722.1052,650.48051
64,hombro_izquierdo,0,762.57334,466.66774
64,punta_izquierda,1,604.07667,845.03109
64,talon_izquierdo,1,667.54698,841.70732
64,tobillo_izquierdo,1,654.72719,821.87103
64,rodilla_izquierda,1,654.10515,722.31648
64,cadera_izquierda,1,712.47225,648.3692
64,hombro_izquierdo,1,753.32434,464.75902
64,punta_izquierda,2,607.21561,844.78621
64,talon_izquierdo,2,667.50051,841.73493
64,tobillo_izquierdo,2,654.33134,821.88828
64,rodilla_izquierda,2,648.50973,724.56046
64,cadera_izquierda,2,700.37235,646.65946
64,hombro_izquierdo,2,740.53104,458.67026
64,punta_izquierda,3,605.88964,844.12175
64,talon_izquierdo,3,667.50074,842.41851
64,tobillo_izquierdo,3,653.82895,822.01065
64,rodilla_izquierda,3,643.20826,724.49699
64,cadera_izquierda,3,688.31097,646.66384
64,hombro_izquierdo,3,730.34901,451.60056
64,punta_izquierda,4,605.86498,840.84221
64,talon_izquierdo,4,667.86678,844.02075
64,tobillo_izquierdo,4,654.14394,823.07899
64,rodilla_izquierda,4,643.23566,725.15102
64,cadera_izquierda,4,679.35722,645.46045
64,hombro_izquierdo,4,718.09753,448.20923
64,punta_izquierda,5,605.36556,841.3906
64,talon_izquierdo,5,667.56901,846.67163
64,tobillo_izquierdo,5,653.98916,824.37218
64,rodilla_izquierda,5,643.28413,726.66752
64,cadera_izquierda,5,675.84612,646.35278
64,hombro_izquierdo,5,709.7077,447.50653
64,punta_izquierda,6,597.93514,843.64816
64,talon_izquierdo,6,665.76742,849.55767
64,tobillo_izquierdo,6,652.03234,827.81646
64,rodilla_izquierda,6,639.73125,728.44731
64,cadera_izquierda,6,670.2051,645.22368
64,hombro_izquierdo,6,697.61101,446.40337
64,punta_izquierda,7,596.93859,843.49573
64,talon_izquierdo,7,665.42158,849.45409
64,tobillo_izquierdo,7,650.31412,827.00812
64,rodilla_izquierda,7,635.15591,720.58401
64,cadera_izquierda,7,657.25725,641.98392
64,hombro_izquierdo,7,685.78697,445.35171
64,punta_izquierda,8,597.31831,843.51497
64,talon_izquierdo,8,664.90963,849.35618
64,tobillo_izquierdo,8,650.15877,826.97452
64,rodilla_izquierda,8,629.72076,710.92896
64,cadera_izquierda,8,653.10843,633.90066
64,hombro_izquierdo,8,675.28833,444.10207
64,punta_izquierda,9,594.66276,844.62496
64,talon_izquierdo,9,663.79629,849.63009
64,tobillo_izquierdo,9,649.14854,827.63067
64,rodilla_izquierda,9,624.9432,708.79751
64,cadera_izquierda,9,653.51624,633.18207
64,hombro_izquierdo,9,668.68664,443.09299
64,punta_izquierda,10,595.10862,844.94528
64,talon_izquierdo,10,663.08516,849.52761
64,tobillo_izquierdo,10,647.49155,827.58967
64,rodilla_izquierda,10,622.53788,709.76317
64,cadera_izquierda,10,655.66721,629.64715
64,hombro_izquierdo,10,661.40373,441.83707
65,punta_izquierda,0,772.57914,896.57308
65,talon_izquierdo,0,852.99677,899.53701
65,tobillo_izquierdo,0,836.86729,874.22637
65,rodilla_izquierda,0,825.93275,735.11603
65,cadera_izquierda,0,927.722,661.93511
65,hombro_izquierdo,0,959.73604,451.41417
65,punta_izquierda,1,772.54646,896.80727
65,talon_izquierdo,1,852.82585,899.41116
65,tobillo_izquierdo,1,836.23632,874.87319
65,rodilla_izquierda,1,822.86299,738.39442
65,cadera_izquierda,1,922.08693,661.62831
65,hombro_izquierdo,1,957.80199,456.30249
65,punta_izquierda,2,772.44804,896.82671
65,talon_izquierdo,2,852.50593,898.93396
65,tobillo_izquierdo,2,834.90234,875.60376
65,rodilla_izquierda,2,815.65269,741.75965
65,cadera_izquierda,2,912.00491,661.42792
65,hombro_izquierdo,2,951.05433,453.65976
65,punta_izquierda,3,771.59048,897.2264
65,talon_izquierdo,3,852.53706,899.01108
65,tobillo_izquierdo,3,834.57745,876.14611
65,rodilla_izquierda,3,812.7162,741.44827
65,cadera_izquierda,3,901.33478,661.42985
65,hombro_izquierdo,3,938.3004,451.02307
65,punta_izquierda,4,771.10949,894.71328
65,talon_izquierdo,4,852.52756,898.87635
65,tobillo_izquierdo,4,834.15413,876.16181
65,rodilla_izquierda,4,810.2282,741.24923
65,cadera_izquierda,4,893.0337,661.11635
65,hombro_izquierdo,4,928.37488,449.38812
65,punta_izquierda,5,769.16931,898.50376
65,talon_izquierdo,5,852.28071,899.3014
65,tobillo_izquierdo,5,831.68547,878.03964
65,rodilla_izquierda,5,810.48815,741.07806
65,cadera_izquierda,5,887.29706,661.02391
65,hombro_izquierdo,5,918.24703,449.29086
65,punta_izquierda,6,770.3857,897.28865
65,talon_izquierdo,6,852.54301,899.4915
65,tobillo_izquierdo,6,833.10711,877.9893
65,rodilla_izquierda,6,810.96468,744.57455
65,cadera_izquierda,6,879.34862,659.72988
65,hombro_izquierdo,6,906.9298,451.04023
65,punta_izquierda,7,770.26022,897.25344
65,talon_izquierdo,7,852.50879,899.49278
65,tobillo_izquierdo,7,833.11684,877.98512
65,rodilla_izquierda,7,807.72406,745.27718
65,cadera_izquierda,7,872.63861,652.64821
65,hombro_izquierdo,7,890.64434,449.6536
65,punta_izquierda,8,770.30514,897.33313
65,talon_izquierdo,8,852.37364,899.95215
65,tobillo_izquierdo,8,833.13881,878.22825
65,rodilla_izquierda,8,803.96845,736.35727
65,cadera_izquierda,8,867.80119,644.14016
65,hombro_izquierdo,8,884.06067,449.60664
65,punta_izquierda,9,771.01948,897.4015
65,talon_izquierdo,9,851.82793,898.87583
65,tobillo_izquierdo,9,832.75887,877.39945
65,rodilla_izquierda,9,803.05647,735.74173
65,cadera_izquierda,9,865.30546,638.87766
65,hombro_izquierdo,9,870.62799,449.59569
66,punta_izquierda,0,741.97655,897.86254
66,talon_izquierdo,0,826.44253,905.64105
66,tobillo_izquierdo,0,806.79165,879.61382
66,rodilla_izquierda,0,813.06828,753.06747
66,cadera_izquierda,0,899.10301,664.90889
66,hombro_izquierdo,0,934.63675,449.413
66,punta_izquierda,1,741.96218,897.08774
66,talon_izquierdo,1,826.26806,903.02236
66,tobillo_izquierdo,1,806.9462,875.28879
66,rodilla_izquierda,1,807.36809,752.71748
66,cadera_izquierda,1,893.19843,665.81178
66,hombro_izquierdo,1,928.17472,449.69393
66,punta_izquierda,2,741.96659,897.08678
66,talon_izquierdo,2,824.44141,902.0079
66,tobillo_izquierdo,2,804.9,874.55931
66,rodilla_izquierda,2,798.08504,752.3698
66,cadera_izquierda,2,878.12353,668.19107
66,hombro_izquierdo,2,914.48633,449.69026
66,punta_izquierda,3,741.94124,897.09489
66,talon_izquierdo,3,823.98731,902.09191
66,tobillo_izquierdo,3,804.86298,875.91617
66,rodilla_izquierda,3,788.64864,752.63392
66,cadera_izquierda,3,868.01525,668.16288
66,hombro_izquierdo,3,894.82458,442.76681
66,punta_izquierda,4,740.02464,898.55262
66,talon_izquierdo,4,822.51984,902.15944
66,tobillo_izquierdo,4,803.55806,878.44158
66,rodilla_izquierda,4,782.93072,752.89232
66,cadera_izquierda,4,862.61667,664.83775
66,hombro_izquierdo,4,887.64982,440.88281
66,punta_izquierda,5,739.32529,898.54669
66,talon_izquierdo,5,822.57082,902.33247
66,tobillo_izquierdo,5,803.55806,879.14306
66,rodilla_izquierda,5,781.85629,752.90931
66,cadera_izquierda,5,853.49951,658.39479
66,hombro_izquierdo,5,873.68477,436.23804
66,punta_izquierda,6,738.04035,898.26262
66,talon_izquierdo,6,821.58548,902.20932
66,tobillo_izquierdo,6,802.6054,879.51114
66,rodilla_izquierda,6,784.62284,752.46655
66,cadera_izquierda,6,853.00295,653.15012
66,hombro_izquierdo,6,861.54854,430.6624
66,punta_izquierda,7,730.56353,899.17826
66,talon_izquierdo,7,818.28833,901.19757
66,tobillo_izquierdo,7,799.38148,879.58388
66,rodilla_izquierda,7,784.78386,752.04143
66,cadera_izquierda,7,843.69209,651.30622
66,hombro_izquierdo,7,851.05625,430.31755
66,punta_izquierda,8,731.19078,899.16062
66,talon_izquierdo,8,818.33656,900.35107
66,tobillo_izquierdo,8,799.56488,879.30978
66,rodilla_izquierda,8,783.4231,751.52008
66,cadera_izquierda,8,839.77226,644.76805
66,hombro_izquierdo,8,835.96928,427.51665
66,punta_izquierda,9,731.6102,899.59687
66,talon_izquierdo,9,818.6249,900.40392
66,tobillo_izquierdo,9,799.57266,879.20621
66,rodilla_izquierda,9,783.65673,748.23583
66,cadera_izquierda,9,837.39836,640.99972
66,hombro_izquierdo,9,820.60352,425.69889
66,punta_izquierda,10,733.62854,899.58316
66,talon_izquierdo,10,819.76124,899.99174
66,tobillo_izquierdo,10,799.70455,877.44754
66,rodilla_izquierda,10,780.49255,741.67294
66,cadera_izquierda,10,834.18938,637.26563
66,hombro_izquierdo,10,808.75597,425.96201
68,punta_izquierda,0,943.96397,882.74988
68,talon_izquierdo,0,1021.67519,886.79076
68,tobillo_izquierdo,0,1004.6434,857.29177
68,rodilla_izquierda,0,1019.69925,728.50981
68,cadera_izquierda,0,1119.6183,654.97845
68,hombro_izquierdo,0,1147.96509,443.0589
68,punta_izquierda,1,944.99794,882.20451
68,talon_izquierdo,1,1022.47616,886.91687
68,tobillo_izquierdo,1,1004.64924,860.65983
68,rodilla_izquierda,1,1014.82407,728.67995
68,cadera_izquierda,1,1106.96251,654.96544
68,hombro_izquierdo,1,1136.93195,441.48679
68,punta_izquierda,2,945.1989,882.18932
68,talon_izquierdo,2,1022.47215,886.9179
68,tobillo_izquierdo,2,1004.61216,863.09222
68,rodilla_izquierda,2,1005.85155,732.90121
68,cadera_izquierda,2,1089.84123,654.22284
68,hombro_izquierdo,2,1124.55128,441.50362
68,punta_izquierda,3,945.16331,884.48924
68,talon_izquierdo,3,1022.7404,886.41888
68,tobillo_izquierdo,3,1004.51672,863.08527
68,rodilla_izquierda,3,1002.35161,741.19072
68,cadera_izquierda,3,1082.85667,654.41151
68,hombro_izquierdo,3,1106.31409,442.51286
68,punta_izquierda,4,945.0602,885.57045
68,talon_izquierdo,4,1022.74361,886.37466
68,tobillo_izquierdo,4,1004.49062,863.03796
68,rodilla_izquierda,4,998.00034,739.77548
68,cadera_izquierda,4,1076.40369,653.99785
68,hombro_izquierdo,4,1094.40468,442.11674
68,punta_izquierda,5,945.0559,885.80051
68,talon_izquierdo,5,1023.44925,886.12695
68,tobillo_izquierdo,5,1004.68758,863.41293
68,rodilla_izquierda,5,994.47796,739.10516
68,cadera_izquierda,5,1069.58851,652.53131
68,hombro_izquierdo,5,1089.38381,440.44304
68,punta_izquierda,6,945.0507,885.88156
68,talon_izquierdo,6,1022.70218,886.24707
68,tobillo_izquierdo,6,1004.38236,865.67397
68,rodilla_izquierda,6,994.58336,735.05346
68,cadera_izquierda,6,1067.72781,652.42116
68,hombro_izquierdo,6,1081.07529,436.94186
68,punta_izquierda,7,945.12463,885.12299
68,talon_izquierdo,7,1020.77751,886.29097
68,tobillo_izquierdo,7,1003.37093,865.74974
68,rodilla_izquierda,7,995.40802,733.73722
68,cadera_izquierda,7,1065.84629,647.47918
68,hombro_izquierdo,7,1067.88769,434.86673
68,punta_izquierda,8,942.05578,887.383
68,talon_izquierdo,8,1021.58157,888.95833
68,tobillo_izquierdo,8,1003.55885,867.93507
68,rodilla_izquierda,8,994.77402,733.71276
68,cadera_izquierda,8,1062.4902,641.6945
68,hombro_izquierdo,8,1059.31835,434.45152
70,punta_izquierda,0,905.65853,766.15245
70,talon_izquierdo,0,953.82071,769.60387
70,tobillo_izquierdo,0,943.72765,755.89371
70,rodilla_izquierda,0,961.241,672.13347
70,cadera_izquierda,0,1029.93462,614.5659
70,hombro_izquierdo,0,1032.93961,493.89247
70,punta_izquierda,1,905.76204,766.70219
70,talon_izquierdo,1,954.11579,769.48819
70,tobillo_izquierdo,1,944.06811,755.84176
70,rodilla_izquierda,1,958.99206,671.58321
70,cadera_izquierda,1,1023.93974,614.69929
70,hombro_izquierdo,1,1031.7572,491.67379
70,punta_izquierda,2,904.17114,767.22484
70,talon_izquierdo,2,954.73549,769.48337
70,tobillo_izquierdo,2,943.97924,755.51217
70,rodilla_izquierda,2,952.79589,671.04511
70,cadera_izquierda,2,1014.35394,614.86768
70,hombro_izquierdo,2,1023.8166,488.64916
70,punta_izquierda,3,901.59765,768.09844
70,talon_izquierdo,3,955.12396,768.11995
70,tobillo_izquierdo,3,943.36939,754.04388
70,rodilla_izquierda,3,952.21767,670.0895
70,cadera_izquierda,3,1011.11217,614.8494
70,hombro_izquierdo,3,1013.24913,487.28362
70,punta_izquierda,4,899.95325,769.60265
70,talon_izquierdo,4,955.32383,767.97794
70,tobillo_izquierdo,4,943.78183,754.03114
70,rodilla_izquierda,4,949.83639,669.43779
70,cadera_izquierda,4,1008.15308,614.76295
70,hombro_izquierdo,4,1001.67503,484.43006
70,punta_izquierda,5,900.08675,769.51233
70,talon_izquierdo,5,956.67051,768.2371
70,tobillo_izquierdo,5,943.7907,754.04369
70,rodilla_izquierda,5,946.8675,667.97832
70,cadera_izquierda,5,998.22178,611.87833
70,hombro_izquierdo,5,989.49726,481.94462
70,punta_izquierda,6,902.62487,769.51362
70,talon_izquierdo,6,955.87286,768.36727
70,tobillo_izquierdo,6,943.71122,754.2746
70,rodilla_izquierda,6,946.66557,667.80071
70,cadera_izquierda,6,996.24928,606.70152
70,hombro_izquierdo,6,981.9191,480.91407
70,punta_izquierda,7,902.80981,770.06176
70,talon_izquierdo,7,954.55553,768.37873
70,tobillo_izquierdo,7,943.70447,754.38661
70,rodilla_izquierda,7,947.22965,667.88221
70,cadera_izquierda,7,995.88993,604.1535
70,hombro_izquierdo,7,973.73486,481.08665
70,punta_izquierda,8,902.84649,770.70208
70,talon_izquierdo,8,954.73166,769.3946
70,tobillo_izquierdo,8,943.92666,754.98605
70,rodilla_izquierda,8,946.644,666.49124
70,cadera_izquierda,8,996.01112,602.23036
70,hombro_izquierdo,8,964.66473,481.17414
70,punta_izquierda,9,901.02133,772.01303
70,talon_izquierdo,9,954.78613,770.01708
70,tobillo_izquierdo,9,943.95184,755.91695
70,rodilla_izquierda,9,945.86363,666.68777
70,cadera_izquierda,9,995.25616,598.0568
70,hombro_izquierdo,9,956.00132,481.21649
71,punta_izquierda,0,636.51209,823.39036
71,talon_izquierdo,0,692.20928,826.37868
71,tobillo_izquierdo,0,678.75824,808.50603
71,rodilla_izquierda,0,667.49531,701.9647
71,cadera_izquierda,0,737.55598,629.94539
71,hombro_izquierdo,0,739.10391,490.40986
71,punta_izquierda,1,636.56073,824.55731
71,talon_izquierdo,1,693.18432,826.41757
71,tobillo_izquierdo,1,679.10511,808.53236
71,rodilla_izquierda,1,664.19455,703.73457
71,cadera_izquierda,1,735.93801,630.47447
71,hombro_izquierdo,1,731.19432,476.57803
71,punta_izquierda,2,635.78001,825.4324
71,talon_izquierdo,2,693.17602,826.21576
71,tobillo_izquierdo,2,679.02048,808.54839
71,rodilla_izquierda,2,657.88015,704.42484
71,cadera_izquierda,2,727.84658,631.30456
71,hombro_izquierdo,2,724.23586,474.67523
71,punta_izquierda,3,634.5001,827.17395
71,talon_izquierdo,3,693.48925,824.97509
71,tobillo_izquierdo,3,678.95811,808.40651
71,rodilla_izquierda,3,654.13095,704.14759
71,cadera_izquierda,3,720.83101,630.5615
71,hombro_izquierdo,3,717.93451,471.29722
71,punta_izquierda,4,631.21244,828.63142
71,talon_izquierdo,4,693.75515,826.79151
71,tobillo_izquierdo,4,679.00583,809.17435
71,rodilla_izquierda,4,652.66628,704.76138
71,cadera_izquierda,4,710.86636,629.42493
71,hombro_izquierdo,4,709.88869,468.62767
71,punta_izquierda,5,630.86843,829.313
71,talon_izquierdo,5,693.75063,826.42284
71,tobillo_izquierdo,5,678.8744,809.17281
71,rodilla_izquierda,5,649.96891,704.41821
71,cadera_izquierda,5,705.2302,622.50986
71,hombro_izquierdo,5,699.93919,464.62461
71,punta_izquierda,6,631.15231,829.12709
71,talon_izquierdo,6,693.56266,825.63254
71,tobillo_izquierdo,6,678.95685,809.1703
71,rodilla_izquierda,6,650.88467,700.71425
71,cadera_izquierda,6,703.49573,617.87912
71,hombro_izquierdo,6,690.40318,461.34451
71,punta_izquierda,7,630.99077,829.46331
71,talon_izquierdo,7,693.04344,825.15656
71,tobillo_izquierdo,7,678.7631,809.68219
71,rodilla_izquierda,7,651.58213,705.46904
71,cadera_izquierda,7,693.20618,616.69845
71,hombro_izquierdo,7,678.91376,458.15116
71,punta_izquierda,8,630.10866,830.53615
71,talon_izquierdo,8,693.26654,825.66698
71,tobillo_izquierdo,8,678.67785,810.17818
71,rodilla_izquierda,8,651.92619,707.24264
71,cadera_izquierda,8,687.36088,612.38192
71,hombro_izquierdo,8,667.54274,455.54984
71,punta_izquierda,9,626.12492,831.0389
71,talon_izquierdo,9,693.04974,826.46179
71,tobillo_izquierdo,9,677.66682,810.89588
71,rodilla_izquierda,9,648.91331,706.53962
71,cadera_izquierda,9,685.15675,610.0511
71,hombro_izquierdo,9,656.90197,454.05259
71,punta_izquierda,10,625.56049,830.93153
71,talon_izquierdo,10,692.63094,824.18633
71,tobillo_izquierdo,10,676.9031,810.16621
71,rodilla_izquierda,10,647.33654,704.71246
71,cadera_izquierda,10,684.20294,608.68582
71,hombro_izquierdo,10,650.71352,453.31005
71,punta_izquierda,11,626.12703,830.78257
71,talon_izquierdo,11,691.68303,824.00081
71,tobillo_izquierdo,11,676.21782,810.09128
71,rodilla_izquierda,11,648.08052,704.26236
71,cadera_izquierda,11,683.77642,605.38689
71,hombro_izquierdo,11,641.2262,452.24361
72,punta_izquierda,0,821.99192,838.65739
72,talon_izquierdo,0,887.35079,845.93385
72,tobillo_izquierdo,0,873.66909,824.38544
72,rodilla_izquierda,0,871.25193,709.41652
72,cadera_izquierda,0,970.51723,634.95908
72,hombro_izquierdo,0,983.70621,468.15695
72,punta_izquierda,1,821.97155,839.84455
72,talon_izquierdo,1,887.60073,845.98703
72,tobillo_izquierdo,1,873.16669,824.95759
72,rodilla_izquierda,1,870.08732,709.68528
72,cadera_izquierda,1,955.76036,635.62103
72,hombro_izquierdo,1,974.84905,467.15691
72,punta_izquierda,2,819.98915,842.33553
72,talon_izquierdo,2,888.37332,845.91596
72,tobillo_izquierdo,2,873.02673,825.18836
72,rodilla_izquierda,2,864.92191,709.94695
72,cadera_izquierda,2,950.87116,635.59638
72,hombro_izquierdo,2,970.2895,465.62136
72,punta_izquierda,3,818.57105,843.58714
72,talon_izquierdo,3,889.76189,845.82667
72,tobillo_izquierdo,3,872.99269,825.57003
72,rodilla_izquierda,3,862.90369,713.02649
72,cadera_izquierda,3,942.22269,634.94692
72,hombro_izquierdo,3,960.98534,461.08576
72,punta_izquierda,4,817.60592,843.68003
72,talon_izquierdo,4,891.01988,846.6623
72,tobillo_izquierdo,4,873.75612,825.83261
72,rodilla_izquierda,4,863.32174,713.12241
72,cadera_izquierda,4,943.50042,630.14115
72,hombro_izquierdo,4,958.016,457.99361
72,punta_izquierda,5,818.58175,844.27786
72,talon_izquierdo,5,890.78608,846.74586
72,tobillo_izquierdo,5,873.78416,825.79546
72,rodilla_izquierda,5,862.62423,710.00759
72,cadera_izquierda,5,937.66359,627.20761
72,hombro_izquierdo,5,950.52418,455.60797
72,punta_izquierda,6,818.62862,844.16842
72,talon_izquierdo,6,889.30922,846.35775
72,tobillo_izquierdo,6,873.49657,825.58065
72,rodilla_izquierda,6,863.49981,708.64224
72,cadera_izquierda,6,937.11061,621.62138
72,hombro_izquierdo,6,943.5787,452.07847
72,punta_izquierda,7,818.42594,845.80582
72,talon_izquierdo,7,888.60844,846.37256
72,tobillo_izquierdo,7,872.79316,826.43334
72,rodilla_izquierda,7,863.55389,708.46354
72,cadera_izquierda,7,933.2547,619.24627
72,hombro_izquierdo,7,935.97485,451.31957
72,punta_izquierda,8,818.33885,845.37677
72,talon_izquierdo,8,888.64637,846.17918
72,tobillo_izquierdo,8,872.81702,826.14997
72,rodilla_izquierda,8,863.84588,707.72924
72,cadera_izquierda,8,928.10646,619.38892
72,hombro_izquierdo,8,926.47625,451.84418
72,punta_izquierda,9,818.53975,845.2468
72,talon_izquierdo,9,888.32617,846.00814
72,tobillo_izquierdo,9,872.95555,826.10574
72,rodilla_izquierda,9,863.99117,704.64133
72,cadera_izquierda,9,930.3911,615.37391
72,hombro_izquierdo,9,917.64513,451.271
73,punta_izquierda,0,568.30576,796.63275
73,talon_izquierdo,0,617.52337,801.90471
73,tobillo_izquierdo,0,603.66182,784.69046
73,rodilla_izquierda,0,578.73665,686.85757
73,cadera_izquierda,0,654.8929,618.95331
73,hombro_izquierdo,0,661.87214,490.12636
73,punta_izquierda,1,567.70792,796.93717
73,talon_izquierdo,1,617.55089,801.26889
73,tobillo_izquierdo,1,603.01826,784.73217
73,rodilla_izquierda,1,573.18443,687.68708
73,cadera_izquierda,1,650.05016,619.08476
73,hombro_izquierdo,1,659.53863,490.81245
73,punta_izquierda,2,565.97889,797.32495
73,talon_izquierdo,2,617.7182,799.89273
73,tobillo_izquierdo,2,602.08563,784.40799
73,rodilla_izquierda,2,567.36076,689.41035
73,cadera_izquierda,2,644.37801,619.60876
73,hombro_izquierdo,2,655.8264,491.28067
73,punta_izquierda,3,565.67453,798.72668
73,talon_izquierdo,3,617.72249,799.12881
73,tobillo_izquierdo,3,601.69453,784.07731
73,rodilla_izquierda,3,562.03497,690.80184
73,cadera_izquierda,3,636.33802,619.57973
73,hombro_izquierdo,3,647.55014,490.46451
73,punta_izquierda,4,565.19663,797.62886
73,talon_izquierdo,4,616.50953,798.16863
73,tobillo_izquierdo,4,600.67217,783.14319
73,rodilla_izquierda,4,558.57656,690.7338
73,cadera_izquierda,4,628.41963,618.43807
73,hombro_izquierdo,4,642.4946,488.95574
73,punta_izquierda,5,565.23823,800.50266
73,talon_izquierdo,5,616.50993,797.31491
73,tobillo_izquierdo,5,600.5761,783.00106
73,rodilla_izquierda,5,557.67145,690.9235
73,cadera_izquierda,5,623.01367,616.56649
73,hombro_izquierdo,5,638.06087,487.37078
73,punta_izquierda,6,567.38262,799.79733
73,talon_izquierdo,6,619.9942,794.55163
73,tobillo_izquierdo,6,600.92136,782.42498
73,rodilla_izquierda,6,553.23406,691.19651
73,cadera_izquierda,6,618.79446,616.55542
73,hombro_izquierdo,6,625.61686,489.60407
73,punta_izquierda,7,565.65233,803.58574
73,talon_izquierdo,7,618.37011,794.02893
73,tobillo_izquierdo,7,600.04812,782.01834
73,rodilla_izquierda,7,551.77832,691.14823
73,cadera_izquierda,7,615.31952,617.01671
73,hombro_izquierdo,7,616.68697,491.58695
73,punta_izquierda,8,563.15729,802.38705
73,talon_izquierdo,8,615.61729,794.40989
73,tobillo_izquierdo,8,598.91596,782.0531
73,rodilla_izquierda,8,549.37414,691.77593
73,cadera_izquierda,8,611.42641,617.3174
73,hombro_izquierdo,8,608.53827,491.29267
73,punta_izquierda,9,563.0971,802.87771
73,talon_izquierdo,9,617.28275,794.67266
73,tobillo_izquierdo,9,600.67234,782.3131
73,rodilla_izquierda,9,548.41993,692.18039
73,cadera_izquierda,9,608.02734,617.91517
73,hombro_izquierdo,9,599.10542,491.28958
73,punta_izquierda,10,563.6594,803.1305
73,talon_izquierdo,10,619.53512,794.86887
73,tobillo_izquierdo,10,602.00415,782.99159
73,rodilla_izquierda,10,550.76672,692.42056
73,cadera_izquierda,10,609.06343,617.92167
73,hombro_izquierdo,10,593.36815,491.26518
73,punta_izquierda,11,563.75805,803.08775
73,talon_izquierdo,11,621.84437,795.58025
73,tobillo_izquierdo,11,604.45066,784.22743
73,rodilla_izquierda,11,550.87309,694.03175
73,cadera_izquierda,11,611.89024,618.03123
73,hombro_izquierdo,11,593.08897,491.25054
74,punta_izquierda,0,628.44349,815.65684
74,talon_izquierdo,0,686.26453,821.03701
74,tobillo_izquierdo,0,673.91773,801.92711
74,rodilla_izquierda,0,674.52284,689.10619
74,cadera_izquierda,0,756.48994,619.68427
74,hombro_izquierdo,0,795.89138,497.07675
74,punta_izquierda,1,628.54065,816.61632
74,talon_izquierdo,1,686.3098,820.2608
74,tobillo_izquierdo,1,673.81296,801.64322
74,rodilla_izquierda,1,670.21706,689.30079
74,cadera_izquierda,1,755.52578,622.14029
74,hombro_izquierdo,1,795.44283,496.63676
74,punta_izquierda,2,627.363,818.50644
74,talon_izquierdo,2,686.38332,819.89362
74,tobillo_izquierdo,2,673.61217,801.79212
74,rodilla_izquierda,2,664.79485,691.17881
74,cadera_izquierda,2,744.44155,623.44809
74,hombro_izquierdo,2,784.37874,496.63737
74,punta_izquierda,3,637.5605700000001,812.42715
74,talon_izquierdo,3,699.01288,807.69461
74,tobillo_izquierdo,3,684.105775,790.35947
74,rodilla_izquierda,3,663.597595,696.100895
74,cadera_izquierda,3,739.04025,622.4695899999999
74,hombro_izquierdo,3,773.90642,496.422155
74,punta_izquierda,4,647.75814,806.34786
74,talon_izquierdo,4,696.09977,809.53278
74,tobillo_izquierdo,4,680.2634525,791.377045
74,rodilla_izquierda,4,662.40034,701.02298
74,cadera_izquierda,4,733.63895,621.49109
74,hombro_izquierdo,4,763.4341,496.20694
74,punta_izquierda,5,639.1206850000001,810.7381949999999
74,talon_izquierdo,5,691.267925,812.443985
74,tobillo_izquierdo,5,674.89378625,794.0422974999999
74,rodilla_izquierda,5,652.54177,697.85699
74,cadera_izquierda,5,726.46088,621.1232
74,hombro_izquierdo,5,752.21861,495.18051
74,punta_izquierda,6,630.48323,815.12853
74,talon_izquierdo,6,686.43608,815.35519
74,tobillo_izquierdo,6,669.52412,796.70755
74,rodilla_izquierda,6,646.14653,695.82557
74,cadera_izquierda,6,718.69852,621.67217
74,hombro_izquierdo,6,743.02156,497.13716
74,punta_izquierda,7,626.6712,818.22996
74,talon_izquierdo,7,683.70604,815.8237
74,tobillo_izquierdo,7,668.74352,797.81927
74,rodilla_izquierda,7,641.84509,695.22407
74,cadera_izquierda,7,719.63036,622.64601
74,hombro_izquierdo,7,736.29816,499.99146
74,punta_izquierda,8,625.85203,819.00411
74,talon_izquierdo,8,685.8843,818.21181
74,tobillo_izquierdo,8,670.72884,800.14681
74,rodilla_izquierda,8,641.31964,694.83249
74,cadera_izquierda,8,716.79468,623.62454
74,hombro_izquierdo,8,724.00274,501.01902
74,punta_izquierda,9,624.65303,820.60874
74,talon_izquierdo,9,686.21172,817.75186
74,tobillo_izquierdo,9,670.74411,801.11343
74,rodilla_izquierda,9,640.52914,692.9499
74,cadera_izquierda,9,717.72875,624.95075
74,hombro_izquierdo,9,717.92747,501.31291
74,punta_izquierda,10,624.67031,821.13666
74,talon_izquierdo,10,685.96739,817.25523
74,tobillo_izquierdo,10,670.66555,802.06435
74,rodilla_izquierda,10,637.47322,692.9517
74,cadera_izquierda,10,716.14695,624.89056
74,hombro_izquierdo,10,713.65826,501.15265
78,punta_izquierda,0,703.92666,831.92172
78,talon_izquierdo,0,766.16787,833.54237
78,tobillo_izquierdo,0,751.78688,812.08356
78,rodilla_izquierda,0,751.47314,699.666
78,cadera_izquierda,0,846.61119,625.6053
78,hombro_izquierdo,0,868.34902,492.38132
78,punta_izquierda,1,701.170295,832.50262
78,talon_izquierdo,1,765.529545,834.1696850000001
78,tobillo_izquierdo,1,751.33498,812.707495
78,rodilla_izquierda,1,749.85655,699.736295
78,cadera_izquierda,1,846.554485,626.84564
78,hombro_izquierdo,1,867.48911,493.07833500000004
78,punta_izquierda,2,698.41393,833.08352
78,talon_izquierdo,2,764.89122,834.797
78,tobillo_izquierdo,2,750.88308,813.33143
78,rodilla_izquierda,2,748.23996,699.80659
78,cadera_izquierda,2,846.49778,628.08598
78,hombro_izquierdo,2,866.6292,493.77535
78,punta_izquierda,3,696.57412,833.97135
78,talon_izquierdo,3,764.64855,836.36699
78,tobillo_izquierdo,3,750.2104,816.12381
78,rodilla_izquierda,3,741.53761,700.07844
78,cadera_izquierda,3,841.58134,632.65453
78,hombro_izquierdo,3,860.94521,495.51384
78,punta_izquierda,4,696.71865,835.05649
78,talon_izquierdo,4,764.80202,839.19529
78,tobillo_izquierdo,4,749.32583,818.65457
78,rodilla_izquierda,4,738.4243,700.64924
78,cadera_izquierda,4,837.15448,633.47754
78,hombro_izquierdo,4,858.33961,494.53817
78,punta_izquierda,5,694.59589,834.78136
78,talon_izquierdo,5,764.77386,838.72221
78,tobillo_izquierdo,5,748.35211,818.04798
78,rodilla_izquierda,5,737.08866,702.53665
78,cadera_izquierda,5,831.9825,634.50223
78,hombro_izquierdo,5,853.50986,495.53135
78,punta_izquierda,6,697.69209,834.76372
78,talon_izquierdo,6,765.74999,838.38657
78,tobillo_izquierdo,6,748.64851,817.95535
78,rodilla_izquierda,6,735.3824,702.83322
78,cadera_izquierda,6,829.93458,635.7763
78,hombro_izquierdo,6,848.13938,496.29951
78,punta_izquierda,7,699.51193,835.5642
78,talon_izquierdo,7,766.36705,839.19007
78,tobillo_izquierdo,7,748.7566,819.29276
78,rodilla_izquierda,7,734.3256,702.93351
78,cadera_izquierda,7,828.01037,637.39225
78,hombro_izquierdo,7,832.97756,496.49662
78,punta_izquierda,8,700.67333,835.50047
78,talon_izquierdo,8,766.36259,839.05753
78,tobillo_izquierdo,8,748.95121,818.93459
78,rodilla_izquierda,8,730.46551,703.89956
78,cadera_izquierda,8,828.61376,639.87699
78,hombro_izquierdo,8,822.11603,496.96352
78,punta_izquierda,9,699.53224,836.24462
78,talon_izquierdo,9,766.79678,838.90979
78,tobillo_izquierdo,9,749.00385,818.70845
78,rodilla_izquierda,9,730.50138,703.73515
78,cadera_izquierda,9,830.3647,641.93821
78,hombro_izquierdo,9,820.31565,497.2774
78,punta_izquierda,10,699.38965,836.92949
78,talon_izquierdo,10,767.61251,838.72433
78,tobillo_izquierdo,10,749.04591,818.53844
78,rodilla_izquierda,10,728.22412,703.66678
78,cadera_izquierda,10,829.87186,643.53949
78,hombro_izquierdo,10,815.10166,497.48854
78,punta_izquierda,11,699.92884,837.57425
78,talon_izquierdo,11,767.79917,838.68365
78,tobillo_izquierdo,11,749.15079,818.39373
78,rodilla_izquierda,11,725.78413,703.60042
78,cadera_izquierda,11,830.03008,645.64359
78,hombro_izquierdo,11,816.15538,497.64986
78,punta_izquierda,12,699.42003,838.60718
78,talon_izquierdo,12,767.77479,838.55819
78,tobillo_izquierdo,12,749.17225,818.45926
78,rodilla_izquierda,12,724.09647,703.5018
78,cadera_izquierda,12,830.59822,648.08081
78,hombro_izquierdo,12,814.06036,497.76287
83,punta_izquierda,0,694.30006,826.30414
83,talon_izquierdo,0,751.5604,823.40575
83,tobillo_izquierdo,0,737.19812,803.92641
83,rodilla_izquierda,0,701.7798,699.28144
83,cadera_izquierda,0,786.78749,630.4925
83,hombro_izquierdo,0,778.97449,489.31108
83,punta_izquierda,1,693.22609,827.87542
83,talon_izquierdo,1,751.66145,824.14951
83,tobillo_izquierdo,1,736.25959,805.60397
83,rodilla_izquierda,1,697.74067,700.29847
83,cadera_izquierda,1,783.39111,626.75828
83,hombro_izquierdo,1,768.64992,484.98872
83,punta_izquierda,2,689.39095,830.54613
83,talon_izquierdo,2,752.06852,823.96907
83,tobillo_izquierdo,2,735.73431,807.27528
83,rodilla_izquierda,2,691.89875,700.94844
83,cadera_izquierda,2,771.57606,626.96415
83,hombro_izquierdo,2,753.55213,484.42822
83,punta_izquierda,3,689.74274,830.36337
83,talon_izquierdo,3,753.41635,819.97325
83,tobillo_izquierdo,3,735.6332,806.88538
83,rodilla_izquierda,3,686.28605,702.73067
83,cadera_izquierda,3,768.6367,626.29338
83,hombro_izquierdo,3,740.96128,484.60586
83,punta_izquierda,4,689.77633,830.19864
83,talon_izquierdo,4,753.34356,819.00418
83,tobillo_izquierdo,4,734.69982,806.74697
83,rodilla_izquierda,4,681.27737,703.32413
83,cadera_izquierda,4,761.33978,625.52902
83,hombro_izquierdo,4,730.46568,484.81964
83,punta_izquierda,5,690.81825,828.52939
83,talon_izquierdo,5,753.14243,817.18982
83,tobillo_izquierdo,5,733.59684,804.8192
83,rodilla_izquierda,5,679.59675,704.24305
83,cadera_izquierda,5,753.78462,625.56217
83,hombro_izquierdo,5,726.77937,484.8638
83,punta_izquierda,6,693.44278,829.49775
83,talon_izquierdo,6,752.66779,815.65723
83,tobillo_izquierdo,6,731.70244,803.93587
83,rodilla_izquierda,6,676.32111,707.23653
83,cadera_izquierda,6,748.70293,625.67006
83,hombro_izquierdo,6,720.65586,485.62234
83,punta_izquierda,7,693.49314,829.2017
83,talon_izquierdo,7,751.58283,816.15335
83,tobillo_izquierdo,7,730.45012,804.41152
83,rodilla_izquierda,7,673.41991,711.55499
83,cadera_izquierda,7,743.86162,624.78177
83,hombro_izquierdo,7,708.70697,486.26498
83,punta_izquierda,8,693.55236,830.17199
83,talon_izquierdo,8,751.52189,816.50296
83,tobillo_izquierdo,8,730.69559,804.83619
83,rodilla_izquierda,8,670.1302,713.28527
83,cadera_izquierda,8,738.83921,624.5237
83,hombro_izquierdo,8,696.74006,489.34478
83,punta_izquierda,9,692.69709,829.87903
83,talon_izquierdo,9,752.52119,816.72962
83,tobillo_izquierdo,9,731.85671,805.11332
83,rodilla_izquierda,9,668.36992,714.23786
83,cadera_izquierda,9,735.09356,624.63243
83,hombro_izquierdo,9,687.86345,490.18381
83,punta_izquierda,10,692.76157,830.13163
83,talon_izquierdo,10,755.36951,818.14254
83,tobillo_izquierdo,10,735.65071,806.8015
83,rodilla_izquierda,10,668.45839,714.20484
83,cadera_izquierda,10,733.99687,624.10541
83,hombro_izquierdo,10,682.70582,491.53378
84,punta_izquierda,0,488.89212,861.50009
84,talon_izquierdo,0,548.22201,862.82128
84,tobillo_izquierdo,0,535.2182,843.99912
84,rodilla_izquierda,0,529.89973,718.80803
84,cadera_izquierda,0,606.55741,638.60453
84,hombro_izquierdo,0,646.8865,490.36692
84,punta_izquierda,1,484.96101,862.70869
84,talon_izquierdo,1,547.18632,863.27189
84,tobillo_izquierdo,1,531.90891,843.89066
84,rodilla_izquierda,1,525.3863,718.83332
84,cadera_izquierda,1,601.06298,639.57257
84,hombro_izquierdo,1,641.13104,492.03348
84,punta_izquierda,2,485.17668,862.70257
84,talon_izquierdo,2,547.22111,863.96899
84,tobillo_izquierdo,2,529.93029,843.89014
84,rodilla_izquierda,2,520.75024,717.61951
84,cadera_izquierda,2,600.55389,637.33168
84,hombro_izquierdo,2,636.80523,491.0684
84,punta_izquierda,3,483.27742,864.09078
84,talon_izquierdo,3,546.23634,863.09647
84,tobillo_izquierdo,3,528.29327,842.94933
84,rodilla_izquierda,3,512.06778,717.67847
84,cadera_izquierda,3,594.15785,637.34623
84,hombro_izquierdo,3,616.22778,493.73151
84,punta_izquierda,4,480.78072,865.79473
84,talon_izquierdo,4,546.27399,861.72945
84,tobillo_izquierdo,4,528.41337,842.13919
84,rodilla_izquierda,4,505.76334,715.54824
84,cadera_izquierda,4,591.81725,639.74914
84,hombro_izquierdo,4,611.46606,494.76872
84,punta_izquierda,5,479.13116,867.53171
84,talon_izquierdo,5,546.28841,861.7485
84,tobillo_izquierdo,5,527.64256,842.16475
84,rodilla_izquierda,5,500.27,715.69669
84,cadera_izquierda,5,577.00407,639.74251
84,hombro_izquierdo,5,600.44821,494.56128
84,punta_izquierda,6,479.77767,867.22761
84,talon_izquierdo,6,546.44617,861.68452
84,tobillo_izquierdo,6,527.93009,841.87198
84,rodilla_izquierda,6,493.06051,714.49587
84,cadera_izquierda,6,571.0021,639.7664
84,hombro_izquierdo,6,588.42482,494.6185
84,punta_izquierda,7,480.57455,863.80477
84,talon_izquierdo,7,545.63135,861.9337
84,tobillo_izquierdo,7,527.71482,840.32188
84,rodilla_izquierda,7,488.62078,714.82675
84,cadera_izquierda,7,566.17418,642.38103
84,hombro_izquierdo,7,573.72711,496.06654
84,punta_izquierda,8,479.88739,863.003
84,talon_izquierdo,8,545.38588,861.29126
84,tobillo_izquierdo,8,527.84122,840.49144
84,rodilla_izquierda,8,489.43216,716.16493
84,cadera_izquierda,8,566.98271,640.4763
84,hombro_izquierdo,8,565.47707,495.74484
84,punta_izquierda,9,480.1161,863.90815
84,talon_izquierdo,9,545.34176,861.22882
84,tobillo_izquierdo,9,527.93043,841.29172
84,rodilla_izquierda,9,487.25916,719.17341
84,cadera_izquierda,9,560.82659,640.24565
84,hombro_izquierdo,9,558.55505,495.45677
84,punta_izquierda,10,480.38218,865.34341
84,talon_izquierdo,10,545.76668,860.86691
84,tobillo_izquierdo,10,527.9714,841.61887
84,rodilla_izquierda,10,486.18628,719.14695
84,cadera_izquierda,10,566.714,636.35154
84,hombro_izquierdo,10,553.33872,494.43462
84,punta_izquierda,11,480.47436,865.97182
84,talon_izquierdo,11,545.78333,860.14619
84,tobillo_izquierdo,11,527.4151,841.64417
84,rodilla_izquierda,11,484.58004,719.61082
84,cadera_izquierda,11,567.22921,636.25414
84,hombro_izquierdo,11,557.9896,485.86867
84,punta_izquierda,12,480.44369,865.9417
84,talon_izquierdo,12,545.73034,860.06998
84,tobillo_izquierdo,12,527.29683,841.66476
84,rodilla_izquierda,12,481.86865,721.96456
84,cadera_izquierda,12,565.74537,636.36718
84,hombro_izquierdo,12,543.92916,484.1427
84,punta_izquierda,13,,
84,talon_izquierdo,13,,
84,tobillo_izquierdo,13,,
84,rodilla_izquierda,13,,
84,cadera_izquierda,13,,
84,hombro_izquierdo,13,,
84,punta_izquierda,14,482.4325,866.67169
84,talon_izquierdo,14,546.63946,862.80242
84,tobillo_izquierdo,14,528.77277,844.38002
84,rodilla_izquierda,14,479.68663,726.51258
84,cadera_izquierda,14,560.0528,623.87231
84,hombro_izquierdo,14,536.60894,475.71923
85,punta_izquierda,0,491.78295,954.51948
85,talon_izquierdo,0,587.3901,947.79894
85,tobillo_izquierdo,0,569.56306,920.80868
85,rodilla_izquierda,0,577.80687,771.96997
85,cadera_izquierda,0,703.3247,641.49082
85,hombro_izquierdo,0,686.14986,372.3624
85,punta_izquierda,1,493.95327,953.83262
85,talon_izquierdo,1,587.54139,948.82163
85,tobillo_izquierdo,1,569.58933,921.17123
85,rodilla_izquierda,1,568.2292,770.93865
85,cadera_izquierda,1,687.21296,652.52493
85,hombro_izquierdo,1,676.31819,372.64361
85,punta_izquierda,2,493.80878,953.80488
85,talon_izquierdo,2,587.6635,948.81655
85,tobillo_izquierdo,2,569.03046,920.93357
85,rodilla_izquierda,2,551.03085,770.64086
85,cadera_izquierda,2,675.81013,658.18538
85,hombro_izquierdo,2,669.08712,375.0267
85,punta_izquierda,3,491.03754,953.69763
85,talon_izquierdo,3,587.62688,948.88156
85,tobillo_izquierdo,3,568.10909,920.83508
85,rodilla_izquierda,3,540.48735,770.11982
85,cadera_izquierda,3,655.45572,663.59226
85,hombro_izquierdo,3,655.84991,376.29295
85,punta_izquierda,4,491.0463,953.38684
85,talon_izquierdo,4,588.65107,947.14871
85,tobillo_izquierdo,4,568.11522,920.15343
85,rodilla_izquierda,4,532.54194,769.30299
85,cadera_izquierda,4,639.75471,661.08854
85,hombro_izquierdo,4,635.9852,377.05722
85,punta_izquierda,5,491.164,948.80998
85,talon_izquierdo,5,588.37761,943.24217
85,tobillo_izquierdo,5,568.1076,918.64865
85,rodilla_izquierda,5,524.68597,769.51671
85,cadera_izquierda,5,627.16427,659.68959
85,hombro_izquierdo,5,620.60097,377.30708
85,punta_izquierda,6,486.70395,952.36356
85,talon_izquierdo,6,588.41887,952.54786
85,tobillo_izquierdo,6,567.21388,925.58201
85,rodilla_izquierda,6,521.44215,780.21358
85,cadera_izquierda,6,615.92777,659.42881
85,hombro_izquierdo,6,598.34913,377.29199
85,punta_izquierda,7,485.64463,952.27846
85,talon_izquierdo,7,588.4029,950.59916
85,tobillo_izquierdo,7,566.22013,925.13133
85,rodilla_izquierda,7,516.16825,779.39398
85,cadera_izquierda,7,602.98313,659.03807
85,hombro_izquierdo,7,589.61815,378.68949
85,punta_izquierda,8,484.30567,952.72322
85,talon_izquierdo,8,588.11588,950.44525
85,tobillo_izquierdo,8,565.31565,924.86303
85,rodilla_izquierda,8,514.20485,779.07449
85,cadera_izquierda,8,600.68859,658.2139
85,hombro_izquierdo,8,573.31078,379.28256
85,punta_izquierda,9,485.68319,952.64494
85,talon_izquierdo,9,588.1901,950.37489
85,tobillo_izquierdo,9,565.64426,924.64667
85,rodilla_izquierda,9,514.55664,779.26485
85,cadera_izquierda,9,603.50309,654.75327
85,hombro_izquierdo,9,554.76614,379.96163
86,punta_izquierda,0,539.52776,922.40205
86,talon_izquierdo,0,632.18754,916.56573
86,tobillo_izquierdo,0,612.01258,893.10563
86,rodilla_izquierda,0,606.65754,757.41458
86,cadera_izquierda,0,725.29696,640.76572
86,hombro_izquierdo,0,702.58638,403.34162
86,punta_izquierda,1,539.92332,922.40308
86,talon_izquierdo,1,632.15544,916.81788
86,tobillo_izquierdo,1,611.95301,893.51156
86,rodilla_izquierda,1,598.30347,756.69876
86,cadera_izquierda,1,717.75204,649.0345
86,hombro_izquierdo,1,694.20147,402.29701
86,punta_izquierda,2,541.88433,922.11777
86,talon_izquierdo,2,632.03882,917.33904
86,tobillo_izquierdo,2,611.943,893.50918
86,rodilla_izquierda,2,588.98935,754.52572
86,cadera_izquierda,2,700.84688,656.45388
86,hombro_izquierdo,2,676.84227,403.6876
86,punta_izquierda,3,541.54942,921.99527
86,talon_izquierdo,3,631.70918,915.78109
86,tobillo_izquierdo,3,611.68831,892.61852
86,rodilla_izquierda,3,579.1147,754.5617
86,cadera_izquierda,3,687.12708,657.34512
86,hombro_izquierdo,3,659.45337,404.94673
86,punta_izquierda,4,542.34615,920.41949
86,talon_izquierdo,4,631.71129,914.92235
86,tobillo_izquierdo,4,611.28096,891.8781
86,rodilla_izquierda,4,571.72371,755.30193
86,cadera_izquierda,4,671.42721,656.10279
86,hombro_izquierdo,4,649.18488,406.97709
86,punta_izquierda,5,541.99471,920.86366
86,talon_izquierdo,5,630.01219,914.26993
86,tobillo_izquierdo,5,609.79551,891.9128
86,rodilla_izquierda,5,558.38636,755.90079
86,cadera_izquierda,5,665.16844,655.48178
86,hombro_izquierdo,5,634.63566,409.65301
86,punta_izquierda,6,540.66032,921.24488
86,talon_izquierdo,6,630.21229,914.29729
86,tobillo_izquierdo,6,609.80381,892.29427
86,rodilla_izquierda,6,556.89365,758.55405
86,cadera_izquierda,6,652.3217,654.85839
86,hombro_izquierdo,6,616.90784,411.88936
86,punta_izquierda,7,536.08887,921.47913
86,talon_izquierdo,7,630.11919,913.99384
86,tobillo_izquierdo,7,607.31741,891.13066
86,rodilla_izquierda,7,552.90642,757.50709
86,cadera_izquierda,7,636.97758,654.60238
86,hombro_izquierdo,7,604.51149,413.52096
86,punta_izquierda,8,536.05556,921.43059
86,talon_izquierdo,8,629.63305,913.68806
86,tobillo_izquierdo,8,606.30432,890.64993
86,rodilla_izquierda,8,555.33915,757.48539
86,cadera_izquierda,8,633.00957,654.2408
86,hombro_izquierdo,8,596.1454,414.7285
86,punta_izquierda,9,536.292,921.59983
86,talon_izquierdo,9,629.62217,912.94481
86,tobillo_izquierdo,9,605.86555,889.59273
86,rodilla_izquierda,9,551.69214,758.16009
86,cadera_izquierda,9,630.30853,654.00139
86,hombro_izquierdo,9,584.77261,416.19341
87,punta_izquierda,0,511.10304,904.46489
87,talon_izquierdo,0,598.69555,899.9049
87,tobillo_izquierdo,0,578.29245,876.32983
87,rodilla_izquierda,0,574.48093,743.32063
87,cadera_izquierda,0,674.32835,633.0091
87,hombro_izquierdo,0,646.28506,405.34607
87,punta_izquierda,1,514.83547,901.5607
87,talon_izquierdo,1,597.91391,899.41393
87,tobillo_izquierdo,1,578.25348,876.16671
87,rodilla_izquierda,1,567.11637,741.95573
87,cadera_izquierda,1,666.70292,644.22905
87,hombro_izquierdo,1,642.75352,408.69076
87,punta_izquierda,2,515.11969,901.25274
87,talon_izquierdo,2,597.76634,899.28718
87,tobillo_izquierdo,2,578.25611,876.0079
87,rodilla_izquierda,2,553.60909,742.44194
87,cadera_izquierda,2,646.78442,647.51755
87,hombro_izquierdo,2,630.71589,411.42739
87,punta_izquierda,3,516.77238,900.73415
87,talon_izquierdo,3,597.8647,899.26336
87,tobillo_izquierdo,3,578.25703,874.81017
87,rodilla_izquierda,3,546.20945,741.65118
87,cadera_izquierda,3,629.32039,647.18519
87,hombro_izquierdo,3,617.17409,413.182
87,punta_izquierda,4,519.88077,898.07027
87,talon_izquierdo,4,597.42977,897.09096
87,tobillo_izquierdo,4,578.30915,874.03589
87,rodilla_izquierda,4,542.70452,741.95798
87,cadera_izquierda,4,621.72626,646.27052
87,hombro_izquierdo,4,603.11388,415.0765
87,punta_izquierda,5,515.17948,899.03966
87,talon_izquierdo,5,597.43029,896.86276
87,tobillo_izquierdo,5,578.16977,874.2838
87,rodilla_izquierda,5,545.25084,743.48272
87,cadera_izquierda,5,617.58963,641.11636
87,hombro_izquierdo,5,591.78989,415.89874
87,punta_izquierda,6,513.28056,899.30951
87,talon_izquierdo,6,597.65293,898.37894
87,tobillo_izquierdo,6,577.93831,874.4578
87,rodilla_izquierda,6,540.00183,743.43978
87,cadera_izquierda,6,595.448,638.78284
87,hombro_izquierdo,6,578.98333,416.53716
87,punta_izquierda,7,512.99263,899.60383
87,talon_izquierdo,7,597.35401,898.3848
87,tobillo_izquierdo,7,577.77941,874.53047
87,rodilla_izquierda,7,534.47462,743.83735
87,cadera_izquierda,7,588.58824,638.35952
87,hombro_izquierdo,7,564.55759,416.17895
87,punta_izquierda,8,513.0047,900.13111
87,talon_izquierdo,8,596.51384,897.59108
87,tobillo_izquierdo,8,577.66623,874.59079
87,rodilla_izquierda,8,533.03988,746.15903
87,cadera_izquierda,8,586.51897,637.30239
87,hombro_izquierdo,8,549.1416,415.9251
88,punta_izquierda,0,484.80766,931.13972
88,talon_izquierdo,0,577.7033,925.59411
88,tobillo_izquierdo,0,559.77242,902.9791
88,rodilla_izquierda,0,551.27523,754.15525
88,cadera_izquierda,0,668.06139,642.89595
88,hombro_izquierdo,0,646.52172,393.25926
88,punta_izquierda,1,488.43304,929.53715
88,talon_izquierdo,1,578.26115,926.1257
88,tobillo_izquierdo,1,559.62582,902.8517
88,rodilla_izquierda,1,539.67201,754.22336
88,cadera_izquierda,1,651.66309,655.37788
88,hombro_izquierdo,1,643.51078,396.10658
88,punta_izquierda,2,488.92942,929.2823
88,talon_izquierdo,2,578.40157,926.2811
88,tobillo_izquierdo,2,559.53558,901.23607
88,rodilla_izquierda,2,530.07288,754.45838
88,cadera_izquierda,2,637.05036,660.79223
88,hombro_izquierdo,2,637.92795,399.2764
88,punta_izquierda,3,490.61657,928.61436
88,talon_izquierdo,3,579.12397,924.88562
88,tobillo_izquierdo,3,559.7378,899.83988
88,rodilla_izquierda,3,524.15812,753.70477
88,cadera_izquierda,3,619.52539,661.08326
88,hombro_izquierdo,3,616.45145,399.44248
88,punta_izquierda,4,490.72077,925.59907
88,talon_izquierdo,4,579.09416,924.22515
88,tobillo_izquierdo,4,559.65729,897.7242
88,rodilla_izquierda,4,516.90737,754.24048
88,cadera_izquierda,4,603.15559,660.19903
88,hombro_izquierdo,4,598.79625,399.29571
88,punta_izquierda,5,489.66631,926.76377
88,talon_izquierdo,5,578.6249,925.1518
88,tobillo_izquierdo,5,558.30036,898.35834
88,rodilla_izquierda,5,513.83755,757.21052
88,cadera_izquierda,5,589.48305,658.92078
88,hombro_izquierdo,5,582.94985,399.17547
88,punta_izquierda,6,488.5734,925.26607
88,talon_izquierdo,6,577.53553,924.98739
88,tobillo_izquierdo,6,557.2253,898.52693
88,rodilla_izquierda,6,507.78156,758.74659
88,cadera_izquierda,6,570.19987,658.25297
88,hombro_izquierdo,6,568.69783,400.65295
88,punta_izquierda,7,485.56555,925.31666
88,talon_izquierdo,7,577.79726,925.07295
88,tobillo_izquierdo,7,557.01897,898.62304
88,rodilla_izquierda,7,495.47791,758.53448
88,cadera_izquierda,7,560.9733,657.50116
88,hombro_izquierdo,7,555.43785,403.71071
88,punta_izquierda,8,480.94076,926.21834
88,talon_izquierdo,8,576.6711,925.2044
88,tobillo_izquierdo,8,555.1446,898.6972
88,rodilla_izquierda,8,489.72994,758.84605
88,cadera_izquierda,8,557.85479,656.51471
88,hombro_izquierdo,8,538.8402,404.24838
88,punta_izquierda,9,481.04588,926.48066
88,talon_izquierdo,9,574.91856,922.24362
88,tobillo_izquierdo,9,551.79623,897.72317
88,rodilla_izquierda,9,484.63961,758.81914
88,cadera_izquierda,9,558.19988,652.02591
88,hombro_izquierdo,9,524.39095,404.24307
89,punta_izquierda,0,531.12413,922.78217
89,talon_izquierdo,0,623.59406,911.04928
89,tobillo_izquierdo,0,604.64773,890.51635
89,rodilla_izquierda,0,584.06319,753.0434
89,cadera_izquierda,0,699.30325,645.70757
89,hombro_izquierdo,0,679.78455,402.05165
89,punta_izquierda,1,531.59071,921.36403
89,talon_izquierdo,1,623.50834,911.44563
89,tobillo_izquierdo,1,603.78479,890.53039
89,rodilla_izquierda,1,573.68752,753.0098
89,cadera_izquierda,1,692.04712,648.53921
89,hombro_izquierdo,1,676.47623,402.94016
89,punta_izquierda,2,531.79956,921.09263
89,talon_izquierdo,2,624.16197,912.22622
89,tobillo_izquierdo,2,603.0677,889.8949
89,rodilla_izquierda,2,565.0827,752.42471
89,cadera_izquierda,2,675.39671,651.70398
89,hombro_izquierdo,2,658.61401,404.45737
89,punta_izquierda,3,531.8926,920.6894
89,talon_izquierdo,3,624.55896,911.76428
89,tobillo_izquierdo,3,604.51487,888.30237
89,rodilla_izquierda,3,558.53319,750.69327
89,cadera_izquierda,3,662.47753,651.42152
89,hombro_izquierdo,3,645.8289,406.56996
89,punta_izquierda,4,531.98759,920.7017
89,talon_izquierdo,4,620.07545,910.41045
89,tobillo_izquierdo,4,601.39137,888.27913
89,rodilla_izquierda,4,550.52238,750.19148
89,cadera_izquierda,4,653.25708,650.56445
89,hombro_izquierdo,4,631.43131,406.90744
89,punta_izquierda,5,531.99841,920.81126
89,talon_izquierdo,5,620.06887,910.10307
89,tobillo_izquierdo,5,600.32862,888.39591
89,rodilla_izquierda,5,543.50286,753.95872
89,cadera_izquierda,5,635.40344,648.52788
89,hombro_izquierdo,5,618.46327,407.62378
89,punta_izquierda,6,530.2117,920.84087
89,talon_izquierdo,6,620.16941,910.06341
89,tobillo_izquierdo,6,599.82994,888.23195
89,rodilla_izquierda,6,543.14495,754.1286
89,cadera_izquierda,6,619.4561,644.67561
89,hombro_izquierdo,6,604.8995,407.78082
90,punta_izquierda,0,454.37161,915.95181
90,talon_izquierdo,0,540.22877,906.29122
90,tobillo_izquierdo,0,523.89318,884.15572
90,rodilla_izquierda,0,512.71528,755.95872
90,cadera_izquierda,0,613.7594,648.57707
90,hombro_izquierdo,0,586.68692,405.07545
90,punta_izquierda,1,454.72853,914.25281
90,talon_izquierdo,1,540.63097,905.23112
90,tobillo_izquierdo,1,523.46815,883.41813
90,rodilla_izquierda,1,504.11253,755.93021
90,cadera_izquierda,1,600.39682,658.52128
90,hombro_izquierdo,1,576.98519,409.05473
90,punta_izquierda,2,454.72472,913.95264
90,talon_izquierdo,2,540.79096,905.37049
90,tobillo_izquierdo,2,522.9594,883.31256
90,rodilla_izquierda,2,492.47515,755.92937
90,cadera_izquierda,2,583.06452,660.13659
90,hombro_izquierdo,2,562.90712,410.32683
90,punta_izquierda,3,454.83519,913.9545
90,talon_izquierdo,3,540.86237,904.94885
90,tobillo_izquierdo,3,522.78465,883.25115
90,rodilla_izquierda,3,484.71565,756.0493
90,cadera_izquierda,3,569.60506,660.70951
90,hombro_izquierdo,3,546.41796,410.51262
90,punta_izquierda,4,458.29004,911.82253
90,talon_izquierdo,4,540.87616,904.94782
90,tobillo_izquierdo,4,522.71479,883.26074
90,rodilla_izquierda,4,480.14631,756.74671
90,cadera_izquierda,4,556.2018,660.34555
90,hombro_izquierdo,4,527.79505,412.18297
90,punta_izquierda,5,452.86849,911.85717
90,talon_izquierdo,5,538.4828,905.00826
90,tobillo_izquierdo,5,518.59749,883.59921
90,rodilla_izquierda,5,476.33932,758.04402
90,cadera_izquierda,5,544.24816,659.21793
90,hombro_izquierdo,5,515.12718,414.0091
90,punta_izquierda,6,452.73889,911.90557
90,talon_izquierdo,6,538.51198,904.90585
90,tobillo_izquierdo,6,518.76005,883.62966
90,rodilla_izquierda,6,471.2435,758.09443
90,cadera_izquierda,6,539.15125,654.07207
90,hombro_izquierdo,6,500.33112,416.32582
90,punta_izquierda,7,451.76147,911.93506
90,talon_izquierdo,7,537.94161,904.85911
90,tobillo_izquierdo,7,518.65917,883.62947
90,rodilla_izquierda,7,463.52866,757.89906
90,cadera_izquierda,7,522.28374,651.10171
90,hombro_izquierdo,7,491.08921,417.41189
90,punta_izquierda,8,452.16448,911.65613
90,talon_izquierdo,8,537.98412,904.75676
90,tobillo_izquierdo,8,518.63016,883.594
90,rodilla_izquierda,8,456.13664,757.94894
90,cadera_izquierda,8,511.7613,649.80144
90,hombro_izquierdo,8,470.33037,418.1086
91,punta_izquierda,0,407.76598,934.33146
91,talon_izquierdo,0,497.91435,923.65017
91,tobillo_izquierdo,0,476.88904,903.03723
91,rodilla_izquierda,0,448.65008,767.79068
91,cadera_izquierda,0,551.51785,649.96797
91,hombro_izquierdo,0,525.56849,403.59113
91,punta_izquierda,1,407.33505,934.32451
91,talon_izquierdo,1,498.15365,925.13198
91,tobillo_izquierdo,1,477.0306,902.96333
91,rodilla_izquierda,1,441.06005,767.29346
91,cadera_izquierda,1,538.61927,658.93674
91,hombro_izquierdo,1,520.16075,403.66436
91,punta_izquierda,2,407.33545,934.16332
91,talon_izquierdo,2,497.14027,925.20266
91,tobillo_izquierdo,2,476.01188,902.78031
91,rodilla_izquierda,2,429.97845,767.06281
91,cadera_izquierda,2,515.40258,662.68969
91,hombro_izquierdo,2,497.02326,404.12095
91,punta_izquierda,3,408.46158,929.64549
91,talon_izquierdo,3,497.12477,924.3306
91,tobillo_izquierdo,3,475.97488,902.49128
91,rodilla_izquierda,3,423.41326,766.22635
91,cadera_izquierda,3,496.27968,663.55641
91,hombro_izquierdo,3,480.06969,404.50352
91,punta_izquierda,4,408.34291,928.53789
91,talon_izquierdo,4,496.58398,924.03847
91,tobillo_izquierdo,4,475.80411,902.45085
91,rodilla_izquierda,4,419.24189,768.33695
91,cadera_izquierda,4,486.02543,664.1415
91,hombro_izquierdo,4,461.06867,404.72046
91,punta_izquierda,5,408.44481,930.25098
91,talon_izquierdo,5,495.09321,924.04034
91,tobillo_izquierdo,5,475.32063,903.12812
91,rodilla_izquierda,5,408.31787,774.25617
91,cadera_izquierda,5,479.23814,666.12283
91,hombro_izquierdo,5,441.30787,405.93161
91,punta_izquierda,6,404.89471,930.42382
91,talon_izquierdo,6,494.93614,924.05341
91,tobillo_izquierdo,6,474.97985,903.44458
91,rodilla_izquierda,6,403.75171,774.43391
91,cadera_izquierda,6,457.26454,665.83167
91,hombro_izquierdo,6,426.78489,406.59137
91,punta_izquierda,7,402.63422,930.37638
91,talon_izquierdo,7,494.47409,924.01375
91,tobillo_izquierdo,7,473.5716,903.40982
91,rodilla_izquierda,7,398.27062,774.10709
91,cadera_izquierda,7,445.8397,662.39724
91,hombro_izquierdo,7,410.79526,407.24018
91,punta_izquierda,8,400.04107,931.02861
91,talon_izquierdo,8,494.16212,923.48931
91,tobillo_izquierdo,8,471.5556,902.97041
91,rodilla_izquierda,8,392.62221,773.91287
91,cadera_izquierda,8,435.11152,662.04236
91,hombro_izquierdo,8,393.90132,408.68175
91,punta_izquierda,9,400.31977,930.73674
91,talon_izquierdo,9,492.84697,920.19392
91,tobillo_izquierdo,9,467.96496,899.74004
91,rodilla_izquierda,9,388.67846,773.70739
91,cadera_izquierda,9,431.54414,658.39041
91,hombro_izquierdo,9,376.91889,409.39204
92,punta_izquierda,0,393.35315,928.3973
92,talon_izquierdo,0,486.6235,921.35283
92,tobillo_izquierdo,0,469.99446,896.56948
92,rodilla_izquierda,0,468.94587,762.89595
92,cadera_izquierda,0,576.21923,654.41254
92,hombro_izquierdo,0,543.70062,403.15871
92,punta_izquierda,1,399.37263,928.22555
92,talon_izquierdo,1,486.92682,921.79964
92,tobillo_izquierdo,1,470.07623,897.42821
92,rodilla_izquierda,1,463.63961,764.35091
92,cadera_izquierda,1,566.76533,663.15318
92,hombro_izquierdo,1,535.00008,407.42178
92,punta_izquierda,2,404.42785,927.08267
92,talon_izquierdo,2,489.14394,921.79308
92,tobillo_izquierdo,2,470.33618,897.49117
92,rodilla_izquierda,2,448.08929,765.15634
92,cadera_izquierda,2,550.81856,672.3542
92,hombro_izquierdo,2,512.16991,408.72279
92,punta_izquierda,3,404.48072,927.00497
92,talon_izquierdo,3,489.31538,920.49184
92,tobillo_izquierdo,3,470.20108,897.06116
92,rodilla_izquierda,3,433.30753,765.05553
92,cadera_izquierda,3,528.22729,674.07515
92,hombro_izquierdo,3,498.39478,411.18052
92,punta_izquierda,4,404.01332,926.77787
92,talon_izquierdo,4,489.29455,919.94737
92,tobillo_izquierdo,4,470.19424,896.93183
92,rodilla_izquierda,4,425.38642,765.29243
92,cadera_izquierda,4,513.94558,672.47349
92,hombro_izquierdo,4,486.23989,412.90633
92,punta_izquierda,5,404.07037,925.98981
92,talon_izquierdo,5,490.87412,919.53706
92,tobillo_izquierdo,5,470.09866,896.43667
92,rodilla_izquierda,5,419.42697,766.43234
92,cadera_izquierda,5,497.12557,671.02252
92,hombro_izquierdo,5,468.16332,415.13579
92,punta_izquierda,6,401.22851,927.50193
92,talon_izquierdo,6,491.44815,920.74901
92,tobillo_izquierdo,6,468.90012,898.08816
92,rodilla_izquierda,6,405.47962,772.45682
92,cadera_izquierda,6,483.98964,670.50869
92,hombro_izquierdo,6,444.6882,418.61515
92,punta_izquierda,7,399.56263,927.4805
92,talon_izquierdo,7,491.3455,916.49582
92,tobillo_izquierdo,7,468.15382,896.38247
92,rodilla_izquierda,7,398.62988,771.88744
92,cadera_izquierda,7,466.95271,670.09864
92,hombro_izquierdo,7,426.71991,421.04021
92,punta_izquierda,8,398.4662,926.66714
92,talon_izquierdo,8,489.21444,914.82309
92,tobillo_izquierdo,8,466.0883,895.54305
92,rodilla_izquierda,8,392.16737,771.58926
92,cadera_izquierda,8,457.00925,670.20189
92,hombro_izquierdo,8,411.72532,421.36182
92,punta_izquierda,9,397.84324,926.66592
92,talon_izquierdo,9,489.20649,913.23275
92,tobillo_izquierdo,9,464.31802,894.81267
92,rodilla_izquierda,9,379.91535,771.23399
92,cadera_izquierda,9,448.71626,670.14673
92,hombro_izquierdo,9,395.48567,421.53279
92,punta_izquierda,10,395.13565,927.29002
92,talon_izquierdo,10,485.47337,909.91458
92,tobillo_izquierdo,10,457.49634,893.17522
92,rodilla_izquierda,10,363.65433,773.06939
92,cadera_izquierda,10,445.65828,665.59954
92,hombro_izquierdo,10,381.82388,423.91466
93,punta_izquierda,0,362.69062,932.81123
93,talon_izquierdo,0,453.5087,925.07662
93,tobillo_izquierdo,0,435.93515,904.46425
93,rodilla_izquierda,0,418.6223,765.28882
93,cadera_izquierda,0,526.94887,653.44547
93,hombro_izquierdo,0,491.8119,408.54045
93,punta_izquierda,1,364.10276,933.07277
93,talon_izquierdo,1,454.04037,926.07659
93,tobillo_izquierdo,1,435.69961,904.518
93,rodilla_izquierda,1,408.89926,765.29294
93,cadera_izquierda,1,514.79862,661.75216
93,hombro_izquierdo,1,480.50194,411.08505
93,punta_izquierda,2,364.10757,933.10123
93,talon_izquierdo,2,455.23367,926.19857
93,tobillo_izquierdo,2,435.58024,903.89493
93,rodilla_izquierda,2,396.54934,764.15322
93,cadera_izquierda,2,502.54881,666.7842
93,hombro_izquierdo,2,469.54514,412.56698
93,punta_izquierda,3,362.57054,933.10535
93,talon_izquierdo,3,456.82631,926.39066
93,tobillo_izquierdo,3,435.53507,902.94633
93,rodilla_izquierda,3,382.63347,764.19808
93,cadera_izquierda,3,494.6596,674.09356
93,hombro_izquierdo,3,448.3776,416.18591
93,punta_izquierda,4,363.98257,932.90849
93,talon_izquierdo,4,457.46312,925.70103
93,tobillo_izquierdo,4,435.82644,902.88067
93,rodilla_izquierda,4,374.1118,769.34162
93,cadera_izquierda,4,471.9829,672.01316
93,hombro_izquierdo,4,429.58617,416.1767
93,punta_izquierda,5,364.38981,933.45084
93,talon_izquierdo,5,456.47867,924.68845
93,tobillo_izquierdo,5,433.83439,902.67654
93,rodilla_izquierda,5,362.86114,771.83517
93,cadera_izquierda,5,465.69431,670.49228
93,hombro_izquierdo,5,417.72214,417.44353
93,punta_izquierda,6,363.11265,933.90171
93,talon_izquierdo,6,456.48843,926.01402
93,tobillo_izquierdo,6,433.77746,904.15667
93,rodilla_izquierda,6,358.61403,780.10498
93,cadera_izquierda,6,453.82215,669.7133
93,hombro_izquierdo,6,402.40168,421.31441
93,punta_izquierda,7,355.88965,935.21846
93,talon_izquierdo,7,454.74094,925.87278
93,tobillo_izquierdo,7,431.80424,903.97875
93,rodilla_izquierda,7,352.68951,778.52861
93,cadera_izquierda,7,433.3887,666.57988
93,hombro_izquierdo,7,386.25987,422.54847
93,punta_izquierda,8,356.92812,935.48419
93,talon_izquierdo,8,454.62384,925.86763
93,tobillo_izquierdo,8,431.61653,903.79734
93,rodilla_izquierda,8,353.90279,775.64927
93,cadera_izquierda,8,431.91181,660.87662
93,hombro_izquierdo,8,367.47271,424.80272
93,punta_izquierda,9,357.34068,935.66051
93,talon_izquierdo,9,454.7226,925.61973
93,tobillo_izquierdo,9,430.58536,903.67568
93,rodilla_izquierda,9,349.08697,774.44099
93,cadera_izquierda,9,430.90894,654.25
93,hombro_izquierdo,9,354.98491,426.88621
94,punta_izquierda,0,482.49933,940.8267
94,talon_izquierdo,0,574.43035,932.99578
94,tobillo_izquierdo,0,556.79495,908.82507
94,rodilla_izquierda,0,569.0209,763.62497
94,cadera_izquierda,0,695.37169,641.92431
94,hombro_izquierdo,0,665.22165,392.08887
94,punta_izquierda,1,482.52033,940.77314
94,talon_izquierdo,1,575.46644,934.34994
94,tobillo_izquierdo,1,556.89342,910.18154
94,rodilla_izquierda,1,559.06672,763.8701
94,cadera_izquierda,1,679.63377,648.49531
94,hombro_izquierdo,1,659.69685,394.63421
94,punta_izquierda,2,482.40149,941.43258
94,talon_izquierdo,2,575.47194,934.39023
94,tobillo_izquierdo,2,556.87437,910.19988
94,rodilla_izquierda,2,544.23094,763.79492
94,cadera_izquierda,2,664.97944,654.59131
94,hombro_izquierdo,2,644.01518,399.41049
94,punta_izquierda,3,482.24367,939.07427
94,talon_izquierdo,3,575.41769,933.02443
94,tobillo_izquierdo,3,556.51548,908.64965
94,rodilla_izquierda,3,534.23779,763.39445
94,cadera_izquierda,3,645.59704,655.09297
94,hombro_izquierdo,3,624.69549,401.61047
94,punta_izquierda,4,482.3588,938.94952
94,talon_izquierdo,4,576.98439,933.21382
94,tobillo_izquierdo,4,556.85028,908.69355
94,rodilla_izquierda,4,525.99483,762.7692
94,cadera_izquierda,4,625.45675,654.08559
94,hombro_izquierdo,4,607.82564,402.6639
94,punta_izquierda,5,481.83334,940.18445
94,talon_izquierdo,5,576.95234,932.54363
94,tobillo_izquierdo,5,556.37014,908.3621
94,rodilla_izquierda,5,513.77483,763.29847
94,cadera_izquierda,5,620.85234,653.93754
94,hombro_izquierdo,5,592.34922,402.5294
94,punta_izquierda,6,480.24714,939.84906
94,talon_izquierdo,6,576.91298,933.17165
94,tobillo_izquierdo,6,555.39167,908.48904
94,rodilla_izquierda,6,515.48939,762.40987
94,cadera_izquierda,6,601.16049,648.31874
94,hombro_izquierdo,6,577.08086,402.79458
94,punta_izquierda,7,478.57687,940.04502
94,talon_izquierdo,7,577.02536,933.31128
94,tobillo_izquierdo,7,555.0289,908.30094
94,rodilla_izquierda,7,511.65934,762.26342
94,cadera_izquierda,7,595.18593,646.8399
94,hombro_izquierdo,7,556.89394,402.81199
94,punta_izquierda,8,479.5707,940.05171
94,talon_izquierdo,8,577.93739,935.32126
94,tobillo_izquierdo,8,554.94942,909.07419
94,rodilla_izquierda,8,507.85257,762.03727
94,cadera_izquierda,8,588.41429,646.68752
94,hombro_izquierdo,8,542.57526,402.8212
94,punta_izquierda,9,479.34308,939.77626
94,talon_izquierdo,9,578.05899,935.29596
94,tobillo_izquierdo,9,553.62471,908.86749
94,rodilla_izquierda,9,504.73331,764.65681
94,cadera_izquierda,9,587.69022,645.98026
94,hombro_izquierdo,9,529.72034,403.24725
95,punta_izquierda,0,459.47645,914.07572
95,talon_izquierdo,0,543.84172,910.92897
95,tobillo_izquierdo,0,526.05892,887.25631
95,rodilla_izquierda,0,519.53453,755.41715
95,cadera_izquierda,0,619.96685,650.86218
95,hombro_izquierdo,0,594.95207,409.48892
95,punta_izquierda,1,459.43654,914.15239
95,talon_izquierdo,1,543.79406,911.03332
95,tobillo_izquierdo,1,525.42475,887.41628
95,rodilla_izquierda,1,512.07544,755.60338
95,cadera_izquierda,1,607.10169,652.39799
95,hombro_izquierdo,1,585.97006,409.20314
95,punta_izquierda,2,459.66402,913.86599
95,talon_izquierdo,2,544.07661,911.08913
95,tobillo_izquierdo,2,525.1086,887.26532
95,rodilla_izquierda,2,499.61134,755.96059
95,cadera_izquierda,2,590.25524,654.97664
95,hombro_izquierdo,2,566.01969,409.24955
95,punta_izquierda,3,459.99218,912.60499
95,talon_izquierdo,3,544.53575,910.33397
95,tobillo_izquierdo,3,525.01345,887.0834
95,rodilla_izquierda,3,492.95311,756.60181
95,cadera_izquierda,3,573.95988,658.05799
95,hombro_izquierdo,3,550.26621,409.29358
95,punta_izquierda,4,460.01444,911.58365
95,talon_izquierdo,4,543.82313,910.31479
95,tobillo_izquierdo,4,524.05254,887.12383
95,rodilla_izquierda,4,483.75658,758.53628
95,cadera_izquierda,4,560.03334,658.75959
95,hombro_izquierdo,4,532.31449,409.71239
95,punta_izquierda,5,455.71884,913.5543
95,talon_izquierdo,5,542.4884,910.42551
95,tobillo_izquierdo,5,522.30566,888.66582
95,rodilla_izquierda,5,478.31589,760.40941
95,cadera_izquierda,5,564.57642,656.65968
95,hombro_izquierdo,5,518.80543,412.01103
95,punta_izquierda,6,454.64284,913.67165
95,talon_izquierdo,6,542.25529,910.47804
95,tobillo_izquierdo,6,522.16043,889.08779
95,rodilla_izquierda,6,471.6061,764.60537
95,cadera_izquierda,6,542.752075,657.331055
95,hombro_izquierdo,6,501.21878,417.7382
95,punta_izquierda,7,453.8996,913.67467
95,talon_izquierdo,7,541.37152,910.5381
95,tobillo_izquierdo,7,521.58691,889.06873
95,rodilla_izquierda,7,464.85618,764.26677
95,cadera_izquierda,7,520.92773,658.00243
95,hombro_izquierdo,7,487.775,418.98092
95,punta_izquierda,8,454.06734,913.80226
95,talon_izquierdo,8,540.94425,911.40565
95,tobillo_izquierdo,8,521.4826,889.89753
95,rodilla_izquierda,8,459.97238,765.32519
95,cadera_izquierda,8,513.07337,656.69064
95,hombro_izquierdo,8,476.57633,420.27601
96,punta_izquierda,0,438.17671,921.78014
96,talon_izquierdo,0,528.08727,914.03967
96,tobillo_izquierdo,0,510.33754,892.84312
96,rodilla_izquierda,0,496.60263,760.3601
96,cadera_izquierda,0,607.48667,643.45639
96,hombro_izquierdo,0,583.3382,402.19392
96,punta_izquierda,1,439.19249,921.43291
96,talon_izquierdo,1,527.96963,913.70944
96,tobillo_izquierdo,1,509.9691,891.7733
96,rodilla_izquierda,1,487.98157,760.61547
96,cadera_izquierda,1,600.65472,655.40492
96,hombro_izquierdo,1,575.01017,403.47607
96,punta_izquierda,2,440.01763,921.42074
96,talon_izquierdo,2,529.45478,915.43006
96,tobillo_izquierdo,2,510.07845,891.78212
96,rodilla_izquierda,2,474.6306,760.5818
96,cadera_izquierda,2,573.54424,664.14742
96,hombro_izquierdo,2,556.66288,407.06274
96,punta_izquierda,3,440.10756,920.69886
96,talon_izquierdo,3,529.46148,914.00253
96,tobillo_izquierdo,3,510.06409,891.2363
96,rodilla_izquierda,3,462.38254,760.5838
96,cadera_izquierda,3,553.59861,667.89657
96,hombro_izquierdo,3,542.87785,409.87169
96,punta_izquierda,4,442.31283,914.13436
96,talon_izquierdo,4,530.11894,913.87075
96,tobillo_izquierdo,4,509.96761,890.76702
96,rodilla_izquierda,4,457.14892,761.57186
96,cadera_izquierda,4,539.79681,664.61316
96,hombro_izquierdo,4,531.72735,409.97607
96,punta_izquierda,5,442.03294,914.62051
96,talon_izquierdo,5,529.29285,913.75108
96,tobillo_izquierdo,5,508.72936,890.76026
96,rodilla_izquierda,5,446.79846,763.67203
96,cadera_izquierda,5,530.32866,663.13773
96,hombro_izquierdo,5,513.76911,410.55018
96,punta_izquierda,6,441.98916,917.81927
96,talon_izquierdo,6,528.53354,913.74787
96,tobillo_izquierdo,6,507.93148,891.39781
96,rodilla_izquierda,6,449.56638,764.75285
96,cadera_izquierda,6,526.46519,662.80318
96,hombro_izquierdo,6,494.74617,412.90301
96,punta_izquierda,7,436.71862,918.31513
96,talon_izquierdo,7,528.38951,913.65768
96,tobillo_izquierdo,7,506.99873,891.58057
96,rodilla_izquierda,7,436.97528,764.73489
96,cadera_izquierda,7,506.83971,661.81641
96,hombro_izquierdo,7,483.8102,412.86513
96,punta_izquierda,8,433.67792,918.68457
96,talon_izquierdo,8,527.53378,912.4324
96,tobillo_izquierdo,8,505.38311,890.97527
96,rodilla_izquierda,8,434.4348,764.56662
96,cadera_izquierda,8,495.30619,661.20209
96,hombro_izquierdo,8,464.67808,414.44751
96,punta_izquierda,9,433.27821,918.70845
96,talon_izquierdo,9,527.22467,911.22959
96,tobillo_izquierdo,9,504.19773,889.76892
96,rodilla_izquierda,9,431.82492,764.50978
96,cadera_izquierda,9,490.37699,659.33759
96,hombro_izquierdo,9,448.63661,415.53152
97,punta_izquierda,0,277.09019,920.94445
97,talon_izquierdo,0,365.85663,916.19964
97,tobillo_izquierdo,0,347.32698,894.86578
97,rodilla_izquierda,0,329.08682,757.55569
97,cadera_izquierda,0,424.84783,653.1724
97,hombro_izquierdo,0,394.3396,414.12616
97,punta_izquierda,1,277.07271,921.00573
97,talon_izquierdo,1,365.8485,913.83876
97,tobillo_izquierdo,1,346.47992,892.35613
97,rodilla_izquierda,1,319.98628,757.96349
97,cadera_izquierda,1,413.98152,660.6116
97,hombro_izquierdo,1,383.80969,415.01258
97,punta_izquierda,2,276.65236,921.45422
97,talon_izquierdo,2,368.18313,914.32439
97,tobillo_izquierdo,2,346.51217,892.34609
97,rodilla_izquierda,2,304.64318,759.02771
97,cadera_izquierda,2,386.89376,664.92588
97,hombro_izquierdo,2,365.72525,416.7885
97,punta_izquierda,3,280.24449,919.39286
97,talon_izquierdo,3,368.35361,914.36379
97,tobillo_izquierdo,3,346.47932,892.37448
97,rodilla_izquierda,3,292.01526,759.3143
97,cadera_izquierda,3,368.8464,668.40704
97,hombro_izquierdo,3,350.29037,418.57936
97,punta_izquierda,4,280.2206,918.88709
97,talon_izquierdo,4,368.384,914.20517
97,tobillo_izquierdo,4,345.85276,892.10379
97,rodilla_izquierda,4,286.80797,759.64092
97,cadera_izquierda,4,350.01766,667.35802
97,hombro_izquierdo,4,334.02008,419.59214
97,punta_izquierda,5,282.60198,918.91605
97,talon_izquierdo,5,365.89422,913.90056
97,tobillo_izquierdo,5,344.69562,891.4235
97,rodilla_izquierda,5,283.02135,766.00291
97,cadera_izquierda,5,344.59817,667.23024
97,hombro_izquierdo,5,316.04467,421.15199
97,punta_izquierda,6,278.41121,920.66339
97,talon_izquierdo,6,366.2435,915.85859
97,tobillo_izquierdo,6,344.61313,893.13601
97,rodilla_izquierda,6,272.90422,775.0188
97,cadera_izquierda,6,332.53326,666.62681
97,hombro_izquierdo,6,298.44618,422.44502
97,punta_izquierda,7,276.25116,920.65966
97,talon_izquierdo,7,365.9501,915.95039
97,tobillo_izquierdo,7,343.86415,893.22317
97,rodilla_izquierda,7,264.81231,773.01365
97,cadera_izquierda,7,306.44471,666.42423
97,hombro_izquierdo,7,282.02777,422.7225
98,punta_izquierda,0,413.1223,931.10148
98,talon_izquierdo,0,506.4842,924.43269
98,tobillo_izquierdo,0,488.55984,900.06332
98,rodilla_izquierda,0,489.8687,763.68613
98,cadera_izquierda,0,594.22205,643.71072
98,hombro_izquierdo,0,564.90475,395.9338
98,punta_izquierda,1,416.4,930.3075
98,talon_izquierdo,1,506.51876,924.03429
98,tobillo_izquierdo,1,488.49443,900.09113
98,rodilla_izquierda,1,480.18436,763.71451
98,cadera_izquierda,1,584.99599,655.0546
98,hombro_izquierdo,1,561.81501,400.42247
98,punta_izquierda,2,417.33819,929.64356
98,talon_izquierdo,2,507.36202,924.54219
98,tobillo_izquierdo,2,488.58175,900.01569
98,rodilla_izquierda,2,464.87583,763.70273
98,cadera_izquierda,2,567.80405,662.75387
98,hombro_izquierdo,2,541.3793,404.52898
98,punta_izquierda,3,416.45245,930.05922
98,talon_izquierdo,3,507.49477,924.69012
98,tobillo_izquierdo,3,487.73558,899.83827
98,rodilla_izquierda,3,452.26258,761.40854
98,cadera_izquierda,3,549.00822,664.80048
98,hombro_izquierdo,3,525.42034,405.69616
98,punta_izquierda,4,418.47619,928.09829
98,talon_izquierdo,4,508.55947,923.50945
98,tobillo_izquierdo,4,488.41227,899.56861
98,rodilla_izquierda,4,447.49194,761.36329
98,cadera_izquierda,4,531.05982,662.38624
98,hombro_izquierdo,4,507.58741,406.88504
98,punta_izquierda,5,417.8585,927.38053
98,talon_izquierdo,5,506.45657,921.98246
98,tobillo_izquierdo,5,486.08814,899.38039
98,rodilla_izquierda,5,438.93193,766.1359
98,cadera_izquierda,5,517.09871,661.0774
98,hombro_izquierdo,5,493.36344,408.24694
98,punta_izquierda,6,410.86627,927.67098
98,talon_izquierdo,6,506.10277,922.11765
98,tobillo_izquierdo,6,484.36031,899.55902
98,rodilla_izquierda,6,435.96485,766.52845
98,cadera_izquierda,6,508.72118,655.59488
98,hombro_izquierdo,6,477.58753,409.25609
98,punta_izquierda,7,409.29259,929.00221
98,talon_izquierdo,7,505.61377,922.12968
98,tobillo_izquierdo,7,483.12178,899.77731
98,rodilla_izquierda,7,429.93236,766.64419
98,cadera_izquierda,7,493.02303,654.5774
98,hombro_izquierdo,7,458.08136,412.62267
98,punta_izquierda,8,409.719,929.96163
98,talon_izquierdo,8,505.50882,922.9404
98,tobillo_izquierdo,8,482.85324,899.96831
98,rodilla_izquierda,8,426.11295,766.57197
98,cadera_izquierda,8,495.36701,651.01365
98,hombro_izquierdo,8,444.49679,413.13421
98,punta_izquierda,9,411.45879,929.23119
98,talon_izquierdo,9,504.76187,921.72066
98,tobillo_izquierdo,9,482.66876,899.58825
98,rodilla_izquierda,9,424.33359,767.25451
98,cadera_izquierda,9,492.22372,647.75032
98,hombro_izquierdo,9,432.09821,414.30316
99,punta_izquierda,0,399.35274,912.87291
99,talon_izquierdo,0,486.5843,906.20425
99,tobillo_izquierdo,0,467.59709,886.25949
99,rodilla_izquierda,0,457.51885,750.13786
99,cadera_izquierda,0,566.56328,647.92979
99,hombro_izquierdo,0,542.42489,417.29274
99,punta_izquierda,1,402.17302,912.75002
99,talon_izquierdo,1,486.64948,906.22079
99,tobillo_izquierdo,1,467.63163,886.03393
99,rodilla_izquierda,1,446.48475,751.46349
99,cadera_izquierda,1,549.48601,655.67644
99,hombro_izquierdo,1,530.10561,418.19338
99,punta_izquierda,2,401.54657,912.88862
99,talon_izquierdo,2,486.73674,906.80517
99,tobillo_izquierdo,2,467.484,885.9198
99,rodilla_izquierda,2,434.01618,751.47373
99,cadera_izquierda,2,530.74677,659.99336
99,hombro_izquierdo,2,513.16887,419.64753
99,punta_izquierda,3,401.77125,912.93825
99,talon_izquierdo,3,488.61454,907.31121
99,tobillo_izquierdo,3,468.05457,885.88697
99,rodilla_izquierda,3,423.85437,751.4091
99,cadera_izquierda,3,511.29381,659.6247
99,hombro_izquierdo,3,499.60184,421.81578
99,punta_izquierda,4,401.91422,910.9
99,talon_izquierdo,4,488.6245,906.32604
99,tobillo_izquierdo,4,468.33521,884.50861
99,rodilla_izquierda,4,417.11271,752.13947
99,cadera_izquierda,4,495.76326,659.27683
99,hombro_izquierdo,4,481.53843,423.55333
99,punta_izquierda,5,400.49066,912.41882
99,talon_izquierdo,5,489.14669,909.29686
99,tobillo_izquierdo,5,467.74312,885.94001
99,rodilla_izquierda,5,409.82869,756.58276
99,cadera_izquierda,5,487.17739,660.48356
99,hombro_izquierdo,5,462.59219,426.1699
99,punta_izquierda,6,399.20076,911.78339
99,talon_izquierdo,6,488.85704,909.24523
99,tobillo_izquierdo,6,467.09378,885.99022
99,rodilla_izquierda,6,398.16238,757.42746
99,cadera_izquierda,6,465.09267,663.62664
99,hombro_izquierdo,6,449.24254,429.64302
99,punta_izquierda,7,397.00255,911.31257
99,talon_izquierdo,7,487.09929,908.77672
99,tobillo_izquierdo,7,465.44778,885.73936
99,rodilla_izquierda,7,393.15599,757.16675
99,cadera_izquierda,7,451.09597,663.83695
99,hombro_izquierdo,7,432.43475,433.84822
99,punta_izquierda,8,394.74335,911.17166
99,talon_izquierdo,8,484.5476,906.88139
99,tobillo_izquierdo,8,462.90719,885.0657
99,rodilla_izquierda,8,384.84853,759.06762
99,cadera_izquierda,8,451.34534,664.91687
99,hombro_izquierdo,8,417.2824,435.8163
99,punta_izquierda,9,394.86689,911.3613
99,talon_izquierdo,9,482.59157,903.29575
99,tobillo_izquierdo,9,459.62259,883.67543
99,rodilla_izquierda,9,375.02466,765.56852
99,cadera_izquierda,9,445.51586,664.3892
99,hombro_izquierdo,9,401.88003,440.07621
