archivo,marcador,frame,X (px),Y (px)
1,talon_izquierdo,0,967.32182,793.51877
1,cadera_izquierda,0,895.57108,699.11078
1,cadera_derecha,0,918.70548,694.60435
1,hombro_izquierdo,0,867.62707,603.84439
1,hombro_derecho,0,928.9924,601.50732
1,rodilla_izquierda,0,918.54418,734.57246
1,tobillo_izquierdo,0,959.77415,782.49837
1,talon_izquierdo,1,971.54663,794.86996
1,cadera_izquierda,1,896.7318,696.14602
1,cadera_derecha,1,919.65414,690.87149
1,hombro_izquierdo,1,872.81839,603.68686
1,hombro_derecho,1,931.49546,602.64112
1,rodilla_izquierda,1,923.51091,735.29145
1,tobillo_izquierdo,1,965.67123,784.37812
1,talon_izquierdo,2,974.56524,791.69907
1,cadera_izquierda,2,903.58183,696.36418
1,cadera_derecha,2,926.28662,693.65472
1,hombro_izquierdo,2,878.45009,606.13349
1,hombro_derecho,2,936.8288,606.5982
1,rodilla_izquierda,2,928.6124,734.82442
1,tobillo_izquierdo,2,968.77087,783.74881
1,talon_izquierdo,3,975.5876125,784.02894625
1,cadera_izquierda,3,902.80661,696.50645
1,cadera_derecha,3,929.28102,694.79837
1,hombro_izquierdo,3,881.60105,609.27689
1,hombro_derecho,3,938.70667,609.1766
1,rodilla_izquierda,3,929.71298,720.0741800000001
1,tobillo_izquierdo,3,970.1539874999999,775.0276112500001
1,talon_izquierdo,4,976.609985,776.3588225000001
1,cadera_izquierda,4,906.36881,698.80591
1,cadera_derecha,4,933.82719,695.3158
1,hombro_izquierdo,4,886.71844,610.12507
1,hombro_derecho,4,939.7403,613.70401
1,rodilla_izquierda,4,938.79676,732.0223900000001
1,tobillo_izquierdo,4,971.5371049999999,766.3064125000001
1,talon_izquierdo,5,981.711119375,782.5871740625
1,cadera_izquierda,5,910.76603,705.9723
1,cadera_derecha,5,935.35933,697.05832
1,hombro_izquierdo,5,892.06793,613.50832
1,hombro_derecho,5,941.4691,619.58262
1,rodilla_izquierda,5,943.72809,738.72829
1,tobillo_izquierdo,5,976.3498143749999,772.9429865625
1,talon_izquierdo,6,986.81225375,788.815525625
1,cadera_izquierda,6,912.41615,708.00179
1,cadera_derecha,6,937.56598,698.57436
1,hombro_izquierdo,6,894.39531,613.74534
1,hombro_derecho,6,943.52486,621.44307
1,rodilla_izquierda,6,948.65942,745.43419
1,tobillo_izquierdo,6,981.16252375,779.579560625
1,talon_izquierdo,7,990.90717,793.3225
1,cadera_izquierda,7,912.12965,707.76355
1,cadera_derecha,7,938.04085,699.09952
1,hombro_izquierdo,7,895.71659,612.80247
1,hombro_derecho,7,944.44439,622.06098
1,rodilla_izquierda,7,949.50405,744.32794
1,tobillo_izquierdo,7,984.93748,784.39267
1,talon_izquierdo,8,994.69048,790.84684
1,cadera_izquierda,8,912.62094,706.67964
1,cadera_derecha,8,937.83377,699.00154
1,hombro_izquierdo,8,899.85558,611.96099
1,hombro_derecho,8,945.63709,622.10752
1,rodilla_izquierda,8,951.37693,742.21592
1,tobillo_izquierdo,8,989.68769,781.52125
1,talon_izquierdo,9,992.40784,790.98878
1,cadera_izquierda,9,912.23843,704.66367
1,cadera_derecha,9,938.08691,697.00559
1,hombro_izquierdo,9,905.67747,611.6527
1,hombro_derecho,9,947.40618,621.81553
1,rodilla_izquierda,9,952.48369,741.35564
1,tobillo_izquierdo,9,988.42518,781.73574
1,talon_izquierdo,10,990.36015,791.95199
1,cadera_izquierda,10,911.81517,701.33159
1,cadera_derecha,10,937.47751,696.16855
1,hombro_izquierdo,10,907.29189,611.47523
1,hombro_derecho,10,948.91439,621.1279
1,rodilla_izquierda,10,951.26987,740.50637
1,tobillo_izquierdo,10,986.97121,782.45195
1,talon_izquierdo,11,988.51192,793.44976
1,cadera_izquierda,11,911.30482,698.66191
1,cadera_derecha,11,936.83807,693.85119
1,hombro_izquierdo,11,909.63209,612.48241
1,hombro_derecho,11,948.40742,620.50142
1,rodilla_izquierda,11,949.74575,739.9984
1,tobillo_izquierdo,11,985.2808,783.97476
1,talon_izquierdo,12,987.89028,793.83877
1,cadera_izquierda,12,910.9845,698.16463
1,cadera_derecha,12,936.45367,693.72115
1,hombro_izquierdo,12,911.96142,613.13444
1,hombro_derecho,12,949.46234,619.9648
1,rodilla_izquierda,12,950.36041,741.01054
1,tobillo_izquierdo,12,984.85016,784.33776
1,talon_izquierdo,13,991.1031,793.1859
1,cadera_izquierda,13,910.81158,697.78991
1,cadera_derecha,13,935.72594,693.57754
1,hombro_izquierdo,13,911.92308,615.03679
1,hombro_derecho,13,950.20191,619.6367
1,rodilla_izquierda,13,950.37964,740.64625
1,tobillo_izquierdo,13,985.61703,783.79574
1,talon_izquierdo,14,991.34972,791.44519
1,cadera_izquierda,14,910.767,695.03668
1,cadera_derecha,14,933.41972,691.1649
1,hombro_izquierdo,14,915.08595,614.58496
1,hombro_derecho,14,949.52871,619.04994
1,rodilla_izquierda,14,950.23647,736.69079
1,tobillo_izquierdo,14,985.02113,782.7529
1,talon_izquierdo,15,990.38921,787.03106
1,cadera_izquierda,15,910.61617,692.78311
1,cadera_derecha,15,932.93283,689.13619
1,hombro_izquierdo,15,916.74391,614.27996
1,hombro_derecho,15,949.44849,617.72379
1,rodilla_izquierda,15,950.12976,733.73703
1,tobillo_izquierdo,15,984.50329,778.48149
1,talon_izquierdo,16,986.28925,778.6656
1,cadera_izquierda,16,910.53806,688.60408
1,cadera_derecha,16,932.31388,685.19315
1,hombro_izquierdo,16,919.21383,614.24764
1,hombro_derecho,16,949.69139,615.11958
1,rodilla_izquierda,16,949.76068,729.45886
1,tobillo_izquierdo,16,981.27148,769.67159
1,talon_izquierdo,17,978.57319,776.39284
1,cadera_izquierda,17,910.48983,687.08945
1,cadera_derecha,17,931.60395,684.64327
1,hombro_izquierdo,17,923.43967,612.31703
1,hombro_derecho,17,949.42331,613.51688
1,rodilla_izquierda,17,947.49475,728.00255
1,tobillo_izquierdo,17,974.38271,769.359
1,talon_izquierdo,18,980.24368,778.8228
1,cadera_izquierda,18,909.41425,685.90453
1,cadera_derecha,18,931.26469,683.49872
1,hombro_izquierdo,18,920.52372,612.24699
1,hombro_derecho,18,950.86447,613.25179
1,rodilla_izquierda,18,942.2331,728.85878
1,tobillo_izquierdo,18,975.22442,771.10666
1,talon_izquierdo,19,979.40884,781.26137
1,cadera_izquierda,19,907.23879,682.24814
1,cadera_derecha,19,930.12886,680.22587
1,hombro_izquierdo,19,919.06494,612.08439
1,hombro_derecho,19,952.01569,612.31491
1,rodilla_izquierda,19,939.63198,728.14366
1,tobillo_izquierdo,19,971.21395,772.34932
1,talon_izquierdo,20,976.16993,782.90855
1,cadera_izquierda,20,906.9504,680.68916
1,cadera_derecha,20,927.48213,678.17121
1,hombro_izquierdo,20,919.70203,610.28484
1,hombro_derecho,20,951.57921,611.08236
1,rodilla_izquierda,20,938.84937,728.75945
1,tobillo_izquierdo,20,967.11411,772.48186
1,talon_izquierdo,21,968.98968,781.57075
1,cadera_izquierda,21,905.96827,677.55664
1,cadera_derecha,21,924.61521,675.24661
1,hombro_izquierdo,21,920.73509,607.57416
1,hombro_derecho,21,951.08654,609.28275
1,rodilla_izquierda,21,932.77777,725.28479
1,tobillo_izquierdo,21,961.4358649999999,769.616585
1,talon_izquierdo,22,967.0548249999999,781.09185
1,cadera_izquierda,22,903.76717,676.53118
1,cadera_derecha,22,923.93269,675.88552
1,hombro_izquierdo,22,918.70697,606.1116
1,hombro_derecho,22,950.9955,609.45694
1,rodilla_izquierda,22,931.04227,725.96199
1,tobillo_izquierdo,22,960.7910625,769.9606425
1,talon_izquierdo,23,965.11997,780.61295
1,cadera_izquierda,23,901.9721,673.84315
1,cadera_derecha,23,922.30173,674.27329
1,hombro_izquierdo,23,915.57718,605.25956
1,hombro_derecho,23,950.76445,608.77529
1,rodilla_izquierda,23,928.45711,725.4996
1,tobillo_izquierdo,23,960.14626,770.3047
1,talon_izquierdo,24,960.20863,780.24988
1,cadera_izquierda,24,899.87577,671.77626
1,cadera_derecha,24,920.81818,672.04579
1,hombro_izquierdo,24,913.63438,604.61358
1,hombro_derecho,24,949.31236,608.10897
1,rodilla_izquierda,24,924.08043,726.00171
1,tobillo_izquierdo,24,956.2088,770.50664
1,talon_izquierdo,25,958.20471,776.75694
1,cadera_izquierda,25,900.23735,672.431
1,cadera_derecha,25,920.94698,672.21246
1,hombro_izquierdo,25,914.50006,602.22579
1,hombro_derecho,25,947.70041,606.87552
1,rodilla_izquierda,25,917.61984,724.41665
1,tobillo_izquierdo,25,951.04374,769.91267
1,talon_izquierdo,26,951.86245,773.55386
1,cadera_izquierda,26,899.60529,672.52962
1,cadera_derecha,26,921.51203,672.69493
1,hombro_izquierdo,26,914.21293,600.87801
1,hombro_derecho,26,947.62081,607.10095
1,rodilla_izquierda,26,912.18933,724.65902
1,tobillo_izquierdo,26,946.39029,769.29121
2,talon_izquierdo,0,990.84011,787.00165
2,cadera_izquierda,0,924.07127,677.87026
2,cadera_derecha,0,947.12923,675.25093
2,hombro_izquierdo,0,897.95231,603.76997
2,hombro_derecho,0,953.88388,594.63505
2,rodilla_izquierda,0,945.96903,719.94987
2,tobillo_izquierdo,0,983.28403,776.27845
2,talon_izquierdo,1,995.5933,787.24395
2,cadera_izquierda,1,924.98388,685.69976
2,cadera_derecha,1,951.79029,681.02029
2,hombro_izquierdo,1,900.36089,605.87259
2,hombro_derecho,1,958.83471,598.6901
2,rodilla_izquierda,1,947.25849,720.07572
2,tobillo_izquierdo,1,988.95973,777.30694
2,talon_izquierdo,2,1002.7985,788.44225
2,cadera_izquierda,2,932.0276349999999,691.68558
2,cadera_derecha,2,956.14237,689.0048
2,hombro_izquierdo,2,902.80249,610.2345
2,hombro_derecho,2,960.93407,604.07754
2,rodilla_izquierda,2,956.21944,724.15504
2,tobillo_izquierdo,2,997.34024,780.30106
2,talon_izquierdo,3,1010.11173,788.74937
2,cadera_izquierda,3,939.07139,697.6714
2,cadera_derecha,3,962.07642,692.53521
2,hombro_izquierdo,3,906.58167,612.76095
2,hombro_derecho,3,965.05268,609.69222
2,rodilla_izquierda,3,963.79429,731.23067
2,tobillo_izquierdo,3,1001.85436,780.25091
2,talon_izquierdo,4,1006.1929299999999,775.12511
2,cadera_izquierda,4,941.67206,696.55389
2,cadera_derecha,4,964.27322,690.0031
2,hombro_izquierdo,4,911.54835,615.12962
2,hombro_derecho,4,966.87824,612.83273
2,rodilla_izquierda,4,966.43318,729.46723
2,tobillo_izquierdo,4,999.265535,769.141125
2,talon_izquierdo,5,1009.2594899999999,774.4660125
2,cadera_izquierda,5,945.23146,696.36444
2,cadera_derecha,5,962.45956,690.16937
2,hombro_izquierdo,5,917.35909,617.02888
2,hombro_derecho,5,968.26824,615.73666
2,rodilla_izquierda,5,979.35024,736.68963
2,tobillo_izquierdo,5,1002.5045574999999,768.8739774999999
2,talon_izquierdo,6,1015.81873,780.28949625
2,cadera_izquierda,6,946.29055,701.92266
2,cadera_derecha,6,969.06143,692.17459
2,hombro_izquierdo,6,919.95312,618.24559
2,hombro_derecho,6,970.00053,618.19564
2,rodilla_izquierda,6,978.88527,741.92438
2,tobillo_izquierdo,6,1008.6575037499999,774.0281487499999
2,talon_izquierdo,7,1021.23622,784.217878125
2,cadera_izquierda,7,947.1385,703.36533
2,cadera_derecha,7,969.98165,694.26137
2,hombro_izquierdo,7,923.6138,618.73155
2,hombro_derecho,7,974.25316,621.74794
2,rodilla_izquierda,7,978.08224,742.07018
2,tobillo_izquierdo,7,1013.5729268749999,777.402009375
2,talon_izquierdo,8,1026.65371,788.14626
2,cadera_izquierda,8,946.52452,703.39095
2,cadera_derecha,8,970.33722,695.37644
2,hombro_izquierdo,8,925.27754,618.72234
2,hombro_derecho,8,977.00489,621.91299
2,rodilla_izquierda,8,977.05364,740.96599
2,tobillo_izquierdo,8,1018.48835,780.77587
2,talon_izquierdo,9,1027.62234,788.9058
2,cadera_izquierda,9,946.60046,702.71085
2,cadera_derecha,9,971.03897,694.82489
2,hombro_izquierdo,9,926.90884,619.01878
2,hombro_derecho,9,975.83473,621.52237
2,rodilla_izquierda,9,984.38644,742.31184
2,tobillo_izquierdo,9,1021.25805,781.04012
2,talon_izquierdo,10,1027.19273,788.42307
2,cadera_izquierda,10,946.90744,702.5109
2,cadera_derecha,10,971.53816,695.21268
2,hombro_izquierdo,10,929.81575,618.54422
2,hombro_derecho,10,976.96037,623.29965
2,rodilla_izquierda,10,985.7143,740.19467
2,tobillo_izquierdo,10,1021.08753,780.47358
2,talon_izquierdo,11,1027.23988,789.45806
2,cadera_izquierda,11,947.50923,704.98534
2,cadera_derecha,11,972.60178,696.83417
2,hombro_izquierdo,11,932.49035,618.15695
2,hombro_derecho,11,976.57162,622.77964
2,rodilla_izquierda,11,988.17707,741.23597
2,tobillo_izquierdo,11,1021.28792,780.9379
2,talon_izquierdo,12,1027.63802,789.2238
2,cadera_izquierda,12,947.16757,704.29983
2,cadera_derecha,12,973.33969,696.48224
2,hombro_izquierdo,12,934.12188,618.59488
2,hombro_derecho,12,979.92771,622.58801
2,rodilla_izquierda,12,988.797,741.44267
2,tobillo_izquierdo,12,1021.94481,780.86883
2,talon_izquierdo,13,1026.34197,789.27343
2,cadera_izquierda,13,946.9816,703.88218
2,cadera_derecha,13,972.17308,696.18896
2,hombro_izquierdo,13,935.12472,618.96734
2,hombro_derecho,13,979.14883,621.59634
2,rodilla_izquierda,13,987.14207,742.51416
2,tobillo_izquierdo,13,1021.70391,781.30032
2,talon_izquierdo,14,1026.52588,789.05952
2,cadera_izquierda,14,945.86775,700.725
2,cadera_derecha,14,970.868,694.64059
2,hombro_izquierdo,14,935.97239,618.70593
2,hombro_derecho,14,979.19941,621.07408
2,rodilla_izquierda,14,985.66017,742.14273
2,tobillo_izquierdo,14,1021.22452,781.05937
2,talon_izquierdo,15,1025.58151,788.42725
2,cadera_izquierda,15,944.50996,697.83324
2,cadera_derecha,15,969.39571,693.05135
2,hombro_izquierdo,15,937.51471,618.54879
2,hombro_derecho,15,978.85323,620.82464
2,rodilla_izquierda,15,984.43588,741.88923
2,tobillo_izquierdo,15,1020.15827,780.39202
2,talon_izquierdo,16,1025.02007,779.40666
2,cadera_izquierda,16,943.63438,696.39521
2,cadera_derecha,16,968.27888,692.0716
2,hombro_izquierdo,16,939.49791,618.46163
2,hombro_derecho,16,979.1264,620.63506
2,rodilla_izquierda,16,983.85452,741.59427
2,tobillo_izquierdo,16,1019.40296,773.33371
2,talon_izquierdo,17,1021.8327750000001,778.6573599999999
2,cadera_izquierda,17,942.40505,694.73863
2,cadera_derecha,17,966.6433,691.24826
2,hombro_izquierdo,17,941.145,618.01997
2,hombro_derecho,17,978.90129,620.6077
2,rodilla_izquierda,17,976.9051,735.93987
2,tobillo_izquierdo,17,1014.770395,771.0716749999999
2,talon_izquierdo,18,1021.8327750000001,778.6573599999999
2,cadera_izquierda,18,941.28233,689.85388
2,cadera_derecha,18,964.18842,685.84878
2,hombro_izquierdo,18,940.88768,617.51387
2,hombro_derecho,18,977.425,619.2905
2,rodilla_izquierda,18,974.12865,735.22727
2,tobillo_izquierdo,18,1010.13783,768.80964
5,talon_izquierdo,0,982.43134,793.07736
5,cadera_izquierda,0,912.02219,692.48487
5,cadera_derecha,0,936.65594,690.01771
5,hombro_izquierdo,0,880.25768,601.65203
5,hombro_derecho,0,943.4733,597.14618
5,rodilla_izquierda,0,937.61965,726.82466
5,tobillo_izquierdo,0,975.63835,782.66059
5,talon_izquierdo,1,986.8483,793.27904
5,cadera_izquierda,1,913.42649,694.76921
5,cadera_derecha,1,937.42876,692.24675
5,hombro_izquierdo,1,885.7893,603.70508
5,hombro_derecho,1,946.80359,600.45836
5,rodilla_izquierda,1,942.58793,727.96425
5,tobillo_izquierdo,1,982.27009,784.87772
5,talon_izquierdo,2,993.96057,794.47374
5,cadera_izquierda,2,921.05352,697.65698
5,cadera_derecha,2,942.08279,694.15046
5,hombro_izquierdo,2,889.27723,607.58903
5,hombro_derecho,2,952.64402,607.11698
5,rodilla_izquierda,2,953.36586,736.02568
5,tobillo_izquierdo,2,986.84212,785.84248
5,talon_izquierdo,3,997.48666625,788.68849875
5,cadera_izquierda,3,924.43228,702.23938
5,cadera_derecha,3,950.78121,697.92445
5,hombro_izquierdo,3,894.09473,611.28307
5,hombro_derecho,3,954.564,610.45903
5,rodilla_izquierda,3,955.36566,723.45936
5,tobillo_izquierdo,3,990.27604875,780.0117975000001
5,talon_izquierdo,4,1001.0127625,782.9032575
5,cadera_izquierda,4,928.10995,704.54638
5,cadera_derecha,4,953.01704,698.5902
5,hombro_izquierdo,4,899.08945,614.29837
5,hombro_derecho,4,956.90094,614.37536
5,rodilla_izquierda,4,960.13184,736.76044
5,tobillo_izquierdo,4,993.7099774999999,774.181115
5,talon_izquierdo,5,1005.6982612500001,788.85100875
5,cadera_izquierda,5,930.97561,706.01737
5,cadera_derecha,5,957.66254,698.2131
5,hombro_izquierdo,5,902.37803,616.02131
5,hombro_derecho,5,957.83478,616.06522
5,rodilla_izquierda,5,961.20495,741.19117
5,tobillo_izquierdo,5,998.13127375,780.5679175
5,talon_izquierdo,6,1010.38376,794.79876
5,cadera_izquierda,6,931.94704,705.64111
5,cadera_derecha,6,959.03395,698.09279
5,hombro_izquierdo,6,907.24365,617.99538
5,hombro_derecho,6,959.18026,617.48554
5,rodilla_izquierda,6,965.65109,742.12734
5,tobillo_izquierdo,6,1002.55257,786.95472
5,talon_izquierdo,7,1012.38167,797.58496
5,cadera_izquierda,7,932.53893,705.08917
5,cadera_derecha,7,958.14354,697.79622
5,hombro_izquierdo,7,907.65472,618.10468
5,hombro_derecho,7,958.37917,616.88823
5,rodilla_izquierda,7,974.20326,749.73868
5,tobillo_izquierdo,7,1005.38933,789.09383
5,talon_izquierdo,8,1012.42836,794.74482
5,cadera_izquierda,8,932.84489,704.43752
5,cadera_derecha,8,958.83059,697.5079
5,hombro_izquierdo,8,908.16845,616.687
5,hombro_derecho,8,958.1741,616.07539
5,rodilla_izquierda,8,978.94718,746.30181
5,tobillo_izquierdo,8,1008.76705,786.26457
5,talon_izquierdo,9,1014.07516,795.76552
5,cadera_izquierda,9,934.09584,704.04221
5,cadera_derecha,9,959.93002,697.41423
5,hombro_izquierdo,9,909.71312,615.93216
5,hombro_derecho,9,959.08899,616.5408
5,rodilla_izquierda,9,975.70049,744.08036
5,tobillo_izquierdo,9,1008.36216,786.64019
5,talon_izquierdo,10,1021.42244,795.410245
5,cadera_izquierda,10,944.068535,700.1276849999999
5,cadera_derecha,10,956.84149,695.9856649999999
5,hombro_izquierdo,10,919.806405,614.34768
5,hombro_derecho,10,954.497795,615.91571
5,rodilla_izquierda,10,979.678515,742.28033
5,tobillo_izquierdo,10,1017.111795,786.45631
5,talon_izquierdo,11,1024.2069900000001,795.2513375000001
5,cadera_izquierda,11,944.4442875,698.3130424999999
5,cadera_derecha,11,955.97297,694.5599325
5,hombro_izquierdo,11,921.0266575,614.40478
5,hombro_derecho,11,956.7598325,615.15548
5,rodilla_izquierda,11,983.65654,740.4803
5,tobillo_izquierdo,11,1019.0766025,786.49479
5,talon_izquierdo,12,1026.99154,795.09243
5,cadera_izquierda,12,944.82004,696.4984
5,cadera_derecha,12,955.10445,693.1342
5,hombro_izquierdo,12,922.24691,614.46188
5,hombro_derecho,12,959.02187,614.39525
5,rodilla_izquierda,12,979.25468,740.56282
5,tobillo_izquierdo,12,1021.04141,786.53327
5,talon_izquierdo,13,1022.6825,794.74688
5,cadera_izquierda,13,936.82074,696.13076
5,cadera_derecha,13,955.01787,690.5887
5,hombro_izquierdo,13,919.67377,614.47276
5,hombro_derecho,13,961.39343,612.80588
5,rodilla_izquierda,13,977.24247,740.43234
5,tobillo_izquierdo,13,1020.17429,786.17394
5,talon_izquierdo,14,1018.69183,792.18142
5,cadera_izquierda,14,933.87915,696.08905
5,cadera_derecha,14,954.78052,690.64902
5,hombro_izquierdo,14,918.81781,614.51396
5,hombro_derecho,14,961.8465,612.79951
5,rodilla_izquierda,14,976.04622,739.28334
5,tobillo_izquierdo,14,1016.78089,784.15649
5,talon_izquierdo,15,1010.662425,782.96652
5,cadera_izquierda,15,931.76989,695.7294
5,cadera_derecha,15,954.70568,690.33063
5,hombro_izquierdo,15,919.72464,614.46909
5,hombro_derecho,15,961.21651,612.65184
5,rodilla_izquierda,15,973.05588,735.55634
5,tobillo_izquierdo,15,1007.9009599999999,775.01359
5,talon_izquierdo,16,1007.0710375,782.45651
5,cadera_izquierda,16,929.86982,693.05785
5,cadera_derecha,16,952.20417,686.82816
5,hombro_izquierdo,16,921.20762,614.00985
5,hombro_derecho,16,960.25497,611.59914
5,rodilla_izquierda,16,968.19202,728.96274
5,tobillo_izquierdo,16,1003.757685,773.75973
5,talon_izquierdo,17,1003.47965,781.9465
5,cadera_izquierda,17,929.15091,691.33002
5,cadera_derecha,17,950.35057,683.98029
5,hombro_izquierdo,17,923.31287,611.76104
5,hombro_derecho,17,959.67676,610.5686
5,rodilla_izquierda,17,960.32433,730.31309
5,tobillo_izquierdo,17,999.61441,772.50587
5,talon_izquierdo,18,1004.39644,787.45168
5,cadera_izquierda,18,927.70557,690.32915
5,cadera_derecha,18,949.20862,684.04615
5,hombro_izquierdo,18,922.30482,608.69534
5,hombro_derecho,18,959.28205,609.50258
5,rodilla_izquierda,18,958.10789,731.09535
5,tobillo_izquierdo,18,999.97856,780.68041
6,talon_izquierdo,0,1070.95516,802.37431
6,cadera_izquierda,0,992.00672,707.65856
6,cadera_derecha,0,1019.27582,698.01863
6,hombro_izquierdo,0,956.78284,616.31408
6,hombro_derecho,0,1016.04767,613.26885
6,rodilla_izquierda,0,1020.2409,749.81129
6,tobillo_izquierdo,0,1062.50679,795.24815
6,talon_izquierdo,1,1071.26072,802.34598
6,cadera_izquierda,1,992.00684,708.0502
6,cadera_derecha,1,1019.35329,698.08558
6,hombro_izquierdo,1,959.73238,616.9515
6,hombro_derecho,1,1016.46481,613.20364
6,rodilla_izquierda,1,1020.94196,749.90341
6,tobillo_izquierdo,1,1063.12557,794.83571
6,talon_izquierdo,2,1072.81757,802.03841
6,cadera_izquierda,2,992.00672,709.72506
6,cadera_derecha,2,1019.41006,698.79722
6,hombro_izquierdo,2,962.76741,618.5681
6,hombro_derecho,2,1016.62525,613.19939
6,rodilla_izquierda,2,1024.57146,750.84841
6,tobillo_izquierdo,2,1065.41496,794.5647
6,talon_izquierdo,3,1076.7112,802.02566
6,cadera_izquierda,3,991.51165,709.11583
6,cadera_derecha,3,1019.10839,697.46316
6,hombro_izquierdo,3,965.18223,618.47946
6,hombro_derecho,3,1016.61232,612.87309
6,rodilla_izquierda,3,1027.80807,749.12714
6,tobillo_izquierdo,3,1068.9893,794.5235
6,talon_izquierdo,4,1079.0443,802.12789
6,cadera_izquierda,4,991.51394,708.14348
6,cadera_derecha,4,1018.57773,696.74842
6,hombro_izquierdo,4,967.46017,618.3999
6,hombro_derecho,4,1016.96022,612.4584
6,rodilla_izquierda,4,1030.35622,748.66243
6,tobillo_izquierdo,4,1071.679,794.5132
6,talon_izquierdo,5,1081.67885,802.20269
6,cadera_izquierda,5,991.35715,706.8472
6,cadera_derecha,5,1017.71164,696.44078
6,hombro_izquierdo,5,968.59829,617.21897
6,hombro_derecho,5,1017.17079,611.66558
6,rodilla_izquierda,5,1029.89628,746.93916
6,tobillo_izquierdo,5,1071.16356,794.31642
6,talon_izquierdo,6,1080.4216,802.52127
6,cadera_izquierda,6,991.35647,706.59177
6,cadera_derecha,6,1017.76623,696.19115
6,hombro_izquierdo,6,968.87741,616.94919
6,hombro_derecho,6,1018.06068,610.74504
6,rodilla_izquierda,6,1030.93266,749.05246
6,tobillo_izquierdo,6,1070.87391,794.3945
6,talon_izquierdo,7,1081.86768,802.58732
6,cadera_izquierda,7,991.26881,704.44744
6,cadera_derecha,7,1017.59811,695.04305
6,hombro_izquierdo,7,970.06634,616.94075
6,hombro_derecho,7,1019.10896,610.68016
6,rodilla_izquierda,7,1035.275,749.01107
6,tobillo_izquierdo,7,1071.7345,794.24477
6,talon_izquierdo,8,1080.98751,801.65121
6,cadera_izquierda,8,990.27409,701.25865
6,cadera_derecha,8,1016.12629,692.32877
6,hombro_izquierdo,8,971.4901,616.93586
6,hombro_derecho,8,1019.41887,609.83642
6,rodilla_izquierda,8,1033.49453,747.86774
6,tobillo_izquierdo,8,1071.2114,793.47957
6,talon_izquierdo,9,1079.20715,800.56639
6,cadera_izquierda,9,989.67442,696.58183
6,cadera_derecha,9,1014.68868,688.83029
6,hombro_izquierdo,9,973.09502,614.26445
6,hombro_derecho,9,1019.56936,608.86291
6,rodilla_izquierda,9,1032.70523,747.05767
6,tobillo_izquierdo,9,1070.91545,792.45443
6,talon_izquierdo,10,1077.23534,799.86048
6,cadera_izquierda,10,988.47897,693.60972
6,cadera_derecha,10,1013.54027,686.68016
6,hombro_izquierdo,10,973.16631,613.52853
6,hombro_derecho,10,1019.18266,607.05621
6,rodilla_izquierda,10,1031.70193,746.82413
6,tobillo_izquierdo,10,1069.80354,792.11261
13,talon_izquierdo,0,965.80559,776.42439
13,cadera_izquierda,0,909.71409,677.0208
13,cadera_derecha,0,946.11712,671.35179
13,hombro_izquierdo,0,869.4445,583.38967
13,hombro_derecho,0,932.03127,573.38475
13,rodilla_izquierda,0,931.70551,710.72928
13,tobillo_izquierdo,0,960.18963,765.18466
13,talon_izquierdo,1,964.67388,774.26544
13,cadera_izquierda,1,909.44738,677.21739
13,cadera_derecha,1,944.73043,669.22909
13,hombro_izquierdo,1,868.56394,584.07968
13,hombro_derecho,1,931.96198,573.46148
13,rodilla_izquierda,1,931.703,711.69899
13,tobillo_izquierdo,1,959.52587,764.5119
13,talon_izquierdo,2,962.99355,770.70929
13,cadera_izquierda,2,908.62152,677.75845
13,cadera_derecha,2,942.60607,669.11154
13,hombro_izquierdo,2,869.8292,584.07054
13,hombro_derecho,2,934.05264,575.19711
13,rodilla_izquierda,2,931.90641,712.80563
13,tobillo_izquierdo,2,958.4317,763.41486
13,talon_izquierdo,3,963.54595,771.00205
13,cadera_izquierda,3,907.67521,677.79456
13,cadera_derecha,3,941.13396,668.90046
13,hombro_izquierdo,3,870.39637,585.39901
13,hombro_derecho,3,934.02294,576.75461
13,rodilla_izquierda,3,932.02509,713.13187
13,tobillo_izquierdo,3,958.46169,763.45618
13,talon_izquierdo,4,963.63052,771.42157
13,cadera_izquierda,4,905.40218,676.64846
13,cadera_derecha,4,938.66793,667.02103
13,hombro_izquierdo,4,870.1498,586.63316
13,hombro_derecho,4,932.48194,577.17439
13,rodilla_izquierda,4,931.09056,714.26413
13,tobillo_izquierdo,4,958.56503,763.55249
13,talon_izquierdo,5,963.75172,771.57304
13,cadera_izquierda,5,903.64254,675.74068
13,cadera_derecha,5,936.19864,664.95523
13,hombro_izquierdo,5,870.21967,588.86678
13,hombro_derecho,5,931.60601,577.00959
13,rodilla_izquierda,5,929.22163,714.21739
13,tobillo_izquierdo,5,958.56623,763.97934
13,talon_izquierdo,6,963.66291,771.89336
13,cadera_izquierda,6,902.05278,673.10055
13,cadera_derecha,6,932.16768,663.59902
13,hombro_izquierdo,6,870.34018,588.63626
13,hombro_derecho,6,930.75434,576.20132
13,rodilla_izquierda,6,928.79883,714.18308
13,tobillo_izquierdo,6,958.13862,763.60444
13,talon_izquierdo,7,962.15023,771.59474
13,cadera_izquierda,7,901.03786,671.10839
13,cadera_derecha,7,930.273,661.25778
13,hombro_izquierdo,7,870.08223,587.77244
13,hombro_derecho,7,927.30938,573.86748
13,rodilla_izquierda,7,927.03987,714.13731
13,tobillo_izquierdo,7,955.56095,761.51952
13,talon_izquierdo,8,959.69072,770.42514
13,cadera_izquierda,8,897.89715,667.61957
13,cadera_derecha,8,925.44559,659.2447
13,hombro_izquierdo,8,870.07959,584.42221
13,hombro_derecho,8,924.97736,571.3147
13,rodilla_izquierda,8,923.25296,712.07229
13,tobillo_izquierdo,8,953.30406,760.27526
14,talon_izquierdo,0,995.2351,783.30818
14,cadera_izquierda,0,933.17139,679.55883
14,cadera_derecha,0,973.24287,673.42608
14,hombro_izquierdo,0,897.53506,578.05655
14,hombro_derecho,0,967.2821,571.45427
14,rodilla_izquierda,0,954.82922,718.53476
14,tobillo_izquierdo,0,988.29231,775.04539
14,talon_izquierdo,1,994.98768,783.34011
14,cadera_izquierda,1,933.22042,679.10732
14,cadera_derecha,1,972.49832,671.47023
14,hombro_izquierdo,1,898.18108,577.69304
14,hombro_derecho,1,967.89219,571.4569
14,rodilla_izquierda,1,955.18707,718.53135
14,tobillo_izquierdo,1,987.6289,773.3171
14,talon_izquierdo,2,993.55442,782.28001
14,cadera_izquierda,2,933.27553,679.06747
14,cadera_derecha,2,971.16325,671.04627
14,hombro_izquierdo,2,898.93101,577.71744
14,hombro_derecho,2,968.56361,573.23186
14,rodilla_izquierda,2,956.00412,719.68704
14,tobillo_izquierdo,2,987.42702,773.3041
14,talon_izquierdo,3,993.48644,782.21184
14,cadera_izquierda,3,932.80758,678.49494
14,cadera_derecha,3,970.38048,670.36649
14,hombro_izquierdo,3,899.16349,577.7495
14,hombro_derecho,3,967.23312,574.36521
14,rodilla_izquierda,3,956.57965,720.15014
14,tobillo_izquierdo,3,987.23591,773.23374
14,talon_izquierdo,4,993.44524,782.25439
14,cadera_izquierda,4,932.80832,678.54502
14,cadera_derecha,4,970.17666,670.37119
14,hombro_izquierdo,4,899.27347,578.51792
14,hombro_derecho,4,966.13174,576.38331
14,rodilla_izquierda,4,957.63079,722.24941
14,tobillo_izquierdo,4,987.37003,773.30268
14,talon_izquierdo,5,993.46607,782.56493
14,cadera_izquierda,5,931.17657,676.86044
14,cadera_derecha,5,967.24159,668.21347
14,hombro_izquierdo,5,899.23788,579.40633
14,hombro_derecho,5,961.39904,576.93518
14,rodilla_izquierda,5,956.96594,722.62136
14,tobillo_izquierdo,5,987.25491,773.42782
14,talon_izquierdo,6,994.04079,777.89235
14,cadera_izquierda,6,930.57461,676.95881
14,cadera_derecha,6,963.28285,669.5449
14,hombro_izquierdo,6,902.71019,580.63605
14,hombro_derecho,6,961.50135,579.13068
14,rodilla_izquierda,6,957.02305,722.12349
14,tobillo_izquierdo,6,986.81419,771.67282
14,talon_izquierdo,7,993.31696,778.48928
14,cadera_izquierda,7,928.85942,676.77406
14,cadera_derecha,7,961.53831,667.56904
14,hombro_izquierdo,7,904.36701,581.73618
14,hombro_derecho,7,962.02126,579.52329
14,rodilla_izquierda,7,955.75825,720.80494
14,tobillo_izquierdo,7,985.44765,770.01644
14,talon_izquierdo,8,992.89204,778.54702
14,cadera_izquierda,8,927.35659,673.53687
14,cadera_derecha,8,958.64239,663.10116
14,hombro_izquierdo,8,904.23317,580.86193
14,hombro_derecho,8,960.69408,577.10821
14,rodilla_izquierda,8,952.5769,721.24912
14,tobillo_izquierdo,8,985.19932,770.3074
15,talon_izquierdo,0,952.82066,787.63128
15,cadera_izquierda,0,900.90654,681.56032
15,cadera_derecha,0,939.36493,673.28755
15,hombro_izquierdo,0,861.95932,574.94463
15,hombro_derecho,0,926.55859,565.90023
15,rodilla_izquierda,0,922.73243,719.62756
15,tobillo_izquierdo,0,947.34066,775.85237
15,talon_izquierdo,1,953.92708,787.55796
15,cadera_izquierda,1,900.9248,681.31229
15,cadera_derecha,1,939.14143,673.03598
15,hombro_izquierdo,1,861.9595,576.52409
15,hombro_derecho,1,927.59136,566.39719
15,rodilla_izquierda,1,921.57114,718.94778
15,tobillo_izquierdo,1,948.50607,775.52394
15,talon_izquierdo,2,954.85119,785.31185
15,cadera_izquierda,2,901.03838,681.12689
15,cadera_derecha,2,938.42394,672.34339
15,hombro_izquierdo,2,862.0332,577.67881
15,hombro_derecho,2,928.8113,568.06715
15,rodilla_izquierda,2,921.45905,718.79316
15,tobillo_izquierdo,2,948.96109,774.10889
15,talon_izquierdo,3,955.72832,782.07177
15,cadera_izquierda,3,901.04118,681.03079
15,cadera_derecha,3,938.07255,672.27329
15,hombro_izquierdo,3,861.98238,580.25831
15,hombro_derecho,3,929.46201,569.99943
15,rodilla_izquierda,3,921.47221,718.3961
15,tobillo_izquierdo,3,948.94014,772.9711
15,talon_izquierdo,4,955.64501,782.29669
15,cadera_izquierda,4,899.74205,680.66367
15,cadera_derecha,4,936.73153,671.27197
15,hombro_izquierdo,4,862.41589,580.83451
15,hombro_derecho,4,929.84774,572.28642
15,rodilla_izquierda,4,921.4282,717.92901
15,tobillo_izquierdo,4,949.07444,772.48585
15,talon_izquierdo,5,955.58224,781.95087
15,cadera_izquierda,5,899.24612,680.65356
15,cadera_derecha,5,935.97502,670.23788
15,hombro_izquierdo,5,862.09808,582.92618
15,hombro_derecho,5,929.77129,574.14808
15,rodilla_izquierda,5,921.58138,718.06883
15,tobillo_izquierdo,5,949.36907,772.15427
15,talon_izquierdo,6,955.6164,781.95158
15,cadera_izquierda,6,897.72577,678.51142
15,cadera_derecha,6,933.3799,668.59604
15,hombro_izquierdo,6,862.08836,583.12838
15,hombro_derecho,6,929.17448,574.7427
15,rodilla_izquierda,6,921.01816,718.07681
15,tobillo_izquierdo,6,949.44197,772.12041
15,talon_izquierdo,7,954.99458,781.61498
15,cadera_izquierda,7,897.02911,678.63424
15,cadera_derecha,7,931.65922,668.67632
15,hombro_izquierdo,7,862.13631,583.59257
15,hombro_derecho,7,929.1596,574.85374
15,rodilla_izquierda,7,920.98291,718.34918
15,tobillo_izquierdo,7,948.93957,771.42325
15,talon_izquierdo,8,954.97044,781.78859
15,cadera_izquierda,8,895.9675,677.96303
15,cadera_derecha,8,929.48965,667.42021
15,hombro_izquierdo,8,862.90043,583.23556
15,hombro_derecho,8,928.927,574.61401
15,rodilla_izquierda,8,920.07277,718.50013
15,tobillo_izquierdo,8,948.6125,771.3581
15,talon_izquierdo,9,954.34822,781.83951
15,cadera_izquierda,9,893.41078,676.06215
15,cadera_derecha,9,927.60956,666.4456
15,hombro_izquierdo,9,862.88755,582.16214
15,hombro_derecho,9,927.75822,573.38217
15,rodilla_izquierda,9,918.38596,717.60045
15,tobillo_izquierdo,9,948.47431,771.37381
16,talon_izquierdo,0,1005.7259,791.71105
16,cadera_izquierda,0,950.49368,680.26513
16,cadera_derecha,0,987.50462,671.89523
16,hombro_izquierdo,0,913.76169,578.35241
16,hombro_derecho,0,986.08864,569.05006
16,rodilla_izquierda,0,974.0601,719.19639
16,tobillo_izquierdo,0,997.43557,778.09763
16,talon_izquierdo,1,1006.45535,790.09451
16,cadera_izquierda,1,953.6891,680.27968
16,cadera_derecha,1,989.65439,671.18197
16,hombro_izquierdo,1,911.9486,579.69543
16,hombro_derecho,1,979.68842,565.17893
16,rodilla_izquierda,1,974.44439,719.5655
16,tobillo_izquierdo,1,999.20345,777.57666
16,talon_izquierdo,2,1006.95614,788.31807
16,cadera_izquierda,2,955.96888,681.59231
16,cadera_derecha,2,991.62277,671.23302
16,hombro_izquierdo,2,911.80738,581.93522
16,hombro_derecho,2,980.39864,565.50498
16,rodilla_izquierda,2,974.6529,720.50754
16,tobillo_izquierdo,2,999.85176,776.39001
16,talon_izquierdo,3,1005.87467,784.50307
16,cadera_izquierda,3,955.70377,681.20337
16,cadera_derecha,3,991.91162,669.95541
16,hombro_izquierdo,3,911.9525,582.80793
16,hombro_derecho,3,980.39017,565.73157
16,rodilla_izquierda,3,974.71516,720.26865
16,tobillo_izquierdo,3,1000.02525,775.06071
16,talon_izquierdo,4,1005.84137,783.17216
16,cadera_izquierda,4,955.57869,681.17453
16,cadera_derecha,4,991.68972,668.89319
16,hombro_izquierdo,4,911.99472,583.5038
16,hombro_derecho,4,979.33456,566.27101
16,rodilla_izquierda,4,974.36703,719.18474
16,tobillo_izquierdo,4,999.96025,773.98066
16,talon_izquierdo,5,1005.79159,783.7828
16,cadera_izquierda,5,954.60182,681.11408
16,cadera_derecha,5,991.43509,668.54229
16,hombro_izquierdo,5,912.02894,584.86162
16,hombro_derecho,5,979.04034,569.25432
16,rodilla_izquierda,5,973.96019,719.12802
16,tobillo_izquierdo,5,1000.11349,774.15865
16,talon_izquierdo,6,1005.78793,783.78467
16,cadera_izquierda,6,952.83411,679.71732
16,cadera_derecha,6,989.40056,667.44692
16,hombro_izquierdo,6,911.61884,586.41706
16,hombro_derecho,6,976.34914,570.50393
16,rodilla_izquierda,6,973.60462,719.39588
16,tobillo_izquierdo,6,1000.11978,774.10921
16,talon_izquierdo,7,1005.75359,783.74276
16,cadera_izquierda,7,949.93572,678.17765
16,cadera_derecha,7,985.61176,665.34604
16,hombro_izquierdo,7,911.25303,589.39071
16,hombro_derecho,7,973.02452,571.47139
16,rodilla_izquierda,7,972.97451,720.56959
16,tobillo_izquierdo,7,1000.08739,774.15266
16,talon_izquierdo,8,1005.25166,783.36148
16,cadera_izquierda,8,946.93491,675.84902
16,cadera_derecha,8,980.47028,664.79102
16,hombro_izquierdo,8,913.00341,588.67572
16,hombro_derecho,8,973.87814,571.86522
16,rodilla_izquierda,8,971.48609,720.79239
16,tobillo_izquierdo,8,999.64176,773.72806
16,talon_izquierdo,9,1004.29035,783.58267
16,cadera_izquierda,9,945.16279,674.22276
16,cadera_derecha,9,978.42327,663.51283
16,hombro_izquierdo,9,913.21192,588.10847
16,hombro_derecho,9,972.75639,571.52443
16,rodilla_izquierda,9,970.44445,721.01403
16,tobillo_izquierdo,9,998.98544,773.67675
17,talon_izquierdo,0,996.64822,789.39227
17,cadera_izquierda,0,951.88402,681.57635
17,cadera_derecha,0,987.46307,673.92497
17,hombro_izquierdo,0,911.31157,573.83368
17,hombro_derecho,0,980.53356,568.46015
17,rodilla_izquierda,0,967.3201,726.20552
17,tobillo_izquierdo,0,990.99712,777.63479
17,talon_izquierdo,1,997.59453,787.68703
17,cadera_izquierda,1,950.23945,680.90358
17,cadera_derecha,1,987.05441,673.52811
17,hombro_izquierdo,1,912.03266,574.47181
17,hombro_derecho,1,982.75326,568.78175
17,rodilla_izquierda,1,967.45193,725.94133
17,tobillo_izquierdo,1,991.6523,777.4727
17,talon_izquierdo,2,998.12851,787.56787
17,cadera_izquierda,2,949.43968,680.40617
17,cadera_derecha,2,986.04607,673.02735
17,hombro_izquierdo,2,913.41442,575.55328
17,hombro_derecho,2,983.68446,569.5971
17,rodilla_izquierda,2,967.75738,724.05526
17,tobillo_izquierdo,2,991.50433,777.36069
17,talon_izquierdo,3,999.9789,787.99647
17,cadera_izquierda,3,949.09641,680.44119
17,cadera_derecha,3,986.0535,672.8231
17,hombro_izquierdo,3,914.23851,576.93601
17,hombro_derecho,3,983.68092,571.19111
17,rodilla_izquierda,3,968.23036,723.26026
17,tobillo_izquierdo,3,992.68009,777.672
17,talon_izquierdo,4,1000.59734,788.30475
17,cadera_izquierda,4,948.96029,680.87713
17,cadera_derecha,4,986.01242,672.8025
17,hombro_izquierdo,4,914.56112,578.12473
17,hombro_derecho,4,981.67431,572.83217
17,rodilla_izquierda,4,968.90202,723.48241
17,tobillo_izquierdo,4,993.14255,778.11405
17,talon_izquierdo,5,1000.49114,788.32432
17,cadera_izquierda,5,946.70076,678.93306
17,cadera_derecha,5,983.1871,670.31294
17,hombro_izquierdo,5,914.71996,578.61795
17,hombro_derecho,5,980.56217,573.36988
17,rodilla_izquierda,5,967.68162,722.30168
17,tobillo_izquierdo,5,993.10764,778.26024
17,talon_izquierdo,6,1000.28973,788.31788
17,cadera_izquierda,6,944.52673,675.86588
17,cadera_derecha,6,979.87576,667.49771
17,hombro_izquierdo,6,914.60764,578.7449
17,hombro_derecho,6,978.75389,573.20174
17,rodilla_izquierda,6,966.67007,722.45469
17,tobillo_izquierdo,6,992.87418,778.21409
17,talon_izquierdo,7,998.35911,788.28795
17,cadera_izquierda,7,942.69756,673.00952
17,cadera_derecha,7,977.40383,666.21946
17,hombro_izquierdo,7,915.19295,577.4313
17,hombro_derecho,7,978.07858,571.31091
17,rodilla_izquierda,7,965.01858,721.41616
17,tobillo_izquierdo,7,992.09404,778.30221
18,talon_izquierdo,0,996.57429,792.66905
18,cadera_izquierda,0,946.70837,678.25856
18,cadera_derecha,0,982.6387,668.23131
18,hombro_izquierdo,0,899.80974,572.03362
18,hombro_derecho,0,967.61147,563.55344
18,rodilla_izquierda,0,965.25387,723.95317
18,tobillo_izquierdo,0,989.52232,781.50902
18,talon_izquierdo,1,995.94864,789.85846
18,cadera_izquierda,1,945.16857,678.29596
18,cadera_derecha,1,982.36233,668.25969
18,hombro_izquierdo,1,901.27768,572.85251
18,hombro_derecho,1,969.45602,563.59567
18,rodilla_izquierda,1,965.06161,723.34793
18,tobillo_izquierdo,1,989.12281,780.4665
18,talon_izquierdo,2,995.70522,789.62491
18,cadera_izquierda,2,944.97894,678.39233
18,cadera_derecha,2,982.32891,668.25255
18,hombro_izquierdo,2,901.36179,573.44738
18,hombro_derecho,2,970.21969,564.65216
18,rodilla_izquierda,2,964.72904,722.46995
18,tobillo_izquierdo,2,989.05838,779.39037
18,talon_izquierdo,3,995.71575,789.69147
18,cadera_izquierda,3,944.78571,678.63656
18,cadera_derecha,3,982.14134,668.31988
18,hombro_izquierdo,3,900.8777,575.44662
18,hombro_derecho,3,970.19646,565.24201
18,rodilla_izquierda,3,964.66564,722.49338
18,tobillo_izquierdo,3,989.45412,779.40293
18,talon_izquierdo,4,995.64468,789.80908
18,cadera_izquierda,4,943.40303,678.19425
18,cadera_derecha,4,980.54935,667.25058
18,hombro_izquierdo,4,900.58331,577.52844
18,hombro_derecho,4,967.55527,565.24066
18,rodilla_izquierda,4,964.47041,722.48237
18,tobillo_izquierdo,4,989.58218,779.47457
18,talon_izquierdo,5,995.06344,789.90757
18,cadera_izquierda,5,941.36175,675.70128
18,cadera_derecha,5,977.41013,665.06937
18,hombro_izquierdo,5,900.43945,579.2994
18,hombro_derecho,5,963.81054,565.3264
18,rodilla_izquierda,5,963.45097,722.28147
18,tobillo_izquierdo,5,989.45251,779.69035
18,talon_izquierdo,6,995.07763,789.97806
18,cadera_izquierda,6,940.04293,674.60745
18,cadera_derecha,6,974.33086,664.35328
18,hombro_izquierdo,6,902.01834,579.72864
18,hombro_derecho,6,963.72734,565.9664
18,rodilla_izquierda,6,962.56256,722.32331
18,tobillo_izquierdo,6,989.46568,779.85785
18,talon_izquierdo,7,994.99958,790.04456
18,cadera_izquierda,7,938.95597,674.3452
18,cadera_derecha,7,973.57475,663.99073
18,hombro_izquierdo,7,903.47923,579.46916
18,hombro_derecho,7,964.57535,565.9393
18,rodilla_izquierda,7,961.43806,722.33554
18,tobillo_izquierdo,7,989.23428,779.9266
19,talon_izquierdo,0,981.56502,780.50113
19,cadera_izquierda,0,932.01221,674.33741
19,cadera_derecha,0,966.53893,666.08279
19,hombro_izquierdo,0,885.68424,578.92714
19,hombro_derecho,0,952.50681,574.10624
19,rodilla_izquierda,0,946.304,716.39932
19,tobillo_izquierdo,0,973.13198,770.50464
19,talon_izquierdo,1,981.46328,780.43721
19,cadera_izquierda,1,931.74488,676.99788
19,cadera_derecha,1,966.53824,666.80113
19,hombro_izquierdo,1,887.68181,580.26268
19,hombro_derecho,1,953.97886,574.42392
19,rodilla_izquierda,1,946.96489,718.43737
19,tobillo_izquierdo,1,973.14045,769.78386
19,talon_izquierdo,2,980.03048,780.10459
19,cadera_izquierda,2,931.01017,678.30942
19,cadera_derecha,2,966.5102,668.51796
19,hombro_izquierdo,2,888.74136,581.86145
19,hombro_derecho,2,954.20952,575.62274
19,rodilla_izquierda,2,947.1932,719.76635
19,tobillo_izquierdo,2,973.12214,769.44783
19,talon_izquierdo,3,980.06207,778.74722
19,cadera_izquierda,3,929.52049,678.63605
19,cadera_derecha,3,965.61024,668.79219
19,hombro_izquierdo,3,888.91829,584.68749
19,hombro_derecho,3,954.91962,577.20529
19,rodilla_izquierda,3,947.20041,719.49907
19,tobillo_izquierdo,3,973.05943,769.32359
19,talon_izquierdo,4,979.21177,778.45671
19,cadera_izquierda,4,928.84226,678.42915
19,cadera_derecha,4,965.11551,668.76966
19,hombro_izquierdo,4,889.64727,587.10083
19,hombro_derecho,4,954.91413,580.13471
19,rodilla_izquierda,4,947.19429,718.2465
19,tobillo_izquierdo,4,972.95471,768.65083
19,talon_izquierdo,5,979.23237,778.49771
19,cadera_izquierda,5,928.6512,678.65787
19,cadera_derecha,5,964.72824,668.6917
19,hombro_izquierdo,5,889.99031,589.58769
19,hombro_derecho,5,955.07074,582.65993
19,rodilla_izquierda,5,947.06165,717.80136
19,tobillo_izquierdo,5,973.00289,768.53116
19,talon_izquierdo,6,978.93093,778.47563
19,cadera_izquierda,6,925.78194,674.54514
19,cadera_derecha,6,960.12978,665.18279
19,hombro_izquierdo,6,889.94133,588.50719
19,hombro_derecho,6,953.08514,582.29854
19,rodilla_izquierda,6,946.86819,717.73126
19,tobillo_izquierdo,6,972.99294,768.36591
19,talon_izquierdo,7,978.73043,778.50009
19,cadera_izquierda,7,923.52774,674.13309
19,cadera_derecha,7,956.72293,665.0245
19,hombro_izquierdo,7,889.92565,589.8596
19,hombro_derecho,7,951.00271,582.80497
19,rodilla_izquierda,7,946.5283,717.71336
19,tobillo_izquierdo,7,972.87586,768.38677
19,talon_izquierdo,8,978.95393,778.49482
19,cadera_izquierda,8,922.11908,674.26956
19,cadera_derecha,8,955.45755,665.99029
19,hombro_izquierdo,8,890.36316,591.93654
19,hombro_derecho,8,951.10897,582.96307
19,rodilla_izquierda,8,945.88634,719.59241
19,tobillo_izquierdo,8,972.81086,768.40634
20,talon_izquierdo,0,988.02967,784.35102
20,cadera_izquierda,0,938.67056,686.89703
20,cadera_derecha,0,976.58615,679.12399
20,hombro_izquierdo,0,899.723,581.59179
20,hombro_derecho,0,969.00867,578.26442
20,rodilla_izquierda,0,955.80236,720.30348
20,tobillo_izquierdo,0,981.95801,775.28125
20,talon_izquierdo,1,987.49088,782.02329
20,cadera_izquierda,1,938.16124,685.21922
20,cadera_derecha,1,976.43085,676.97213
20,hombro_izquierdo,1,900.80029,582.04923
20,hombro_derecho,1,970.11784,578.27716
20,rodilla_izquierda,1,955.72088,720.30599
20,tobillo_izquierdo,1,981.27937,773.93051
20,talon_izquierdo,2,987.34108,781.85747
20,cadera_izquierda,2,937.53548,685.27303
20,cadera_derecha,2,976.43349,676.82871
20,hombro_izquierdo,2,901.56372,584.0343
20,hombro_derecho,2,970.53909,579.79952
20,rodilla_izquierda,2,955.34311,720.10778
20,tobillo_izquierdo,2,981.23692,772.89366
20,talon_izquierdo,3,987.07111,781.95042
20,cadera_izquierda,3,936.19989,685.31365
20,cadera_derecha,3,975.67394,676.48399
20,hombro_izquierdo,3,901.60624,585.7154
20,hombro_derecho,3,970.3743,580.47267
20,rodilla_izquierda,3,955.12728,722.13328
20,tobillo_izquierdo,3,981.23772,772.89295
20,talon_izquierdo,4,987.41879,781.97231
20,cadera_izquierda,4,933.97911,684.21622
20,cadera_derecha,4,971.71062,673.64006
20,hombro_izquierdo,4,901.26331,587.90485
20,hombro_derecho,4,967.18746,580.441
20,rodilla_izquierda,4,954.88277,723.37851
20,tobillo_izquierdo,4,981.50196,772.93073
20,talon_izquierdo,5,987.0924,781.70265
20,cadera_izquierda,5,931.47148,679.89589
20,cadera_derecha,5,967.13882,669.75862
20,hombro_izquierdo,5,902.08345,587.67775
20,hombro_derecho,5,965.44361,578.98359
20,rodilla_izquierda,5,953.59966,723.4676
20,tobillo_izquierdo,5,980.85812,772.43043
20,talon_izquierdo,6,985.96081,781.75074
20,cadera_izquierda,6,929.88985,676.01915
20,cadera_derecha,6,964.22081,666.90027
20,hombro_izquierdo,6,903.21402,586.54002
20,hombro_derecho,6,964.27174,576.2021
20,rodilla_izquierda,6,951.97958,723.49393
20,tobillo_izquierdo,6,979.5369,771.73919
20,talon_izquierdo,7,985.10571,781.79998
20,cadera_izquierda,7,926.66267,670.6404
20,cadera_derecha,7,960.30361,663.21839
20,hombro_izquierdo,7,903.17562,583.7938
20,hombro_derecho,7,962.2435,573.97981
20,rodilla_izquierda,7,948.89168,720.88064
20,tobillo_izquierdo,7,978.9957,771.79378
21,talon_izquierdo,0,1022.71729,782.69734
21,cadera_izquierda,0,970.61348,680.61687
21,cadera_derecha,0,1006.0746,672.11332
21,hombro_izquierdo,0,942.17308,582.15473
21,hombro_derecho,0,1007.07447,571.75572
21,rodilla_izquierda,0,993.5527,720.92307
21,tobillo_izquierdo,0,1015.75607,771.71808
21,talon_izquierdo,1,1021.79626,779.52626
21,cadera_izquierda,1,972.51595,678.90583
21,cadera_derecha,1,1006.96953,671.72876
21,hombro_izquierdo,1,942.21703,582.2802
21,hombro_derecho,1,1005.93304,571.53917
21,rodilla_izquierda,1,992.24773,717.23926
21,tobillo_izquierdo,1,1015.6517,769.84463
21,talon_izquierdo,2,1021.36654,776.1405
21,cadera_izquierda,2,972.54925,676.47401
21,cadera_derecha,2,1007.65423,671.14522
21,hombro_izquierdo,2,942.17182,582.27904
21,hombro_derecho,2,1005.91782,571.80967
21,rodilla_izquierda,2,991.69086,714.6682
21,tobillo_izquierdo,2,1015.20103,766.7206
21,talon_izquierdo,3,1021.62552,776.65092
21,cadera_izquierda,3,972.48837,676.29725
21,cadera_derecha,3,1007.80163,670.89532
21,hombro_izquierdo,3,942.12381,582.65723
21,hombro_derecho,3,1005.61111,573.07589
21,rodilla_izquierda,3,991.74213,714.28009
21,tobillo_izquierdo,3,1015.38162,766.84427
21,talon_izquierdo,4,1022.11109,777.12901
21,cadera_izquierda,4,972.46296,675.62867
21,cadera_derecha,4,1007.79453,670.3748
21,hombro_izquierdo,4,941.32376,583.44857
21,hombro_derecho,4,1003.0854,573.29398
21,rodilla_izquierda,4,991.78116,714.7244
21,tobillo_izquierdo,4,1015.96973,767.16845
21,talon_izquierdo,5,1022.92625,776.80264
21,cadera_izquierda,5,972.28306,673.98786
21,cadera_derecha,5,1006.76399,668.13211
21,hombro_izquierdo,5,938.87896,584.87591
21,hombro_derecho,5,999.97421,573.2943
21,rodilla_izquierda,5,991.78493,715.12177
21,tobillo_izquierdo,5,1016.15364,766.99599
21,talon_izquierdo,6,1022.76192,774.73093
21,cadera_izquierda,6,971.45828,672.24117
21,cadera_derecha,6,1004.83292,665.54566
21,hombro_izquierdo,6,937.1549,585.39978
21,hombro_derecho,6,996.24229,573.23901
21,rodilla_izquierda,6,990.98648,714.49993
21,tobillo_izquierdo,6,1016.03897,766.04334
21,talon_izquierdo,7,1022.90714,774.94818
21,cadera_izquierda,7,970.53738,670.3157
21,cadera_derecha,7,1003.83511,665.12518
21,hombro_izquierdo,7,936.58327,585.51185
21,hombro_derecho,7,995.29346,572.68521
21,rodilla_izquierda,7,990.42995,716.71565
21,tobillo_izquierdo,7,1015.9663,766.26529
22,talon_izquierdo,0,979.7683,786.95588
22,cadera_izquierda,0,931.6717,680.58822
22,cadera_derecha,0,967.86346,670.34306
22,hombro_izquierdo,0,885.72853,579.07622
22,hombro_derecho,0,952.71669,563.70459
22,rodilla_izquierda,0,953.74105,724.13155
22,tobillo_izquierdo,0,975.40558,774.07883
22,talon_izquierdo,1,980.16781,782.90784
22,cadera_izquierda,1,929.55322,680.04955
22,cadera_derecha,1,966.79527,669.92213
22,hombro_izquierdo,1,886.13743,579.32161
22,hombro_derecho,1,953.26504,565.77792
22,rodilla_izquierda,1,952.71664,723.4629
22,tobillo_izquierdo,1,975.47951,773.76102
22,talon_izquierdo,2,982.10426,783.27078
22,cadera_izquierda,2,928.82475,680.64835
22,cadera_derecha,2,966.23852,670.23047
22,hombro_izquierdo,2,886.11992,581.21933
22,hombro_derecho,2,954.13141,569.04227
22,rodilla_izquierda,2,952.56752,721.36447
22,tobillo_izquierdo,2,975.64899,774.30754
22,talon_izquierdo,3,983.08468,784.86369
22,cadera_izquierda,3,928.10177,682.20237
22,cadera_derecha,3,965.74791,670.52286
22,hombro_izquierdo,3,886.13033,583.57731
22,hombro_derecho,3,954.26491,571.60123
22,rodilla_izquierda,3,951.98702,720.5031
22,tobillo_izquierdo,3,976.83575,775.04159
22,talon_izquierdo,4,984.65595,784.92491
22,cadera_izquierda,4,926.01477,682.16015
22,cadera_derecha,4,963.30952,670.19114
22,hombro_izquierdo,4,886.07288,584.63316
22,hombro_derecho,4,954.15808,572.8829
22,rodilla_izquierda,4,951.29242,720.41272
22,tobillo_izquierdo,4,977.72999,775.2042
22,talon_izquierdo,5,985.56358,784.94255
22,cadera_izquierda,5,924.52526,681.37737
22,cadera_derecha,5,960.3614,669.14096
22,hombro_izquierdo,5,885.66376,585.21651
22,hombro_derecho,5,953.64859,573.07621
22,rodilla_izquierda,5,950.43142,720.48694
22,tobillo_izquierdo,5,977.70229,775.48924
22,talon_izquierdo,6,985.26283,785.03994
22,cadera_izquierda,6,922.47396,681.46292
22,cadera_derecha,6,957.91386,669.42864
22,hombro_izquierdo,6,883.78515,587.3759
22,hombro_derecho,6,949.76692,572.4245
22,rodilla_izquierda,6,949.91919,722.05494
22,tobillo_izquierdo,6,977.67437,775.48087
22,talon_izquierdo,7,985.23445,785.09189
22,cadera_izquierda,7,922.17682,682.57593
22,cadera_derecha,7,957.30898,671.3413
22,hombro_izquierdo,7,883.57183,586.79101
22,hombro_derecho,7,947.60365,571.99893
22,rodilla_izquierda,7,949.46966,722.06266
22,tobillo_izquierdo,7,977.32235,775.48815
23,talon_izquierdo,0,1020.90477,782.13035
23,cadera_izquierda,0,967.96108,675.27539
23,cadera_derecha,0,1001.98013,667.7852
23,hombro_izquierdo,0,935.98045,578.96679
23,hombro_derecho,0,1002.34703,571.70345
23,rodilla_izquierda,0,988.64594,716.6469
23,tobillo_izquierdo,0,1014.84581,771.25176
23,talon_izquierdo,1,1020.99106,781.84685
23,cadera_izquierda,1,968.63697,676.23416
23,cadera_derecha,1,1002.10854,667.8405
23,hombro_izquierdo,1,935.89685,579.83853
23,hombro_derecho,1,1001.80149,572.07579
23,rodilla_izquierda,1,988.63712,717.05135
23,tobillo_izquierdo,1,1015.62344,771.17599
23,talon_izquierdo,2,1020.81516,778.65395
23,cadera_izquierda,2,968.63342,676.28276
23,cadera_derecha,2,1002.10831,667.79434
23,hombro_izquierdo,2,936.08465,580.96718
23,hombro_derecho,2,1001.73969,573.28555
23,rodilla_izquierda,2,988.89381,717.36427
23,tobillo_izquierdo,2,1015.72723,770.16218
23,talon_izquierdo,3,1020.81127,777.97455
23,cadera_izquierda,3,968.24295,676.66675
23,cadera_derecha,3,1002.00783,668.0286
23,hombro_izquierdo,3,936.13981,581.17923
23,hombro_derecho,3,1001.59813,574.76117
23,rodilla_izquierda,3,988.92071,717.40959
23,tobillo_izquierdo,3,1015.92567,769.1064
23,talon_izquierdo,4,1020.82867,777.47586
23,cadera_izquierda,4,967.20543,676.98288
23,cadera_derecha,4,1001.5749,668.20517
23,hombro_izquierdo,4,936.20287,581.78549
23,hombro_derecho,4,1001.57478,577.37607
23,rodilla_izquierda,4,989.12785,717.73673
23,tobillo_izquierdo,4,1016.66771,768.49659
23,talon_izquierdo,5,1020.83187,777.07294
23,cadera_izquierda,5,966.14605,676.82768
23,cadera_derecha,5,999.84879,668.18856
23,hombro_izquierdo,5,935.78459,582.58835
23,hombro_derecho,5,998.94871,578.01954
23,rodilla_izquierda,5,988.98594,717.73757
23,tobillo_izquierdo,5,1016.98631,768.04991
23,talon_izquierdo,6,1022.56828,777.49214
23,cadera_izquierda,6,964.49409,676.63372
23,cadera_derecha,6,996.92825,667.03519
23,hombro_izquierdo,6,933.99193,585.12838
23,hombro_derecho,6,992.76764,577.60401
23,rodilla_izquierda,6,988.85616,717.84668
23,tobillo_izquierdo,6,1017.87586,768.29961
23,talon_izquierdo,7,1023.82107,777.6158
23,cadera_izquierda,7,962.84294,674.90112
23,cadera_derecha,7,994.006,666.02544
23,hombro_izquierdo,7,934.10585,584.76905
23,hombro_derecho,7,991.20827,577.33204
23,rodilla_izquierda,7,988.35445,717.84494
23,tobillo_izquierdo,7,1018.12901,768.3663
23,talon_izquierdo,8,1023.64677,777.70824
23,cadera_izquierda,8,961.55651,673.02607
23,cadera_derecha,8,992.9504,664.7336
23,hombro_izquierdo,8,934.17154,583.83777
23,hombro_derecho,8,990.92537,577.17104
23,rodilla_izquierda,8,986.92326,717.99924
23,tobillo_izquierdo,8,1017.85801,768.40769
24,talon_izquierdo,0,882.18618,780.86818
24,cadera_izquierda,0,836.24542,699.43278
24,cadera_derecha,0,865.29751,695.35616
24,hombro_izquierdo,0,805.46162,591.82659
24,hombro_derecho,0,854.24612,599.54292
24,rodilla_izquierda,0,869.75985,734.82764
24,tobillo_izquierdo,0,880.05255,766.36372
24,talon_izquierdo,1,888.0146,782.052
24,cadera_izquierda,1,836.93659,702.20494
24,cadera_derecha,1,866.85402,696.87749
24,hombro_izquierdo,1,805.45933,594.66885
24,hombro_derecho,1,856.94372,600.45521
24,rodilla_izquierda,1,869.19994,739.07478
24,tobillo_izquierdo,1,885.66599,767.8855
24,talon_izquierdo,2,895.515945,783.2709050000001
24,cadera_izquierda,2,838.38919,704.40398
24,cadera_derecha,2,868.377,697.3084
24,hombro_izquierdo,2,805.6695,596.88746
24,hombro_derecho,2,859.06139,604.15434
24,rodilla_izquierda,2,869.50247,741.77181
24,tobillo_izquierdo,2,893.13266,772.9638199999999
24,talon_izquierdo,3,903.01729,784.48981
24,cadera_izquierda,3,838.47382,704.6813
24,cadera_derecha,3,868.35491,697.27261
24,hombro_izquierdo,3,808.43456,596.78814
24,hombro_derecho,3,861.19349,606.37676
24,rodilla_izquierda,3,869.29625,738.30867
24,tobillo_izquierdo,3,900.59933,778.04214
24,talon_izquierdo,4,907.17333,787.89205
24,cadera_izquierda,4,838.44297,705.40421
24,cadera_derecha,4,868.48349,697.72786
24,hombro_izquierdo,4,812.43324,598.47304
24,hombro_derecho,4,863.88788,607.64838
24,rodilla_izquierda,4,869.67779,733.97553
24,tobillo_izquierdo,4,902.44892,779.65598
24,talon_izquierdo,5,908.44614,792.96716
24,cadera_izquierda,5,837.78025,705.2248
24,cadera_derecha,5,868.00787,697.69915
24,hombro_izquierdo,5,815.12489,600.33232
24,hombro_derecho,5,866.87902,607.81124
24,rodilla_izquierda,5,870.36535,732.50969
24,tobillo_izquierdo,5,903.76133,783.64942
24,talon_izquierdo,6,908.11214,795.53262
24,cadera_izquierda,6,836.78667,704.94491
24,cadera_derecha,6,867.21205,696.93774
24,hombro_izquierdo,6,818.426,599.86439
24,hombro_derecho,6,869.50235,608.75141
24,rodilla_izquierda,6,870.97721,732.04917
24,tobillo_izquierdo,6,904.02855,785.53195
24,talon_izquierdo,7,907.62629,796.08197
24,cadera_izquierda,7,835.78217,704.68401
24,cadera_derecha,7,866.33966,696.86951
24,hombro_izquierdo,7,819.68107,599.44719
24,hombro_derecho,7,870.10712,609.2082
24,rodilla_izquierda,7,870.95615,732.30351
24,tobillo_izquierdo,7,903.45097,786.57002
24,talon_izquierdo,8,909.65578,797.0889
24,cadera_izquierda,8,834.31395,703.09908
24,cadera_derecha,8,864.732,696.20615
24,hombro_izquierdo,8,821.53141,598.88889
24,hombro_derecho,8,871.13411,609.66905
24,rodilla_izquierda,8,870.30281,733.37313
24,tobillo_izquierdo,8,904.46314,787.80135
24,talon_izquierdo,9,910.26249,797.28858
24,cadera_izquierda,9,832.2365,702.57038
24,cadera_derecha,9,862.24863,696.1813
24,hombro_izquierdo,9,822.63874,598.71192
24,hombro_derecho,9,871.56664,609.30206
24,rodilla_izquierda,9,869.55568,735.47954
24,tobillo_izquierdo,9,903.45577,787.12421
24,talon_izquierdo,10,909.5351,796.24638
24,cadera_izquierda,10,831.08671,702.56942
24,cadera_derecha,10,861.02903,697.79764
24,hombro_izquierdo,10,824.79338,597.45092
24,hombro_derecho,10,872.19503,609.05944
24,rodilla_izquierda,10,866.02404,735.45643
24,tobillo_izquierdo,10,903.27318,786.01893
24,talon_izquierdo,11,909.15956,795.62357
24,cadera_izquierda,11,830.85394,702.05231
24,cadera_derecha,11,860.22411,697.74344
24,hombro_izquierdo,11,825.47235,596.86262
24,hombro_derecho,11,872.52748,609.01811
24,rodilla_izquierda,11,863.82254,735.44272
24,tobillo_izquierdo,11,902.90846,786.05942
24,talon_izquierdo,12,909.99235,794.24696
24,cadera_izquierda,12,830.40802,698.96839
24,cadera_derecha,12,858.15205,695.84012
24,hombro_izquierdo,12,826.98635,595.72669
24,hombro_derecho,12,872.6849,608.97015
24,rodilla_izquierda,12,861.82875,735.55389
24,tobillo_izquierdo,12,902.54007,786.0179
24,talon_izquierdo,13,910.55643,790.68668
24,cadera_izquierda,13,829.59961,694.28867
24,cadera_derecha,13,855.30956,692.55227
24,hombro_izquierdo,13,827.8343,594.50232
24,hombro_derecho,13,873.56243,609.02719
24,rodilla_izquierda,13,858.10278,734.5059
24,tobillo_izquierdo,13,902.51455,782.62518
25,talon_izquierdo,0,899.10009,790.78749
25,cadera_izquierda,0,824.97763,707.79264
25,cadera_derecha,0,857.90354,703.84033
25,hombro_izquierdo,0,795.89933,593.64287
25,hombro_derecho,0,844.84629,603.13384
25,rodilla_izquierda,0,859.76904,748.77231
25,tobillo_izquierdo,0,889.60608,786.08214
25,talon_izquierdo,1,896.05854,789.00757
25,cadera_izquierda,1,825.15455,707.70246
25,cadera_derecha,1,857.63363,702.75488
25,hombro_izquierdo,1,799.41954,592.32567
25,hombro_derecho,1,848.22962,600.72197
25,rodilla_izquierda,1,863.06145,740.45197
25,tobillo_izquierdo,1,892.45783,781.24799
25,talon_izquierdo,2,900.926885,793.6579449999999
25,cadera_izquierda,2,825.19369,707.14769
25,cadera_derecha,2,856.43915,698.45135
25,hombro_izquierdo,2,807.60372,591.45393
25,hombro_derecho,2,851.76544,598.09613
25,rodilla_izquierda,2,874.98974,740.47238
25,tobillo_izquierdo,2,898.6578099999999,784.724515
25,talon_izquierdo,3,905.79523,798.30832
25,cadera_izquierda,3,825.33634,706.57104
25,cadera_derecha,3,856.46862,698.35556
25,hombro_izquierdo,3,810.95964,591.51573
25,hombro_derecho,3,857.30204,598.04727
25,rodilla_izquierda,3,872.92042,737.99576
25,tobillo_izquierdo,3,904.85779,788.20104
25,talon_izquierdo,4,906.0387,803.37537
25,cadera_izquierda,4,825.38733,704.6542
25,cadera_derecha,4,856.20775,696.95699
25,hombro_izquierdo,4,814.56854,591.09203
25,hombro_derecho,4,861.68833,598.31931
25,rodilla_izquierda,4,872.61108,737.03357
25,tobillo_izquierdo,4,903.87703,790.27147
25,talon_izquierdo,5,911.25618,808.61102
25,cadera_izquierda,5,825.38824,702.7579
25,cadera_derecha,5,855.89653,695.40077
25,hombro_izquierdo,5,818.81298,591.57244
25,hombro_derecho,5,862.75114,598.48797
25,rodilla_izquierda,5,872.6461,738.03206
25,tobillo_izquierdo,5,906.87281,795.53815
25,talon_izquierdo,6,914.67258,808.94827
25,cadera_izquierda,6,825.01734,698.17525
25,cadera_derecha,6,855.1185,691.78411
25,hombro_izquierdo,6,822.69922,591.16696
25,hombro_derecho,6,865.4405,598.51456
25,rodilla_izquierda,6,871.7807,738.66916
25,tobillo_izquierdo,6,908.7747,796.4601
25,talon_izquierdo,7,915.02661,808.08439
25,cadera_izquierda,7,824.5495,695.05992
25,cadera_derecha,7,854.06982,689.40642
25,hombro_izquierdo,7,825.72229,590.80248
25,hombro_derecho,7,868.99693,598.91174
25,rodilla_izquierda,7,871.18635,739.08108
25,tobillo_izquierdo,7,907.82318,795.43483
25,talon_izquierdo,8,914.86204,806.94325
25,cadera_izquierda,8,824.64918,695.0493
25,cadera_derecha,8,853.72707,687.69172
25,hombro_izquierdo,8,829.10339,590.77299
25,hombro_derecho,8,870.60574,598.68437
25,rodilla_izquierda,8,871.77092,737.95932
25,tobillo_izquierdo,8,906.70246,795.05922
25,talon_izquierdo,9,910.74469,806.3281
25,cadera_izquierda,9,824.6731,693.57741
25,cadera_derecha,9,852.99934,688.01004
25,hombro_izquierdo,9,831.6643,590.50044
25,hombro_derecho,9,873.57582,598.04315
25,rodilla_izquierda,9,869.29785,737.54811
25,tobillo_izquierdo,9,904.61094,794.39328
25,talon_izquierdo,10,910.75716,805.86275
25,cadera_izquierda,10,825.18036,689.03345
25,cadera_derecha,10,851.33188,685.05288
25,hombro_izquierdo,10,833.86408,589.67633
25,hombro_derecho,10,875.55548,597.90951
25,rodilla_izquierda,10,865.51907,736.9542
25,tobillo_izquierdo,10,904.34235,794.19359
25,talon_izquierdo,11,905.73525625,795.0656
25,cadera_izquierda,11,825.74644,679.18495
25,cadera_derecha,11,849.36275,679.00677
25,hombro_izquierdo,11,840.74438,585.3963
25,hombro_derecho,11,878.93291,597.69129
25,rodilla_izquierda,11,857.29042,730.94137
25,tobillo_izquierdo,11,899.59585,786.81033
25,talon_izquierdo,12,900.7133524999999,784.26845
25,cadera_izquierda,12,827.04815,675.67714
25,cadera_derecha,12,847.23759,676.70318
25,hombro_izquierdo,12,845.56446,584.43579
25,hombro_derecho,12,880.60633,596.76142
25,rodilla_izquierda,12,855.77688,721.06527
25,tobillo_izquierdo,12,895.400445,782.78679
25,talon_izquierdo,13,897.24695,779.37776
25,cadera_izquierda,13,827.73113,675.16737
25,cadera_derecha,13,842.14251,673.96636
25,hombro_izquierdo,13,847.94106,584.17058
25,hombro_derecho,13,883.22588,597.19736
25,rodilla_izquierda,13,854.97231,723.03598
25,tobillo_izquierdo,13,891.20504,778.76325
25,talon_izquierdo,14,894.92191,784.69529
25,cadera_izquierda,14,827.12986,675.23142
25,cadera_derecha,14,841.48046,674.18967
25,hombro_izquierdo,14,847.01586,582.68073
25,hombro_derecho,14,886.12501,597.21635
25,rodilla_izquierda,14,853.65772,724.28005
25,tobillo_izquierdo,14,888.09294,780.19484
25,talon_izquierdo,15,889.75822,786.31247
25,cadera_izquierda,15,826.51388,674.14757
25,cadera_derecha,15,843.03314,673.00038
25,hombro_izquierdo,15,848.09109,582.33762
25,hombro_derecho,15,889.83742,598.91933
25,rodilla_izquierda,15,849.28705,723.39879
25,tobillo_izquierdo,15,881.84458,778.25181
25,talon_izquierdo,16,883.8303,786.81747
25,cadera_izquierda,16,825.90826,673.75966
25,cadera_derecha,16,844.96456,673.15166
25,hombro_izquierdo,16,850.00505,580.77445
25,hombro_derecho,16,893.05304,600.34043
25,rodilla_izquierda,16,845.71856,719.74208
25,tobillo_izquierdo,16,876.58573,778.15512
26,talon_izquierdo,0,874.47945,798.52506
26,cadera_izquierda,0,818.70049,712.14806
26,cadera_derecha,0,850.3141,708.98091
26,hombro_izquierdo,0,788.10122,588.52818
26,hombro_derecho,0,842.13501,607.76985
26,rodilla_izquierda,0,851.12749,741.8967
26,tobillo_izquierdo,0,871.54438,788.54975
26,talon_izquierdo,1,877.46109,794.6322600000001
26,cadera_izquierda,1,818.0608749999999,711.59661
26,cadera_derecha,1,850.2024650000001,707.427715
26,hombro_izquierdo,1,789.92452,588.467155
26,hombro_derecho,1,843.46204,608.4377549999999
26,rodilla_izquierda,1,851.19478,739.245075
26,tobillo_izquierdo,1,875.3360325000001,788.1924437499999
26,talon_izquierdo,2,880.44273,790.73946
26,cadera_izquierda,2,817.42126,711.04516
26,cadera_derecha,2,850.09083,705.87452
26,hombro_izquierdo,2,791.74782,588.40613
26,hombro_derecho,2,844.78907,609.10566
26,rodilla_izquierda,2,851.26207,736.59345
26,tobillo_izquierdo,2,879.127685,787.8351375
26,talon_izquierdo,3,888.3177000000001,794.3977150000001
26,cadera_izquierda,3,817.12624,710.52412
26,cadera_derecha,3,850.02857,703.59939
26,hombro_izquierdo,3,795.62181,589.74
26,hombro_derecho,3,848.20827,610.41281
26,rodilla_izquierda,3,861.23091,737.78867
26,tobillo_izquierdo,3,886.71099,787.120525
26,talon_izquierdo,4,896.19267,798.05597
26,cadera_izquierda,4,816.99331,710.54633
26,cadera_derecha,4,850.5934,703.58226
26,hombro_izquierdo,4,801.21151,590.71815
26,hombro_derecho,4,853.49098,611.01303
26,rodilla_izquierda,4,859.48689,734.95954
26,tobillo_izquierdo,4,891.11074,786.94004
26,talon_izquierdo,5,894.20597,802.57676
26,cadera_izquierda,5,816.8347,710.33287
26,cadera_derecha,5,850.21797,703.53907
26,hombro_izquierdo,5,805.42746,590.82366
26,hombro_derecho,5,856.13525,611.77244
26,rodilla_izquierda,5,858.54595,736.25318
26,tobillo_izquierdo,5,889.64979,790.94758
26,talon_izquierdo,6,895.50768,804.66554
26,cadera_izquierda,6,815.00639,709.10721
26,cadera_derecha,6,847.92721,702.29815
26,hombro_izquierdo,6,806.50858,591.5662
26,hombro_derecho,6,857.67019,612.27699
26,rodilla_izquierda,6,857.15132,737.31623
26,tobillo_izquierdo,6,889.58347,793.16208
26,talon_izquierdo,7,896.77832,805.26376
26,cadera_izquierda,7,813.81569,707.26125
26,cadera_derecha,7,845.8956,700.68548
26,hombro_izquierdo,7,807.58518,592.27198
26,hombro_derecho,7,858.69164,612.21397
26,rodilla_izquierda,7,854.82897,738.18353
26,tobillo_izquierdo,7,890.09886,793.72225
26,talon_izquierdo,8,896.18013,803.5889
26,cadera_izquierda,8,813.03932,706.45285
26,cadera_derecha,8,844.7311,700.16708
26,hombro_izquierdo,8,807.96301,593.54921
26,hombro_derecho,8,859.41256,612.19563
26,rodilla_izquierda,8,853.16957,742.71365
26,tobillo_izquierdo,8,888.70485,792.38555
26,talon_izquierdo,9,895.25906,802.84655
26,cadera_izquierda,9,811.92661,705.39488
26,cadera_derecha,9,843.4164,700.07818
26,hombro_izquierdo,9,808.92311,593.56833
26,hombro_derecho,9,859.67623,610.89548
26,rodilla_izquierda,9,842.59083,740.77828
26,tobillo_izquierdo,9,887.98931,791.0968
26,talon_izquierdo,10,893.6574,799.19557
26,cadera_izquierda,10,812.23143,700.68689
26,cadera_derecha,10,841.93342,697.03366
26,hombro_izquierdo,10,816.09169,591.53742
26,hombro_derecho,10,860.78945,608.65183
26,rodilla_izquierda,10,835.48353,739.82028
26,tobillo_izquierdo,10,887.37665,790.68417
26,talon_izquierdo,11,893.82082,798.53362
26,cadera_izquierda,11,812.77073,695.14483
26,cadera_derecha,11,837.69711,691.84726
26,hombro_izquierdo,11,822.21903,589.12105
26,hombro_derecho,11,859.81379,605.66015
26,rodilla_izquierda,11,838.57693,738.11002
26,tobillo_izquierdo,11,886.6361,790.08968
26,talon_izquierdo,12,887.5107612500001,769.778065
26,cadera_izquierda,12,812.66939,686.67385
26,cadera_derecha,12,831.99921,688.131
26,hombro_izquierdo,12,825.89916,588.33165
26,hombro_derecho,12,859.54227,604.13432
26,rodilla_izquierda,12,839.57457,724.84055
26,tobillo_izquierdo,12,882.0307849999999,765.19353
26,talon_izquierdo,13,881.2007025,741.02251
26,cadera_izquierda,13,811.89205,684.04306
26,cadera_derecha,13,830.46358,687.53613
26,hombro_izquierdo,13,823.17255,585.49769
26,hombro_derecho,13,861.85701,604.57058
26,rodilla_izquierda,13,835.7218849999999,715.2961250000001
26,tobillo_izquierdo,13,877.4254699999999,740.29738
26,talon_izquierdo,14,878.5220165625001,754.88033875
26,cadera_izquierda,14,808.4208000000001,678.075745
26,cadera_derecha,14,829.50634,678.45496
26,hombro_izquierdo,14,823.85153,585.01309
26,hombro_derecho,14,862.78444,604.69295
26,rodilla_izquierda,14,831.8692,705.7517
26,tobillo_izquierdo,14,872.93172125,752.02444125
26,talon_izquierdo,15,875.50884328125,767.214374375
26,cadera_izquierda,15,804.94955,672.10843
26,cadera_derecha,15,825.84085,676.65297
26,hombro_izquierdo,15,825.36364,584.57027
26,hombro_derecho,15,862.838,604.94291
26,rodilla_izquierda,15,822.03484,712.1966
26,tobillo_izquierdo,15,868.414835625,762.769325625
26,talon_izquierdo,16,875.50884328125,767.214374375
26,cadera_izquierda,16,806.08875,677.6935
26,cadera_derecha,16,828.29899,676.31096
26,hombro_izquierdo,16,826.49775,583.52021
26,hombro_derecho,16,864.79511,608.62981
26,rodilla_izquierda,16,819.97753,716.01765
26,tobillo_izquierdo,16,868.414835625,762.769325625
27,talon_izquierdo,0,885.71405,810.54054
27,cadera_izquierda,0,794.84436,710.72805
27,cadera_derecha,0,819.16878,706.96146
27,hombro_izquierdo,0,748.59484,593.19393
27,hombro_derecho,0,788.67554,606.10607
27,rodilla_izquierda,0,844.14991,753.43878
27,tobillo_izquierdo,0,881.63155,799.57524
27,talon_izquierdo,1,883.75254,810.72819
27,cadera_izquierda,1,793.57143,710.49515
27,cadera_derecha,1,819.06458,707.02809
27,hombro_izquierdo,1,753.62783,593.16458
27,hombro_derecho,1,795.58405,606.60579
27,rodilla_izquierda,1,844.51927,745.20032
27,tobillo_izquierdo,1,879.67552,799.51956
27,talon_izquierdo,2,891.9645324999999,813.8296975000001
27,cadera_izquierda,2,792.77184,712.8102
27,cadera_derecha,2,819.93828,707.96639
27,hombro_izquierdo,2,757.46595,594.60686
27,hombro_derecho,2,801.76907,606.45986
27,rodilla_izquierda,2,839.42602,733.8025
27,tobillo_izquierdo,2,886.5120775,801.84991125
27,talon_izquierdo,3,900.176525,816.931205
27,cadera_izquierda,3,792.98635,717.99403
27,cadera_derecha,3,820.42145,709.63931
27,hombro_izquierdo,3,766.13331,600.65387
27,hombro_derecho,3,810.61152,606.48381
27,rodilla_izquierda,3,847.507865,741.068475
27,tobillo_izquierdo,3,893.3486350000001,804.1802625
27,talon_izquierdo,4,899.4131775,815.7194625
27,cadera_izquierda,4,792.78339,717.38963
27,cadera_derecha,4,819.99807,709.57069
27,hombro_izquierdo,4,771.28012,603.20214
27,hombro_derecho,4,817.47471,606.36156
27,rodilla_izquierda,4,855.58971,748.33445
27,tobillo_izquierdo,4,895.05014,804.29295
27,talon_izquierdo,5,898.64983,814.50772
27,cadera_izquierda,5,791.55281,716.97803
27,cadera_derecha,5,819.75037,706.62756
27,hombro_izquierdo,5,775.50316,602.8365
27,hombro_derecho,5,821.97121,606.15512
27,rodilla_izquierda,5,855.03794,747.98709
27,tobillo_izquierdo,5,891.52405,802.20514
27,talon_izquierdo,6,895.82388,814.47328
27,cadera_izquierda,6,790.5637,714.29136
27,cadera_derecha,6,817.45914,703.72878
27,hombro_izquierdo,6,779.23616,602.03248
27,hombro_derecho,6,820.92436,604.62259
27,rodilla_izquierda,6,854.59791,748.23905
27,tobillo_izquierdo,6,889.95792,802.44905
27,talon_izquierdo,7,894.06086,814.4857
27,cadera_izquierda,7,789.98852,713.98636
27,cadera_derecha,7,817.08967,703.294
27,hombro_izquierdo,7,780.34275,601.54015
27,hombro_derecho,7,826.05761,604.56955
27,rodilla_izquierda,7,851.90289,748.53124
27,tobillo_izquierdo,7,889.25978,802.28586
27,talon_izquierdo,8,892.39162,813.21698
27,cadera_izquierda,8,788.79999,712.15778
27,cadera_derecha,8,814.19037,703.08923
27,hombro_izquierdo,8,782.45167,600.78409
27,hombro_derecho,8,828.06118,605.1124
27,rodilla_izquierda,8,846.60748,746.0512
27,tobillo_izquierdo,8,887.70555,800.23918
27,talon_izquierdo,9,884.81243,813.85292
27,cadera_izquierda,9,788.61694,709.49016
27,cadera_derecha,9,811.83123,700.97361
27,hombro_izquierdo,9,786.93598,598.21336
27,hombro_derecho,9,828.24715,605.04359
27,rodilla_izquierda,9,844.30492,746.15561
27,tobillo_izquierdo,9,884.54561,798.5407
27,talon_izquierdo,10,882.3584675,798.5028125
27,cadera_izquierda,10,788.6816,700.83547
27,cadera_derecha,10,808.29752,697.47738
27,hombro_izquierdo,10,792.30583,597.02001
27,hombro_derecho,10,828.08052,603.50932
27,rodilla_izquierda,10,838.6223,743.70107
27,tobillo_izquierdo,10,876.15732,789.04205875
27,talon_izquierdo,11,879.904505,783.152705
27,cadera_izquierda,11,788.07947,696.61118
27,cadera_derecha,11,808.2839,692.06278
27,hombro_izquierdo,11,793.43113,594.6301
27,hombro_derecho,11,831.08751,602.51379
27,rodilla_izquierda,11,826.67078,739.69076
27,tobillo_izquierdo,11,867.7690299999999,779.5434175
27,talon_izquierdo,12,883.3197124999999,783.6422024999999
27,cadera_izquierda,12,786.11464,695.07279
27,cadera_derecha,12,807.32145,688.86382
27,hombro_izquierdo,12,794.52244,592.74062
27,hombro_derecho,12,833.20347,602.64447
27,rodilla_izquierda,12,825.06392,744.22243
27,tobillo_izquierdo,12,867.9876399999999,782.69861375
27,talon_izquierdo,13,886.73492,784.1317
27,cadera_izquierda,13,783.36359,691.56994
27,cadera_derecha,13,804.11339,685.23216
27,hombro_izquierdo,13,795.27855,590.31189
27,hombro_derecho,13,833.18813,602.33168
27,rodilla_izquierda,13,818.58192,749.62184
27,tobillo_izquierdo,13,868.20625,785.85381
28,talon_izquierdo,0,879.68822,805.31435
28,cadera_izquierda,0,809.0867,709.2075
28,cadera_derecha,0,838.38369,703.93619
28,hombro_izquierdo,0,778.13753,586.72445
28,hombro_derecho,0,819.6777,606.62356
28,rodilla_izquierda,0,857.68805,750.35106
28,tobillo_izquierdo,0,877.88034,791.95335
28,talon_izquierdo,1,886.8705112499999,809.28594875
28,cadera_izquierda,1,807.3353,707.42398
28,cadera_derecha,1,837.08731,701.28402
28,hombro_izquierdo,1,783.98804,584.16201
28,hombro_derecho,1,826.60269,601.17226
28,rodilla_izquierda,1,854.04699,734.21024
28,tobillo_izquierdo,1,885.691865,796.25953375
28,talon_izquierdo,2,894.0528025,813.2575475
28,cadera_izquierda,2,806.41537,706.70828
28,cadera_derecha,2,834.36962,699.44256
28,hombro_izquierdo,2,788.91489,584.54574
28,hombro_derecho,2,832.70468,598.64877
28,rodilla_izquierda,2,861.51398,737.02926
28,tobillo_izquierdo,2,893.5033900000001,800.5657174999999
28,talon_izquierdo,3,897.1487,815.29996
28,cadera_izquierda,3,805.2384,705.47264
28,cadera_derecha,3,831.94628,697.97003
28,hombro_izquierdo,3,793.33111,586.22079
28,hombro_derecho,3,835.79155,598.80076
28,rodilla_izquierda,3,861.77788,738.95594
28,tobillo_izquierdo,3,897.39979,803.01141
28,talon_izquierdo,4,894.62746,814.19989
28,cadera_izquierda,4,805.20287,703.05646
28,cadera_derecha,4,832.35008,696.92873
28,hombro_izquierdo,4,799.10007,590.53327
28,hombro_derecho,4,842.02635,594.67625
28,rodilla_izquierda,4,859.38143,740.31821
28,tobillo_izquierdo,4,893.62621,802.4251
28,talon_izquierdo,5,892.65072,814.39739
28,cadera_izquierda,5,804.41185,701.16667
28,cadera_derecha,5,832.17476,696.21677
28,hombro_izquierdo,5,805.2495,589.1748
28,hombro_derecho,5,847.60735,594.97945
28,rodilla_izquierda,5,855.77127,740.50102
28,tobillo_izquierdo,5,892.84178,800.87094
28,talon_izquierdo,6,891.88528,813.76647
28,cadera_izquierda,6,802.85809,697.27763
28,cadera_derecha,6,830.80181,692.78163
28,hombro_izquierdo,6,810.09413,586.26559
28,hombro_derecho,6,850.64552,595.57284
28,rodilla_izquierda,6,851.89785,740.16249
28,tobillo_izquierdo,6,891.80717,800.13529
28,talon_izquierdo,7,892.69026,808.93727
28,cadera_izquierda,7,802.47231,694.7761
28,cadera_derecha,7,828.28857,692.51094
28,hombro_izquierdo,7,814.3087,584.59486
28,hombro_derecho,7,852.51881,594.92621
28,rodilla_izquierda,7,852.49781,729.5887
28,tobillo_izquierdo,7,892.10203,795.010715
28,talon_izquierdo,8,893.49524,804.10807
28,cadera_izquierda,8,802.42607,692.14678
28,cadera_derecha,8,827.03848,688.32502
28,hombro_izquierdo,8,816.92156,583.44825
28,hombro_derecho,8,855.96342,594.91417
28,rodilla_izquierda,8,849.28328,732.20257
28,tobillo_izquierdo,8,891.15326,794.3532574999999
28,talon_izquierdo,9,892.92566,804.72264
28,cadera_izquierda,9,802.54412,687.48103
28,cadera_derecha,9,825.05728,684.5207
28,hombro_izquierdo,9,823.79293,582.59421
28,hombro_derecho,9,858.01203,594.79656
28,rodilla_izquierda,9,846.59712,735.56085
28,tobillo_izquierdo,9,890.20449,793.6958
28,talon_izquierdo,10,892.60557,805.0642
28,cadera_izquierda,10,802.56414,680.18628
28,cadera_derecha,10,825.18848,674.98326
28,hombro_izquierdo,10,830.30651,578.93454
28,hombro_derecho,10,861.30861,595.05605
28,rodilla_izquierda,10,843.26048,733.46724
28,tobillo_izquierdo,10,885.5706,793.86606
28,talon_izquierdo,11,888.39821,799.604465
28,cadera_izquierda,11,804.2466,674.60552
28,cadera_derecha,11,819.17547,670.34384
28,hombro_izquierdo,11,836.09488,577.58599
28,hombro_derecho,11,862.58909,592.57615
28,rodilla_izquierda,11,841.13211,725.54923
28,tobillo_izquierdo,11,879.08546,787.20848
28,talon_izquierdo,12,884.19085,794.14473
28,cadera_izquierda,12,802.64265,672.0859
28,cadera_derecha,12,820.46637,670.49228
28,hombro_izquierdo,12,834.95075,576.35633
28,hombro_derecho,12,866.93058,594.09406
28,rodilla_izquierda,12,840.39207,726.72977
28,tobillo_izquierdo,12,876.15486,786.01931
28,talon_izquierdo,13,883.25981,795.68679
28,cadera_izquierda,13,801.49075,670.73683
28,cadera_derecha,13,820.35553,666.2801
28,hombro_izquierdo,13,834.73074,575.59313
28,hombro_derecho,13,868.80072,596.20859
28,rodilla_izquierda,13,833.03324,725.77583
28,tobillo_izquierdo,13,876.48645,787.22058
28,talon_izquierdo,14,874.92102,796.17403
28,cadera_izquierda,14,801.03973,670.83983
28,cadera_derecha,14,820.61857,666.69086
28,hombro_izquierdo,14,836.0277,574.23473
28,hombro_derecho,14,870.128,596.07482
28,rodilla_izquierda,14,828.3926,723.33783
28,tobillo_izquierdo,14,871.34371,786.55728
28,talon_izquierdo,15,867.46176,791.59872
28,cadera_izquierda,15,801.06091,666.44837
28,cadera_derecha,15,823.03579,664.35875
28,hombro_izquierdo,15,835.84711,574.01625
28,hombro_derecho,15,870.72664,594.33173
28,rodilla_izquierda,15,826.18618,720.83996
28,tobillo_izquierdo,15,863.98201,781.90961
28,talon_izquierdo,16,863.15563,787.05475
28,cadera_izquierda,16,801.74314,662.67559
28,cadera_derecha,16,826.09034,662.68692
28,hombro_izquierdo,16,836.23209,573.5171
28,hombro_derecho,16,871.90252,592.95002
28,rodilla_izquierda,16,822.85887,716.44264
28,tobillo_izquierdo,16,856.61802,777.0732
28,talon_izquierdo,17,858.4124,788.63357
28,cadera_izquierda,17,804.92483,660.82905
28,cadera_derecha,17,829.27334,662.26624
28,hombro_izquierdo,17,835.17488,573.53963
28,hombro_derecho,17,873.99479,591.51978
28,rodilla_izquierda,17,819.6627,715.27993
28,tobillo_izquierdo,17,850.98106,778.59105
28,talon_izquierdo,18,852.22372,790.32851
28,cadera_izquierda,18,805.66795,661.62953
28,cadera_derecha,18,830.19585,663.00312
28,hombro_izquierdo,18,836.85694,573.62988
28,hombro_derecho,18,872.96047,591.40301
28,rodilla_izquierda,18,818.17869,716.36797
28,tobillo_izquierdo,18,845.10063,779.23266
29,talon_izquierdo,0,897.43624,803.36012
29,cadera_izquierda,0,818.8888,715.79608
29,cadera_derecha,0,848.99832,709.31777
29,hombro_izquierdo,0,788.73316,593.92495
29,hombro_derecho,0,837.32735,610.50146
29,rodilla_izquierda,0,867.66426,759.99343
29,tobillo_izquierdo,0,892.59573,792.62765
29,talon_izquierdo,1,893.70586,797.37368
29,cadera_izquierda,1,818.41719,715.72488
29,cadera_derecha,1,849.14812,709.17293
29,hombro_izquierdo,1,789.15773,593.93326
29,hombro_derecho,1,839.44794,613.34887
29,rodilla_izquierda,1,862.87788,746.30734
29,tobillo_izquierdo,1,891.45018,785.50587
29,talon_izquierdo,2,895.37333,797.88474
29,cadera_izquierda,2,818.45512,715.71419
29,cadera_derecha,2,849.14137,707.83011
29,hombro_izquierdo,2,791.22454,593.96738
29,hombro_derecho,2,844.72469,614.27951
29,rodilla_izquierda,2,863.15941,745.05503
29,tobillo_izquierdo,2,896.35866,786.98156
29,talon_izquierdo,3,899.23382,799.80396
29,cadera_izquierda,3,818.4573,715.82891
29,cadera_derecha,3,849.3976,707.90047
29,hombro_izquierdo,3,796.74437,594.34846
29,hombro_derecho,3,850.09363,614.19415
29,rodilla_izquierda,3,863.35917,744.40847
29,tobillo_izquierdo,3,899.0534,789.32886
29,talon_izquierdo,4,901.91093,805.11563
29,cadera_izquierda,4,817.21344,716.32825
29,cadera_derecha,4,849.27,708.33737
29,hombro_izquierdo,4,801.40171,597.22961
29,hombro_derecho,4,853.58946,614.12617
29,rodilla_izquierda,4,863.43075,744.74836
29,tobillo_izquierdo,4,898.72662,792.56341
29,talon_izquierdo,5,905.79912,808.42138
29,cadera_izquierda,5,815.83866,716.24817
29,cadera_derecha,5,848.80411,707.80623
29,hombro_izquierdo,5,805.49114,597.97389
29,hombro_derecho,5,858.12555,614.07879
29,rodilla_izquierda,5,863.52442,744.5085
29,tobillo_izquierdo,5,900.23317,795.52901
29,talon_izquierdo,6,908.86219,812.80744
29,cadera_izquierda,6,814.09069,714.92762
29,cadera_derecha,6,847.3748,707.06536
29,hombro_izquierdo,6,809.87549,598.71238
29,hombro_derecho,6,859.9114,614.54736
29,rodilla_izquierda,6,863.44328,744.74887
29,tobillo_izquierdo,6,902.3897,799.66794
29,talon_izquierdo,7,910.05129,812.30649
29,cadera_izquierda,7,811.89068,713.06042
29,cadera_derecha,7,845.70803,706.28831
29,hombro_izquierdo,7,812.07808,598.74308
29,hombro_derecho,7,860.8675,614.51653
29,rodilla_izquierda,7,862.06089,745.13627
29,tobillo_izquierdo,7,902.28075,799.96341
29,talon_izquierdo,8,909.65509,811.37044
29,cadera_izquierda,8,811.73326,709.35672
29,cadera_derecha,8,843.04264,703.33546
29,hombro_izquierdo,8,816.56651,598.67974
29,hombro_derecho,8,859.18133,613.66217
29,rodilla_izquierda,8,860.16111,745.68479
29,tobillo_izquierdo,8,901.99184,799.26825
29,talon_izquierdo,9,904.6181449999999,808.259935
29,cadera_izquierda,9,811.81944,708.46116
29,cadera_derecha,9,842.01136,701.38502
29,hombro_izquierdo,9,817.33189,598.54204
29,hombro_derecho,9,862.48541,613.64659
29,rodilla_izquierda,9,857.83911,745.86536
29,tobillo_izquierdo,9,900.93298,797.47681
29,talon_izquierdo,10,899.5812,805.14943
29,cadera_izquierda,10,812.02229,703.3446
29,cadera_derecha,10,840.4632,699.20161
29,hombro_izquierdo,10,820.11126,597.86581
29,hombro_derecho,10,866.77626,613.76124
29,rodilla_izquierda,10,852.79747,744.07733
29,tobillo_izquierdo,10,897.01698,792.41966
29,talon_izquierdo,11,900.3984375,794.3689200000001
29,cadera_izquierda,11,813.1597750000001,699.676205
29,cadera_derecha,11,836.89093,694.67156
29,hombro_izquierdo,11,825.44397,595.05914
29,hombro_derecho,11,866.17624,614.23496
29,rodilla_izquierda,11,841.51508,733.13785
29,tobillo_izquierdo,11,893.695935,787.24329875
29,talon_izquierdo,12,901.215675,783.5884100000001
29,cadera_izquierda,12,814.29726,696.00781
29,cadera_derecha,12,835.16224,694.75498
29,hombro_izquierdo,12,827.68908,594.97314
29,hombro_derecho,12,865.16682,614.26432
29,rodilla_izquierda,12,845.89748,741.96377
29,tobillo_izquierdo,12,890.37489,782.0669375
29,talon_izquierdo,13,902.3491125,783.6891800000001
29,cadera_izquierda,13,815.55136,696.52041
29,cadera_derecha,13,832.69569,694.10971
29,hombro_izquierdo,13,829.33605,594.91849
29,hombro_derecho,13,865.13409,614.30094
29,rodilla_izquierda,13,836.42269,743.79081
29,tobillo_izquierdo,13,888.95199,780.35906
29,talon_izquierdo,14,903.48255,783.78995
29,cadera_izquierda,14,814.7105,694.17228
29,cadera_derecha,14,833.64532,692.83448
29,hombro_izquierdo,14,829.05516,594.124
29,hombro_derecho,14,868.2086,616.76572
29,rodilla_izquierda,14,831.58773,744.04366
29,tobillo_izquierdo,14,888.74325,780.89117
30,talon_izquierdo,0,896.77448,813.14346
30,cadera_izquierda,0,826.37323,715.65909
30,cadera_derecha,0,857.89827,709.88297
30,hombro_izquierdo,0,802.27329,592.21476
30,hombro_derecho,0,848.51927,601.04493
30,rodilla_izquierda,0,863.56539,743.70513
30,tobillo_izquierdo,0,896.68659,791.90037
30,talon_izquierdo,1,902.77548,807.91
30,cadera_izquierda,1,823.76146,712.98304
30,cadera_derecha,1,854.49223,705.86158
30,hombro_izquierdo,1,806.41502,590.70444
30,hombro_derecho,1,854.53268,600.92256
30,rodilla_izquierda,1,872.19074,743.35243
30,tobillo_izquierdo,1,903.7161225,797.46270375
30,talon_izquierdo,2,907.594615,813.8817899999999
30,cadera_izquierda,2,821.11433,712.11864
30,cadera_derecha,2,851.18929,704.5122
30,hombro_izquierdo,2,809.63631,590.80718
30,hombro_derecho,2,859.40208,600.55892
30,rodilla_izquierda,2,880.46242,758.11174
30,tobillo_izquierdo,2,910.745655,803.0250375
30,talon_izquierdo,3,912.41375,819.85358
30,cadera_izquierda,3,820.1932,711.2086
30,cadera_derecha,3,851.70238,704.90635
30,hombro_izquierdo,3,814.5437,592.15611
30,hombro_derecho,3,863.33227,600.48682
30,rodilla_izquierda,3,879.06813,757.27296
30,tobillo_izquierdo,3,913.50368,805.83165
30,talon_izquierdo,4,914.78445,822.00969
30,cadera_izquierda,4,819.9008,709.39367
30,cadera_derecha,4,851.75909,702.84706
30,hombro_izquierdo,4,818.33942,592.17156
30,hombro_derecho,4,867.728,600.71244
30,rodilla_izquierda,4,876.94508,754.20623
30,tobillo_izquierdo,4,911.55218,808.39943
30,talon_izquierdo,5,913.89645,822.55119
30,cadera_izquierda,5,819.13507,704.77246
30,cadera_derecha,5,850.77524,698.0832
30,hombro_izquierdo,5,822.94905,589.37217
30,hombro_derecho,5,870.85814,600.71206
30,rodilla_izquierda,5,876.23817,752.61055
30,tobillo_izquierdo,5,910.11274,808.38707
30,talon_izquierdo,6,914.56758,822.88909
30,cadera_izquierda,6,818.20307,698.33303
30,cadera_derecha,6,849.26296,693.23398
30,hombro_izquierdo,6,825.8935,585.96349
30,hombro_derecho,6,874.14562,600.00099
30,rodilla_izquierda,6,875.77726,751.6243
30,tobillo_izquierdo,6,909.72021,808.52264
30,talon_izquierdo,7,915.61077,822.83212
30,cadera_izquierda,7,817.86615,693.98154
30,cadera_derecha,7,848.16839,688.50675
30,hombro_izquierdo,7,829.32192,584.13253
30,hombro_derecho,7,875.26709,598.00723
30,rodilla_izquierda,7,873.31341,750.79633
30,tobillo_izquierdo,7,909.72496,808.78522
30,talon_izquierdo,8,914.56638,821.16659
30,cadera_izquierda,8,818.09029,687.70099
30,cadera_derecha,8,845.14435,685.91251
30,hombro_izquierdo,8,834.5208,581.56347
30,hombro_derecho,8,876.63208,596.38445
30,rodilla_izquierda,8,864.33271,746.78151
30,tobillo_izquierdo,8,908.11735,807.81969
30,talon_izquierdo,9,907.8380549999999,802.87719
30,cadera_izquierda,9,817.82021,681.43119
30,cadera_derecha,9,843.12401,681.47142
30,hombro_izquierdo,9,835.84808,579.78207
30,hombro_derecho,9,879.3576,593.40926
30,rodilla_izquierda,9,858.61753,739.01021
30,tobillo_izquierdo,9,901.73647,797.5536099999999
30,talon_izquierdo,10,904.6671575,797.6663550000001
30,cadera_izquierda,10,817.82341,676.42058
30,cadera_derecha,10,842.06509,675.90051
30,hombro_izquierdo,10,838.79946,578.7194
30,hombro_derecho,10,882.05881,592.55857
30,rodilla_izquierda,10,854.4516,735.43294
30,tobillo_izquierdo,10,897.417925,794.364245
30,talon_izquierdo,11,901.49626,792.45552
30,cadera_izquierda,11,817.90461,672.90768
30,cadera_derecha,11,841.61676,671.36775
30,hombro_izquierdo,11,842.2827,575.81927
30,hombro_derecho,11,884.44359,592.29645
30,rodilla_izquierda,11,848.94138,728.88543
30,tobillo_izquierdo,11,893.09938,791.17488
30,talon_izquierdo,12,898.16551,798.18047
30,cadera_izquierda,12,817.98008,667.04259
30,cadera_derecha,12,840.59086,666.10281
30,hombro_izquierdo,12,845.57579,572.15072
30,hombro_derecho,12,887.18267,591.47717
30,rodilla_izquierda,12,847.33309,726.72623
30,tobillo_izquierdo,12,889.22047,792.42359
31,talon_izquierdo,0,852.82505,810.41591
31,cadera_izquierda,0,790.42574,724.88677
31,cadera_derecha,0,825.09974,716.42912
31,hombro_izquierdo,0,749.57754,592.98079
31,hombro_derecho,0,807.06722,605.50135
31,rodilla_izquierda,0,826.38102,758.50777
31,tobillo_izquierdo,0,850.42288,803.10674
31,talon_izquierdo,1,877.6639375,822.3292812500001
31,cadera_izquierda,1,790.75773,726.31701
31,cadera_derecha,1,825.10443,716.95383
31,hombro_izquierdo,1,754.34435,593.21099
31,hombro_derecho,1,810.53919,607.16835
31,rodilla_izquierda,1,832.79669,763.49796
31,tobillo_izquierdo,1,872.9657387499999,810.47033875
31,talon_izquierdo,2,891.2294075,828.8675037500001
31,cadera_izquierda,2,791.12068,726.2903
31,cadera_derecha,2,824.58841,715.75314
31,hombro_izquierdo,2,761.81213,593.37141
31,hombro_derecho,2,814.74644,608.20031
31,rodilla_izquierda,2,849.94091,764.9994
31,tobillo_izquierdo,2,885.02346125,815.50233125
31,talon_izquierdo,3,904.7948775,835.40572625
31,cadera_izquierda,3,792.45077,728.15821
31,cadera_derecha,3,824.9128,716.35715
31,hombro_izquierdo,3,766.3781,597.4374
31,hombro_derecho,3,821.86518,609.8677
31,rodilla_izquierda,3,853.8846000000001,769.5165850000001
31,tobillo_izquierdo,3,897.08118375,820.53432375
31,talon_izquierdo,4,902.00965375,834.158718125
31,cadera_izquierda,4,792.85189,728.05482
31,cadera_derecha,4,825.95255,716.33063
31,hombro_izquierdo,4,773.10905,602.22
31,hombro_derecho,4,828.57548,611.92204
31,rodilla_izquierda,4,857.82829,774.03377
31,tobillo_izquierdo,4,895.293246875,820.148921875
31,talon_izquierdo,5,899.22443,832.91171
31,cadera_izquierda,5,792.83598,727.73676
31,cadera_derecha,5,825.87502,716.4474
31,hombro_izquierdo,5,777.95631,602.77676
31,hombro_derecho,5,832.66485,613.29776
31,rodilla_izquierda,5,853.51696,771.6958
31,tobillo_izquierdo,5,893.50531,819.76352
31,talon_izquierdo,6,900.0107,832.18256
31,cadera_izquierda,6,792.65207,726.5494
31,cadera_derecha,6,824.89775,716.42532
31,hombro_izquierdo,6,781.78471,602.30664
31,hombro_derecho,6,834.40733,615.01091
31,rodilla_izquierda,6,851.15187,770.71064
31,tobillo_izquierdo,6,893.34314,819.41584
31,talon_izquierdo,7,908.89864,831.98339
31,cadera_izquierda,7,791.98236,725.79675
31,cadera_derecha,7,823.42426,716.41123
31,hombro_izquierdo,7,782.53418,603.05318
31,hombro_derecho,7,836.64293,615.92514
31,rodilla_izquierda,7,851.30739,769.98799
31,tobillo_izquierdo,7,899.67648,820.02178
31,talon_izquierdo,8,909.93273,831.24213
31,cadera_izquierda,8,790.73153,721.60806
31,cadera_derecha,8,819.78178,713.56298
31,hombro_izquierdo,8,787.8344,602.61853
31,hombro_derecho,8,838.64124,617.33169
31,rodilla_izquierda,8,851.24262,769.36904
31,tobillo_izquierdo,8,899.48519,818.99336
31,talon_izquierdo,9,905.83059,824.26718
31,cadera_izquierda,9,790.74137,717.32159
31,cadera_derecha,9,818.7038,712.92742
31,hombro_izquierdo,9,794.29487,599.66799
31,hombro_derecho,9,839.94398,618.63447
31,rodilla_izquierda,9,849.95344,765.42729
31,tobillo_izquierdo,9,896.21401,813.04439
31,talon_izquierdo,10,903.49766,821.51035
31,cadera_izquierda,10,790.05959,709.9185
31,cadera_derecha,10,814.2909,707.5423
31,hombro_izquierdo,10,794.64861,597.02471
31,hombro_derecho,10,840.31139,620.43048
31,rodilla_izquierda,10,838.95224,758.42801
31,tobillo_izquierdo,10,893.95374,809.61962
31,talon_izquierdo,11,902.77988,820.44504
31,cadera_izquierda,11,791.1466,703.75382
31,cadera_derecha,11,805.44502,703.55935
31,hombro_izquierdo,11,798.70325,596.01264
31,hombro_derecho,11,839.55059,619.53878
31,rodilla_izquierda,11,836.45948,754.58726
31,tobillo_izquierdo,11,891.05684,809.21252
31,talon_izquierdo,12,896.79588,820.81055
31,cadera_izquierda,12,791.06787,697.48421
31,cadera_derecha,12,803.49358,700.25051
31,hombro_izquierdo,12,801.30518,594.8769
31,hombro_derecho,12,838.31091,619.28818
31,rodilla_izquierda,12,829.84016,754.5375
31,tobillo_izquierdo,12,887.93032,807.41098
31,talon_izquierdo,13,896.81305,811.90782
31,cadera_izquierda,13,788.81561,703.08183
31,cadera_derecha,13,806.80773,701.50926
31,hombro_izquierdo,13,798.97253,594.67548
31,hombro_derecho,13,839.41114,618.8527
31,rodilla_izquierda,13,821.46006,756.03546
31,tobillo_izquierdo,13,884.74085,805.76574
31,talon_izquierdo,14,895.92052,806.18049
31,cadera_izquierda,14,788.02008,704.37457
31,cadera_derecha,14,805.81524,701.23793
31,hombro_izquierdo,14,799.36415,592.99045
31,hombro_derecho,14,840.32106,619.56762
31,rodilla_izquierda,14,814.86076,756.70815
31,tobillo_izquierdo,14,881.72493,803.25577
32,talon_izquierdo,0,874.73482,830.07144
32,cadera_izquierda,0,785.76473,722.36032
32,cadera_derecha,0,808.64525,718.57879
32,hombro_izquierdo,0,759.25798,599.60516
32,hombro_derecho,0,804.68079,617.8945
32,rodilla_izquierda,0,848.59766,775.31254
32,tobillo_izquierdo,0,869.27456,804.21351
32,talon_izquierdo,1,878.647155,829.09923
32,cadera_izquierda,1,785.734835,722.8139249999999
32,cadera_derecha,1,808.78218,718.44361
32,hombro_izquierdo,1,763.343895,599.87704
32,hombro_derecho,1,807.1847250000001,617.42577
32,rodilla_izquierda,1,852.344655,771.068295
32,tobillo_izquierdo,1,874.561845,805.984445
32,talon_izquierdo,2,882.55949,828.12702
32,cadera_izquierda,2,785.70494,723.26753
32,cadera_derecha,2,808.91911,718.30843
32,hombro_izquierdo,2,767.42981,600.14892
32,hombro_derecho,2,809.68866,616.95704
32,rodilla_izquierda,2,856.09165,766.82405
32,tobillo_izquierdo,2,879.8491300000001,807.7553800000001
32,talon_izquierdo,3,890.38416,826.1826
32,cadera_izquierda,3,786.40726,723.5583
32,cadera_derecha,3,810.59246,717.90899
32,hombro_izquierdo,3,773.2604,600.25134
32,hombro_derecho,3,815.91671,615.71741
32,rodilla_izquierda,3,855.81934,758.53989
32,tobillo_izquierdo,3,883.27057,809.133735
32,talon_izquierdo,4,888.64597,823.58084
32,cadera_izquierda,4,787.23112,723.40291
32,cadera_derecha,4,813.21367,717.86927
32,hombro_izquierdo,4,777.77372,600.97657
32,hombro_derecho,4,818.38772,614.37967
32,rodilla_izquierda,4,849.00232,753.84896
32,tobillo_izquierdo,4,886.69201,810.51209
32,talon_izquierdo,5,892.31878,824.49938
32,cadera_izquierda,5,787.16509,722.93929
32,cadera_derecha,5,812.97232,716.08762
32,hombro_izquierdo,5,778.82446,603.24224
32,hombro_derecho,5,822.4581,614.40323
32,rodilla_izquierda,5,845.36842,752.58622
32,tobillo_izquierdo,5,886.91723,811.4155
32,talon_izquierdo,6,897.0413,827.84883
32,cadera_izquierda,6,787.13562,722.71502
32,cadera_derecha,6,813.32331,715.46906
32,hombro_izquierdo,6,782.57332,603.08781
32,hombro_derecho,6,825.40386,614.99347
32,rodilla_izquierda,6,844.97046,761.41994
32,tobillo_izquierdo,6,890.73229,815.43212
32,talon_izquierdo,7,900.09047,825.55053
32,cadera_izquierda,7,786.08763,717.61429
32,cadera_derecha,7,813.03663,710.72683
32,hombro_izquierdo,7,784.55326,602.49654
32,hombro_derecho,7,825.92274,614.655
32,rodilla_izquierda,7,842.03831,761.45888
32,tobillo_izquierdo,7,890.0976,813.45258
32,talon_izquierdo,8,899.6513875,814.5977325
32,cadera_izquierda,8,786.709155,710.47101
32,cadera_derecha,8,807.84891,710.71962
32,hombro_izquierdo,8,790.21431,600.0615
32,hombro_derecho,8,826.73767,614.19756
32,rodilla_izquierda,8,842.03888,748.38466
32,tobillo_izquierdo,8,891.972985,804.8674900000001
32,talon_izquierdo,9,899.212305,803.644935
32,cadera_izquierda,9,787.33068,703.32773
32,cadera_derecha,9,804.68588,703.83197
32,hombro_izquierdo,9,796.57196,597.39099
32,hombro_derecho,9,826.79358,613.82812
32,rodilla_izquierda,9,837.39235,752.93094
32,tobillo_izquierdo,9,893.8483699999999,796.2824
32,talon_izquierdo,10,898.42106,799.55168
32,cadera_izquierda,10,785.791,698.5042
32,cadera_derecha,10,802.41125,699.34716
32,hombro_izquierdo,10,798.87548,594.20633
32,hombro_derecho,10,827.65543,614.68293
32,rodilla_izquierda,10,831.08116,755.98827
32,tobillo_izquierdo,10,892.27279,796.77844
32,talon_izquierdo,11,897.25965,801.31595
32,cadera_izquierda,11,785.89394,699.33976
32,cadera_derecha,11,802.81597,699.96817
32,hombro_izquierdo,11,801.45527,593.76531
32,hombro_derecho,11,828.22752,614.85867
32,rodilla_izquierda,11,826.82699,759.46744
32,tobillo_izquierdo,11,890.69721,797.27448
33,talon_izquierdo,0,906.8981,816.47522
33,cadera_izquierda,0,816.81313,718.39372
33,cadera_derecha,0,850.47083,708.40058
33,hombro_izquierdo,0,779.20326,590.9945
33,hombro_derecho,0,827.65303,597.41185
33,rodilla_izquierda,0,872.78452,761.14075
33,tobillo_izquierdo,0,906.24481,805.79181
33,talon_izquierdo,1,914.70726,819.5631900000001
33,cadera_izquierda,1,821.08967,719.2392
33,cadera_derecha,1,854.72277,708.1897
33,hombro_izquierdo,1,781.493,591.02913
33,hombro_derecho,1,831.78801,600.59561
33,rodilla_izquierda,1,872.75042,767.18988
33,tobillo_izquierdo,1,911.51467,808.85886
33,talon_izquierdo,2,922.51642,822.65116
33,cadera_izquierda,2,822.9855,719.05985
33,cadera_derecha,2,856.03781,707.07019
33,hombro_izquierdo,2,786.97203,591.06299
33,hombro_derecho,2,837.52705,601.51389
33,rodilla_izquierda,2,875.4439,766.52182
33,tobillo_izquierdo,2,916.78453,811.92591
33,talon_izquierdo,3,924.70098,822.17899
33,cadera_izquierda,3,825.62044,721.02632
33,cadera_derecha,3,857.54299,708.28825
33,hombro_izquierdo,3,791.40959,593.51413
33,hombro_derecho,3,842.44783,601.88699
33,rodilla_izquierda,3,880.41189,777.13268
33,tobillo_izquierdo,3,921.47255,811.72037
33,talon_izquierdo,4,921.36274,820.8334
33,cadera_izquierda,4,826.66838,720.93452
33,cadera_derecha,4,857.10131,708.77021
33,hombro_izquierdo,4,796.80342,596.07926
33,hombro_derecho,4,846.93426,601.21925
33,rodilla_izquierda,4,879.9258600000001,764.822115
33,tobillo_izquierdo,4,917.07029,808.67462
33,talon_izquierdo,5,919.82277,820.92919
33,cadera_izquierda,5,827.57898,721.95799
33,cadera_derecha,5,858.05454,710.35636
33,hombro_izquierdo,5,804.70797,601.67495
33,hombro_derecho,5,854.66795,600.90099
33,rodilla_izquierda,5,879.43983,752.51155
33,tobillo_izquierdo,5,916.19459,808.49026
33,talon_izquierdo,6,922.18288,822.65033
33,cadera_izquierda,6,828.29458,722.68682
33,cadera_derecha,6,859.3899,711.35292
33,hombro_izquierdo,6,806.0384,604.34598
33,hombro_derecho,6,858.75624,600.64891
33,rodilla_izquierda,6,879.20586,753.90233
33,tobillo_izquierdo,6,916.99379,809.09067
33,talon_izquierdo,7,922.71183,826.49262
33,cadera_izquierda,7,828.12315,722.3197
33,cadera_derecha,7,858.9683,711.30896
33,hombro_izquierdo,7,811.34914,604.1631
33,hombro_derecho,7,861.62642,601.2349
33,rodilla_izquierda,7,879.15144,754.81514
33,tobillo_izquierdo,7,917.02578,811.71561
33,talon_izquierdo,8,925.2083,827.81324
33,cadera_izquierda,8,827.71368,718.82592
33,cadera_derecha,8,858.79669,709.12613
33,hombro_izquierdo,8,812.81336,603.0759
33,hombro_derecho,8,865.44399,602.04194
33,rodilla_izquierda,8,878.96667,757.02197
33,tobillo_izquierdo,8,918.34127,813.28663
33,talon_izquierdo,9,924.40493,827.0463
33,cadera_izquierda,9,827.4099,716.4447
33,cadera_derecha,9,858.74834,708.05052
33,hombro_izquierdo,9,815.92735,603.00528
33,hombro_derecho,9,865.85169,601.92098
33,rodilla_izquierda,9,878.83484,758.81257
33,tobillo_izquierdo,9,917.91813,813.2435
33,talon_izquierdo,10,923.94854,826.49301
33,cadera_izquierda,10,827.21775,710.62145
33,cadera_derecha,10,856.52452,701.4277
33,hombro_izquierdo,10,821.02421,601.82082
33,hombro_derecho,10,864.45534,599.49528
33,rodilla_izquierda,10,874.02592,758.94145
33,tobillo_izquierdo,10,917.56634,813.22753
33,talon_izquierdo,11,923.54227,823.54872
33,cadera_izquierda,11,827.32149,707.38201
33,cadera_derecha,11,854.48061,698.89056
33,hombro_izquierdo,11,824.43684,600.03685
33,hombro_derecho,11,866.76527,599.43271
33,rodilla_izquierda,11,862.32874,756.92921
33,tobillo_izquierdo,11,915.34475,810.06154
33,talon_izquierdo,12,922.89436,816.38258
33,cadera_izquierda,12,827.26954,701.13351
33,cadera_derecha,12,852.86757,695.29475
33,hombro_izquierdo,12,826.43864,597.64681
33,hombro_derecho,12,869.27513,599.68615
33,rodilla_izquierda,12,859.43378,755.34441
33,tobillo_izquierdo,12,913.72284,806.53075
33,talon_izquierdo,13,921.53749,809.44092
33,cadera_izquierda,13,827.22599,693.99551
33,cadera_derecha,13,851.66273,689.83901
33,hombro_izquierdo,13,830.15207,594.76019
33,hombro_derecho,13,870.51899,599.99024
33,rodilla_izquierda,13,857.43341,751.3753
33,tobillo_izquierdo,13,911.28462,803.8357
33,talon_izquierdo,14,919.98493,800.55068
33,cadera_izquierda,14,826.77246,692.2118
33,cadera_derecha,14,850.57257,689.7279
33,hombro_izquierdo,14,830.95945,592.25512
33,hombro_derecho,14,872.73108,601.38785
33,rodilla_izquierda,14,853.96385,747.50474
33,tobillo_izquierdo,14,906.62441,797.81554
34,talon_izquierdo,0,874.75101,804.84469
34,cadera_izquierda,0,783.97213,708.05001
34,cadera_derecha,0,807.98166,707.8314
34,hombro_izquierdo,0,758.9665,594.84607
34,hombro_derecho,0,794.21505,615.57128
34,rodilla_izquierda,0,836.52655,743.55243
34,tobillo_izquierdo,0,870.67715,793.21132
34,talon_izquierdo,1,878.168535,808.427595
34,cadera_izquierda,1,791.22763,712.31807
34,cadera_derecha,1,808.95321,708.09687
34,hombro_izquierdo,1,764.3708,596.096
34,hombro_derecho,1,796.03758,615.47157
34,rodilla_izquierda,1,845.3670500000001,750.471405
34,tobillo_izquierdo,1,863.61271,788.25022
34,talon_izquierdo,2,881.9298525,810.4613125000001
34,cadera_izquierda,2,790.78749,717.36897
34,cadera_derecha,2,810.28404,710.49515
34,hombro_izquierdo,2,764.83509,598.38002
34,hombro_derecho,2,802.26374,615.18916
34,rodilla_izquierda,2,854.20755,757.39038
34,tobillo_izquierdo,2,874.56897,794.7797049999999
34,talon_izquierdo,3,885.69117,812.49503
34,cadera_izquierda,3,791.18322,721.0316
34,cadera_derecha,3,814.95083,712.40742
34,hombro_izquierdo,3,765.94837,607.43962
34,hombro_derecho,3,806.44249,615.02508
34,rodilla_izquierda,3,852.00508,755.21798
34,tobillo_izquierdo,3,879.1947150000001,798.6575375
34,talon_izquierdo,4,885.27821,814.25699
34,cadera_izquierda,4,791.48512,721.27551
34,cadera_derecha,4,817.67286,712.61637
34,hombro_izquierdo,4,768.40181,607.29414
34,hombro_derecho,4,809.97133,614.46999
34,rodilla_izquierda,4,851.17052,752.22438
34,tobillo_izquierdo,4,883.82046,802.53537
34,talon_izquierdo,5,884.89346,814.39803
34,cadera_izquierda,5,791.13979,720.68527
34,cadera_derecha,5,817.99919,712.38019
34,hombro_izquierdo,5,768.96515,609.09182
34,hombro_derecho,5,812.75293,614.13538
34,rodilla_izquierda,5,849.24414,751.7251
34,tobillo_izquierdo,5,883.05891,803.37853
34,talon_izquierdo,6,885.46778,814.19171
34,cadera_izquierda,6,790.94021,719.81669
34,cadera_derecha,6,817.08292,712.04062
34,hombro_izquierdo,6,771.12087,608.61146
34,hombro_derecho,6,813.96498,613.7962
34,rodilla_izquierda,6,848.18121,751.44534
34,tobillo_izquierdo,6,883.95624,803.42455
34,talon_izquierdo,7,887.61051,814.34801
34,cadera_izquierda,7,787.69753,718.83088
34,cadera_derecha,7,814.58668,710.2177
34,hombro_izquierdo,7,772.12538,608.14444
34,hombro_derecho,7,815.18549,612.15153
34,rodilla_izquierda,7,845.58466,751.53565
34,tobillo_izquierdo,7,884.67607,803.0604
34,talon_izquierdo,8,888.63287,813.90004
34,cadera_izquierda,8,785.99178,714.71912
34,cadera_derecha,8,811.01143,707.88605
34,hombro_izquierdo,8,774.78144,607.65031
34,hombro_derecho,8,816.27245,611.14448
34,rodilla_izquierda,8,843.60426,751.35451
34,tobillo_izquierdo,8,883.81748,802.37527
34,talon_izquierdo,9,889.475985,799.660535
34,cadera_izquierda,9,786.06434,707.58993
34,cadera_derecha,9,805.42356,703.72672
34,hombro_izquierdo,9,784.08417,603.84522
34,hombro_derecho,9,814.55944,608.04299
34,rodilla_izquierda,9,838.22153,745.41417
34,tobillo_izquierdo,9,881.97189,789.02228
34,talon_izquierdo,10,888.2034725000001,792.0209725
34,cadera_izquierda,10,786.711045,701.758285
34,cadera_derecha,10,798.28285,699.07943
34,hombro_izquierdo,10,792.53626,602.03698
34,hombro_derecho,10,813.85323,607.69415
34,rodilla_izquierda,10,837.07792,738.79578
34,tobillo_izquierdo,10,879.565115,782.74036
34,talon_izquierdo,11,886.93096,784.38141
34,cadera_izquierda,11,787.35775,695.92664
34,cadera_derecha,11,797.23326,694.84787
34,hombro_izquierdo,11,788.60298,599.67952
34,hombro_derecho,11,813.83778,607.89802
34,rodilla_izquierda,11,829.78901,737.87152
34,tobillo_izquierdo,11,877.15834,776.45844
34,talon_izquierdo,12,887.01662,789.28592
34,cadera_izquierda,12,787.36467,691.75012
34,cadera_derecha,12,794.91594,692.63022
34,hombro_izquierdo,12,790.70543,599.35121
34,hombro_derecho,12,813.28772,607.27122
34,rodilla_izquierda,12,825.85945,739.25508
34,tobillo_izquierdo,12,873.28777,779.97964
34,talon_izquierdo,13,888.0356,791.84732
34,cadera_izquierda,13,781.62769,695.81238
34,cadera_derecha,13,797.42334,690.60215
34,hombro_izquierdo,13,787.72116,597.15873
34,hombro_derecho,13,813.59785,607.55942
34,rodilla_izquierda,13,815.95917,744.97122
34,tobillo_izquierdo,13,873.98626,785.96936
34,talon_izquierdo,14,887.78326,792.0978
34,cadera_izquierda,14,778.22176,694.39244
34,cadera_derecha,14,795.89516,688.73785
34,hombro_izquierdo,14,786.57663,594.89885
34,hombro_derecho,14,816.04563,608.54677
34,rodilla_izquierda,14,814.48551,754.52745
34,tobillo_izquierdo,14,873.14507,786.70392
34,talon_izquierdo,15,885.75468,789.8141
34,cadera_izquierda,15,773.48202,694.21271
34,cadera_derecha,15,790.59156,690.18096
34,hombro_izquierdo,15,784.361,591.75082
34,hombro_derecho,15,818.26075,609.3571
34,rodilla_izquierda,15,805.94175,752.89837
34,tobillo_izquierdo,15,871.39658,786.96547
35,talon_izquierdo,0,944.64901,808.73423
35,cadera_izquierda,0,857.12648,720.05281
35,cadera_derecha,0,885.53129,708.42292
35,hombro_izquierdo,0,812.92391,591.00596
35,hombro_derecho,0,867.64,608.024
35,rodilla_izquierda,0,905.88535,757.1502
35,tobillo_izquierdo,0,941.12383,797.45286
35,talon_izquierdo,1,948.56438,812.52748
35,cadera_izquierda,1,855.41828,719.9977
35,cadera_derecha,1,884.76133,706.58192
35,hombro_izquierdo,1,814.05619,591.57624
35,hombro_derecho,1,869.64838,607.69614
35,rodilla_izquierda,1,906.99858,755.21888
35,tobillo_izquierdo,1,941.63332,796.06858
35,talon_izquierdo,2,945.25686,812.35367
35,cadera_izquierda,2,854.05237,719.99513
35,cadera_derecha,2,884.5717,706.75386
35,hombro_izquierdo,2,818.96673,593.84796
35,hombro_derecho,2,873.70571,607.34596
35,rodilla_izquierda,2,909.01503,750.15492
35,tobillo_izquierdo,2,941.67875,797.03791
35,talon_izquierdo,3,945.60551,812.75529
35,cadera_izquierda,3,853.18377,720.1016
35,cadera_derecha,3,884.00597,707.15812
35,hombro_izquierdo,3,822.78225,599.47011
35,hombro_derecho,3,876.78051,605.06316
35,rodilla_izquierda,3,909.89708,750.14507
35,tobillo_izquierdo,3,942.31945,798.12633
35,talon_izquierdo,4,945.88749,813.8795
35,cadera_izquierda,4,851.92005,720.09562
35,cadera_derecha,4,883.29638,707.14138
35,hombro_izquierdo,4,827.21111,605.25177
35,hombro_derecho,4,877.31123,602.08513
35,rodilla_izquierda,4,909.51799,749.3594
35,tobillo_izquierdo,4,942.52424,798.99305
35,talon_izquierdo,5,946.17537,815.95141
35,cadera_izquierda,5,851.27449,719.62331
35,cadera_derecha,5,882.69064,706.31091
35,hombro_izquierdo,5,833.05206,603.22969
35,hombro_derecho,5,879.88884,602.23648
35,rodilla_izquierda,5,909.04867,749.80331
35,tobillo_izquierdo,5,942.98578,801.95698
35,talon_izquierdo,6,953.6067,816.27148
35,cadera_izquierda,6,849.59021,715.89998
35,cadera_derecha,6,882.55348,704.97208
35,hombro_izquierdo,6,835.79304,602.06299
35,hombro_derecho,6,886.1364,603.32509
35,rodilla_izquierda,6,905.45809,752.11244
35,tobillo_izquierdo,6,945.55922,803.9013
35,talon_izquierdo,7,952.70588,814.16944
35,cadera_izquierda,7,848.5607,713.87557
35,cadera_derecha,7,880.52999,704.45864
35,hombro_izquierdo,7,838.53888,601.51646
35,hombro_derecho,7,887.60101,604.00809
35,rodilla_izquierda,7,899.42476,751.77963
35,tobillo_izquierdo,7,945.34916,803.64484
35,talon_izquierdo,8,949.98716,809.71689
35,cadera_izquierda,8,848.27396,710.74286
35,cadera_derecha,8,878.80045,702.04471
35,hombro_izquierdo,8,840.40003,599.26025
35,hombro_derecho,8,886.80977,602.69938
35,rodilla_izquierda,8,894.73097,750.72597
35,tobillo_izquierdo,8,942.32494,800.06454
35,talon_izquierdo,9,948.536,805.6574
35,cadera_izquierda,9,848.11832,705.38812
35,cadera_derecha,9,876.24762,697.22317
35,hombro_izquierdo,9,841.52281,598.32266
35,hombro_derecho,9,887.95967,602.14236
35,rodilla_izquierda,9,888.84138,750.2097
35,tobillo_izquierdo,9,939.30513,797.91892
35,talon_izquierdo,10,943.78567,799.63697
35,cadera_izquierda,10,848.32426,698.59207
35,cadera_derecha,10,869.93414,692.79438
35,hombro_izquierdo,10,847.56197,592.99779
35,hombro_derecho,10,886.58747,600.21046
35,rodilla_izquierda,10,883.79602,747.30918
35,tobillo_izquierdo,10,934.27917,794.50529
35,talon_izquierdo,11,941.90454,796.99665
35,cadera_izquierda,11,848.14465,697.01667
35,cadera_derecha,11,870.1292,691.52185
35,hombro_izquierdo,11,847.64431,590.06528
35,hombro_derecho,11,888.84275,600.56625
35,rodilla_izquierda,11,882.10413,752.28805
35,tobillo_izquierdo,11,933.02576,793.29597
35,talon_izquierdo,12,938.73945,791.79866
35,cadera_izquierda,12,848.01001,698.23962
35,cadera_derecha,12,869.4294,692.67104
35,hombro_izquierdo,12,847.75171,589.07799
35,hombro_derecho,12,891.19406,604.04735
35,rodilla_izquierda,12,879.59988,754.66747
35,tobillo_izquierdo,12,930.3875,791.79789
36,talon_izquierdo,0,843.90558,827.37659
36,cadera_izquierda,0,745.19915,715.76692
36,cadera_derecha,0,769.51904,707.91791
36,hombro_izquierdo,0,728.659,590.82037
36,hombro_derecho,0,766.41832,613.64312
36,rodilla_izquierda,0,815.39257,762.219
36,tobillo_izquierdo,0,843.0673,826.4661
36,talon_izquierdo,1,847.32291875,828.4216181249999
36,cadera_izquierda,1,744.96526,717.784335
36,cadera_derecha,1,769.547335,708.2805599999999
36,hombro_izquierdo,1,730.008145,592.51499
36,hombro_derecho,1,769.1397850000001,612.8615649999999
36,rodilla_izquierda,1,814.418765,763.383635
36,tobillo_izquierdo,1,846.737280625,825.3500287500001
36,talon_izquierdo,2,850.7402575,829.4666462499999
36,cadera_izquierda,2,744.73137,719.80175
36,cadera_derecha,2,769.57563,708.64321
36,hombro_izquierdo,2,731.35729,594.20961
36,hombro_derecho,2,771.86125,612.08001
36,rodilla_izquierda,2,813.44496,764.54827
36,tobillo_izquierdo,2,850.40726125,824.2339575000001
36,talon_izquierdo,3,857.574935,831.5567025
36,cadera_izquierda,3,744.58775,720.70304
36,cadera_derecha,3,769.34206,710.15861
36,hombro_izquierdo,3,735.57936,596.95177
36,hombro_derecho,3,774.19893,609.70845
36,rodilla_izquierda,3,812.03087,764.89614
36,tobillo_izquierdo,3,857.7472225,822.0018150000001
36,talon_izquierdo,4,861.19995,833.25913
36,cadera_izquierda,4,744.36367,722.20184
36,cadera_derecha,4,768.32708,711.00634
36,hombro_izquierdo,4,738.52638,599.29147
36,hombro_derecho,4,778.09559,608.95618
36,rodilla_izquierda,4,809.958,764.7291
36,tobillo_izquierdo,4,860.81594,820.68141
36,talon_izquierdo,5,858.64403,831.60397
36,cadera_izquierda,5,744.17965,721.82976
36,cadera_derecha,5,766.84353,713.19444
36,hombro_izquierdo,5,740.81297,598.59779
36,hombro_derecho,5,779.9814,610.53854
36,rodilla_izquierda,5,808.6738,763.78822
36,tobillo_izquierdo,5,857.24333,817.8163
36,talon_izquierdo,6,859.7913,831.6863
36,cadera_izquierda,6,744.04907,724.63456
36,cadera_derecha,6,767.53195,717.15081
36,hombro_izquierdo,6,742.81042,599.68943
36,hombro_derecho,6,780.41994,611.89462
36,rodilla_izquierda,6,807.40614,764.23265
36,tobillo_izquierdo,6,856.11031,818.19797
36,talon_izquierdo,7,862.82787,829.47058
36,cadera_izquierda,7,742.30116,723.08291
36,cadera_derecha,7,766.45414,715.2229
36,hombro_izquierdo,7,743.57615,599.73668
36,hombro_derecho,7,782.48405,613.96479
36,rodilla_izquierda,7,801.3905,765.19915
36,tobillo_izquierdo,7,856.1974,817.00488
36,talon_izquierdo,8,862.60626,827.57692
36,cadera_izquierda,8,741.07653,718.20652
36,cadera_derecha,8,761.968,713.91246
36,hombro_izquierdo,8,747.58043,599.09559
36,hombro_derecho,8,783.59854,618.27257
36,rodilla_izquierda,8,800.52441,762.66562
36,tobillo_izquierdo,8,854.24252,816.03639
36,talon_izquierdo,9,863.48888,826.90326
36,cadera_izquierda,9,740.11786,716.23813
36,cadera_derecha,9,761.73151,712.47276
36,hombro_izquierdo,9,746.58079,598.73413
36,hombro_derecho,9,783.94049,619.2099
36,rodilla_izquierda,9,795.35065,762.68146
36,tobillo_izquierdo,9,853.47982,815.02676
36,talon_izquierdo,10,861.63815,825.97796
36,cadera_izquierda,10,737.88769,716.07398
36,cadera_derecha,10,762.15963,710.20039
36,hombro_izquierdo,10,745.98639,597.15378
36,hombro_derecho,10,784.34092,620.25532
36,rodilla_izquierda,10,789.763815,769.243995
36,tobillo_izquierdo,10,851.92303,814.18405
36,talon_izquierdo,11,861.63815,825.97796
36,cadera_izquierda,11,735.92405,710.78541
36,cadera_derecha,11,760.57697,708.65531
36,hombro_izquierdo,11,746.29835,594.65398
36,hombro_derecho,11,783.71166,620.97385
36,rodilla_izquierda,11,784.17698,775.80653
36,tobillo_izquierdo,11,851.92303,814.18405
38,talon_izquierdo,0,868.94548,828.38635
38,cadera_izquierda,0,770.24792,731.06169
38,cadera_derecha,0,801.46671,714.41154
38,hombro_izquierdo,0,732.04668,600.25585
38,hombro_derecho,0,789.5664,616.34646
38,rodilla_izquierda,0,839.22506,782.36582
38,tobillo_izquierdo,0,869.66486,815.19059
38,talon_izquierdo,1,873.9688925,832.189605
38,cadera_izquierda,1,769.98236,731.150815
38,cadera_derecha,1,800.938195,715.5205249999999
38,hombro_izquierdo,1,734.39186,599.32862
38,hombro_derecho,1,792.5687,613.00077
38,rodilla_izquierda,1,841.3378700000001,781.846235
38,tobillo_izquierdo,1,873.2443575,818.6797525
38,talon_izquierdo,2,878.992305,835.9928600000001
38,cadera_izquierda,2,769.7168,731.23994
38,cadera_derecha,2,800.40968,716.62951
38,hombro_izquierdo,2,736.73704,598.40139
38,hombro_derecho,2,795.571,609.65508
38,rodilla_izquierda,2,843.45068,781.32665
38,tobillo_izquierdo,2,876.823855,822.168915
38,talon_izquierdo,3,881.5384725,839.581815
38,cadera_izquierda,3,769.85653,731.48378
38,cadera_derecha,3,800.31012,718.43563
38,hombro_izquierdo,3,742.28594,597.86111
38,hombro_derecho,3,797.26015,606.3324
38,rodilla_izquierda,3,839.15045,771.34053
38,tobillo_izquierdo,3,877.9966875,825.2871925
38,talon_izquierdo,4,884.08464,843.17077
38,cadera_izquierda,4,769.91896,732.24782
38,cadera_derecha,4,800.9206,720.82078
38,hombro_izquierdo,4,751.28775,600.16064
38,hombro_derecho,4,801.7008,605.21032
38,rodilla_izquierda,4,835.01215,770.18819
38,tobillo_izquierdo,4,879.16952,828.40547
38,talon_izquierdo,5,882.88067,843.82474
38,cadera_izquierda,5,770.21616,730.20417
38,cadera_derecha,5,801.02234,718.81202
38,hombro_izquierdo,5,759.43056,599.5686
38,hombro_derecho,5,806.81419,605.92447
38,rodilla_izquierda,5,832.20194,769.68994
38,tobillo_izquierdo,5,878.51732,829.61446
38,talon_izquierdo,6,883.36945,843.61192
38,cadera_izquierda,6,770.11557,730.45954
38,cadera_derecha,6,801.53172,719.41487
38,hombro_izquierdo,6,763.93209,599.89368
38,hombro_derecho,6,809.51443,607.49903
38,rodilla_izquierda,6,831.7495,768.82644
38,tobillo_izquierdo,6,877.99284,828.95406
38,talon_izquierdo,7,887.2443,843.14444
38,cadera_izquierda,7,769.68636,730.46205
38,cadera_derecha,7,800.15831,719.63805
38,hombro_izquierdo,7,766.08685,600.54404
38,hombro_derecho,7,811.10126,607.73631
38,rodilla_izquierda,7,831.78835,769.82152
38,tobillo_izquierdo,7,879.90103,827.93413
38,talon_izquierdo,8,888.32325,844.4834
38,cadera_izquierda,8,769.74363,730.49997
38,cadera_derecha,8,800.30851,719.52147
38,hombro_izquierdo,8,769.79067,601.21282
38,hombro_derecho,8,811.16278,607.79689
38,rodilla_izquierda,8,830.87751,776.86026
38,tobillo_izquierdo,8,879.84009,828.7937
38,talon_izquierdo,9,889.83438,843.83208
38,cadera_izquierda,9,774.49768,726.37089
38,cadera_derecha,9,800.77412,718.70606
38,hombro_izquierdo,9,778.27995,601.51968
38,hombro_derecho,9,808.31263,606.59762
38,rodilla_izquierda,9,830.31778,783.287
38,tobillo_izquierdo,9,878.57037,828.58945
38,talon_izquierdo,10,878.825765,834.403265
38,cadera_izquierda,10,774.38147,720.94927
38,cadera_derecha,10,796.50993,717.04897
38,hombro_izquierdo,10,784.12777,602.30001
38,hombro_derecho,10,806.88177,605.54473
38,rodilla_izquierda,10,826.8231,779.73985
38,tobillo_izquierdo,10,869.64389,818.69731
38,talon_izquierdo,11,875.5845875,828.0954624999999
38,cadera_izquierda,11,782.90554,716.8666
38,cadera_derecha,11,796.78843,715.61088
38,hombro_izquierdo,11,785.44344,602.76137
38,hombro_derecho,11,806.12314,605.46968
38,rodilla_izquierda,11,819.54426,774.91593
38,tobillo_izquierdo,11,865.9746150000001,814.837795
38,talon_izquierdo,12,872.34341,821.78766
38,cadera_izquierda,12,781.94384,719.06784
38,cadera_derecha,12,797.13438,715.45625
38,hombro_izquierdo,12,784.28152,603.06463
38,hombro_derecho,12,811.00325,606.8806
38,rodilla_izquierda,12,811.41489,774.75919
38,tobillo_izquierdo,12,862.30534,810.97828
39,talon_izquierdo,0,877.9196,788.00232
39,cadera_izquierda,0,810.14894,681.35252
39,cadera_derecha,0,843.0673,672.36148
39,hombro_izquierdo,0,776.59555,571.40045
39,hombro_derecho,0,838.06841,572.42823
39,rodilla_izquierda,0,843.04247,724.39097
39,tobillo_izquierdo,0,873.8661,776.99872
39,talon_izquierdo,1,883.09118,787.99344
39,cadera_izquierda,1,810.10557,681.35478
39,cadera_derecha,1,843.0265,672.36212
39,hombro_izquierdo,1,777.67525,572.00465
39,hombro_derecho,1,840.36364,575.32205
39,rodilla_izquierda,1,843.04424,724.67106
39,tobillo_izquierdo,1,877.04075,777.70451
39,talon_izquierdo,2,887.34724,788.70039
39,cadera_izquierda,2,811.59977,682.08019
39,cadera_derecha,2,844.61437,673.25382
39,hombro_izquierdo,2,779.6323,574.10688
39,hombro_derecho,2,842.26553,578.59214
39,rodilla_izquierda,2,844.39756,726.26352
39,tobillo_izquierdo,2,880.88945,779.10018
39,talon_izquierdo,3,886.83443,788.83447
39,cadera_izquierda,3,815.16666,685.30297
39,cadera_derecha,3,848.43904,675.71576
39,hombro_izquierdo,3,781.57454,578.50189
39,hombro_derecho,3,843.80716,580.74542
39,rodilla_izquierda,3,847.31129,726.98758
39,tobillo_izquierdo,3,881.93962,779.11447
39,talon_izquierdo,4,886.14246,786.98111
39,cadera_izquierda,4,817.0071,686.19118
39,cadera_derecha,4,851.67017,676.15427
39,hombro_izquierdo,4,783.78485,580.54013
39,hombro_derecho,4,845.55393,581.06722
39,rodilla_izquierda,4,848.43424,725.93515
39,tobillo_izquierdo,4,881.23209,778.25927
39,talon_izquierdo,5,886.65396,786.12534
39,cadera_izquierda,5,818.16507,685.95088
39,cadera_derecha,5,852.47326,676.08977
39,hombro_izquierdo,5,785.29924,581.79753
39,hombro_derecho,5,846.35628,580.57451
39,rodilla_izquierda,5,850.27754,724.62522
39,tobillo_izquierdo,5,880.79046,776.46011
39,talon_izquierdo,6,886.47205,786.17645
39,cadera_izquierda,6,818.82236,685.73723
39,cadera_derecha,6,852.53843,675.99398
39,hombro_izquierdo,6,787.63624,582.83677
39,hombro_derecho,6,847.61621,580.36722
39,rodilla_izquierda,6,852.32014,723.6951
39,tobillo_izquierdo,6,880.55294,776.10825
39,talon_izquierdo,7,886.52744,786.23503
39,cadera_izquierda,7,818.91243,685.61743
39,cadera_derecha,7,851.90758,675.59642
39,hombro_izquierdo,7,788.92668,583.79798
39,hombro_derecho,7,847.59888,580.12389
39,rodilla_izquierda,7,853.86841,722.66178
39,tobillo_izquierdo,7,880.56833,776.04652
39,talon_izquierdo,8,886.91648,785.66037
39,cadera_izquierda,8,818.7509,685.16263
39,cadera_derecha,8,851.48792,674.75847
39,hombro_izquierdo,8,789.84861,584.27917
39,hombro_derecho,8,847.26208,579.61297
39,rodilla_izquierda,8,854.19062,721.85126
39,tobillo_izquierdo,8,880.72598,775.91642
39,talon_izquierdo,9,886.71879,784.53996
39,cadera_izquierda,9,818.54376,685.08268
39,cadera_derecha,9,851.42555,675.03785
39,hombro_izquierdo,9,790.5439,585.35201
39,hombro_derecho,9,847.24834,578.97471
39,rodilla_izquierda,9,855.1807,721.78966
39,tobillo_izquierdo,9,880.70475,775.09116
39,talon_izquierdo,10,886.57259,784.62313
39,cadera_izquierda,10,819.34845,685.05429
39,cadera_derecha,10,851.41571,675.93746
39,hombro_izquierdo,10,792.42159,585.51501
39,hombro_derecho,10,847.55831,577.83118
39,rodilla_izquierda,10,855.45645,721.81817
39,tobillo_izquierdo,10,880.74177,774.88478
39,talon_izquierdo,11,886.4502,783.28661
39,cadera_izquierda,11,820.05787,684.57175
39,cadera_derecha,11,851.33635,675.89607
39,hombro_izquierdo,11,792.86974,585.1354
39,hombro_derecho,11,847.42619,576.55608
39,rodilla_izquierda,11,855.31065,720.89313
39,tobillo_izquierdo,11,880.37624,772.1842
40,talon_izquierdo,0,883.11848,774.50485
40,cadera_izquierda,0,821.42864,687.49828
40,cadera_derecha,0,854.09695,683.05738
40,hombro_izquierdo,0,790.46076,580.6327
40,hombro_derecho,0,854.33527,584.65987
40,rodilla_izquierda,0,856.94933,727.72556
40,tobillo_izquierdo,0,878.86053,766.05718
40,talon_izquierdo,1,891.6865,777.51268
40,cadera_izquierda,1,822.2077,687.58718
40,cadera_derecha,1,854.22689,681.52839
40,hombro_izquierdo,1,791.00573,581.74326
40,hombro_derecho,1,854.99754,585.31938
40,rodilla_izquierda,1,857.97901,727.16615
40,tobillo_izquierdo,1,887.420595,769.804975
40,talon_izquierdo,2,900.25452,780.52051
40,cadera_izquierda,2,823.96368,689.64493
40,cadera_derecha,2,855.45313,681.58285
40,hombro_izquierdo,2,791.78106,584.13968
40,hombro_derecho,2,855.50142,586.93823
40,rodilla_izquierda,2,859.89012,729.07127
40,tobillo_izquierdo,2,895.98066,773.55277
40,talon_izquierdo,3,901.48115,783.85432
40,cadera_izquierda,3,825.79468,691.76106
40,cadera_derecha,3,858.12029,681.89705
40,hombro_izquierdo,3,794.15314,586.16395
40,hombro_derecho,3,856.15225,588.29013
40,rodilla_izquierda,3,862.06678,730.91357
40,tobillo_izquierdo,3,896.56683,775.59352
40,talon_izquierdo,4,899.7401,782.60696
40,cadera_izquierda,4,828.11085,693.74265
40,cadera_derecha,4,861.16442,682.99069
40,hombro_izquierdo,4,796.80788,588.06141
40,hombro_derecho,4,857.07029,590.01584
40,rodilla_izquierda,4,862.33229,731.39617
40,tobillo_izquierdo,4,894.02452,774.54849
40,talon_izquierdo,5,899.81197,782.26244
40,cadera_izquierda,5,827.90874,694.25094
40,cadera_derecha,5,861.08213,683.38034
40,hombro_izquierdo,5,797.99892,590.7233
40,hombro_derecho,5,857.04426,590.88996
40,rodilla_izquierda,5,862.72253,731.25777
40,tobillo_izquierdo,5,894.4174,774.68277
40,talon_izquierdo,6,899.39764,784.08774
40,cadera_izquierda,6,827.76604,693.81095
40,cadera_derecha,6,860.99413,683.23492
40,hombro_izquierdo,6,798.45114,591.84036
40,hombro_derecho,6,857.02023,591.35422
40,rodilla_izquierda,6,862.6569,729.3997
40,tobillo_izquierdo,6,894.04089,774.69352
40,talon_izquierdo,7,899.84791,784.37188
40,cadera_izquierda,7,825.59881,693.34039
40,cadera_derecha,7,858.37978,682.23424
40,hombro_izquierdo,7,799.49461,591.51
40,hombro_derecho,7,856.7981,591.20944
40,rodilla_izquierda,7,862.817,729.21611
40,tobillo_izquierdo,7,894.41814,774.87885
40,talon_izquierdo,8,900.42532,783.91374
40,cadera_izquierda,8,824.66515,692.22558
40,cadera_derecha,8,856.85211,679.7983
40,hombro_izquierdo,8,799.85229,591.39072
40,hombro_derecho,8,856.50719,591.13149
40,rodilla_izquierda,8,862.69335,728.28644
40,tobillo_izquierdo,8,894.27973,774.70196
40,talon_izquierdo,9,901.43377,783.59136
40,cadera_izquierda,9,824.03709,690.32219
40,cadera_derecha,9,855.43098,678.67789
40,hombro_izquierdo,9,800.71409,591.12756
40,hombro_derecho,9,856.0603,590.77853
40,rodilla_izquierda,9,862.60746,728.34405
40,tobillo_izquierdo,9,894.68651,774.61756
40,talon_izquierdo,10,900.75188,782.65325
40,cadera_izquierda,10,823.65623,687.9046
40,cadera_derecha,10,854.06221,677.70437
40,hombro_izquierdo,10,800.57213,587.39315
40,hombro_derecho,10,856.04004,589.82401
40,rodilla_izquierda,10,860.90326,728.19181
40,tobillo_izquierdo,10,894.51639,773.12604
40,talon_izquierdo,11,899.78193,782.51787
40,cadera_izquierda,11,822.14996,682.81083
40,cadera_derecha,11,849.39056,673.53358
40,hombro_izquierdo,11,800.49665,583.57268
40,hombro_derecho,11,855.35282,586.80465
40,rodilla_izquierda,11,857.73954,727.84922
40,tobillo_izquierdo,11,893.27145,772.34005
41,talon_izquierdo,0,912.932,772.53323
41,cadera_izquierda,0,862.68351,674.83617
41,cadera_derecha,0,896.07748,669.01839
41,hombro_izquierdo,0,836.43459,569.27762
41,hombro_derecho,0,902.05393,575.6069
41,rodilla_izquierda,0,889.13109,712.44012
41,tobillo_izquierdo,0,910.58006,763.34488
41,talon_izquierdo,1,915.82123,764.45654
41,cadera_izquierda,1,861.92928,674.43255
41,cadera_derecha,1,894.03093,667.71922
41,hombro_izquierdo,1,837.28449,570.59083
41,hombro_derecho,1,902.15893,575.99803
41,rodilla_izquierda,1,889.13063,711.65734
41,tobillo_izquierdo,1,914.28869,759.77302
41,talon_izquierdo,2,916.72617,771.46786
41,cadera_izquierda,2,862.12458,674.51675
41,cadera_derecha,2,894.08152,667.7469
41,hombro_izquierdo,2,837.60996,573.32932
41,hombro_derecho,2,902.21529,577.40259
41,rodilla_izquierda,2,888.52512,714.63067
41,tobillo_izquierdo,2,914.98272,767.03269
41,talon_izquierdo,3,922.568835,777.050095
41,cadera_izquierda,3,864.18526,675.91551
41,cadera_derecha,3,895.03384,667.83915
41,hombro_izquierdo,3,839.391,575.43953
41,hombro_derecho,3,902.43032,578.87293
41,rodilla_izquierda,3,888.53119,718.95988
41,tobillo_izquierdo,3,918.38757,772.28559
41,talon_izquierdo,4,928.4115,782.63233
41,cadera_izquierda,4,864.99973,679.24817
41,cadera_derecha,4,895.83824,669.86709
41,hombro_izquierdo,4,839.99599,577.7007
41,hombro_derecho,4,902.42363,581.27134
41,rodilla_izquierda,4,890.59278,721.89574
41,tobillo_izquierdo,4,922.47671,773.69626
41,talon_izquierdo,5,927.73624,780.74337
41,cadera_izquierda,5,864.94102,679.77686
41,cadera_derecha,5,896.00618,670.63944
41,hombro_izquierdo,5,841.13914,579.55458
41,hombro_derecho,5,901.62804,583.05306
41,rodilla_izquierda,5,892.01031,723.17728
41,tobillo_izquierdo,5,922.57353,772.18948
41,talon_izquierdo,6,928.67317,780.35584
41,cadera_izquierda,6,864.89422,679.68513
41,cadera_derecha,6,895.99531,671.02574
41,hombro_izquierdo,6,841.69556,580.83393
41,hombro_derecho,6,901.0873,583.31461
41,rodilla_izquierda,6,892.99885,723.42261
41,tobillo_izquierdo,6,922.50418,771.3451
41,talon_izquierdo,7,928.26181,780.24859
41,cadera_izquierda,7,863.94081,679.43215
41,cadera_derecha,7,895.43644,671.00411
41,hombro_izquierdo,7,842.04632,581.21148
41,hombro_derecho,7,900.94568,583.02274
41,rodilla_izquierda,7,893.33508,723.58798
41,tobillo_izquierdo,7,922.46058,770.91361
41,talon_izquierdo,8,927.96473,780.96487
41,cadera_izquierda,8,862.6878,679.25087
41,cadera_derecha,8,894.56526,670.17067
41,hombro_izquierdo,8,842.33339,581.76766
41,hombro_derecho,8,900.82363,582.72102
41,rodilla_izquierda,8,893.42926,723.48537
41,tobillo_izquierdo,8,922.47986,770.73948
41,talon_izquierdo,9,927.61797,781.21458
41,cadera_izquierda,9,861.19709,676.25515
41,cadera_derecha,9,892.32754,667.27015
41,hombro_izquierdo,9,842.76152,581.53399
41,hombro_derecho,9,900.83399,582.03423
41,rodilla_izquierda,9,893.57786,722.98918
41,tobillo_izquierdo,9,922.46086,770.63197
41,talon_izquierdo,10,928.50712,780.54362
41,cadera_izquierda,10,860.31023,672.91007
41,cadera_derecha,10,890.54008,664.80299
41,hombro_izquierdo,10,842.6251,581.10423
41,hombro_derecho,10,900.8436,581.20208
41,rodilla_izquierda,10,892.8701,722.867
41,tobillo_izquierdo,10,922.24525,770.56361
41,talon_izquierdo,11,928.33569,780.52025
41,cadera_izquierda,11,859.88153,669.78488
41,cadera_derecha,11,889.1605,661.92623
41,hombro_izquierdo,11,842.52863,579.56881
41,hombro_derecho,11,901.06401,580.55384
41,rodilla_izquierda,11,891.99486,722.59503
41,tobillo_izquierdo,11,922.12543,770.4861
41,talon_izquierdo,12,928.18577,780.34586
41,cadera_izquierda,12,860.13119,670.41426
41,cadera_derecha,12,888.1703,662.97647
41,hombro_izquierdo,12,842.98199,577.76334
41,hombro_derecho,12,900.91187,578.25933
41,rodilla_izquierda,12,890.8651,722.50059
41,tobillo_izquierdo,12,921.71751,770.56213
42,talon_izquierdo,0,960.63229,776.53363
42,cadera_izquierda,0,900.57032,687.93363
42,cadera_derecha,0,932.2411,680.96345
42,hombro_izquierdo,0,864.86275,586.14502
42,hombro_derecho,0,926.16583,589.21607
42,rodilla_izquierda,0,930.65134,722.77624
42,tobillo_izquierdo,0,957.16736,768.2568
42,talon_izquierdo,1,961.67542,776.98945
42,cadera_izquierda,1,899.9608,687.67917
42,cadera_derecha,1,930.36226,678.79054
42,hombro_izquierdo,1,865.77307,586.17637
42,hombro_derecho,1,926.42693,589.25778
42,rodilla_izquierda,1,930.64636,722.78074
42,tobillo_izquierdo,1,957.14293,768.16423
42,talon_izquierdo,2,961.99986,779.00729
42,cadera_izquierda,2,898.43651,687.13837
42,cadera_derecha,2,928.57779,676.8029
42,hombro_izquierdo,2,865.78194,586.49547
42,hombro_derecho,2,926.37594,589.231
42,rodilla_izquierda,2,930.76441,722.82123
42,tobillo_izquierdo,2,957.4938,768.83931
42,talon_izquierdo,3,962.09141,779.84221
42,cadera_izquierda,3,897.1328,686.17998
42,cadera_derecha,3,927.16215,674.78049
42,hombro_izquierdo,3,865.73399,586.74356
42,hombro_derecho,3,926.04435,588.53462
42,rodilla_izquierda,3,930.3574,722.50278
42,tobillo_izquierdo,3,957.75238,769.86825
42,talon_izquierdo,4,962.09232,780.87501
42,cadera_izquierda,4,895.68054,684.95142
42,cadera_derecha,4,924.15956,673.4161
42,hombro_izquierdo,4,865.48725,586.76687
42,hombro_derecho,4,925.24103,588.131
42,rodilla_izquierda,4,929.53566,721.92008
42,tobillo_izquierdo,4,957.60584,770.74714
42,talon_izquierdo,5,962.25368,779.4476
42,cadera_izquierda,5,893.0825,682.67687
42,cadera_derecha,5,920.93376,672.07998
42,hombro_izquierdo,5,865.54647,585.68038
42,hombro_derecho,5,923.82872,586.6302
42,rodilla_izquierda,5,928.99178,721.76803
42,tobillo_izquierdo,5,957.08605,769.98206
42,talon_izquierdo,6,962.12162,779.44561
42,cadera_izquierda,6,891.30117,680.55964
42,cadera_derecha,6,918.29229,671.15873
42,hombro_izquierdo,6,864.91968,584.87025
42,hombro_derecho,6,921.96522,584.74845
42,rodilla_izquierda,6,928.59999,721.57278
42,tobillo_izquierdo,6,956.88578,769.389
42,talon_izquierdo,7,962.11258,779.40299
42,cadera_izquierda,7,891.404,678.05308
42,cadera_derecha,7,917.02463,669.11412
42,hombro_izquierdo,7,864.76404,582.93513
42,hombro_derecho,7,921.22112,583.70458
42,rodilla_izquierda,7,927.94464,721.6107
42,tobillo_izquierdo,7,956.62703,768.51796
42,talon_izquierdo,8,961.161,779.38658
42,cadera_izquierda,8,886.78511,673.71222
42,cadera_derecha,8,914.0827,665.81442
42,hombro_izquierdo,8,863.95323,580.7214
42,hombro_derecho,8,920.0992,582.41635
42,rodilla_izquierda,8,923.68429,721.07846
42,tobillo_izquierdo,8,955.43741,768.25526
43,talon_izquierdo,0,950.30193,766.1838
43,cadera_izquierda,0,899.96149,686.30422
43,cadera_derecha,0,930.77654,680.96107
43,hombro_izquierdo,0,863.10179,579.3294
43,hombro_derecho,0,919.42251,582.35384
43,rodilla_izquierda,0,927.74574,720.59116
43,tobillo_izquierdo,0,949.05081,758.25227
43,talon_izquierdo,1,952.43683,774.12743
43,cadera_izquierda,1,897.6848,686.90965
43,cadera_derecha,1,929.4005,678.13761
43,hombro_izquierdo,1,862.25103,581.09277
43,hombro_derecho,1,920.13948,584.45768
43,rodilla_izquierda,1,926.77826,721.09211
43,tobillo_izquierdo,1,949.85813,765.8349
43,talon_izquierdo,2,959.67367,776.0292
43,cadera_izquierda,2,896.42017,687.143
43,cadera_derecha,2,928.63987,676.96183
43,hombro_izquierdo,2,861.7432,584.12719
43,hombro_derecho,2,920.74219,587.33708
43,rodilla_izquierda,2,926.86157,725.88494
43,tobillo_izquierdo,2,954.67066,768.02866
43,talon_izquierdo,3,962.57607,775.41116
43,cadera_izquierda,3,896.55619,687.67376
43,cadera_derecha,3,928.69194,676.93956
43,hombro_izquierdo,3,861.16316,587.83823
43,hombro_derecho,3,920.9737,589.22733
43,rodilla_izquierda,3,927.06408,725.40748
43,tobillo_izquierdo,3,957.15998,767.5319
43,talon_izquierdo,4,963.29109,774.59658
43,cadera_izquierda,4,896.64579,687.76041
43,cadera_derecha,4,928.73606,677.01133
43,hombro_izquierdo,4,861.4028,589.12749
43,hombro_derecho,4,921.41424,590.25981
43,rodilla_izquierda,4,927.40139,725.16415
43,tobillo_izquierdo,4,956.88017,766.63956
43,talon_izquierdo,5,964.36443,776.02675
43,cadera_izquierda,5,896.32261,687.99208
43,cadera_derecha,5,928.34919,677.1207
43,hombro_izquierdo,5,861.56759,591.79961
43,hombro_derecho,5,921.46551,591.38428
43,rodilla_izquierda,5,927.27894,725.13422
43,tobillo_izquierdo,5,958.13622,767.04093
43,talon_izquierdo,6,963.69404,776.83914
43,cadera_izquierda,6,895.64999,688.11079
43,cadera_derecha,6,926.94403,676.97632
43,hombro_izquierdo,6,861.5744,593.845
43,hombro_derecho,6,921.23915,591.55461
43,rodilla_izquierda,6,927.29805,724.96395
43,tobillo_izquierdo,6,958.47628,767.46064
43,talon_izquierdo,7,964.0519,776.84777
43,cadera_izquierda,7,894.81091,687.73833
43,cadera_derecha,7,924.34576,675.59101
43,hombro_izquierdo,7,861.57011,593.44743
43,hombro_derecho,7,920.14229,591.05778
43,rodilla_izquierda,7,927.32403,724.87686
43,tobillo_izquierdo,7,958.44292,767.54091
43,talon_izquierdo,8,965.62317,776.43153
43,cadera_izquierda,8,892.38516,686.27365
43,cadera_derecha,8,921.71562,673.39537
43,hombro_izquierdo,8,861.05896,593.1716
43,hombro_derecho,8,918.28663,590.76817
43,rodilla_izquierda,8,926.81643,724.76485
43,tobillo_izquierdo,8,958.68359,767.33505
43,talon_izquierdo,9,965.81074,776.23313
43,cadera_izquierda,9,891.6885,685.49583
43,cadera_derecha,9,920.4574,672.77842
43,hombro_izquierdo,9,860.95419,592.79894
43,hombro_derecho,9,915.11484,590.58844
43,rodilla_izquierda,9,926.82936,724.90415
43,tobillo_izquierdo,9,958.61464,767.1624
43,talon_izquierdo,10,965.73017,775.93438
43,cadera_izquierda,10,890.8707,683.86256
43,cadera_derecha,10,918.86787,672.21806
43,hombro_izquierdo,10,860.3726,592.34099
43,hombro_derecho,10,913.19967,589.57051
43,rodilla_izquierda,10,925.76025,724.57926
43,tobillo_izquierdo,10,958.19572,766.50875
43,talon_izquierdo,11,964.37038,775.86975
43,cadera_izquierda,11,888.41125,682.25194
43,cadera_derecha,11,915.33594,671.70359
43,hombro_izquierdo,11,859.31545,591.6475
43,hombro_derecho,11,911.67727,588.51891
43,rodilla_izquierda,11,923.91987,722.69622
43,tobillo_izquierdo,11,957.05927,765.9565
43,talon_izquierdo,12,964.0638,775.53173
43,cadera_izquierda,12,885.51069,679.02982
43,cadera_derecha,12,910.75499,668.76065
43,hombro_izquierdo,12,857.98365,589.79008
43,hombro_derecho,12,909.84673,585.34596
43,rodilla_izquierda,12,919.51195,721.68595
43,tobillo_izquierdo,12,956.2302,765.72958
45,talon_izquierdo,0,,
45,cadera_izquierda,0,,
45,cadera_derecha,0,,
45,hombro_izquierdo,0,,
45,hombro_derecho,0,,
45,rodilla_izquierda,0,,
45,tobillo_izquierdo,0,,
45,talon_izquierdo,1,956.2615,780.33196
45,cadera_izquierda,1,905.3159,684.74195
45,cadera_derecha,1,928.13358,683.29073
45,hombro_izquierdo,1,860.63427,591.11205
45,hombro_derecho,1,909.95281,586.16788
45,rodilla_izquierda,1,930.20943,723.71409
45,tobillo_izquierdo,1,955.58939,768.85888
45,talon_izquierdo,2,957.30125,780.00423
45,cadera_izquierda,2,900.19724,685.33309
45,cadera_derecha,2,925.60381,679.27881
45,hombro_izquierdo,2,862.9715,590.71274
45,hombro_derecho,2,915.40907,586.3131
45,rodilla_izquierda,2,928.79454,723.56371
45,tobillo_izquierdo,2,955.58847,768.85727
45,talon_izquierdo,3,957.36746,779.51558
45,cadera_izquierda,3,894.47491,685.12485
45,cadera_derecha,3,922.17007,676.63359
45,hombro_izquierdo,3,864.64754,589.98069
45,hombro_derecho,3,917.80495,587.5575
45,rodilla_izquierda,3,927.28849,721.97093
45,tobillo_izquierdo,3,954.5307,768.48552
45,talon_izquierdo,4,958.03139,778.85093
45,cadera_izquierda,4,892.04384,684.68292
45,cadera_derecha,4,920.32351,674.80823
45,hombro_izquierdo,4,865.16665,589.61209
45,hombro_derecho,4,918.60786,587.39669
45,rodilla_izquierda,4,927.34188,722.02545
45,tobillo_izquierdo,4,954.00227,768.48198
45,talon_izquierdo,5,958.10846,778.12976
45,cadera_izquierda,5,890.86647,683.5573
45,cadera_derecha,5,918.47059,672.56419
45,hombro_izquierdo,5,864.95361,588.22627
45,hombro_derecho,5,918.06341,585.80056
45,rodilla_izquierda,5,926.89905,720.99838
45,tobillo_izquierdo,5,953.50267,768.39958
45,talon_izquierdo,6,958.77554,776.8356
45,cadera_izquierda,6,889.46749,680.27048
45,cadera_derecha,6,917.44011,670.13005
45,hombro_izquierdo,6,864.83683,587.15755
45,hombro_derecho,6,918.74851,584.61777
45,rodilla_izquierda,6,925.40285,719.70107
45,tobillo_izquierdo,6,953.45421,767.74948
45,talon_izquierdo,7,958.73182,776.44061
45,cadera_izquierda,7,889.9292,676.82156
45,cadera_derecha,7,917.21626,668.88514
45,hombro_izquierdo,7,865.2249,583.73361
45,hombro_derecho,7,920.10441,583.8657
45,rodilla_izquierda,7,925.597,718.86036
45,tobillo_izquierdo,7,952.62028,766.09039
45,talon_izquierdo,8,956.29309,773.58039
45,cadera_izquierda,8,889.00572,672.53632
45,cadera_derecha,8,913.84083,665.39567
45,hombro_izquierdo,8,865.10365,581.14762
45,hombro_derecho,8,919.88657,582.49836
45,rodilla_izquierda,8,923.98149,715.60032
45,tobillo_izquierdo,8,950.04982,763.01929
45,talon_izquierdo,9,951.56776,771.16595
45,cadera_izquierda,9,886.67564,668.01559
45,cadera_derecha,9,911.35317,663.73781
45,hombro_izquierdo,9,865.9794,578.94889
45,hombro_derecho,9,919.67623,578.38074
45,rodilla_izquierda,9,921.486,713.01581
45,tobillo_izquierdo,9,947.05021,761.16792
46,talon_izquierdo,0,,
46,cadera_izquierda,0,,
46,cadera_derecha,0,,
46,hombro_izquierdo,0,,
46,hombro_derecho,0,,
46,rodilla_izquierda,0,,
46,tobillo_izquierdo,0,,
46,talon_izquierdo,1,944.5875,763.76003
46,cadera_izquierda,1,876.13523,686.71782
46,cadera_derecha,1,907.35603,681.45816
46,hombro_izquierdo,1,839.6323,594.59006
46,hombro_derecho,1,896.49914,588.32965
46,rodilla_izquierda,1,909.667,719.30344
46,tobillo_izquierdo,1,940.34678,757.26981
46,talon_izquierdo,2,944.99216,771.16138
46,cadera_izquierda,2,876.38821,687.07927
46,cadera_derecha,2,906.70658,680.1371
46,hombro_izquierdo,2,840.8202,594.62662
46,hombro_derecho,2,899.04293,589.90222
46,rodilla_izquierda,2,910.2923,720.60481
46,tobillo_izquierdo,2,941.14918,762.64605
46,talon_izquierdo,3,947.12511,775.33069
46,cadera_izquierda,3,877.03279,688.54666
46,cadera_derecha,3,906.23165,680.17662
46,hombro_izquierdo,3,842.85753,594.75195
46,hombro_derecho,3,899.25739,591.83026
46,rodilla_izquierda,3,911.56992,722.41272
46,tobillo_izquierdo,3,944.54149,765.40946
46,talon_izquierdo,4,946.67805,773.97744
46,cadera_izquierda,4,877.03045,688.62642
46,cadera_derecha,4,906.03086,679.66402
46,hombro_izquierdo,4,843.63539,595.59125
46,hombro_derecho,4,899.79492,592.81774
46,rodilla_izquierda,4,911.71824,722.32627
46,tobillo_izquierdo,4,942.47669,764.63685
46,talon_izquierdo,5,947.8367,774.6867
46,cadera_izquierda,5,876.96779,688.55651
46,cadera_derecha,5,904.72383,678.16812
46,hombro_izquierdo,5,844.57895,596.00201
46,hombro_derecho,5,899.75899,592.99721
46,rodilla_izquierda,5,912.09337,722.30142
46,tobillo_izquierdo,5,942.42359,765.16812
46,talon_izquierdo,6,947.80146,774.52429
46,cadera_izquierda,6,876.37808,687.81738
46,cadera_derecha,6,902.88008,676.21536
46,hombro_izquierdo,6,844.42469,596.41613
46,hombro_derecho,6,898.88615,592.89872
46,rodilla_izquierda,6,912.05069,722.23879
46,tobillo_izquierdo,6,942.35373,765.56756
46,talon_izquierdo,7,948.74788,774.55686
46,cadera_izquierda,7,875.10344,686.43252
46,cadera_derecha,7,901.14109,674.97206
46,hombro_izquierdo,7,844.24215,596.5582
46,hombro_derecho,7,898.69188,592.71532
46,rodilla_izquierda,7,911.95415,722.18877
46,tobillo_izquierdo,7,942.31659,765.9771
46,talon_izquierdo,8,949.08039,774.50253
46,cadera_izquierda,8,873.98867,683.71302
46,cadera_derecha,8,899.17368,673.35147
46,hombro_izquierdo,8,844.12165,595.32906
46,hombro_derecho,8,897.0393,591.78133
46,rodilla_izquierda,8,911.59607,722.43049
46,tobillo_izquierdo,8,942.21788,765.49417
46,talon_izquierdo,9,948.9616,774.04336
46,cadera_izquierda,9,872.84048,681.54397
46,cadera_derecha,9,898.45711,671.41365
46,hombro_izquierdo,9,844.05121,593.59755
46,hombro_derecho,9,895.72409,591.05984
46,rodilla_izquierda,9,910.7226,722.15323
46,tobillo_izquierdo,9,941.86735,764.36996
46,talon_izquierdo,10,948.31673,773.36081
46,cadera_izquierda,10,871.4312,678.23249
46,cadera_derecha,10,895.33213,667.77638
46,hombro_izquierdo,10,843.87051,591.10394
46,hombro_derecho,10,894.29712,589.06988
46,rodilla_izquierda,10,908.15054,719.06114
46,tobillo_izquierdo,10,940.22152,762.19068
46,talon_izquierdo,11,948.16967,773.14658
46,cadera_izquierda,11,868.34473,674.6184
46,cadera_derecha,11,893.63131,664.98562
46,hombro_izquierdo,11,843.59699,587.39335
46,hombro_derecho,11,892.38361,586.0513
46,rodilla_izquierda,11,904.88039,718.77365
46,tobillo_izquierdo,11,939.47868,762.22911
47,talon_izquierdo,0,981.11172,787.18337
47,cadera_izquierda,0,910.18095,692.94739
47,cadera_derecha,0,944.32245,685.61955
47,hombro_izquierdo,0,867.99706,583.22326
47,hombro_derecho,0,932.50694,577.91384
47,rodilla_izquierda,0,945.30464,729.99651
47,tobillo_izquierdo,0,976.71776,776.35699
47,talon_izquierdo,1,981.12064,782.85435
47,cadera_izquierda,1,909.89256,692.83808
47,cadera_derecha,1,943.90715,683.31873
47,hombro_izquierdo,1,869.36577,584.65588
47,hombro_derecho,1,933.20486,578.94387
47,rodilla_izquierda,1,945.30848,726.75919
47,tobillo_izquierdo,1,976.77326,772.62767
47,talon_izquierdo,2,986.64482,783.26247
47,cadera_izquierda,2,909.89988,691.06422
47,cadera_derecha,2,943.52978,679.85192
47,hombro_izquierdo,2,871.44287,586.53352
47,hombro_derecho,2,934.26584,579.90052
47,rodilla_izquierda,2,945.80692,726.97304
47,tobillo_izquierdo,2,981.21483,773.38431
47,talon_izquierdo,3,991.32397,785.34507
47,cadera_izquierda,3,911.29778,691.13516
47,cadera_derecha,3,943.89038,679.82341
47,hombro_izquierdo,3,873.12143,587.99543
47,hombro_derecho,3,934.42554,580.57006
47,rodilla_izquierda,3,951.88745,730.26192
47,tobillo_izquierdo,3,986.18797,777.17015
47,talon_izquierdo,4,992.74509,786.37806
47,cadera_izquierda,4,911.82438,691.18885
47,cadera_derecha,4,944.28646,679.20897
47,hombro_izquierdo,4,874.16485,590.11137
47,hombro_derecho,4,934.58261,580.95546
47,rodilla_izquierda,4,952.93024,731.14969
47,tobillo_izquierdo,4,985.94261,778.14418
47,talon_izquierdo,5,994.31053,789.18222
47,cadera_izquierda,5,911.87336,690.9779
47,cadera_derecha,5,944.27519,677.89267
47,hombro_izquierdo,5,874.33096,591.58609
47,hombro_derecho,5,933.98277,580.88169
47,rodilla_izquierda,5,953.03255,731.1782
47,tobillo_izquierdo,5,986.5155,779.87587
47,talon_izquierdo,6,993.85654,790.67033
47,cadera_izquierda,6,911.96033,690.01655
47,cadera_derecha,6,944.20807,676.17989
47,hombro_izquierdo,6,874.51567,591.97677
47,hombro_derecho,6,933.49285,580.76859
47,rodilla_izquierda,6,952.8657,731.13964
47,tobillo_izquierdo,6,986.77895,780.6376
47,talon_izquierdo,7,993.98094,790.4167
47,cadera_izquierda,7,911.94632,689.40945
47,cadera_derecha,7,943.36292,675.5612
47,hombro_izquierdo,7,874.99157,592.22551
47,hombro_derecho,7,933.06318,580.71864
47,rodilla_izquierda,7,952.97144,731.28545
47,tobillo_izquierdo,7,986.60843,780.42092
47,talon_izquierdo,8,994.06712,789.38866
47,cadera_izquierda,8,911.26156,686.76694
47,cadera_derecha,8,941.11198,672.87781
47,hombro_izquierdo,8,875.58569,591.843
47,hombro_derecho,8,930.95884,579.14485
47,rodilla_izquierda,8,952.65862,731.75151
47,tobillo_izquierdo,8,986.1676,780.33041
47,talon_izquierdo,9,993.86696,789.37218
47,cadera_izquierda,9,910.68163,685.33792
47,cadera_derecha,9,939.54729,672.44323
47,hombro_izquierdo,9,875.35252,590.79108
47,hombro_derecho,9,930.36764,577.16454
47,rodilla_izquierda,9,952.44301,732.50216
47,tobillo_izquierdo,9,985.99514,780.18583
47,talon_izquierdo,10,993.67916,788.46581
47,cadera_izquierda,10,907.72945,680.61809
47,cadera_derecha,10,936.13621,669.33279
47,hombro_izquierdo,10,875.20729,587.49254
47,hombro_derecho,10,929.84081,575.07029
47,rodilla_izquierda,10,949.6768,730.94125
47,tobillo_izquierdo,10,985.55958,779.2288
47,talon_izquierdo,11,991.36517,787.36761
47,cadera_izquierda,11,904.90843,676.86502
47,cadera_derecha,11,933.02759,667.04723
47,hombro_izquierdo,11,875.13388,582.11592
47,hombro_derecho,11,928.95744,573.14399
47,rodilla_izquierda,11,946.18635,727.51029
47,tobillo_izquierdo,11,983.3868,777.9179
47,talon_izquierdo,12,991.16787,787.10747
47,cadera_izquierda,12,901.51897,674.18993
47,cadera_derecha,12,930.89876,664.60582
47,hombro_izquierdo,12,873.26385,579.52864
47,hombro_derecho,12,926.98763,570.49833
47,rodilla_izquierda,12,943.56165,726.48811
47,tobillo_izquierdo,12,982.78896,777.78317
48,talon_izquierdo,0,935.36917,785.72519
48,cadera_izquierda,0,870.5409,688.82024
48,cadera_derecha,0,900.97853,679.05273
48,hombro_izquierdo,0,831.30558,588.85745
48,hombro_derecho,0,899.22077,586.80298
48,rodilla_izquierda,0,904.18453,729.22918
48,tobillo_izquierdo,0,934.22522,778.63624
48,talon_izquierdo,1,937.87788,790.00986
48,cadera_izquierda,1,868.60674,688.53127
48,cadera_derecha,1,897.79106,679.01057
48,hombro_izquierdo,1,833.05452,588.78779
48,hombro_derecho,1,898.51908,586.83195
48,rodilla_izquierda,1,904.32335,730.74703
48,tobillo_izquierdo,1,935.6971,780.44307
48,talon_izquierdo,2,940.08362,791.65987
48,cadera_izquierda,2,867.9883,688.59429
48,cadera_derecha,2,897.644,679.04848
48,hombro_izquierdo,2,834.99699,588.62783
48,hombro_derecho,2,898.43239,586.96874
48,rodilla_izquierda,2,904.38406,731.33141
48,tobillo_izquierdo,2,935.66219,781.03356
48,talon_izquierdo,3,942.38897,792.79026
48,cadera_izquierda,3,866.80166,688.58271
48,cadera_derecha,3,897.14659,678.78172
48,hombro_izquierdo,3,835.54424,588.58
48,hombro_derecho,3,898.04352,587.06163
48,rodilla_izquierda,3,904.41793,731.96516
48,tobillo_izquierdo,3,935.61275,782.13492
48,talon_izquierdo,4,942.73951,792.47606
48,cadera_izquierda,4,866.43917,688.57093
48,cadera_derecha,4,896.62937,678.28882
48,hombro_izquierdo,4,835.49635,588.53043
48,hombro_derecho,4,897.35424,586.7529
48,rodilla_izquierda,4,904.6451,732.00913
48,tobillo_izquierdo,4,935.57264,782.50886
48,talon_izquierdo,5,942.67731,792.03632
48,cadera_izquierda,5,865.93414,688.2649
48,cadera_derecha,5,895.37556,677.42146
48,hombro_izquierdo,5,835.45561,588.05439
48,hombro_derecho,5,896.63744,585.93704
48,rodilla_izquierda,5,904.90625,731.94971
48,tobillo_izquierdo,5,935.37437,782.35179
48,talon_izquierdo,6,942.25954,791.77021
48,cadera_izquierda,6,865.68638,685.3264
48,cadera_derecha,6,894.81937,675.31942
48,hombro_izquierdo,6,836.78524,585.36128
48,hombro_derecho,6,896.14271,584.81122
48,rodilla_izquierda,6,904.86723,731.38291
48,tobillo_izquierdo,6,935.11511,782.26997
48,talon_izquierdo,7,942.07312,792.48681
48,cadera_izquierda,7,865.17603,684.15552
48,cadera_derecha,7,893.36483,674.93228
48,hombro_izquierdo,7,836.90334,582.63727
48,hombro_derecho,7,895.61039,583.63705
48,rodilla_izquierda,7,904.8048,731.1363
48,tobillo_izquierdo,7,935.10012,782.5236
48,talon_izquierdo,8,941.91381,792.36424
48,cadera_izquierda,8,863.88605,681.09329
48,cadera_derecha,8,891.25088,671.43547
48,hombro_izquierdo,8,836.83233,580.90519
48,hombro_derecho,8,894.64336,582.08154
48,rodilla_izquierda,8,904.49913,731.12677
48,tobillo_izquierdo,8,934.99449,782.23399
49,talon_izquierdo,0,886.75352,816.56598
49,cadera_izquierda,0,809.52753,702.69649
49,cadera_derecha,0,842.0363,696.25088
49,hombro_izquierdo,0,776.2286,574.67633
49,hombro_derecho,0,847.84218,586.83188
49,rodilla_izquierda,0,843.28308,749.37163
49,tobillo_izquierdo,0,882.51217,805.59193
49,talon_izquierdo,1,886.68617,816.92667
49,cadera_izquierda,1,810.32982,702.66585
49,cadera_derecha,1,842.52239,696.09047
49,hombro_izquierdo,1,777.88187,576.62464
49,hombro_derecho,1,848.39247,591.25347
49,rodilla_izquierda,1,846.84254,747.09553
49,tobillo_izquierdo,1,882.59056,805.77726
49,talon_izquierdo,2,886.69104,816.87555
49,cadera_izquierda,2,813.23164,702.57637
49,cadera_derecha,2,847.02295,695.65518
49,hombro_izquierdo,2,782.8343,578.79079
49,hombro_derecho,2,851.29103,596.50625
49,rodilla_izquierda,2,855.12142,747.18391
49,tobillo_izquierdo,2,884.86547,805.79792
49,talon_izquierdo,3,886.07855,811.342915
49,cadera_izquierda,3,819.16786,702.86045
49,cadera_derecha,3,853.52365,695.16652
49,hombro_izquierdo,3,785.69029,581.38033
49,hombro_derecho,3,853.78624,598.70517
49,rodilla_izquierda,3,857.46174,742.10192
49,tobillo_izquierdo,3,886.55439,797.43291
49,talon_izquierdo,4,885.46606,805.81028
49,cadera_izquierda,4,819.6714,700.51322
49,cadera_derecha,4,855.14563,694.27804
49,hombro_izquierdo,4,789.57939,581.87993
49,hombro_derecho,4,858.6537,598.88741
49,rodilla_izquierda,4,856.48767,739.69553
49,tobillo_izquierdo,4,884.26586,795.70423
49,talon_izquierdo,5,886.84301,807.31359
49,cadera_izquierda,5,820.95835,698.99266
49,cadera_derecha,5,853.98188,693.50254
49,hombro_izquierdo,5,793.75134,582.61622
49,hombro_derecho,5,861.84654,597.81527
49,rodilla_izquierda,5,857.18737,735.4592
49,tobillo_izquierdo,5,884.50132,796.9317
49,talon_izquierdo,6,887.03722,807.85207
49,cadera_izquierda,6,823.23589,698.99073
49,cadera_derecha,6,856.78202,692.48931
49,hombro_izquierdo,6,797.17323,583.38329
49,hombro_derecho,6,866.84258,597.10002
49,rodilla_izquierda,6,860.0009,736.41418
49,tobillo_izquierdo,6,884.19611,797.64682
49,talon_izquierdo,7,885.38183,808.05613
49,cadera_izquierda,7,826.57288,698.12665
49,cadera_derecha,7,857.93066,691.2668
49,hombro_izquierdo,7,804.40773,583.65669
49,hombro_derecho,7,868.42564,592.02325
49,rodilla_izquierda,7,862.91937,737.30902
49,tobillo_izquierdo,7,883.65578,798.09827
49,talon_izquierdo,8,883.89719,808.61643
49,cadera_izquierda,8,826.02865,693.15152
49,cadera_derecha,8,856.76571,688.37568
49,hombro_izquierdo,8,810.62525,583.69222
49,hombro_derecho,8,871.3813,587.70427
49,rodilla_izquierda,8,864.22108,734.21706
49,tobillo_izquierdo,8,883.06423,797.43613
49,talon_izquierdo,9,882.4981425000001,801.09783125
49,cadera_izquierda,9,828.85397,689.05759
49,cadera_derecha,9,856.07174,687.173
49,hombro_izquierdo,9,816.91881,583.48642
49,hombro_derecho,9,874.24547,584.22388
49,rodilla_izquierda,9,872.5098,719.90958
49,tobillo_izquierdo,9,882.59769125,788.4646225
49,talon_izquierdo,10,881.099095,793.5792325
49,cadera_izquierda,10,827.56222,684.87186
49,cadera_derecha,10,856.23362,682.07144
49,hombro_izquierdo,10,820.54522,583.14788
49,hombro_derecho,10,876.02325,582.02869
49,rodilla_izquierda,10,869.38276,725.29638
49,tobillo_izquierdo,10,882.1311525,779.493115
49,talon_izquierdo,11,881.099095,793.5792325
49,cadera_izquierda,11,826.6975,679.3773
49,cadera_derecha,11,855.91398,675.42808
49,hombro_izquierdo,11,822.28529,580.74825
49,hombro_derecho,11,878.27305,579.46993
49,rodilla_izquierda,11,864.94246,722.13682
49,tobillo_izquierdo,11,882.1311525,779.493115
50,talon_izquierdo,0,883.25735,819.14638
50,cadera_izquierda,0,808.00907,704.43347
50,cadera_derecha,0,840.08228,697.40844
50,hombro_izquierdo,0,765.61552,577.20928
50,hombro_derecho,0,833.70558,580.49069
50,rodilla_izquierda,0,843.97516,751.31028
50,tobillo_izquierdo,0,879.18766,806.81096
50,talon_izquierdo,1,883.25169,821.95581
50,cadera_izquierda,1,810.04686,703.02949
50,cadera_derecha,1,842.73199,696.03749
50,hombro_izquierdo,1,770.12701,578.2294
50,hombro_derecho,1,840.07874,584.10079
50,rodilla_izquierda,1,845.74064,747.01596
50,tobillo_izquierdo,1,879.40052,807.69622
50,talon_izquierdo,2,886.31413,820.4068
50,cadera_izquierda,2,813.34934,702.82948
50,cadera_derecha,2,846.19331,696.02777
50,hombro_izquierdo,2,776.21601,578.82749
50,hombro_derecho,2,844.89532,590.29432
50,rodilla_izquierda,2,852.29044,746.98596
50,tobillo_izquierdo,2,882.88954,805.77887
50,talon_izquierdo,3,887.03321,819.53397
50,cadera_izquierda,3,818.37971,703.00381
50,cadera_derecha,3,854.13517,695.74176
50,hombro_izquierdo,3,780.12302,582.07826
50,hombro_derecho,3,849.69572,592.16731
50,rodilla_izquierda,3,857.91246,746.61897
50,tobillo_izquierdo,3,888.95359,805.805
50,talon_izquierdo,4,886.85995,814.96921
50,cadera_izquierda,4,822.97297,703.02286
50,cadera_derecha,4,860.89508,695.59216
50,hombro_izquierdo,4,784.42509,583.48442
50,hombro_derecho,4,854.09157,592.02479
50,rodilla_izquierda,4,861.12797,743.55083
50,tobillo_izquierdo,4,887.95818,802.49848
50,talon_izquierdo,5,886.77309,814.84845
50,cadera_izquierda,5,823.56434,702.02218
50,cadera_derecha,5,859.2441,694.36656
50,hombro_izquierdo,5,789.57178,583.06973
50,hombro_derecho,5,856.85549,591.15505
50,rodilla_izquierda,5,863.49415,740.70882
50,tobillo_izquierdo,5,886.96283,801.70869
50,talon_izquierdo,6,886.67536,814.84407
50,cadera_izquierda,6,824.73181,699.14252
50,cadera_derecha,6,858.05878,691.09396
50,hombro_izquierdo,6,796.7149,582.75894
50,hombro_derecho,6,860.49282,587.91522
50,rodilla_izquierda,6,862.21149,737.87428
50,tobillo_izquierdo,6,886.53191,801.94507
50,talon_izquierdo,7,886.15025,815.5852
50,cadera_izquierda,7,826.00765,695.67545
50,cadera_derecha,7,858.39472,687.40893
50,hombro_izquierdo,7,806.02266,582.31876
50,hombro_derecho,7,863.32935,581.81839
50,rodilla_izquierda,7,860.97015,736.32547
50,tobillo_izquierdo,7,886.11053,802.24241
50,talon_izquierdo,8,884.29264,814.03934
50,cadera_izquierda,8,826.03123,688.41038
50,cadera_derecha,8,857.71088,682.61855
50,hombro_izquierdo,8,812.60965,582.18995
50,hombro_derecho,8,865.46665,577.71229
50,rodilla_izquierda,8,860.37804,734.57394
50,tobillo_izquierdo,8,884.75441,800.27401
50,talon_izquierdo,9,880.88236,812.72156
50,cadera_izquierda,9,830.0992,688.59275
50,cadera_derecha,9,859.93853,682.18384
50,hombro_izquierdo,9,815.74293,582.05322
50,hombro_derecho,9,868.66671,577.46632
50,rodilla_izquierda,9,865.51489,733.37171
50,tobillo_izquierdo,9,883.34942,799.25383
50,talon_izquierdo,10,873.2735325,777.6396824999999
50,cadera_izquierda,10,830.99419,679.42944
50,cadera_derecha,10,859.67377,678.21807
50,hombro_izquierdo,10,822.71433,581.93735
50,hombro_derecho,10,868.36332,572.82026
50,rodilla_izquierda,10,863.91858,731.3373
50,tobillo_izquierdo,10,876.2700475,767.3929275
50,talon_izquierdo,11,869.46911875,760.0987437499999
50,cadera_izquierda,11,835.57102,678.85472
50,cadera_derecha,11,861.68861,673.02806
50,hombro_izquierdo,11,827.36,586.95767
50,hombro_derecho,11,867.57048,572.3374
50,rodilla_izquierda,11,866.5020999999999,718.17886
50,tobillo_izquierdo,11,872.73036125,751.46247625
50,talon_izquierdo,12,865.664705,742.5578049999999
50,cadera_izquierda,12,835.57102,678.85472
50,cadera_derecha,12,861.68861,673.02806
50,hombro_izquierdo,12,827.36,586.95767
50,hombro_derecho,12,855.0515,574.02738
50,rodilla_izquierda,12,866.5020999999999,718.17886
50,tobillo_izquierdo,12,869.190675,735.532025
51,talon_izquierdo,0,848.72206,849.13223
51,cadera_izquierda,0,743.34463,702.60733
51,cadera_derecha,0,775.74863,696.0165
51,hombro_izquierdo,0,704.67327,572.07257
51,hombro_derecho,0,782.36532,571.14598
51,rodilla_izquierda,0,798.93162,762.859
51,tobillo_izquierdo,0,844.59881,833.38144
51,talon_izquierdo,1,846.91378,841.56293
51,cadera_izquierda,1,749.72683,702.66379
51,cadera_derecha,1,785.4268775,697.42821
51,hombro_izquierdo,1,711.36137,572.20807
51,hombro_derecho,1,787.58823,577.10963
51,rodilla_izquierda,1,803.91747,760.22736
51,tobillo_izquierdo,1,844.63354,829.73393
51,talon_izquierdo,2,850.26695,841.98354
51,cadera_izquierda,2,757.0907,705.90194
51,cadera_derecha,2,795.105125,698.83992
51,hombro_izquierdo,2,719.85231,573.40045
51,hombro_derecho,2,795.61008,582.10143
51,rodilla_izquierda,2,810.55693,765.23153
51,tobillo_izquierdo,2,848.1019,829.96799
51,talon_izquierdo,3,851.38218,841.52617
51,cadera_izquierda,3,765.08944,707.86178
51,cadera_derecha,3,804.20877,699.71248
51,hombro_izquierdo,3,728.98859,574.83366
51,hombro_derecho,3,802.35998,583.84478
51,rodilla_izquierda,3,819.73123,763.91008
51,tobillo_izquierdo,3,849.00953,825.13989
51,talon_izquierdo,4,852.23654,840.25364
51,cadera_izquierda,4,770.67169,707.5405
51,cadera_derecha,4,807.8068,699.57369
51,hombro_izquierdo,4,735.84806,577.08884
51,hombro_derecho,4,808.51976,582.54432
51,rodilla_izquierda,4,828.90553,762.58863
51,tobillo_izquierdo,4,855.97012,825.49085
51,talon_izquierdo,5,852.26475,840.68893
51,cadera_izquierda,5,776.52649,706.72804
51,cadera_derecha,5,811.37764,697.11097
51,hombro_izquierdo,5,746.09001,577.46458
51,hombro_derecho,5,816.06073,579.91404
51,rodilla_izquierda,5,827.97661,757.17422
51,tobillo_izquierdo,5,854.33498,825.11163
51,talon_izquierdo,6,852.1998,838.64857
51,cadera_izquierda,6,779.12304,701.5475
51,cadera_derecha,6,816.12345,690.27082
51,hombro_izquierdo,6,755.85875,577.28994
51,hombro_derecho,6,821.55458,576.99665
51,rodilla_izquierda,6,826.49145,754.08322
51,tobillo_izquierdo,6,853.41848,824.45445
51,talon_izquierdo,7,851.91587,839.07703
51,cadera_izquierda,7,780.70307,697.29482
51,cadera_derecha,7,816.19783,685.68051
51,hombro_izquierdo,7,761.02804,577.59313
51,hombro_derecho,7,824.79664,572.69853
51,rodilla_izquierda,7,824.98426,752.64377
51,tobillo_izquierdo,7,853.11899,824.51888
51,talon_izquierdo,8,851.80761,838.18643
51,cadera_izquierda,8,781.80256,689.02553
51,cadera_derecha,8,817.50847,679.28119
51,hombro_izquierdo,8,766.78053,577.55387
51,hombro_derecho,8,827.37894,569.1333
51,rodilla_izquierda,8,823.776,749.1001
51,tobillo_izquierdo,8,852.34091,823.08259
51,talon_izquierdo,9,851.64814,829.88225
51,cadera_izquierda,9,790.38208,683.63625
51,cadera_derecha,9,817.36164,678.64255
51,hombro_izquierdo,9,777.34265375,576.2114725
51,hombro_derecho,9,829.10889,565.71148
51,rodilla_izquierda,9,832.86558,739.07909
51,tobillo_izquierdo,9,852.07151,815.67841
51,talon_izquierdo,10,848.79321,824.504205
51,cadera_izquierda,10,794.559745,682.40906
51,cadera_derecha,10,814.4577,679.26445
51,hombro_izquierdo,10,787.9047775,574.8690750000001
51,hombro_derecho,10,831.3545899999999,571.965225
51,rodilla_izquierda,10,836.70204,736.97197
51,tobillo_izquierdo,10,850.39146,808.23579
51,talon_izquierdo,11,845.93828,819.12616
51,cadera_izquierda,11,798.73741,681.18187
51,cadera_derecha,11,814.4577,679.26445
51,hombro_izquierdo,11,787.9047775,574.8690750000001
51,hombro_derecho,11,833.60029,578.21897
51,rodilla_izquierda,11,836.70204,736.97197
51,tobillo_izquierdo,11,849.45883,807.4368
52,talon_izquierdo,0,885.41096,835.33799
52,cadera_izquierda,0,798.71572,699.28157
52,cadera_derecha,0,829.01299,693.40244
52,hombro_izquierdo,0,759.03036,565.16554
52,hombro_derecho,0,832.66199,581.68243
52,rodilla_izquierda,0,843.22792,755.21991
52,tobillo_izquierdo,0,881.8166,823.44353
52,talon_izquierdo,1,885.55492,832.39202
52,cadera_izquierda,1,799.36724,699.89671
52,cadera_derecha,1,830.68377,695.08033
52,hombro_izquierdo,1,765.37554,567.32216
52,hombro_derecho,1,838.43794,584.97601
52,rodilla_izquierda,1,846.828,755.07688
52,tobillo_izquierdo,1,882.81549,821.32251
52,talon_izquierdo,2,885.88617,829.81447
52,cadera_izquierda,2,803.52613,700.96286
52,cadera_derecha,2,840.59475,696.0718
52,hombro_izquierdo,2,771.96922,569.60341
52,hombro_derecho,2,844.62605,588.51517
52,rodilla_izquierda,2,862.59773,760.37883
52,tobillo_izquierdo,2,883.53865,816.43852
52,talon_izquierdo,3,895.13546,830.13994
52,cadera_izquierda,3,809.64237,700.95192
52,cadera_derecha,3,846.89186,695.06243
52,hombro_izquierdo,3,778.20929,570.49118
52,hombro_derecho,3,850.61365,589.98687
52,rodilla_izquierda,3,859.67222,755.081
52,tobillo_izquierdo,3,888.034315,814.4735350000001
52,talon_izquierdo,4,894.77245,826.41789
52,cadera_izquierda,4,814.05693,700.45425
52,cadera_derecha,4,849.51942,694.78762
52,hombro_izquierdo,4,783.93402,572.15464
52,hombro_derecho,4,854.79034,589.23132
52,rodilla_izquierda,4,860.60583,749.72471
52,tobillo_izquierdo,4,892.52998,812.50855
52,talon_izquierdo,5,894.23321,826.23153
52,cadera_izquierda,5,821.02793,699.86833
52,cadera_derecha,5,854.96218,693.24808
52,hombro_izquierdo,5,791.24731,572.89184
52,hombro_derecho,5,859.77837,586.70655
52,rodilla_izquierda,5,863.58089,746.49686
52,tobillo_izquierdo,5,892.05854,812.78877
52,talon_izquierdo,6,893.01819,824.51006
52,cadera_izquierda,6,821.87445,694.09877
52,cadera_derecha,6,854.49589,685.6762
52,hombro_izquierdo,6,798.87875,572.84897
52,hombro_derecho,6,864.48978,583.23903
52,rodilla_izquierda,6,864.75901,743.31129
52,tobillo_izquierdo,6,890.86338,811.76524
52,talon_izquierdo,7,887.61086,824.56485
52,cadera_izquierda,7,824.05729,689.70878
52,cadera_derecha,7,854.66194,681.49479
52,hombro_izquierdo,7,807.60281,572.57133
52,hombro_derecho,7,871.11803,577.04738
52,rodilla_izquierda,7,865.48748,743.25947
52,tobillo_izquierdo,7,889.49455,811.5212
52,talon_izquierdo,8,883.00055,821.6575
52,cadera_izquierda,8,826.47589,686.7269
52,cadera_derecha,8,856.6622,680.7375
52,hombro_izquierdo,8,818.61855,572.33064
52,hombro_derecho,8,875.73206,574.89809
52,rodilla_izquierda,8,868.28041,736.82024
52,tobillo_izquierdo,8,887.34398,808.52335
52,talon_izquierdo,9,883.8865925,807.837885
52,cadera_izquierda,9,829.9098,684.82004
52,cadera_derecha,9,862.18237,681.57017
52,hombro_izquierdo,9,821.44014,571.65846
52,hombro_derecho,9,879.78819,574.9212
52,rodilla_izquierda,9,869.88261,729.779505
52,tobillo_izquierdo,9,888.6493224999999,795.5457175000001
52,talon_izquierdo,10,884.772635,794.01827
52,cadera_izquierda,10,830.95676,681.75415
52,cadera_derecha,10,862.46029,677.38476
52,hombro_izquierdo,10,821.06609,572.05802
52,hombro_derecho,10,884.7975,573.9997
52,rodilla_izquierda,10,871.48481,722.73877
52,tobillo_izquierdo,10,889.954665,782.5680850000001
53,talon_izquierdo,0,884.58858,851.9573
53,cadera_izquierda,0,775.99188,705.42011
53,cadera_derecha,0,809.50327,700.58119
53,hombro_izquierdo,0,740.30617,560.40232
53,hombro_derecho,0,821.93916,577.02195
53,rodilla_izquierda,0,827.59592,766.06773
53,tobillo_izquierdo,0,877.44038,838.92292
53,talon_izquierdo,1,886.13942875,845.80946
53,cadera_izquierda,1,781.01978,703.46266
53,cadera_derecha,1,819.176015,700.9158649999999
53,hombro_izquierdo,1,746.63698,563.12948
53,hombro_derecho,1,825.85733,578.16592
53,rodilla_izquierda,1,815.5541,754.29281
53,tobillo_izquierdo,1,879.0591812499999,833.1872787499999
53,talon_izquierdo,2,887.6902775,839.66162
53,cadera_izquierda,2,789.84838,704.44042
53,cadera_derecha,2,828.84876,701.25054
53,hombro_izquierdo,2,753.49154,565.7353
53,hombro_derecho,2,832.51631,584.04086
53,rodilla_izquierda,2,832.323815,761.18877
53,tobillo_izquierdo,2,880.6779825,827.4516375
53,talon_izquierdo,3,891.74251375,842.274255
53,cadera_izquierda,3,797.12969,707.43113
53,cadera_derecha,3,836.8047,700.60295
53,hombro_izquierdo,3,760.94238,568.0882
53,hombro_derecho,3,837.15923,586.10254
53,rodilla_izquierda,3,846.4750375,764.546565
53,tobillo_izquierdo,3,888.38313625,832.06677375
53,talon_izquierdo,4,895.79475,844.88689
53,cadera_izquierda,4,803.97554,707.6583
53,cadera_derecha,4,840.50257,700.48496
53,hombro_izquierdo,4,768.00871,568.72787
53,hombro_derecho,4,841.96529,586.6873
53,rodilla_izquierda,4,860.62626,767.90436
53,tobillo_izquierdo,4,890.7601731249999,833.320166875
53,talon_izquierdo,5,893.77676,845.06778
53,cadera_izquierda,5,811.13222,706.47371
53,cadera_derecha,5,847.06758,699.4573
53,hombro_izquierdo,5,778.25603,569.5561
53,hombro_derecho,5,848.56115,585.91547
53,rodilla_izquierda,5,862.93144,761.75642
53,tobillo_izquierdo,5,893.13721,834.57356
53,talon_izquierdo,6,894.55015,843.86954
53,cadera_izquierda,6,816.55386,705.95338
53,cadera_derecha,6,852.90064,697.32559
53,hombro_izquierdo,6,782.27743,569.95315
53,hombro_derecho,6,854.67144,583.07076
53,rodilla_izquierda,6,862.14952,759.51604
53,tobillo_izquierdo,6,891.56067,831.68045
53,talon_izquierdo,7,894.39463,844.0523
53,cadera_izquierda,7,820.01089,702.97722
53,cadera_derecha,7,855.83204,690.68281
53,hombro_izquierdo,7,793.15578,569.65246
53,hombro_derecho,7,857.02366,574.24039
53,rodilla_izquierda,7,861.80723,758.54478
53,tobillo_izquierdo,7,890.21387,831.59245
53,talon_izquierdo,8,893.6693,843.95921
53,cadera_izquierda,8,817.79154,698.41324
53,cadera_derecha,8,854.82857,686.07815
53,hombro_izquierdo,8,799.5524,569.46347
53,hombro_derecho,8,862.33074,568.9172
53,rodilla_izquierda,8,860.47606,756.61333
53,tobillo_izquierdo,8,889.70324,830.15036
53,talon_izquierdo,9,890.94366,843.06868
53,cadera_izquierda,9,818.51767,689.80624
53,cadera_derecha,9,855.07027,680.9545
53,hombro_izquierdo,9,808.19326,566.5061
53,hombro_derecho,9,867.4213,564.38276
53,rodilla_izquierda,9,864.45093,751.85533
53,tobillo_izquierdo,9,888.99914,828.41995
53,talon_izquierdo,10,886.69098,839.52745
53,cadera_izquierda,10,823.43691,688.78149
53,cadera_derecha,10,860.42793,678.55738
53,hombro_izquierdo,10,812.94399,566.35805
53,hombro_derecho,10,871.72485,560.43566
53,rodilla_izquierda,10,866.85001,749.67276
53,tobillo_izquierdo,10,888.69673,824.73144
53,talon_izquierdo,11,886.69098,839.52745
53,cadera_izquierda,11,824.31026,681.93478
53,cadera_derecha,11,857.01988,677.98195
53,hombro_izquierdo,11,812.94399,566.35805
53,hombro_derecho,11,874.65437,561.50496
53,rodilla_izquierda,11,866.85001,749.67276
53,tobillo_izquierdo,11,887.81765,817.0585
54,talon_izquierdo,0,892.98426,824.94104
54,cadera_izquierda,0,811.06585,701.67193
54,cadera_derecha,0,845.20695,696.19076
54,hombro_izquierdo,0,766.09703,559.15426
54,hombro_derecho,0,846.30518,570.62166
54,rodilla_izquierda,0,847.86455,757.22076
54,tobillo_izquierdo,0,887.11361,814.00156
54,talon_izquierdo,1,893.06757,827.52755
54,cadera_izquierda,1,811.23711,701.73559
54,cadera_derecha,1,845.34227,695.80484
54,hombro_izquierdo,1,772.90712,561.50896
54,hombro_derecho,1,848.91415,574.45611
54,rodilla_izquierda,1,851.02581,753.07114
54,tobillo_izquierdo,1,889.42434,815.55655
54,talon_izquierdo,2,896.50944,829.23266
54,cadera_izquierda,2,816.61715,701.9029
54,cadera_derecha,2,851.19112,695.80594
54,hombro_izquierdo,2,777.47063,566.67193
54,hombro_derecho,2,851.87473,579.00535
54,rodilla_izquierda,2,861.51146,752.42497
54,tobillo_izquierdo,2,894.42455,816.17318
54,talon_izquierdo,3,901.8862750000001,828.3692599999999
54,cadera_izquierda,3,821.23129,701.20999
54,cadera_derecha,3,857.80729,694.47895
54,hombro_izquierdo,3,784.4529,568.35779
54,hombro_derecho,3,856.28099,582.62253
54,rodilla_izquierda,3,864.75334,752.71117
54,tobillo_izquierdo,3,904.3012,816.73368
54,talon_izquierdo,4,907.26311,827.50586
54,cadera_izquierda,4,830.42576,701.5791
54,cadera_derecha,4,864.805755,694.62228
54,hombro_izquierdo,4,788.06385,571.89895
54,hombro_derecho,4,860.71907,581.34969
54,rodilla_izquierda,4,874.24192,754.75656
54,tobillo_izquierdo,4,906.82611,815.94884
54,talon_izquierdo,5,905.75397,827.08859
54,cadera_izquierda,5,835.17729,702.78835
54,cadera_derecha,5,871.80422,694.76561
54,hombro_izquierdo,5,798.19376,574.88985
54,hombro_derecho,5,867.08136,580.46108
54,rodilla_izquierda,5,876.3489,751.03155
54,tobillo_izquierdo,5,903.70565,814.95852
54,talon_izquierdo,6,904.74598,826.36819
54,cadera_izquierda,6,837.42737,700.61383
54,cadera_derecha,6,872.34547,690.98916
54,hombro_izquierdo,6,803.95203,573.46605
54,hombro_derecho,6,873.48335,577.15598
54,rodilla_izquierda,6,874.27008,747.81625
54,tobillo_izquierdo,6,902.17369,814.22544
54,talon_izquierdo,7,904.23397,824.30059
54,cadera_izquierda,7,835.89495,694.33225
54,cadera_derecha,7,869.13454,683.6937
54,hombro_izquierdo,7,813.7464,573.64243
54,hombro_derecho,7,876.99348,571.72309
54,rodilla_izquierda,7,874.3828,743.03127
54,tobillo_izquierdo,7,900.94643,812.0786
54,talon_izquierdo,8,899.14879,824.36947
54,cadera_izquierda,8,836.73403,691.4578
54,cadera_derecha,8,871.16295,682.58572
54,hombro_izquierdo,8,818.94991,574.16379
54,hombro_derecho,8,882.13692,568.45236
54,rodilla_izquierda,8,873.34717,740.48487
54,tobillo_izquierdo,8,898.56096,811.61744
54,talon_izquierdo,9,895.90153,820.58389
54,cadera_izquierda,9,840.05848,686.02285
54,cadera_derecha,9,873.96915,679.18663
54,hombro_izquierdo,9,822.93354,573.68357
54,hombro_derecho,9,886.06167,566.39822
54,rodilla_izquierda,9,875.79689,734.75078
54,tobillo_izquierdo,9,897.52356,806.92226
54,talon_izquierdo,10,892.86455,816.02441
54,cadera_izquierda,10,845.60017,682.213
54,cadera_derecha,10,874.9839,676.84178
54,hombro_izquierdo,10,830.39062,573.45794
54,hombro_derecho,10,885.09304,563.7194
54,rodilla_izquierda,10,883.16008,735.46075
54,tobillo_izquierdo,10,896.05419,800.98861
54,talon_izquierdo,11,890.38061,809.40127
54,cadera_izquierda,11,849.70339,679.02222
54,cadera_derecha,11,876.73542,675.03335
54,hombro_izquierdo,11,842.21872,573.21448
54,hombro_derecho,11,886.34125,564.92349
54,rodilla_izquierda,11,882.39584,730.92702
54,tobillo_izquierdo,11,894.6389,795.75972
55,talon_izquierdo,0,878.999,830.0726
55,cadera_izquierda,0,786.0553,697.50004
55,cadera_derecha,0,819.13931,693.07086
55,hombro_izquierdo,0,748.68353,567.9265
55,hombro_derecho,0,822.46296,576.65206
55,rodilla_izquierda,0,833.1748,747.54543
55,tobillo_izquierdo,0,875.371,817.36736
55,talon_izquierdo,1,882.60281,830.60413
55,cadera_izquierda,1,791.46715,696.36972
55,cadera_derecha,1,823.57046,691.31875
55,hombro_izquierdo,1,753.91027,568.96136
55,hombro_derecho,1,825.26739,578.10625
55,rodilla_izquierda,1,840.24565,747.42203
55,tobillo_izquierdo,1,878.9233,817.67468
55,talon_izquierdo,2,883.71758,830.04376
55,cadera_izquierda,2,796.38605,696.34371
55,cadera_derecha,2,831.11898,691.04246
55,hombro_izquierdo,2,761.41228,570.80172
55,hombro_derecho,2,829.16639,580.67319
55,rodilla_izquierda,2,842.40635,751.11137
55,tobillo_izquierdo,2,880.61977,817.50403
55,talon_izquierdo,3,883.49298,827.5999
55,cadera_izquierda,3,801.90233,695.22735
55,cadera_derecha,3,837.39246,688.30519
55,hombro_izquierdo,3,769.02666,572.28011
55,hombro_derecho,3,833.56693,581.00014
55,rodilla_izquierda,3,844.99969,747.47539
55,tobillo_izquierdo,3,880.87492,813.95546
55,talon_izquierdo,4,883.16854,825.66749
55,cadera_izquierda,4,807.9154,695.23965
55,cadera_derecha,4,843.473,687.90112
55,hombro_izquierdo,4,773.91266,572.85921
55,hombro_derecho,4,839.14873,578.70157
55,rodilla_izquierda,4,853.31303,747.42479
55,tobillo_izquierdo,4,881.09619,812.48184
55,talon_izquierdo,5,883.57195,825.71661
55,cadera_izquierda,5,810.11839,691.49211
55,cadera_derecha,5,842.5613,682.41841
55,hombro_izquierdo,5,777.16621,572.63731
55,hombro_derecho,5,844.33783,573.1682
55,rodilla_izquierda,5,853.90743,744.63287
55,tobillo_izquierdo,5,881.50841,812.62854
55,talon_izquierdo,6,884.02605,825.8664
55,cadera_izquierda,6,811.45672,686.60588
55,cadera_derecha,6,844.24158,677.17124
55,hombro_izquierdo,6,786.05547,572.77282
55,hombro_derecho,6,849.6773,568.82579
55,rodilla_izquierda,6,852.65928,744.08473
55,tobillo_izquierdo,6,881.66742,812.87155
55,talon_izquierdo,7,883.87905,825.92736
55,cadera_izquierda,7,813.42991,684.64198
55,cadera_derecha,7,846.80597,673.81187
55,hombro_izquierdo,7,794.41103,572.65456
55,hombro_derecho,7,854.83074,565.43738
55,rodilla_izquierda,7,852.22818,743.6667
55,tobillo_izquierdo,7,881.59224,813.0386
55,talon_izquierdo,8,882.15855,826.05733
55,cadera_izquierda,8,814.23746,677.82913
55,cadera_derecha,8,848.34961,668.66537
55,hombro_izquierdo,8,802.79257,571.8566
55,hombro_derecho,8,857.16156,560.03256
55,rodilla_izquierda,8,852.027,741.46308
55,tobillo_izquierdo,8,880.33459,812.76798
55,talon_izquierdo,9,884.64751875,816.2726825
55,cadera_izquierda,9,818.3041450000001,673.915445
55,cadera_derecha,9,847.34819,666.57171
55,hombro_izquierdo,9,811.32774,568.39262
55,hombro_derecho,9,857.37745,559.63815
55,rodilla_izquierda,9,855.440945,735.4804750000001
55,tobillo_izquierdo,9,882.31061875,805.2092674999999
55,talon_izquierdo,10,887.1364874999999,806.488035
55,cadera_izquierda,10,822.37083,670.00176
55,cadera_derecha,10,852.59228,662.42608
55,hombro_izquierdo,10,819.10583,563.67537
55,hombro_derecho,10,862.83754,561.77939
55,rodilla_izquierda,10,858.85489,729.49787
55,tobillo_izquierdo,10,884.2866475,797.6505549999999
55,talon_izquierdo,11,887.1364874999999,806.488035
55,cadera_izquierda,11,822.44379,664.3791
55,cadera_derecha,11,856.32895,656.8255
55,hombro_izquierdo,11,815.87889,564.45647
55,hombro_derecho,11,867.94207,561.90318
55,rodilla_izquierda,11,857.16002,731.34609
55,tobillo_izquierdo,11,884.2866475,797.6505549999999
56,talon_izquierdo,0,900.43579,839.38261
56,cadera_izquierda,0,799.75473,706.67777
56,cadera_derecha,0,837.14161,699.91783
56,hombro_izquierdo,0,754.69408,559.19842
56,hombro_derecho,0,836.15725,564.18224
56,rodilla_izquierda,0,848.94957,755.75904
56,tobillo_izquierdo,0,894.15894,827.3997
56,talon_izquierdo,1,900.43722,844.15034
56,cadera_izquierda,1,803.36071,704.51792
56,cadera_derecha,1,838.81279,696.8791
56,hombro_izquierdo,1,758.03776,562.04551
56,hombro_derecho,1,840.98866,568.66447
56,rodilla_izquierda,1,855.05825,755.86686
56,tobillo_izquierdo,1,895.14874,830.14566
56,talon_izquierdo,2,903.07926,846.76749
56,cadera_izquierda,2,809.22163,704.78398
56,cadera_derecha,2,846.2237,697.04074
56,hombro_izquierdo,2,762.70145,566.15662
56,hombro_derecho,2,844.43859,574.60326
56,rodilla_izquierda,2,863.7839100000001,764.221385
56,tobillo_izquierdo,2,901.95122,834.23322
56,talon_izquierdo,3,909.87396,847.85475
56,cadera_izquierda,3,814.16285,705.56959
56,cadera_derecha,3,853.79814,697.17155
56,hombro_izquierdo,3,767.7384,569.73525
56,hombro_derecho,3,847.70142,576.88793
56,rodilla_izquierda,3,872.50957,772.57591
56,tobillo_izquierdo,3,909.94297,833.85233
56,talon_izquierdo,4,910.52988,847.25247
56,cadera_izquierda,4,819.64783,705.59566
56,cadera_derecha,4,860.94143,696.12375
56,hombro_izquierdo,4,771.27754,574.32479
56,hombro_derecho,4,851.24702,577.53436
56,rodilla_izquierda,4,876.37035,772.26821
56,tobillo_izquierdo,4,913.30101,833.44703
56,talon_izquierdo,5,911.37949,847.81329
56,cadera_izquierda,5,824.5392,705.82792
56,cadera_derecha,5,866.19862,696.21117
56,hombro_izquierdo,5,776.53101,575.95156
56,hombro_derecho,5,852.87666,576.67009
56,rodilla_izquierda,5,873.2852,766.41651
56,tobillo_izquierdo,5,910.3763,833.19823
56,talon_izquierdo,6,910.68094,847.56468
56,cadera_izquierda,6,827.77416,705.77056
56,cadera_derecha,6,869.31038,694.40145
56,hombro_izquierdo,6,782.83459,576.91593
56,hombro_derecho,6,854.83011,571.29803
56,rodilla_izquierda,6,872.11893,763.76427
56,tobillo_izquierdo,6,908.86534,833.04239
56,talon_izquierdo,7,910.35301,846.99047
56,cadera_izquierda,7,827.40652,703.22634
56,cadera_derecha,7,866.30442,690.55297
56,hombro_izquierdo,7,787.4164,578.87692
56,hombro_derecho,7,858.36885,564.22131
56,rodilla_izquierda,7,873.38923,761.03582
56,tobillo_izquierdo,7,908.17348,832.9531
56,talon_izquierdo,8,910.25877,848.13329
56,cadera_izquierda,8,828.66566,701.32663
56,cadera_derecha,8,864.52595,687.68651
56,hombro_izquierdo,8,791.67961,579.53585
56,hombro_derecho,8,859.70615,557.43414
56,rodilla_izquierda,8,877.95868,757.03208
56,tobillo_izquierdo,8,908.10362,833.33908
56,talon_izquierdo,9,909.97307,848.61441
56,cadera_izquierda,9,827.27463,692.91488
56,cadera_derecha,9,863.888885,680.18734
56,hombro_izquierdo,9,793.91853,579.79231
56,hombro_derecho,9,862.07737,552.55892
56,rodilla_izquierda,9,876.00929,752.93609
56,tobillo_izquierdo,9,907.76899,833.21252
56,talon_izquierdo,10,911.09602,848.52783
56,cadera_izquierda,10,825.8836,684.50313
56,cadera_derecha,10,863.25182,672.68817
56,hombro_izquierdo,10,802.578965,572.94128
56,hombro_derecho,10,868.29569,553.82024
56,rodilla_izquierda,10,875.70099,748.95603
56,tobillo_izquierdo,10,907.37108,832.35173
56,talon_izquierdo,11,912.63119,848.0655
56,cadera_izquierda,11,829.02758,685.61769
56,cadera_derecha,11,865.34689,674.54463
56,hombro_izquierdo,11,811.2394,566.09025
56,hombro_derecho,11,874.40838,551.22389
56,rodilla_izquierda,11,874.78117,746.83269
56,tobillo_izquierdo,11,907.04744,832.23663
57,talon_izquierdo,0,892.92257,846.14738
57,cadera_izquierda,0,800.58638,708.20006
57,cadera_derecha,0,839.09472,700.08829
57,hombro_izquierdo,0,764.36268,556.46675
57,hombro_derecho,0,848.28037,573.35147
57,rodilla_izquierda,0,854.31278,761.06473
57,tobillo_izquierdo,0,890.25364,828.36453
57,talon_izquierdo,1,895.6645475,845.1912325000001
57,cadera_izquierda,1,802.42032,707.47934
57,cadera_derecha,1,841.5294200000001,699.2242100000001
57,hombro_izquierdo,1,768.4364049999999,557.79486
57,hombro_derecho,1,850.818815,575.7370699999999
57,rodilla_izquierda,1,855.445515,762.197535
57,tobillo_izquierdo,1,893.306765,828.209695
57,talon_izquierdo,2,898.406525,844.235085
57,cadera_izquierda,2,804.25426,706.75862
57,cadera_derecha,2,843.96412,698.36013
57,hombro_izquierdo,2,772.51013,559.12297
57,hombro_derecho,2,853.35726,578.12267
57,rodilla_izquierda,2,856.57825,763.33034
57,tobillo_izquierdo,2,896.35989,828.05486
57,talon_izquierdo,3,903.89048,842.32279
57,cadera_izquierda,3,810.20102,706.88531
57,cadera_derecha,3,853.09725,698.30258
57,hombro_izquierdo,3,778.95773,561.35807
57,hombro_derecho,3,860.25072,580.14855
57,rodilla_izquierda,3,856.83815,759.97212
57,tobillo_izquierdo,3,902.46614,827.74519
57,talon_izquierdo,4,903.21682,843.44783
57,cadera_izquierda,4,815.56875,703.98627
57,cadera_derecha,4,859.39814,695.4871
57,hombro_izquierdo,4,784.54227,561.50439
57,hombro_derecho,4,865.47426,579.30597
57,rodilla_izquierda,4,857.44715,760.67173
57,tobillo_izquierdo,4,902.35165,828.2007
57,talon_izquierdo,5,902.52462,843.72341
57,cadera_izquierda,5,818.18058,701.85803
57,cadera_derecha,5,859.68069,692.47476
57,hombro_izquierdo,5,790.82251,561.37699
57,hombro_derecho,5,868.35108,576.11764
57,rodilla_izquierda,5,859.17744,758.70816
57,tobillo_izquierdo,5,901.70649,828.85602
57,talon_izquierdo,6,900.63589,844.09774
57,cadera_izquierda,6,818.98224,700.45483
57,cadera_derecha,6,859.19861,691.80123
57,hombro_izquierdo,6,795.29566,561.23814
57,hombro_derecho,6,872.77004,572.57976
57,rodilla_izquierda,6,859.79147,757.14531
57,tobillo_izquierdo,6,898.26931,828.94594
57,talon_izquierdo,7,898.15069,844.62213
57,cadera_izquierda,7,821.49714,697.26566
57,cadera_derecha,7,860.98406,689.02862
57,hombro_izquierdo,7,798.15359,561.26769
57,hombro_derecho,7,875.70923,568.20613
57,rodilla_izquierda,7,859.84943,753.39919
57,tobillo_izquierdo,7,894.80764,829.63911
57,talon_izquierdo,8,897.33124,844.8867
57,cadera_izquierda,8,822.66718,689.57778
57,cadera_derecha,8,861.67156,683.27013
57,hombro_izquierdo,8,807.9348,559.27862
57,hombro_derecho,8,879.25409,564.44842
57,rodilla_izquierda,8,860.74373,748.18156
57,tobillo_izquierdo,8,893.63394,828.42491
57,talon_izquierdo,9,897.33124,844.8867
57,cadera_izquierda,9,823.84266,683.64761
57,cadera_derecha,9,862.02753,678.18331
57,hombro_izquierdo,9,814.35362,557.97172
57,hombro_derecho,9,882.99871,561.54391
57,rodilla_izquierda,9,860.76839,732.73725
57,tobillo_izquierdo,9,893.63394,828.42491
58,talon_izquierdo,0,865.35559,839.58526
58,cadera_izquierda,0,786.65926,713.3566
58,cadera_derecha,0,826.58009,705.3999
58,hombro_izquierdo,0,743.51126,577.23825
58,hombro_derecho,0,826.87391,589.8045
58,rodilla_izquierda,0,823.59735,763.44383
58,tobillo_izquierdo,0,858.477,827.11228
58,talon_izquierdo,1,865.36503,839.34315
58,cadera_izquierda,1,786.57154,710.21545
58,cadera_derecha,1,826.47137,702.04188
58,hombro_izquierdo,1,746.59681,576.83508
58,hombro_derecho,1,828.41366,589.75925
58,rodilla_izquierda,1,825.01711,762.86942
58,tobillo_izquierdo,1,858.71801,826.43347
58,talon_izquierdo,2,863.04102,836.4342
58,cadera_izquierda,2,788.28014,710.2264
58,cadera_derecha,2,827.17272,701.92453
58,hombro_izquierdo,2,751.53156,577.52316
58,hombro_derecho,2,830.69223,589.74586
58,rodilla_izquierda,2,825.25492,759.38923
58,tobillo_izquierdo,2,858.81174,825.36674
58,talon_izquierdo,3,863.10139,831.74244
58,cadera_izquierda,3,791.67669,709.99839
58,cadera_derecha,3,830.417,702.0377
58,hombro_izquierdo,3,756.16899,578.04349
58,hombro_derecho,3,832.23827,586.66464
58,rodilla_izquierda,3,827.34158,754.63727
58,tobillo_izquierdo,3,858.90833,820.65406
58,talon_izquierdo,4,862.93339,832.59615
58,cadera_izquierda,4,792.57345,707.36579
58,cadera_derecha,4,830.32906,699.89697
58,hombro_izquierdo,4,761.69317,578.63237
58,hombro_derecho,4,835.5364,583.66068
58,rodilla_izquierda,4,828.65959,749.46207
58,tobillo_izquierdo,4,858.91754,820.73375
58,talon_izquierdo,5,862.84098,833.10953
58,cadera_izquierda,5,795.24336,706.59801
58,cadera_derecha,5,833.16954,696.28848
58,hombro_izquierdo,5,769.08663,580.42432
58,hombro_derecho,5,839.74926,581.60776
58,rodilla_izquierda,5,828.98689,749.96045
58,tobillo_izquierdo,5,858.65284,821.13241
58,talon_izquierdo,6,862.87748,831.32202
58,cadera_izquierda,6,797.61314,704.17243
58,cadera_derecha,6,833.83827,693.33292
58,hombro_izquierdo,6,778.12162,582.3586
58,hombro_derecho,6,842.37642,577.9981
58,rodilla_izquierda,6,829.05733,747.54652
58,tobillo_izquierdo,6,858.61118,820.1018
58,talon_izquierdo,7,863.32867,828.36768
58,cadera_izquierda,7,796.8148,697.49039
58,cadera_derecha,7,833.33828,685.86848
58,hombro_izquierdo,7,785.67347,584.44577
58,hombro_derecho,7,842.42157,573.57201
58,rodilla_izquierda,7,828.9287,744.64259
58,tobillo_izquierdo,7,858.38688,817.30788
58,talon_izquierdo,8,865.7268562500001,807.4755049999999
58,cadera_izquierda,8,809.82511875,691.81519875
58,cadera_derecha,8,822.4554350000001,686.38591
58,hombro_izquierdo,8,798.63913,584.6344787500001
58,hombro_derecho,8,826.235475,576.263155
58,rodilla_izquierda,8,847.8772,736.43812
58,tobillo_izquierdo,8,861.92286125,796.48693625
58,talon_izquierdo,9,862.5417637500001,801.0975225
58,cadera_izquierda,9,822.8354375,686.1400075
58,cadera_derecha,9,825.485615,684.9714425
58,hombro_izquierdo,9,811.60479,584.8231875000001
58,hombro_derecho,9,830.5127625,579.0868125
58,rodilla_izquierda,9,850.0457825000001,733.2922925
58,tobillo_izquierdo,9,865.4588425,775.6659925
58,talon_izquierdo,10,860.9492175,797.9085312499999
58,cadera_izquierda,10,830.25307,682.14579
58,cadera_derecha,10,827.000705,684.26420875
58,hombro_izquierdo,10,812.760595,585.6174237500001
58,hombro_derecho,10,845.02174125,581.97672625
58,rodilla_izquierda,10,852.214365,730.146465
58,tobillo_izquierdo,10,857.33993125,779.78912625
58,talon_izquierdo,11,859.3566712500001,794.7195399999999
58,cadera_izquierda,11,830.25307,682.14579
58,cadera_derecha,11,828.515795,683.556975
58,hombro_izquierdo,11,813.9164,586.41166
58,hombro_derecho,11,845.02174125,581.97672625
58,rodilla_izquierda,11,837.60303,732.05928
58,tobillo_izquierdo,11,849.22102,783.91226
59,talon_izquierdo,0,898.37494,853.39166
59,cadera_izquierda,0,793.26799,714.4848
59,cadera_derecha,0,838.26141,701.66987
59,hombro_izquierdo,0,750.20571,570.21483
59,hombro_derecho,0,828.41961,575.72651
59,rodilla_izquierda,0,843.10421,775.76682
59,tobillo_izquierdo,0,889.57249,841.84211
59,talon_izquierdo,1,898.32951,853.69975
59,cadera_izquierda,1,797.969,714.21314
59,cadera_derecha,1,840.09819,700.6793
59,hombro_izquierdo,1,753.59974,570.27328
59,hombro_derecho,1,835.09243,575.77028
59,rodilla_izquierda,1,848.04766,775.97667
59,tobillo_izquierdo,1,892.05683,841.48935
59,talon_izquierdo,2,896.31969,845.88912
59,cadera_izquierda,2,801.17746,713.92656
59,cadera_derecha,2,840.84675,700.89353
59,hombro_izquierdo,2,760.68621,570.32664
59,hombro_derecho,2,840.65981,576.04174
59,rodilla_izquierda,2,847.7017,771.41501
59,tobillo_izquierdo,2,890.83071,838.82302
59,talon_izquierdo,3,895.61451,846.25604
59,cadera_izquierda,3,804.91802,710.77505
59,cadera_derecha,3,841.60498,698.38228
59,hombro_izquierdo,3,762.94178,572.29549
59,hombro_derecho,3,841.90069,571.98985
59,rodilla_izquierda,3,848.41839,761.26802
59,tobillo_izquierdo,3,890.30914,835.51997
59,talon_izquierdo,4,895.32915,846.86192
59,cadera_izquierda,4,810.52591,710.41591
59,cadera_derecha,4,847.54538,695.94576
59,hombro_izquierdo,4,770.27235,573.46303
59,hombro_derecho,4,844.25354,567.75604
59,rodilla_izquierda,4,851.63841,762.49001
59,tobillo_izquierdo,4,889.93933,835.63179
59,talon_izquierdo,5,895.17271,847.30075
59,cadera_izquierda,5,813.05506,706.05618
59,cadera_derecha,5,848.84251,692.11357
59,hombro_izquierdo,5,776.85053,574.90163
59,hombro_derecho,5,845.8215,562.22446
59,rodilla_izquierda,5,851.83205,760.3554
59,tobillo_izquierdo,5,889.31843,835.05205
59,talon_izquierdo,6,893.64223,845.44971
59,cadera_izquierda,6,813.91062,698.68109
59,cadera_derecha,6,848.23145,685.64041
59,hombro_izquierdo,6,781.36591,575.98104
59,hombro_derecho,6,847.02513,560.26398
59,rodilla_izquierda,6,854.11177,758.10904
59,tobillo_izquierdo,6,888.93551,831.95834
59,talon_izquierdo,7,892.45977,843.31838
59,cadera_izquierda,7,813.90181,689.45805
59,cadera_derecha,7,848.02877,676.96402
59,hombro_izquierdo,7,785.03832,575.81785
59,hombro_derecho,7,845.58523,553.3639
59,rodilla_izquierda,7,856.05074,749.07944
59,tobillo_izquierdo,7,887.89518,828.52881
59,talon_izquierdo,8,890.2098425,823.3700737500001
59,cadera_izquierda,8,817.71498,690.8963699999999
59,cadera_derecha,8,852.200685,678.088875
59,hombro_izquierdo,8,788.95798,580.5163749999999
59,hombro_derecho,8,845.49843,554.61879
59,rodilla_izquierda,8,860.32396,736.1619
59,tobillo_izquierdo,8,883.50520625,803.93060875
59,talon_izquierdo,9,889.08487875,813.395920625
59,cadera_izquierda,9,821.52815,692.33469
59,cadera_derecha,9,856.3726,679.21373
59,hombro_izquierdo,9,792.87764,585.2149
59,hombro_derecho,9,849.7419,562.11496
59,rodilla_izquierda,9,860.1931,744.27882
59,tobillo_izquierdo,9,881.3102193750001,791.631508125
59,talon_izquierdo,10,887.959915,803.4217675
59,cadera_izquierda,10,826.03603,692.59945
59,cadera_derecha,10,863.69968,681.21219
59,hombro_izquierdo,10,795.73362,583.68301
59,hombro_derecho,10,861.43953,565.85227
59,rodilla_izquierda,10,860.1931,744.27882
59,tobillo_izquierdo,10,879.1152325,779.3324075
60,talon_izquierdo,0,873.60884,825.94056
60,cadera_izquierda,0,765.45788,702.06776
60,cadera_derecha,0,804.21267,697.05748
60,hombro_izquierdo,0,738.79915,558.16336
60,hombro_derecho,0,812.381,578.97825
60,rodilla_izquierda,0,815.03477,760.93276
60,tobillo_izquierdo,0,866.42389,818.82374
60,talon_izquierdo,1,881.95090375,832.99475625
60,cadera_izquierda,1,773.58227,701.26747
60,cadera_derecha,1,813.59018,696.09793
60,hombro_izquierdo,1,745.14038,558.77265
60,hombro_derecho,1,821.39442,584.94022
60,rodilla_izquierda,1,817.07989,758.37065
60,tobillo_izquierdo,1,869.74291,821.26084
60,talon_izquierdo,2,889.32051125,837.11763875
60,cadera_izquierda,2,781.29616,704.29655
60,cadera_derecha,2,822.65385,698.56535
60,hombro_izquierdo,2,751.05721,563.18349
60,hombro_derecho,2,828.96732,589.46313
60,rodilla_izquierda,2,828.16114,758.52083
60,tobillo_izquierdo,2,880.8247100000001,826.71497
60,talon_izquierdo,3,896.69011875,841.24052125
60,cadera_izquierda,3,789.34084,707.08383
60,cadera_derecha,3,829.92302,701.5258
60,hombro_izquierdo,3,761.0808,565.0496
60,hombro_derecho,3,836.22826,593.05682
60,rodilla_izquierda,3,839.38139,760.73231
60,tobillo_izquierdo,3,889.1375400000001,829.194845
60,talon_izquierdo,4,903.08727,842.43209
60,cadera_izquierda,4,796.09571,708.89413
60,cadera_derecha,4,837.35744,701.58419
60,hombro_izquierdo,4,768.16927,568.91147
60,hombro_derecho,4,842.18548,594.12297
60,rodilla_izquierda,4,848.7715,768.28036
60,tobillo_izquierdo,4,897.45037,831.67472
60,talon_izquierdo,5,898.34433,842.11995
60,cadera_izquierda,5,800.99916,708.78727
60,cadera_derecha,5,840.66072,701.64174
60,hombro_izquierdo,5,775.86988,570.2118
60,hombro_derecho,5,847.25956,593.36607
60,rodilla_izquierda,5,854.08974,767.6385
60,tobillo_izquierdo,5,893.20438,831.26575
60,talon_izquierdo,6,897.73922,841.79776
60,cadera_izquierda,6,807.03552,708.90366
60,cadera_derecha,6,842.82835,701.49432
60,hombro_izquierdo,6,781.94441,571.37644
60,hombro_derecho,6,853.08403,591.06969
60,rodilla_izquierda,6,857.29357,764.16397
60,tobillo_izquierdo,6,892.49874,830.26636
60,talon_izquierdo,7,898.89313,842.00053
60,cadera_izquierda,7,813.58652,707.94682
60,cadera_derecha,7,848.96313,696.83938
60,hombro_izquierdo,7,791.55115,572.21567
60,hombro_derecho,7,858.76556,584.8201
60,rodilla_izquierda,7,856.88421,763.54727
60,tobillo_izquierdo,7,893.12691,829.89146
60,talon_izquierdo,8,897.00233,841.31586
60,cadera_izquierda,8,816.06852,706.46881
60,cadera_derecha,8,853.09193,694.2044
60,hombro_izquierdo,8,798.96624,572.54256
60,hombro_derecho,8,863.38366,578.64975
60,rodilla_izquierda,8,857.57526,762.84007
60,tobillo_izquierdo,8,891.72363,829.0642
60,talon_izquierdo,9,896.12165,841.11251
60,cadera_izquierda,9,814.97383,697.58791
60,cadera_derecha,9,852.24615,687.43223
60,hombro_izquierdo,9,804.55427,572.00111
60,hombro_derecho,9,866.61232,573.7706
60,rodilla_izquierda,9,857.44131,754.21885
60,tobillo_izquierdo,9,890.72296,827.56649
60,talon_izquierdo,10,895.76225,836.33655
60,cadera_izquierda,10,819.74648,693.17746
60,cadera_derecha,10,855.73608,685.76349
60,hombro_izquierdo,10,811.36677,571.56061
60,hombro_derecho,10,869.17826,568.48294
60,rodilla_izquierda,10,862.7544,752.90345
60,tobillo_izquierdo,10,890.12621,823.19769
60,talon_izquierdo,11,895.76225,836.33655
60,cadera_izquierda,11,825.84246,692.05447
60,cadera_derecha,11,860.61121,685.5107
60,hombro_izquierdo,11,813.72454,571.82756
60,hombro_derecho,11,870.32696,564.10267
60,rodilla_izquierda,11,862.7544,752.90345
60,tobillo_izquierdo,11,890.12621,823.19769
62,talon_izquierdo,0,851.77946,799.31234
62,cadera_izquierda,0,799.19952,695.26154
62,cadera_derecha,0,831.35033,690.75201
62,hombro_izquierdo,0,778.63546,574.03974
62,hombro_derecho,0,836.82552,587.28546
62,rodilla_izquierda,0,839.63081,738.83531
62,tobillo_izquierdo,0,853.32693,788.8619
62,talon_izquierdo,1,851.74072,799.61863
62,cadera_izquierda,1,799.63377,695.2354
62,cadera_derecha,1,831.85289,689.81944
62,hombro_izquierdo,1,780.54806,574.80939
62,hombro_derecho,1,840.21383,587.25185
62,rodilla_izquierda,1,837.11603,738.44057
62,tobillo_izquierdo,1,853.58454,793.74601
62,talon_izquierdo,2,851.90992,804.84604
62,cadera_izquierda,2,800.22583,694.6749
62,cadera_derecha,2,833.50908,688.88378
62,hombro_izquierdo,2,784.36821,574.80243
62,hombro_derecho,2,842.43874,585.87775
62,rodilla_izquierda,2,833.11197,738.17021
62,tobillo_izquierdo,2,853.58574,798.40719
62,talon_izquierdo,3,853.11132,808.75586
62,cadera_izquierda,3,800.56818,694.67478
62,cadera_derecha,3,833.42136,688.93669
62,hombro_izquierdo,3,787.25544,573.96037
62,hombro_derecho,3,843.68855,585.26665
62,rodilla_izquierda,3,830.31069,737.9637
62,tobillo_izquierdo,3,852.17468,799.20638
62,talon_izquierdo,4,853.29414,810.23644
62,cadera_izquierda,4,801.36669,694.51088
62,cadera_derecha,4,833.78815,688.74081
62,hombro_izquierdo,4,789.32562,573.3646
62,hombro_derecho,4,846.20647,584.45034
62,rodilla_izquierda,4,829.16805,737.37996
62,tobillo_izquierdo,4,850.47026,799.73675
62,talon_izquierdo,5,854.20418,811.23435
62,cadera_izquierda,5,802.07027,692.02209
62,cadera_derecha,5,836.72779,684.84495
62,hombro_izquierdo,5,789.54563,570.79541
62,hombro_derecho,5,849.07911,583.34795
62,rodilla_izquierda,5,826.74013,736.08014
62,tobillo_izquierdo,5,849.69595,800.48721
62,talon_izquierdo,6,854.28886,811.88278
62,cadera_izquierda,6,802.83125,689.58757
62,cadera_derecha,6,837.6697,683.64929
62,hombro_izquierdo,6,790.80425,570.24206
62,hombro_derecho,6,850.44823,582.62955
62,rodilla_izquierda,6,825.45868,735.66513
62,tobillo_izquierdo,6,848.72669,801.0161
62,talon_izquierdo,7,854.02863,811.01433
62,cadera_izquierda,7,802.81094,685.49963
62,cadera_derecha,7,838.88489,680.24923
62,hombro_izquierdo,7,795.19569,570.87581
62,hombro_derecho,7,850.13826,581.46981
62,rodilla_izquierda,7,826.19562,737.54965
62,tobillo_izquierdo,7,847.48386,800.33066
62,talon_izquierdo,8,852.2263,810.83685
62,cadera_izquierda,8,802.9192,680.7742
62,cadera_derecha,8,839.05598,678.44808
62,hombro_izquierdo,8,799.06466,571.01518
62,hombro_derecho,8,850.99274,578.68992
62,rodilla_izquierda,8,826.17685,737.82388
62,tobillo_izquierdo,8,846.02686,800.25547
62,talon_izquierdo,9,850.90851,810.53951
62,cadera_izquierda,9,802.88647,679.58323
62,cadera_derecha,9,838.73108,675.70147
62,hombro_izquierdo,9,800.95997,571.16117
62,hombro_derecho,9,848.41764,575.74814
62,rodilla_izquierda,9,826.67233,737.27838
62,tobillo_izquierdo,9,845.51748,799.87921
63,talon_izquierdo,0,942.50673,819.99655
63,cadera_izquierda,0,900.7445,705.07868
63,cadera_derecha,0,936.83064,700.49197
63,hombro_izquierdo,0,877.17127,569.73454
63,hombro_derecho,0,944.77896,584.22104
63,rodilla_izquierda,0,926.35094,748.28842
63,tobillo_izquierdo,0,940.52845,812.55657
63,talon_izquierdo,1,943.39823,819.64462
63,cadera_izquierda,1,899.59494,703.05788
63,cadera_derecha,1,936.76638,698.79555
63,hombro_izquierdo,1,879.34044,569.72958
63,hombro_derecho,1,945.23369,582.6459
63,rodilla_izquierda,1,925.77793,746.33122
63,tobillo_izquierdo,1,940.60833,811.54914
63,talon_izquierdo,2,944.91949,820.71695
63,cadera_izquierda,2,899.31244,702.00397
63,cadera_derecha,2,936.97477,698.30007
63,hombro_izquierdo,2,881.78198,570.05917
63,hombro_derecho,2,946.39784,580.80606
63,rodilla_izquierda,2,924.66185,744.79573
63,tobillo_izquierdo,2,941.35695,811.11835
63,talon_izquierdo,3,946.34851,824.96589
63,cadera_izquierda,3,899.36834,701.59005
63,cadera_derecha,3,937.07537,697.21178
63,hombro_izquierdo,3,882.95843,569.08997
63,hombro_derecho,3,946.74459,578.13728
63,rodilla_izquierda,3,924.39846,744.83333
63,tobillo_izquierdo,3,942.13079,812.72581
63,talon_izquierdo,4,946.87317,825.9835
63,cadera_izquierda,4,899.75847,698.55248
63,cadera_derecha,4,937.1176,692.84079
63,hombro_izquierdo,4,884.95314,568.66936
63,hombro_derecho,4,948.4005,577.23722
63,rodilla_izquierda,4,924.40893,748.57507
63,tobillo_izquierdo,4,942.4605,813.70686
63,talon_izquierdo,5,947.31977,826.22792
63,cadera_izquierda,5,900.26522,695.74755
63,cadera_derecha,5,937.6482,690.40285
63,hombro_izquierdo,5,888.50515,567.84262
63,hombro_derecho,5,949.38063,576.11043
63,rodilla_izquierda,5,923.85092,748.55486
63,tobillo_izquierdo,5,942.73504,813.72945
63,talon_izquierdo,6,946.61951,826.3362
63,cadera_izquierda,6,900.47373,693.1763
63,cadera_derecha,6,938.56962,688.37324
63,hombro_izquierdo,6,891.98582,568.45468
63,hombro_derecho,6,952.97424,576.13257
63,rodilla_izquierda,6,922.25315,746.06916
63,tobillo_izquierdo,6,942.17628,813.62942
63,talon_izquierdo,7,945.81545,825.2154
63,cadera_izquierda,7,901.97994,684.22414
63,cadera_derecha,7,938.26395,683.27464
63,hombro_izquierdo,7,896.94735,568.46079
63,hombro_derecho,7,952.61599,573.35546
63,rodilla_izquierda,7,922.33343,744.37802
63,tobillo_izquierdo,7,941.51922,810.82784
63,talon_izquierdo,8,945.71966,825.11678
63,cadera_izquierda,8,901.95316,678.83695
63,cadera_derecha,8,939.30782,677.73057
63,hombro_izquierdo,8,900.43299,566.72259
63,hombro_derecho,8,953.3547,572.44136
63,rodilla_izquierda,8,922.3974,743.21254
63,tobillo_izquierdo,8,941.525,811.57946
64,talon_izquierdo,0,,
64,cadera_izquierda,0,,
64,cadera_derecha,0,,
64,hombro_izquierdo,0,,
64,hombro_derecho,0,,
64,rodilla_izquierda,0,,
64,tobillo_izquierdo,0,,
64,talon_izquierdo,1,902.01891,784.64804
64,cadera_izquierda,1,859.34395,691.07446
64,cadera_derecha,1,887.68856,685.7306
64,hombro_izquierdo,1,837.22635,576.261
64,hombro_derecho,1,890.77309,590.2976
64,rodilla_izquierda,1,882.96318,727.37472
64,tobillo_izquierdo,1,903.77541,777.62874
64,talon_izquierdo,2,902.38295,789.8992
64,cadera_izquierda,2,857.83459,690.88217
64,cadera_derecha,2,887.27566,685.72866
64,hombro_izquierdo,2,838.35033,576.26357
64,hombro_derecho,2,891.24453,589.78043
64,rodilla_izquierda,2,882.98784,727.18695
64,tobillo_izquierdo,2,902.21992,781.80623
64,talon_izquierdo,3,902.66058,791.00153
64,cadera_izquierda,3,857.26702,690.49729
64,cadera_derecha,3,887.16333,686.14516
64,hombro_izquierdo,3,839.85695,575.29225
64,hombro_derecho,3,892.77185,589.37275
64,rodilla_izquierda,3,882.83398,724.74051
64,tobillo_izquierdo,3,901.83752,781.54462
64,talon_izquierdo,4,902.41419,793.20405
64,cadera_izquierda,4,856.30995,688.13866
64,cadera_derecha,4,885.73734,685.36579
64,hombro_izquierdo,4,840.88795,573.63085
64,hombro_derecho,4,893.53746,588.29734
64,rodilla_izquierda,4,881.72733,726.48541
64,tobillo_izquierdo,4,900.32724,782.39215
64,talon_izquierdo,5,902.54728,795.32772
64,cadera_izquierda,5,855.04091,685.50774
64,cadera_derecha,5,883.74996,681.91881
64,hombro_izquierdo,5,841.72388,570.19101
64,hombro_derecho,5,893.58953,586.13685
64,rodilla_izquierda,5,880.78411,729.39468
64,tobillo_izquierdo,5,899.13563,783.87962
64,talon_izquierdo,6,902.55444,795.68544
64,cadera_izquierda,6,853.34215,685.91161
64,cadera_derecha,6,883.93347,680.90732
64,hombro_izquierdo,6,842.55249,570.70046
64,hombro_derecho,6,893.53912,582.44795
64,rodilla_izquierda,6,879.90561,732.19394
64,tobillo_izquierdo,6,898.60004,784.14554
64,talon_izquierdo,7,902.35743,794.91714
64,cadera_izquierda,7,852.17863,685.84512
64,cadera_derecha,7,884.02903,680.21067
64,hombro_izquierdo,7,844.45055,570.092
64,hombro_derecho,7,893.20765,580.80264
64,rodilla_izquierda,7,878.57746,732.73236
64,tobillo_izquierdo,7,897.59399,784.02401
64,talon_izquierdo,8,900.45067,794.66435
64,cadera_izquierda,8,850.30993,679.80989
64,cadera_derecha,8,883.35297,675.07654
64,hombro_izquierdo,8,846.84986,569.42645
64,hombro_derecho,8,891.34832,578.46828
64,rodilla_izquierda,8,876.96259,732.65505
64,tobillo_izquierdo,8,895.80528,783.94045
64,talon_izquierdo,9,900.50171,797.05156
64,cadera_izquierda,9,849.27275,679.21437
64,cadera_derecha,9,882.46428,673.31787
64,hombro_izquierdo,9,847.3617,569.35467
64,hombro_derecho,9,891.36515,578.42425
64,rodilla_izquierda,9,875.98131,732.43592
64,tobillo_izquierdo,9,895.98169,785.90473
64,talon_izquierdo,10,900.55544,797.66607
64,cadera_izquierda,10,849.04804,677.55529
64,cadera_derecha,10,881.59018,671.88679
64,hombro_izquierdo,10,850.19108,569.36993
64,hombro_derecho,10,891.25019,578.6334
64,rodilla_izquierda,10,875.18738,732.20309
64,tobillo_izquierdo,10,896.08349,787.53337
64,talon_izquierdo,11,900.51933,797.33693
64,cadera_izquierda,11,848.14299,676.47067
64,cadera_derecha,11,878.83627,668.39507
64,hombro_izquierdo,11,850.72105,569.63592
64,hombro_derecho,11,891.07378,575.52856
64,rodilla_izquierda,11,874.99243,730.85473
64,tobillo_izquierdo,11,896.01625,787.02437
65,talon_izquierdo,0,803.72623,813.36162
65,cadera_izquierda,0,752.20287,697.99308
65,cadera_derecha,0,789.99521,697.54774
65,hombro_izquierdo,0,736.856,571.94807
65,hombro_derecho,0,799.23906,587.26518
65,rodilla_izquierda,0,782.45173,737.32319
65,tobillo_izquierdo,0,801.98542,800.95907
65,talon_izquierdo,1,804.26777,811.31237
65,cadera_izquierda,1,752.74578,696.97077
65,cadera_derecha,1,790.17059,695.36215
65,hombro_izquierdo,1,739.8357,572.79065
65,hombro_derecho,1,801.23634,586.66439
65,rodilla_izquierda,1,786.39244,738.43285
65,tobillo_izquierdo,1,804.89382,801.0956
65,talon_izquierdo,2,804.32058,813.78893
65,cadera_izquierda,2,754.49621,696.98532
65,cadera_derecha,2,790.77747,694.67407
65,hombro_izquierdo,2,743.24518,572.78389
65,hombro_derecho,2,802.8693,586.02928
65,rodilla_izquierda,2,789.23344,743.735
65,tobillo_izquierdo,2,807.39801,806.37348
65,talon_izquierdo,3,805.16493,819.66336
65,cadera_izquierda,3,756.82777,696.9438
65,cadera_derecha,3,793.55232,694.46286
65,hombro_izquierdo,3,746.72464,573.06636
65,hombro_derecho,3,806.04412,585.47246
65,rodilla_izquierda,3,788.52116,741.97452
65,tobillo_izquierdo,3,806.9486,809.61975
65,talon_izquierdo,4,806.94752,821.40516
65,cadera_izquierda,4,759.93336,696.95397
65,cadera_derecha,4,797.73943,693.48117
65,hombro_izquierdo,4,750.1783,573.79113
65,hombro_derecho,4,809.97826,584.0079
65,rodilla_izquierda,4,788.59594,742.27515
65,tobillo_izquierdo,4,806.8531,811.07291
65,talon_izquierdo,5,806.82261,821.52316
65,cadera_izquierda,5,761.58812,695.46766
65,cadera_derecha,5,798.94815,690.24256
65,hombro_izquierdo,5,753.97139,573.77942
65,hombro_derecho,5,814.48156,583.22403
65,rodilla_izquierda,5,788.25468,742.02306
65,tobillo_izquierdo,5,804.95825,810.65236
65,talon_izquierdo,6,807.11889,824.59568
65,cadera_izquierda,6,764.3022,694.66821
65,cadera_derecha,6,801.7765,690.15045
65,hombro_izquierdo,6,756.62069,574.60829
65,hombro_derecho,6,817.50732,582.4251
65,rodilla_izquierda,6,788.09074,744.47715
65,tobillo_izquierdo,6,804.91322,813.53292
65,talon_izquierdo,7,807.05332,825.0909
65,cadera_izquierda,7,764.73083,692.79212
65,cadera_derecha,7,803.78895,689.86096
65,hombro_izquierdo,7,759.23361,575.44662
65,hombro_derecho,7,820.02508,582.51484
65,rodilla_izquierda,7,788.24301,745.03971
65,tobillo_izquierdo,7,804.70087,813.9292
65,talon_izquierdo,8,807.21886,824.3078
65,cadera_izquierda,8,764.77346,690.23329
65,cadera_derecha,8,804.46449,687.34301
65,hombro_izquierdo,8,761.21532,575.43889
65,hombro_derecho,8,819.03883,578.99698
65,rodilla_izquierda,8,788.388,744.90633
65,tobillo_izquierdo,8,804.59387,813.0263
65,talon_izquierdo,9,807.18269,823.76192
65,cadera_izquierda,9,764.7781,684.41507
65,cadera_derecha,9,804.26765,681.94932
65,hombro_izquierdo,9,766.44773,574.11332
65,hombro_derecho,9,817.40759,576.67781
65,rodilla_izquierda,9,788.33593,739.61313
65,tobillo_izquierdo,9,804.4055,812.49812
65,talon_izquierdo,10,807.13348,823.5849
65,cadera_izquierda,10,765.97961,683.25404
65,cadera_derecha,10,803.94545,681.7703
65,hombro_izquierdo,10,773.18956,571.91376
65,hombro_derecho,10,818.5108,575.88422
65,rodilla_izquierda,10,788.64927,738.36912
65,tobillo_izquierdo,10,804.05949,812.25775
66,talon_izquierdo,0,810.85751,818.86346
66,cadera_izquierda,0,739.88182,692.17981
66,cadera_derecha,0,775.86891,686.32489
66,hombro_izquierdo,0,711.9294,570.3887
66,hombro_derecho,0,777.53065,575.46116
66,rodilla_izquierda,0,758.51206,737.25321
66,tobillo_izquierdo,0,806.92635,808.14303
66,talon_izquierdo,1,809.86542,818.83172
66,cadera_izquierda,1,741.54957,692.09174
66,cadera_derecha,1,779.75458,686.43303
66,hombro_izquierdo,1,713.03398,572.22101
66,hombro_derecho,1,780.22511,577.00863
66,rodilla_izquierda,1,775.61274,741.38821
66,tobillo_izquierdo,1,805.02199,807.91431
66,talon_izquierdo,2,809.88064,818.8426
66,cadera_izquierda,2,743.73396,692.09123
66,cadera_derecha,2,783.0566,686.32881
66,hombro_izquierdo,2,716.91525,572.24863
66,hombro_derecho,2,783.96864,577.66594
66,rodilla_izquierda,2,777.28415,741.16111
66,tobillo_izquierdo,2,804.85113,808.36357
66,talon_izquierdo,3,809.58715,818.84247
66,cadera_izquierda,3,746.17762,692.07649
66,cadera_derecha,3,783.73255,686.00991
66,hombro_izquierdo,3,722.79322,572.26472
66,hombro_derecho,3,785.52263,578.78056
66,rodilla_izquierda,3,780.59956,741.47151
66,tobillo_izquierdo,3,804.88209,809.4124
66,talon_izquierdo,4,806.18792,813.27279
66,cadera_izquierda,4,751.82922,695.68711
66,cadera_derecha,4,787.88229,687.74109
66,hombro_izquierdo,4,726.78286,572.33103
66,hombro_derecho,4,789.29146,579.73463
66,rodilla_izquierda,4,784.32678,742.48436
66,tobillo_izquierdo,4,804.93078,806.72586
66,talon_izquierdo,5,806.61232,813.74979
66,cadera_izquierda,5,755.70488,695.41519
66,cadera_derecha,5,791.40043,687.91381
66,hombro_izquierdo,5,731.25286,572.63429
66,hombro_derecho,5,791.47779,578.45689
66,rodilla_izquierda,5,784.80177,742.28583
66,tobillo_izquierdo,5,804.96426,806.7003
66,talon_izquierdo,6,807.21783,814.30475
66,cadera_izquierda,6,757.79675,695.37503
66,cadera_derecha,6,795.30344,687.28849
66,hombro_izquierdo,6,735.08028,572.69531
66,hombro_derecho,6,796.86144,576.3199
66,rodilla_izquierda,6,784.73064,742.22139
66,tobillo_izquierdo,6,804.98503,806.73635
66,talon_izquierdo,7,807.41833,815.48465
66,cadera_izquierda,7,758.867,693.30608
66,cadera_derecha,7,796.39561,684.68235
66,hombro_izquierdo,7,739.11924,572.68212
66,hombro_derecho,7,800.6741,573.65537
66,rodilla_izquierda,7,785.2652,742.05447
66,tobillo_izquierdo,7,804.99636,807.09485
66,talon_izquierdo,8,807.6202,815.6018
66,cadera_izquierda,8,759.54678,688.4913
66,cadera_derecha,8,796.50576,680.61429
66,hombro_izquierdo,8,742.20554,572.67066
66,hombro_derecho,8,803.28735,572.29794
66,rodilla_izquierda,8,785.00662,741.97394
66,tobillo_izquierdo,8,805.02222,806.73976
66,talon_izquierdo,9,807.8056,815.62015
66,cadera_izquierda,9,758.60195,682.47808
66,cadera_derecha,9,795.43573,675.29502
66,hombro_izquierdo,9,743.30584,571.62556
66,hombro_derecho,9,804.34765,571.44274
66,rodilla_izquierda,9,784.68596,741.1351
66,tobillo_izquierdo,9,805.04906,806.52263
66,talon_izquierdo,10,809.52518,816.67239
66,cadera_izquierda,10,760.54333,679.30675
66,cadera_derecha,10,797.76764,672.76851
66,hombro_izquierdo,10,744.37408,571.78102
66,hombro_derecho,10,805.14673,570.25622
66,rodilla_izquierda,10,784.569,740.57151
66,tobillo_izquierdo,10,805.06977,806.49141
66,talon_izquierdo,11,810.42372,816.68288
66,cadera_izquierda,11,763.6936,678.29358
66,cadera_derecha,11,801.18999,672.51462
66,hombro_izquierdo,11,745.58144,571.79847
66,hombro_derecho,11,807.73018,569.46057
66,rodilla_izquierda,11,785.75901,739.74239
66,tobillo_izquierdo,11,805.08997,805.69139
68,talon_izquierdo,0,800.63341,846.85484
68,cadera_izquierda,0,731.70324,702.36175
68,cadera_derecha,0,771.3434,698.46738
68,hombro_izquierdo,0,707.07018,563.68676
68,hombro_derecho,0,775.38488,573.11567
68,rodilla_izquierda,0,769.87324,767.09101
68,tobillo_izquierdo,0,796.72216,837.53723
68,talon_izquierdo,1,801.511745,848.079665
68,cadera_izquierda,1,732.946215,702.353255
68,cadera_derecha,1,771.484535,698.4719150000001
68,hombro_izquierdo,1,708.0357200000001,562.93379
68,hombro_derecho,1,775.82399,572.8096700000001
68,rodilla_izquierda,1,774.719385,770.960375
68,tobillo_izquierdo,1,798.5418,839.145395
68,talon_izquierdo,2,802.39008,849.30449
68,cadera_izquierda,2,734.18919,702.34476
68,cadera_derecha,2,771.62567,698.47645
68,hombro_izquierdo,2,709.00126,562.18082
68,hombro_derecho,2,776.2631,572.50367
68,rodilla_izquierda,2,779.56553,774.82974
68,tobillo_izquierdo,2,800.36144,840.75356
68,talon_izquierdo,3,802.71933,847.82204
68,cadera_izquierda,3,736.44688,702.28907
68,cadera_derecha,3,771.62418,697.71157
68,hombro_izquierdo,3,713.35093,560.7377
68,hombro_derecho,3,781.50564,572.03864
68,rodilla_izquierda,3,786.36927,768.35471
68,tobillo_izquierdo,3,801.36108,836.78471
68,talon_izquierdo,4,803.0393,847.4508
68,cadera_izquierda,4,739.02941,701.87721
68,cadera_derecha,4,776.41193,694.92158
68,hombro_izquierdo,4,719.31301,560.64616
68,hombro_derecho,4,789.04146,572.23453
68,rodilla_izquierda,4,782.33683,761.71599
68,tobillo_izquierdo,4,804.6163,836.12617
68,talon_izquierdo,5,801.62842,842.27154
68,cadera_izquierda,5,743.07827,703.22287
68,cadera_derecha,5,784.59005,694.95358
68,hombro_izquierdo,5,724.80371,560.44918
68,hombro_derecho,5,796.41981,572.27972
68,rodilla_izquierda,5,780.51756,757.15143
68,tobillo_izquierdo,5,802.34356,830.9679
68,talon_izquierdo,6,805.23033,847.90554
68,cadera_izquierda,6,745.7353,701.50089
68,cadera_derecha,6,787.78599,691.88414
68,hombro_izquierdo,6,727.67847,560.35668
68,hombro_derecho,6,799.52785,571.10356
68,rodilla_izquierda,6,779.02353,757.13604
68,tobillo_izquierdo,6,801.37722,834.3312
68,talon_izquierdo,7,806.55842,849.63878
68,cadera_izquierda,7,745.05455,694.9651
68,cadera_derecha,7,788.7398,684.98368
68,hombro_izquierdo,7,731.52357,560.20135
68,hombro_derecho,7,799.58548,569.37225
68,rodilla_izquierda,7,778.70876,756.43302
68,tobillo_izquierdo,7,800.97645,836.51235
68,talon_izquierdo,8,805.76403,849.18817
68,cadera_izquierda,8,745.69628,692.86924
68,cadera_derecha,8,789.17776,682.84553
68,hombro_izquierdo,8,736.18601,560.23154
68,hombro_derecho,8,799.42137,566.45892
68,rodilla_izquierda,8,778.14234,756.7883
68,tobillo_izquierdo,8,800.64594,836.56674
68,talon_izquierdo,9,807.1245,846.88233
68,cadera_izquierda,9,747.43692,686.13177
68,cadera_derecha,9,789.39394,681.37795
68,hombro_izquierdo,9,740.87311,560.29076
68,hombro_derecho,9,797.57057,564.99089
68,rodilla_izquierda,9,777.6305,756.40869
68,tobillo_izquierdo,9,799.8032,835.05366
68,talon_izquierdo,10,806.36187,846.81679
68,cadera_izquierda,10,747.15094,684.85886
68,cadera_derecha,10,791.75423,680.12577
68,hombro_izquierdo,10,744.20202,560.33421
68,hombro_derecho,10,802.12149,564.69651
68,rodilla_izquierda,10,775.59706,752.3044
68,tobillo_izquierdo,10,799.39791,834.31028
70,talon_izquierdo,0,1107.5845,837.54084
70,cadera_izquierda,0,1054.6384,693.35294
70,cadera_derecha,0,1095.61638,684.66484
70,hombro_izquierdo,0,1025.78087,566.63401
70,hombro_derecho,0,1092.80994,580.15048
70,rodilla_izquierda,0,1074.53373,746.73304
70,tobillo_izquierdo,0,1101.70635,824.02469
70,talon_izquierdo,1,1107.76577,837.03403
70,cadera_izquierda,1,1054.58118,693.38171
70,cadera_derecha,1,1095.09888,684.0446
70,hombro_izquierdo,1,1025.7851,566.84014
70,hombro_derecho,1,1092.89017,580.11578
70,rodilla_izquierda,1,1074.58454,747.70269
70,tobillo_izquierdo,1,1101.89587,824.32209
70,talon_izquierdo,2,1108.00655,837.03667
70,cadera_izquierda,2,1053.14884,693.39304
70,cadera_derecha,2,1093.70041,684.36106
70,hombro_izquierdo,2,1025.94646,566.84767
70,hombro_derecho,2,1093.41866,579.49729
70,rodilla_izquierda,2,1073.77922,749.44784
70,tobillo_izquierdo,2,1102.08675,824.74103
70,talon_izquierdo,3,1108.00621,834.69239
70,cadera_izquierda,3,1052.6873,692.65063
70,cadera_derecha,3,1093.71197,684.65685
70,hombro_izquierdo,3,1027.22752,566.88552
70,hombro_derecho,3,1095.95787,579.50334
70,rodilla_izquierda,3,1073.05458,750.6016
70,tobillo_izquierdo,3,1102.09042,824.53568
70,talon_izquierdo,4,1107.95792,833.36258
70,cadera_izquierda,4,1052.60948,693.95521
70,cadera_derecha,4,1094.61296,688.1899
70,hombro_izquierdo,4,1028.65894,567.0133
70,hombro_derecho,4,1099.40105,579.50186
70,rodilla_izquierda,4,1072.14489,753.57757
70,tobillo_izquierdo,4,1101.92768,824.24961
70,talon_izquierdo,5,1107.93892,833.49242
70,cadera_izquierda,5,1052.61166,693.93622
70,cadera_derecha,5,1095.23643,687.99324
70,hombro_izquierdo,5,1032.22218,566.89942
70,hombro_derecho,5,1101.49269,578.85517
70,rodilla_izquierda,5,1071.93558,758.06179
70,tobillo_izquierdo,5,1101.9001,824.3566
70,talon_izquierdo,6,1107.69791,833.58717
70,cadera_izquierda,6,1052.82269,692.42056
70,cadera_derecha,6,1095.31837,687.34591
70,hombro_izquierdo,6,1036.00651,566.65133
70,hombro_derecho,6,1103.11924,578.11295
70,rodilla_izquierda,6,1070.91419,757.27058
70,tobillo_izquierdo,6,1101.6465,824.31392
70,talon_izquierdo,7,1107.69699,833.56728
70,cadera_izquierda,7,1053.63487,686.71911
70,cadera_derecha,7,1095.32364,683.5293
70,hombro_izquierdo,7,1039.2239,566.32979
70,hombro_derecho,7,1103.25016,575.18146
70,rodilla_izquierda,7,1069.18098,756.84488
70,tobillo_izquierdo,7,1101.48823,824.27787
70,talon_izquierdo,8,1107.6836,833.49969
70,cadera_izquierda,8,1053.65181,681.85399
70,cadera_derecha,8,1094.90971,679.74197
70,hombro_izquierdo,8,1041.24023,566.44527
70,hombro_derecho,8,1103.23322,572.88412
70,rodilla_izquierda,8,1067.55089,753.75948
70,tobillo_izquierdo,8,1100.68233,823.6391
70,talon_izquierdo,9,1105.84373,833.5405
70,cadera_izquierda,9,1053.62789,678.80464
70,cadera_derecha,9,1094.68002,676.76112
70,hombro_izquierdo,9,1042.84389,566.17967
70,hombro_derecho,9,1103.95935,571.06404
70,rodilla_izquierda,9,1066.87054,752.0771
70,tobillo_izquierdo,9,1099.64836,823.10995
71,talon_izquierdo,0,,
71,cadera_izquierda,0,,
71,cadera_derecha,0,,
71,hombro_izquierdo,0,,
71,hombro_derecho,0,,
71,rodilla_izquierda,0,,
71,tobillo_izquierdo,0,,
71,talon_izquierdo,1,938.08331,795.30107
71,cadera_izquierda,1,902.0965,680.07382
71,cadera_derecha,1,933.55717,675.27397
71,hombro_izquierdo,1,885.1553,583.38349
71,hombro_derecho,1,928.93679,587.50741
71,rodilla_izquierda,1,916.99104,726.61158
71,tobillo_izquierdo,1,934.00486,785.14448
71,talon_izquierdo,2,937.7318,794.15201
71,cadera_izquierda,2,898.3251,676.31405
71,cadera_derecha,2,930.97435,672.76999
71,hombro_izquierdo,2,885.13762,582.90165
71,hombro_derecho,2,931.4879,585.84234
71,rodilla_izquierda,2,916.33272,725.89485
71,tobillo_izquierdo,2,933.66566,784.21256
71,talon_izquierdo,3,937.76928,792.98846
71,cadera_izquierda,3,897.71067,676.02038
71,cadera_derecha,3,930.07261,672.81048
71,hombro_izquierdo,3,884.91915,580.26217
71,hombro_derecho,3,933.08573,584.62936
71,rodilla_izquierda,3,916.33764,725.82829
71,tobillo_izquierdo,3,933.60266,784.2385
71,talon_izquierdo,4,937.56666,792.26691
71,cadera_izquierda,4,897.49735,676.39812
71,cadera_derecha,4,930.33628,672.95712
71,hombro_izquierdo,4,886.25999,578.44575
71,hombro_derecho,4,935.0576,583.8545
71,rodilla_izquierda,4,916.00611,725.85462
71,tobillo_izquierdo,4,933.54555,784.22595
71,talon_izquierdo,5,937.56901,793.07968
71,cadera_izquierda,5,897.6848,676.70125
71,cadera_derecha,5,930.48523,673.06585
71,hombro_izquierdo,5,887.57011,577.71467
71,hombro_derecho,5,935.31166,583.31274
71,rodilla_izquierda,5,916.01601,727.21089
71,tobillo_izquierdo,5,933.76957,785.60385
71,talon_izquierdo,6,937.62268,794.67497
71,cadera_izquierda,6,897.64566,676.39921
71,cadera_derecha,6,930.30235,672.77179
71,hombro_izquierdo,6,888.7488,576.18999
71,hombro_derecho,6,939.14938,582.96525
71,rodilla_izquierda,6,916.26223,729.23884
71,tobillo_izquierdo,6,934.17006,787.4435
71,talon_izquierdo,7,937.63584,795.77099
71,cadera_izquierda,7,897.80994,673.99771
71,cadera_derecha,7,930.13401,670.81447
71,hombro_izquierdo,7,889.15884,575.19125
71,hombro_derecho,7,942.18447,583.00678
71,rodilla_izquierda,7,915.67686,729.47773
71,tobillo_izquierdo,7,934.26796,788.28537
71,talon_izquierdo,8,937.58841,795.24719
71,cadera_izquierda,8,897.83112,669.27479
71,cadera_derecha,8,930.15907,665.63334
71,hombro_izquierdo,8,889.81665,572.57629
71,hombro_derecho,8,945.28942,582.50679
71,rodilla_izquierda,8,914.19537,726.8824
71,tobillo_izquierdo,8,934.16262,787.21285
71,talon_izquierdo,9,936.61343,793.16543
71,cadera_izquierda,9,897.86007,665.06583
71,cadera_derecha,9,930.36598,663.08739
71,hombro_izquierdo,9,889.6316,571.27775
71,hombro_derecho,9,947.17793,581.84317
71,rodilla_izquierda,9,914.21167,726.87416
71,tobillo_izquierdo,9,933.66858,785.56104
71,talon_izquierdo,10,936.35433,793.18203
71,cadera_izquierda,10,897.60418,662.87148
71,cadera_derecha,10,929.41715,660.66529
71,hombro_izquierdo,10,890.4031,570.629
71,hombro_derecho,10,946.94635,580.65504
71,rodilla_izquierda,10,915.25921,727.62153
71,tobillo_izquierdo,10,933.38276,785.50935
71,talon_izquierdo,11,935.88398,792.79316
71,cadera_izquierda,11,896.60168,654.07961
71,cadera_derecha,11,927.15666,653.38805
71,hombro_izquierdo,11,892.78633,568.47038
71,hombro_derecho,11,945.9811,579.59552
71,rodilla_izquierda,11,915.29263,723.08658
71,tobillo_izquierdo,11,932.83785,785.17281
72,talon_izquierdo,0,890.46679,818.89783
72,cadera_izquierda,0,838.81657,691.89399
72,cadera_derecha,0,874.03313,687.08938
72,hombro_izquierdo,0,816.85787,570.36823
72,hombro_derecho,0,884.41572,576.09228
72,rodilla_izquierda,0,864.42066,739.61532
72,tobillo_izquierdo,0,888.3843,809.69062
72,talon_izquierdo,1,892.20463,821.89967
72,cadera_izquierda,1,837.30612,691.3501
72,cadera_derecha,1,873.63997,686.88854
72,hombro_izquierdo,1,819.23521,569.88652
72,hombro_derecho,1,884.47151,576.39348
72,rodilla_izquierda,1,864.2165,740.06908
72,tobillo_izquierdo,1,888.51723,812.86273
72,talon_izquierdo,2,894.31372,823.62693
72,cadera_izquierda,2,837.30818,691.74516
72,cadera_derecha,2,874.08079,686.98175
72,hombro_izquierdo,2,823.02641,569.87751
72,hombro_derecho,2,886.08381,577.08838
72,rodilla_izquierda,2,864.25455,745.11387
72,tobillo_izquierdo,2,888.87394,813.93544
72,talon_izquierdo,3,897.51858,823.78567
72,cadera_izquierda,3,837.36431,691.8788
72,cadera_derecha,3,874.74489,687.08127
72,hombro_izquierdo,3,826.31996,568.82559
72,hombro_derecho,3,888.97974,578.12601
72,rodilla_izquierda,3,864.47805,747.26161
72,tobillo_izquierdo,3,889.19661,813.70396
72,talon_izquierdo,4,897.55903,823.23831
72,cadera_izquierda,4,837.68538,691.59575
72,cadera_derecha,4,874.75039,686.6071
72,hombro_izquierdo,4,830.48218,569.12576
72,hombro_derecho,4,892.08492,579.21424
72,rodilla_izquierda,4,864.70694,748.53632
72,tobillo_izquierdo,4,890.11253,813.52211
72,talon_izquierdo,5,897.79392,823.14709
72,cadera_izquierda,5,838.22805,691.56311
72,cadera_derecha,5,875.8215,686.81914
72,hombro_izquierdo,5,833.88456,569.97793
72,hombro_derecho,5,896.68184,579.44115
72,rodilla_izquierda,5,864.28356,748.25237
72,tobillo_izquierdo,5,890.03632,813.61802
72,talon_izquierdo,6,897.67118,823.7327
72,cadera_izquierda,6,838.51616,691.56852
72,cadera_derecha,6,877.06318,686.86742
72,hombro_izquierdo,6,836.79205,569.96789
72,hombro_derecho,6,900.41565,579.4174
72,rodilla_izquierda,6,862.54114,748.00428
72,tobillo_izquierdo,6,890.12197,813.99924
72,talon_izquierdo,7,897.41077,825.1724
72,cadera_izquierda,7,838.5605,689.00583
72,cadera_derecha,7,877.28823,686.17219
72,hombro_izquierdo,7,836.2734,568.04237
72,hombro_derecho,7,904.99929,579.97036
72,rodilla_izquierda,7,861.25471,748.2917
72,tobillo_izquierdo,7,890.26091,815.16722
72,talon_izquierdo,8,897.16089,825.13171
72,cadera_izquierda,8,839.66286,684.74775
72,cadera_derecha,8,879.45396,683.55768
72,hombro_izquierdo,8,839.96796,566.43381
72,hombro_derecho,8,908.21606,579.90818
72,rodilla_izquierda,8,860.27458,748.02758
72,tobillo_izquierdo,8,889.51435,815.01479
72,talon_izquierdo,9,896.87771,824.95572
72,cadera_izquierda,9,840.33239,680.60135
72,cadera_derecha,9,880.16258,679.584
72,hombro_izquierdo,9,842.40526,564.36409
72,hombro_derecho,9,907.61209,579.85733
72,rodilla_izquierda,9,859.77179,747.84592
72,tobillo_izquierdo,9,888.96704,814.90149
72,talon_izquierdo,10,896.77271,824.98855
72,cadera_izquierda,10,841.66002,678.5756
72,cadera_derecha,10,880.58716,678.53537
72,hombro_izquierdo,10,844.05041,563.05043
72,hombro_derecho,10,910.62527,579.87992
72,rodilla_izquierda,10,860.08907,748.05146
72,tobillo_izquierdo,10,888.87239,814.80976
72,talon_izquierdo,11,896.54371,825.85475
72,cadera_izquierda,11,843.09574,676.08185
72,cadera_derecha,11,882.47927,676.51521
72,hombro_izquierdo,11,848.14642,561.93807
72,hombro_derecho,11,912.15672,579.87606
72,rodilla_izquierda,11,860.66895,747.99295
72,tobillo_izquierdo,11,888.66749,814.75427
73,talon_izquierdo,0,980.43068,786.36937
73,cadera_izquierda,0,935.02384,661.57359
73,cadera_derecha,0,959.9667,659.99607
73,hombro_izquierdo,0,946.28592,594.2671
73,hombro_derecho,0,988.3334,600.78802
73,rodilla_izquierda,0,958.52131,705.35999
73,tobillo_izquierdo,0,980.65327,774.6643
73,talon_izquierdo,1,981.58665,786.8709
73,cadera_izquierda,1,940.54499,666.8066
73,cadera_derecha,1,966.09753,660.22337
73,hombro_izquierdo,1,945.36695,591.36201
73,hombro_derecho,1,991.73573,600.00685
73,rodilla_izquierda,1,960.2758,714.87413
73,tobillo_izquierdo,1,981.21265,775.24115
73,talon_izquierdo,2,981.96522,782.9569
73,cadera_izquierda,2,943.66253,670.91379
73,cadera_derecha,2,972.39452,664.33925
73,hombro_izquierdo,2,941.22385,591.03647
73,hombro_derecho,2,992.74612,598.3721
73,rodilla_izquierda,2,960.22797,718.05081
73,tobillo_izquierdo,2,980.47234,774.80792
73,talon_izquierdo,3,982.66216,783.29537
73,cadera_izquierda,3,945.76338,672.01779
73,cadera_derecha,3,975.61695,665.5335
73,hombro_izquierdo,3,940.9164,590.85874
73,hombro_derecho,3,993.01254,597.78721
73,rodilla_izquierda,3,960.17063,718.31107
73,tobillo_izquierdo,3,980.1939,775.0535
73,talon_izquierdo,4,983.56155,781.22018
73,cadera_izquierda,4,949.42806,671.16729
73,cadera_derecha,4,979.40002,666.64857
73,hombro_izquierdo,4,941.03794,589.89263
73,hombro_derecho,4,993.73283,595.23771
73,rodilla_izquierda,4,960.15198,717.99641
73,tobillo_izquierdo,4,980.09022,774.36851
73,talon_izquierdo,5,983.70174,779.07134
73,cadera_izquierda,5,951.80969,671.2148
73,cadera_derecha,5,982.19181,667.36214
73,hombro_izquierdo,5,940.47421,589.35621
73,hombro_derecho,5,994.65717,593.99679
73,rodilla_izquierda,5,960.10368,718.00678
73,tobillo_izquierdo,5,979.46194,773.33274
73,talon_izquierdo,6,984.50489,779.3027
73,cadera_izquierda,6,953.24759,671.02213
73,cadera_derecha,6,982.66926,666.89016
73,hombro_izquierdo,6,940.35936,589.28636
73,hombro_derecho,6,995.19676,593.95688
73,rodilla_izquierda,6,960.73483,719.50551
73,tobillo_izquierdo,6,979.55212,773.26972
73,talon_izquierdo,7,986.01402,779.77256
73,cadera_izquierda,7,953.57929,671.00482
73,cadera_derecha,7,982.35363,666.6102
73,hombro_izquierdo,7,940.49017,588.57852
73,hombro_derecho,7,994.90425,592.6429
73,rodilla_izquierda,7,961.71181,720.80295
73,tobillo_izquierdo,7,979.78912,773.30088
73,talon_izquierdo,8,986.10867,780.11476
73,cadera_izquierda,8,953.86717,671.00025
73,cadera_derecha,8,982.51076,666.4548
73,hombro_izquierdo,8,940.05312,588.58985
73,hombro_derecho,8,994.37679,591.0534
73,rodilla_izquierda,8,961.96632,720.47748
73,tobillo_izquierdo,8,980.36064,773.24957
73,talon_izquierdo,9,985.95692,780.1595
73,cadera_izquierda,9,953.92605,671.23418
73,cadera_derecha,9,982.29206,666.33674
73,hombro_izquierdo,9,939.85788,588.59648
73,hombro_derecho,9,992.62035,589.12633
73,rodilla_izquierda,9,962.58144,721.24165
73,tobillo_izquierdo,9,980.87551,772.61608
73,talon_izquierdo,10,985.76694,780.3196
73,cadera_izquierda,10,954.51977,671.38101
73,cadera_derecha,10,982.46693,666.22564
73,hombro_izquierdo,10,939.63896,588.50771
73,hombro_derecho,10,992.81536,588.62384
73,rodilla_izquierda,10,967.10907,721.851
73,tobillo_izquierdo,10,981.28933,772.56722
73,talon_izquierdo,11,985.76694,780.3196
73,cadera_izquierda,11,954.51977,671.38101
73,cadera_derecha,11,982.46693,666.22564
73,hombro_izquierdo,11,939.63896,588.50771
73,hombro_derecho,11,992.81536,588.62384
73,rodilla_izquierda,11,967.10907,721.851
73,tobillo_izquierdo,11,981.28933,772.56722
74,talon_izquierdo,0,930.18517,714.92421
74,cadera_izquierda,0,931.70694,658.67101
74,cadera_derecha,0,911.7798,654.75417
74,hombro_izquierdo,0,960.92274,590.65963
74,hombro_derecho,0,909.49797,585.8202
74,rodilla_izquierda,0,949.59429,728.557
74,tobillo_izquierdo,0,932.54425,719.36286
74,talon_izquierdo,1,930.4958449999999,719.24335
74,cadera_izquierda,1,927.344885,660.46119
74,cadera_derecha,1,914.0083950000001,656.8394525000001
74,hombro_izquierdo,1,957.6751775,591.3425474999999
74,hombro_derecho,1,913.2567525,587.5331825000001
74,rodilla_izquierda,1,947.52325,735.3928000000001
74,tobillo_izquierdo,1,932.357655,723.68161
74,talon_izquierdo,2,930.80652,723.56249
74,cadera_izquierda,2,922.98283,662.25137
74,cadera_derecha,2,916.23699,658.924735
74,hombro_izquierdo,2,954.4276150000001,592.0254649999999
74,hombro_derecho,2,917.015535,589.246165
74,rodilla_izquierda,2,945.45221,742.2286
74,tobillo_izquierdo,2,932.17106,728.00036
74,talon_izquierdo,3,938.188935,721.31603
74,cadera_izquierda,3,930.40976,665.04246
74,cadera_derecha,3,917.3346799999999,664.4473475
74,hombro_izquierdo,3,954.7250025000001,593.3201225
74,hombro_derecho,3,911.4391725,590.7732025
74,rodilla_izquierda,3,958.38787,734.58514
74,tobillo_izquierdo,3,941.14806,725.2092749999999
74,talon_izquierdo,4,945.57135,719.06957
74,cadera_izquierda,4,937.19439,667.12081
74,cadera_derecha,4,918.43237,669.96996
74,hombro_izquierdo,4,955.02239,594.61478
74,hombro_derecho,4,914.4899665625001,591.6664778125
74,rodilla_izquierda,4,968.96336,731.34351
74,tobillo_izquierdo,4,950.12506,722.41819
74,talon_izquierdo,5,945.799145,755.745005
74,cadera_izquierda,5,939.59556,668.55993
74,cadera_derecha,5,925.86754,670.579345
74,hombro_izquierdo,5,952.25887,594.174625
74,hombro_derecho,5,917.5407606250001,592.559753125
74,rodilla_izquierda,5,968.31322,729.61819
74,tobillo_izquierdo,5,949.1322849999999,752.08131
74,talon_izquierdo,6,947.1781575,774.6214924999999
74,cadera_izquierda,6,937.49126,670.5825649999999
74,cadera_derecha,6,933.30271,671.18873
74,hombro_izquierdo,6,932.7266400000001,594.404514375
74,hombro_derecho,6,931.6763866406251,592.909040703125
74,rodilla_izquierda,6,954.85651,725.26097
74,tobillo_izquierdo,6,948.5781075,767.22759
74,talon_izquierdo,7,948.55717,793.49798
74,cadera_izquierda,7,935.38696,672.6052
74,cadera_derecha,7,940.970135,670.138935
74,hombro_izquierdo,7,916.2392100000001,594.6012821874999
74,hombro_derecho,7,945.8120126562501,593.25832828125
74,rodilla_izquierda,7,950.53728,725.45003
74,tobillo_izquierdo,7,948.02393,782.37387
74,talon_izquierdo,8,948.30591,794.45675
74,cadera_izquierda,8,931.83466,672.18767
74,cadera_derecha,8,948.63756,669.08914
74,hombro_izquierdo,8,907.895875,594.74813609375
74,hombro_derecho,8,956.22499,593.40334
74,rodilla_izquierda,8,944.87606,725.34749
74,tobillo_izquierdo,8,948.71733,783.82638
74,talon_izquierdo,9,947.95961,795.17856
74,cadera_izquierda,9,928.36355,674.18388
74,cadera_derecha,9,953.10802,668.37228
74,hombro_izquierdo,9,899.55254,594.89499
74,hombro_derecho,9,957.28792,591.20056
74,rodilla_izquierda,9,940.08476,725.34163
74,tobillo_izquierdo,9,948.12326,784.24133
74,talon_izquierdo,10,947.67374,793.85589
74,cadera_izquierda,10,927.91752,674.35041
74,cadera_derecha,10,954.48612,667.99673
74,hombro_izquierdo,10,899.55946,594.96529
74,hombro_derecho,10,957.30726,590.0262
74,rodilla_izquierda,10,938.17915,725.32959
74,tobillo_izquierdo,10,947.12351,782.60123
74,talon_izquierdo,11,948.18335,792.96021
74,cadera_izquierda,11,927.67204,672.81235
74,cadera_derecha,11,954.5981,667.92412
74,hombro_izquierdo,11,899.58338,594.80114
74,hombro_derecho,11,957.13497,587.77128
74,rodilla_izquierda,11,936.61383,725.31202
74,tobillo_izquierdo,11,946.76811,781.96703
74,talon_izquierdo,12,947.60376,792.45044
74,cadera_izquierda,12,927.26097,674.44704
74,cadera_derecha,12,957.40654,667.47106
74,hombro_izquierdo,12,899.29218,596.0492
74,hombro_derecho,12,956.09705,586.40052
74,rodilla_izquierda,12,936.14588,725.31414
74,tobillo_izquierdo,12,946.50496,780.87082
74,talon_izquierdo,13,946.93102,791.12545
74,cadera_izquierda,13,927.01424,675.97268
74,cadera_derecha,13,957.92713,667.95482
74,hombro_izquierdo,13,898.15968,597.19015
74,hombro_derecho,13,955.01186,585.04186
74,rodilla_izquierda,13,936.44909,725.26419
74,tobillo_izquierdo,13,946.34525,779.35709
78,talon_izquierdo,0,908.54227,806.57407
78,cadera_izquierda,0,884.62332,683.37338
78,cadera_derecha,0,913.58185,680.71626
78,hombro_izquierdo,0,861.98656,583.58961
78,hombro_derecho,0,914.51666,589.6941
78,rodilla_izquierda,0,901.64217,739.30935
78,tobillo_izquierdo,0,908.74918,797.59976
78,talon_izquierdo,1,910.62029,805.6339
78,cadera_izquierda,1,884.62063,683.36785
78,cadera_derecha,1,912.50141,680.76866
78,hombro_izquierdo,1,863.17148,583.64098
78,hombro_derecho,1,921.34644,591.21981
78,rodilla_izquierda,1,901.65293,734.68003
78,tobillo_izquierdo,1,910.05192,793.55211
78,talon_izquierdo,2,910.62727,803.15966
78,cadera_izquierda,2,889.90448,683.32768
78,cadera_derecha,2,908.86293,680.85363
78,hombro_izquierdo,2,864.87528,584.39601
78,hombro_derecho,2,926.26173,591.73988
78,rodilla_izquierda,2,904.12382,735.10875
78,tobillo_izquierdo,2,910.9766,789.83309
78,talon_izquierdo,3,910.55986,801.95466
78,cadera_izquierda,3,901.2446,681.18731
78,cadera_derecha,3,894.602705,679.24131
78,hombro_izquierdo,3,896.747305,587.8715400000001
78,hombro_derecho,3,896.467495,590.741
78,rodilla_izquierda,3,911.0721,734.50931
78,tobillo_izquierdo,3,911.20371,790.30289
78,talon_izquierdo,4,910.05175,799.90303
78,cadera_izquierda,4,899.8143024999999,680.8274
78,cadera_derecha,4,894.5647125,678.8229175
78,hombro_izquierdo,4,897.602435,589.2655850000001
78,hombro_derecho,4,897.5278625000001,590.415835
78,rodilla_izquierda,4,913.03637,742.83963
78,tobillo_izquierdo,4,911.29778,790.14298
78,talon_izquierdo,5,910.9473,800.46056
78,cadera_izquierda,5,891.9987962499999,681.35772
78,cadera_derecha,5,901.63783625,679.00148875
78,hombro_izquierdo,5,882.9491175,589.6188875
78,hombro_derecho,5,914.0155312500001,590.4275275
78,rodilla_izquierda,5,906.22993,731.39668
78,tobillo_izquierdo,5,911.2516,790.58297
78,talon_izquierdo,6,910.47998,802.48039
78,cadera_izquierda,6,887.0203081249999,682.124475
78,cadera_derecha,6,906.8746431249999,679.326379375
78,hombro_izquierdo,6,874.8829437500001,589.94887875
78,hombro_derecho,6,921.739030625,590.43327875
78,rodilla_izquierda,6,905.53047,731.23524
78,tobillo_izquierdo,6,911.23289,791.26417
78,talon_izquierdo,7,910.4361,803.93156
78,cadera_izquierda,7,882.04182,682.89123
78,cadera_derecha,7,912.11145,679.65127
78,hombro_izquierdo,7,866.81677,590.27887
78,hombro_derecho,7,929.46253,590.43903
78,rodilla_izquierda,7,901.48149,731.02712
78,tobillo_izquierdo,7,910.6909,792.99645
78,talon_izquierdo,8,910.02983,803.93394
78,cadera_izquierda,8,882.27745,683.34043
78,cadera_derecha,8,914.28297,679.8975
78,hombro_izquierdo,8,867.27596,590.2891
78,hombro_derecho,8,929.59036,590.39171
78,rodilla_izquierda,8,898.64582,731.15168
78,tobillo_izquierdo,8,909.40756,793.03578
78,talon_izquierdo,9,910.20367,804.20823
78,cadera_izquierda,9,882.7961,684.83497
78,cadera_derecha,9,916.17548,680.88846
78,hombro_izquierdo,9,867.41919,590.71158
78,hombro_derecho,9,928.84987,589.28553
78,rodilla_izquierda,9,896.78244,730.89046
78,tobillo_izquierdo,9,909.29157,793.42652
78,talon_izquierdo,10,910.78674,804.22194
78,cadera_izquierda,10,883.63146,687.26023
78,cadera_derecha,10,917.31508,682.61011
78,hombro_izquierdo,10,865.81902,593.60702
78,hombro_derecho,10,928.16345,588.8111
78,rodilla_izquierda,10,896.06306,730.82203
78,tobillo_izquierdo,10,909.07671,793.5433
78,talon_izquierdo,11,910.94879,804.23038
78,cadera_izquierda,11,883.89708,687.11526
78,cadera_derecha,11,918.08744,682.52154
78,hombro_izquierdo,11,866.28885,594.4942
78,hombro_derecho,11,928.38942,588.78824
78,rodilla_izquierda,11,896.3007,730.40605
78,tobillo_izquierdo,11,908.8706,793.55791
78,talon_izquierdo,12,910.83429,805.05132
78,cadera_izquierda,12,884.1338,688.06792
78,cadera_derecha,12,918.8546,682.45691
78,hombro_izquierdo,12,866.84315,597.55752
78,hombro_derecho,12,928.27291,588.82371
78,rodilla_izquierda,12,896.04607,730.63077
78,tobillo_izquierdo,12,908.48345,794.33817
78,talon_izquierdo,13,910.89655,804.93783
78,cadera_izquierda,13,884.33681,689.17886
78,cadera_derecha,13,919.31482,682.54883
78,hombro_izquierdo,13,867.54913,596.41368
78,hombro_derecho,13,929.30437,589.99151
78,rodilla_izquierda,13,896.48438,731.36991
78,tobillo_izquierdo,13,908.38148,794.26402
78,talon_izquierdo,14,911.03079,804.80915
78,cadera_izquierda,14,884.4445,689.2229
78,cadera_derecha,14,918.91571,682.52939
78,hombro_izquierdo,14,869.65445,597.03456
78,hombro_derecho,14,929.25098,590.45486
78,rodilla_izquierda,14,896.73672,732.69258
78,tobillo_izquierdo,14,908.57208,794.25481
83,talon_izquierdo,0,925.2693,799.05852
83,cadera_izquierda,0,895.74451,673.48871
83,cadera_derecha,0,930.75857,675.26657
83,hombro_izquierdo,0,888.72568,582.86992
83,hombro_derecho,0,950.85577,587.34249
83,rodilla_izquierda,0,918.89019,726.53897
83,tobillo_izquierdo,0,926.36261,784.45505
83,talon_izquierdo,1,926.04012,803.44651
83,cadera_izquierda,1,896.17819,677.9461
83,cadera_derecha,1,930.76206,676.81918
83,hombro_izquierdo,1,889.68693,586.82622
83,hombro_derecho,1,950.73589,586.93469
83,rodilla_izquierda,1,919.49764,729.97237
83,tobillo_izquierdo,1,927.94916,793.33273
83,talon_izquierdo,2,926.10941,802.96989
83,cadera_izquierda,2,897.70878,677.67586
83,cadera_derecha,2,931.38119,675.52155
83,hombro_izquierdo,2,891.68346,588.28877
83,hombro_derecho,2,950.91499,585.53213
83,rodilla_izquierda,2,919.48145,730.254
83,tobillo_izquierdo,2,927.98853,792.55961
83,talon_izquierdo,3,927.84811,802.74716
83,cadera_izquierda,3,900.40747,677.3211
83,cadera_derecha,3,932.97964,673.04139
83,hombro_izquierdo,3,894.21965,588.76996
83,hombro_derecho,3,952.04338,583.50161
83,rodilla_izquierda,3,919.20748,730.00874
83,tobillo_izquierdo,3,928.88254,792.43685
83,talon_izquierdo,4,931.61402,802.60509
83,cadera_izquierda,4,902.4626,675.62809
83,cadera_derecha,4,935.08558,671.11142
83,hombro_izquierdo,4,896.67189,590.09598
83,hombro_derecho,4,953.38514,581.85495
83,rodilla_izquierda,4,919.20164,729.8536
83,tobillo_izquierdo,4,930.45055,791.79042
83,talon_izquierdo,5,930.91192,802.48278
83,cadera_izquierda,5,905.41145,674.04149
83,cadera_derecha,5,937.83909,669.72785
83,hombro_izquierdo,5,898.81571,591.12164
83,hombro_derecho,5,953.68721,581.62295
83,rodilla_izquierda,5,919.19935,729.73135
83,tobillo_izquierdo,5,930.41651,791.36202
83,talon_izquierdo,6,930.64121,801.03387
83,cadera_izquierda,6,906.65411,671.62718
83,cadera_derecha,6,939.49917,666.72594
83,hombro_izquierdo,6,900.79348,593.0198
83,hombro_derecho,6,953.9863,581.25673
83,rodilla_izquierda,6,919.57575,729.15689
83,tobillo_izquierdo,6,930.19981,791.18808
83,talon_izquierdo,7,930.993,800.7279
83,cadera_izquierda,7,908.51595,670.69357
83,cadera_derecha,7,941.08692,665.90029
83,hombro_izquierdo,7,901.68783,597.87894
83,hombro_derecho,7,954.01943,581.40028
83,rodilla_izquierda,7,920.55691,728.85556
83,tobillo_izquierdo,7,930.49244,790.98891
83,talon_izquierdo,8,931.59708,801.3014
83,cadera_izquierda,8,911.27043,670.3318
83,cadera_derecha,8,943.15762,664.33082
83,hombro_izquierdo,8,904.37714,598.44581
83,hombro_derecho,8,955.46717,581.49607
83,rodilla_izquierda,8,922.0166,729.16371
83,tobillo_izquierdo,8,931.1063,791.76454
83,talon_izquierdo,9,932.01748,802.93281
83,cadera_izquierda,9,913.69011,670.17061
83,cadera_derecha,9,944.70543,663.45689
83,hombro_izquierdo,9,907.10169,599.40554
83,hombro_derecho,9,956.54228,581.65179
83,rodilla_izquierda,9,923.90413,729.57454
83,tobillo_izquierdo,9,931.93113,793.56454
84,talon_izquierdo,0,868.5125,787.09383
84,cadera_izquierda,0,839.06118,674.36399
84,cadera_derecha,0,864.56594,674.26763
84,hombro_izquierdo,0,818.66919,588.87586
84,hombro_derecho,0,877.23696,591.30446
84,rodilla_izquierda,0,862.74576,717.62685
84,tobillo_izquierdo,0,870.60602,775.76849
84,talon_izquierdo,1,872.24476,785.3255
84,cadera_izquierda,1,839.25808,676.09293
84,cadera_derecha,1,865.492,674.42515
84,hombro_izquierdo,1,818.96839,590.43375
84,hombro_derecho,1,877.54538,592.75942
84,rodilla_izquierda,1,864.80335,716.42127
84,tobillo_izquierdo,1,873.59459,774.59201
84,talon_izquierdo,2,871.88725,785.39882
84,cadera_izquierda,2,841.42645,675.17735
84,cadera_derecha,2,866.3027,673.04055
84,hombro_izquierdo,2,818.95557,594.15374
84,hombro_derecho,2,878.88279,592.92112
84,rodilla_izquierda,2,865.13952,714.94854
84,tobillo_izquierdo,2,873.63281,774.56008
84,talon_izquierdo,3,871.00576,786.50494
84,cadera_izquierda,3,844.93979,674.75693
84,cadera_derecha,3,866.37852,672.34378
84,hombro_izquierdo,3,819.30182,595.31754
84,hombro_derecho,3,879.73486,593.34856
84,rodilla_izquierda,3,868.08506,719.19034
84,tobillo_izquierdo,3,873.46727,776.12666
84,talon_izquierdo,4,869.92716,786.66877
84,cadera_izquierda,4,857.0559900000001,673.568215
84,cadera_derecha,4,858.30265,672.2009
84,hombro_izquierdo,4,849.68534,595.241805
84,hombro_derecho,4,851.282385,595.60892
84,rodilla_izquierda,4,875.69309,723.668835
84,tobillo_izquierdo,4,873.33,776.60714
84,talon_izquierdo,5,869.90221,787.42676
84,cadera_izquierda,5,859.2805775,674.0304775
84,cadera_derecha,5,850.22678,672.05802
84,hombro_izquierdo,5,851.458715,596.1478374999999
84,hombro_derecho,5,850.9248725,596.0369350000001
84,rodilla_izquierda,5,883.30112,728.14733
84,tobillo_izquierdo,5,873.54349,776.57566
84,talon_izquierdo,6,870.06769,787.86173
84,cadera_izquierda,6,861.505165,674.49274
84,cadera_derecha,6,861.166875,671.556365
84,hombro_izquierdo,6,838.9270174999999,597.5447537499999
84,hombro_derecho,6,864.6148412499999,595.5487775
84,rodilla_izquierda,6,870.62216,723.3527
84,tobillo_izquierdo,6,873.46722,777.11318
84,talon_izquierdo,7,870.24467,787.85542
84,cadera_izquierda,7,853.83814,676.60598
84,cadera_derecha,7,867.4860175,670.9650325
84,hombro_izquierdo,7,833.0936987499999,597.836501875
84,hombro_derecho,7,872.460550625,594.4391087500001
84,rodilla_izquierda,7,865.8173,719.57297
84,tobillo_izquierdo,7,873.32067,777.08743
84,talon_izquierdo,8,870.23661,787.84345
84,cadera_izquierda,8,851.16417,676.43616
84,cadera_derecha,8,873.80516,670.3737
84,hombro_izquierdo,8,827.26038,598.12825
84,hombro_derecho,8,880.30626,593.32944
84,rodilla_izquierda,8,864.65137,717.33826
84,tobillo_izquierdo,8,873.13368,776.96338
84,talon_izquierdo,9,870.10883,788.09373
84,cadera_izquierda,9,849.52669,676.25225
84,cadera_derecha,9,875.87202,668.27476
84,hombro_izquierdo,9,827.10955,597.65119
84,hombro_derecho,9,880.94839,590.96901
84,rodilla_izquierda,9,864.50747,717.23636
84,tobillo_izquierdo,9,872.66127,776.93937
84,talon_izquierdo,10,870.10031,788.00702
84,cadera_izquierda,10,849.07476,675.18926
84,cadera_derecha,10,875.9479,666.28042
84,hombro_izquierdo,10,828.17854,597.48188
84,hombro_derecho,10,880.32555,589.54482
84,rodilla_izquierda,10,864.21776,716.80905
84,tobillo_izquierdo,10,872.46534,776.69321
84,talon_izquierdo,11,870.27895,787.83238
84,cadera_izquierda,11,849.16723,675.06572
84,cadera_derecha,11,877.187,666.10796
84,hombro_izquierdo,11,828.71075,597.45131
84,hombro_derecho,11,880.03721,588.57742
84,rodilla_izquierda,11,864.12512,717.00874
84,tobillo_izquierdo,11,872.46998,776.4784
84,talon_izquierdo,12,870.45725,787.21002
84,cadera_izquierda,12,850.41435,674.461
84,cadera_derecha,12,879.57911,666.0226
84,hombro_izquierdo,12,831.15143,597.28413
84,hombro_derecho,12,880.85421,587.49538
84,rodilla_izquierda,12,864.47668,717.02695
84,tobillo_izquierdo,12,872.62579,776.46359
85,talon_izquierdo,0,785.30279,862.88024
85,cadera_izquierda,0,717.06276,762.2873
85,cadera_derecha,0,748.62665,755.34705
85,hombro_izquierdo,0,692.89885,643.19439
85,hombro_derecho,0,755.84908,661.39206
85,rodilla_izquierda,0,757.55322,801.99573
85,tobillo_izquierdo,0,779.77358,847.75877
85,talon_izquierdo,1,778.54237,862.87973
85,cadera_izquierda,1,717.08319,763.92443
85,cadera_derecha,1,748.67249,758.05825
85,hombro_izquierdo,1,692.91155,642.62971
85,hombro_derecho,1,755.82481,661.60887
85,rodilla_izquierda,1,760.4068,803.94115
85,tobillo_izquierdo,1,779.85472,852.01183
85,talon_izquierdo,2,782.49178,870.73967
85,cadera_izquierda,2,718.80701,765.62736
85,cadera_derecha,2,750.33743,759.58254
85,hombro_izquierdo,2,693.35581,642.62024
85,hombro_derecho,2,755.82458,661.60842
85,rodilla_izquierda,2,761.40043,803.86744
85,tobillo_izquierdo,2,784.85052,859.84036
85,talon_izquierdo,3,788.4419049999999,879.305695
85,cadera_izquierda,3,720.43694,765.4943
85,cadera_derecha,3,753.11434,759.23814
85,hombro_izquierdo,3,695.21833,642.69994
85,hombro_derecho,3,756.93123,661.60964
85,rodilla_izquierda,3,761.65941,804.41886
85,tobillo_izquierdo,3,788.609845,867.4149050000001
85,talon_izquierdo,4,791.2374124999999,883.6929875000001
85,cadera_izquierda,4,720.44523,765.37444
85,cadera_derecha,4,753.90816,757.88399
85,hombro_izquierdo,4,697.08458,643.13581
85,hombro_derecho,4,757.81569,661.30496
85,rodilla_izquierda,4,761.50978,804.82016
85,tobillo_izquierdo,4,792.36917,874.98945
85,talon_izquierdo,5,794.03292,888.08028
85,cadera_izquierda,5,720.33794,764.42326
85,cadera_derecha,5,754.3808,755.5535
85,hombro_izquierdo,5,697.65821,645.28722
85,hombro_derecho,5,758.19998,660.24699
85,rodilla_izquierda,5,761.43602,805.66673
85,tobillo_izquierdo,5,791.94654,875.266
85,talon_izquierdo,6,793.48497,887.1367
85,cadera_izquierda,6,720.12096,763.99512
85,cadera_derecha,6,753.93408,755.41348
85,hombro_izquierdo,6,698.67702,646.9725
85,hombro_derecho,6,758.10465,659.6498
85,rodilla_izquierda,6,760.91251,805.59038
85,tobillo_izquierdo,6,791.45164,874.03692
85,talon_izquierdo,7,795.40134,885.611
85,cadera_izquierda,7,719.4223,763.97651
85,cadera_derecha,7,753.75532,755.71172
85,hombro_izquierdo,7,701.58108,648.30181
85,hombro_derecho,7,757.99828,658.63361
85,rodilla_izquierda,7,760.20018,805.57178
85,tobillo_izquierdo,7,791.64654,873.21919
85,talon_izquierdo,8,795.74306,885.25412
85,cadera_izquierda,8,718.54053,763.74805
85,cadera_derecha,8,752.13066,755.35574
85,hombro_izquierdo,8,704.15857,648.82947
85,hombro_derecho,8,757.32159,655.94372
85,rodilla_izquierda,8,759.81234,806.16318
85,tobillo_izquierdo,8,791.84132,873.58142
85,talon_izquierdo,9,795.74095,884.34646
85,cadera_izquierda,9,717.44196,763.7364
85,cadera_derecha,9,747.7791,755.07733
85,hombro_izquierdo,9,706.8231,649.54137
85,hombro_derecho,9,756.75293,655.02789
85,rodilla_izquierda,9,757.9557,804.73133
85,tobillo_izquierdo,9,791.87988,873.19505
86,talon_izquierdo,0,,
86,cadera_izquierda,0,,
86,cadera_derecha,0,,
86,hombro_izquierdo,0,,
86,hombro_derecho,0,,
86,rodilla_izquierda,0,,
86,tobillo_izquierdo,0,,
86,talon_izquierdo,1,822.20015,884.86987
86,cadera_izquierda,1,747.83918,768.85032
86,cadera_derecha,1,775.93592,761.45077
86,hombro_izquierdo,1,724.46056,647.52186
86,hombro_derecho,1,785.47474,662.09669
86,rodilla_izquierda,1,791.15713,812.52239
86,tobillo_izquierdo,1,824.65233,874.86933
86,talon_izquierdo,2,824.3482,888.67232
86,cadera_izquierda,2,747.76829,769.58836
86,cadera_derecha,2,777.3044,762.03187
86,hombro_izquierdo,2,724.51286,649.87296
86,hombro_derecho,2,785.38067,661.93814
86,rodilla_izquierda,2,790.68689,811.25849
86,tobillo_izquierdo,2,824.66154,876.20836
86,talon_izquierdo,3,824.54721,888.80216
86,cadera_izquierda,3,747.64893,769.93829
86,cadera_derecha,3,779.06393,762.03457
86,hombro_izquierdo,3,724.72464,650.70408
86,hombro_derecho,3,785.40384,661.41935
86,rodilla_izquierda,3,790.33499,810.53352
86,tobillo_izquierdo,3,824.26174,876.49552
86,talon_izquierdo,4,824.4944,888.6823
86,cadera_izquierda,4,747.53334,770.13263
86,cadera_derecha,4,779.32611,762.02292
86,hombro_izquierdo,4,725.04999,651.99186
86,hombro_derecho,4,785.25398,660.44616
86,rodilla_izquierda,4,790.25534,810.31684
86,tobillo_izquierdo,4,823.62133,876.52005
86,talon_izquierdo,5,824.93837,889.28303
86,cadera_izquierda,5,746.31231,769.93185
86,cadera_derecha,5,777.92152,761.74103
86,hombro_izquierdo,5,727.12864,653.00664
86,hombro_derecho,5,784.12188,660.16904
86,rodilla_izquierda,5,789.70253,809.71689
86,tobillo_izquierdo,5,823.51885,876.7375
86,talon_izquierdo,6,825.42412,889.16922
86,cadera_izquierda,6,744.63341,769.80356
86,cadera_derecha,6,774.79746,761.44845
86,hombro_izquierdo,6,728.36489,654.52552
86,hombro_derecho,6,782.85994,659.69145
86,rodilla_izquierda,6,789.123,809.22978
86,tobillo_izquierdo,6,823.45419,876.71851
86,talon_izquierdo,7,826.57545,889.05727
86,cadera_izquierda,7,742.98231,769.59653
86,cadera_derecha,7,772.05563,761.23113
86,hombro_izquierdo,7,730.12962,655.68462
86,hombro_derecho,7,781.36946,658.62518
86,rodilla_izquierda,7,788.787,808.46457
86,tobillo_izquierdo,7,823.46592,876.62543
86,talon_izquierdo,8,828.8443,886.35116
86,cadera_izquierda,8,741.72878,769.66342
86,cadera_derecha,8,770.26606,761.12949
86,hombro_izquierdo,8,730.97494,656.13761
86,hombro_derecho,8,779.96172,658.52347
86,rodilla_izquierda,8,785.7395,806.4076
86,tobillo_izquierdo,8,823.50208,875.24064
86,talon_izquierdo,9,830.478,884.78889
86,cadera_izquierda,9,741.00534,769.53808
86,cadera_derecha,9,768.4409,758.38984
86,hombro_izquierdo,9,732.70414,656.77291
86,hombro_derecho,9,777.59491,658.19581
86,rodilla_izquierda,9,785.0374,806.1212
86,tobillo_izquierdo,9,823.55089,874.04819
87,talon_izquierdo,0,,
87,cadera_izquierda,0,,
87,cadera_derecha,0,,
87,hombro_izquierdo,0,,
87,hombro_derecho,0,,
87,rodilla_izquierda,0,,
87,tobillo_izquierdo,0,,
87,talon_izquierdo,1,851.72424,876.58642
87,cadera_izquierda,1,783.76848,767.56454
87,cadera_derecha,1,813.77472,758.00064
87,hombro_izquierdo,1,755.36917,652.55068
87,hombro_derecho,1,814.86729,661.96871
87,rodilla_izquierda,1,822.58215,809.52203
87,tobillo_izquierdo,1,854.47409,867.2383
87,talon_izquierdo,2,853.70813,884.03335
87,cadera_izquierda,2,783.21321,767.531
87,cadera_derecha,2,813.29876,758.00649
87,hombro_izquierdo,2,756.97872,651.82662
87,hombro_derecho,2,815.37443,661.61569
87,rodilla_izquierda,2,822.56819,809.52325
87,tobillo_izquierdo,2,854.28898,871.07474
87,talon_izquierdo,3,855.90843,884.96141
87,cadera_izquierda,3,781.79277,765.38898
87,cadera_derecha,3,813.08064,756.04183
87,hombro_izquierdo,3,757.75984,651.49683
87,hombro_derecho,3,815.7066,660.53043
87,rodilla_izquierda,3,822.0163,808.80601
87,tobillo_izquierdo,3,854.2325,872.10721
87,talon_izquierdo,4,856.43246,884.35618
87,cadera_izquierda,4,781.85062,765.48097
87,cadera_derecha,4,813.10535,756.03616
87,hombro_izquierdo,4,758.98024,651.50591
87,hombro_derecho,4,816.04174,660.05265
87,rodilla_izquierda,4,821.48048,807.89268
87,tobillo_izquierdo,4,853.80558,871.79674
87,talon_izquierdo,5,856.16627,884.67856
87,cadera_izquierda,5,780.04263,765.39523
87,cadera_derecha,5,811.17302,755.84678
87,hombro_izquierdo,5,761.04309,651.51904
87,hombro_derecho,5,815.41134,657.67638
87,rodilla_izquierda,5,820.69027,806.52617
87,tobillo_izquierdo,5,853.56331,871.64328
87,talon_izquierdo,6,856.31927,885.08507
87,cadera_izquierda,6,776.97681,764.38226
87,cadera_derecha,6,807.12576,755.4102
87,hombro_izquierdo,6,763.68513,651.45634
87,hombro_derecho,6,814.7434,654.77567
87,rodilla_izquierda,6,819.43577,806.67565
87,tobillo_izquierdo,6,853.11201,871.70862
87,talon_izquierdo,7,856.24889,885.65439
87,cadera_izquierda,7,773.88353,763.39651
87,cadera_derecha,7,801.95343,754.12493
87,hombro_izquierdo,7,765.22579,651.46181
87,hombro_derecho,7,813.46716,653.58915
87,rodilla_izquierda,7,817.87891,806.72856
87,tobillo_izquierdo,7,852.7771,872.13296
87,talon_izquierdo,8,856.15185,885.31836
87,cadera_izquierda,8,773.92342,763.50311
87,cadera_derecha,8,800.15322,754.0695
87,hombro_izquierdo,8,767.50151,651.79269
87,hombro_derecho,8,811.68697,653.64226
87,rodilla_izquierda,8,816.03773,806.76339
87,tobillo_izquierdo,8,852.47046,872.03447
87,talon_izquierdo,9,856.06424,884.66884
87,cadera_izquierda,9,771.99371,761.71496
87,cadera_derecha,9,796.22995,749.10171
87,hombro_izquierdo,9,770.9317,651.50398
87,hombro_derecho,9,809.47374,651.51692
87,rodilla_izquierda,9,815.26274,806.8275
87,tobillo_izquierdo,9,852.28203,871.96598
88,talon_izquierdo,0,,
88,cadera_izquierda,0,,
88,cadera_derecha,0,,
88,hombro_izquierdo,0,,
88,hombro_derecho,0,,
88,rodilla_izquierda,0,,
88,tobillo_izquierdo,0,,
88,talon_izquierdo,1,,
88,cadera_izquierda,1,,
88,cadera_derecha,1,,
88,hombro_izquierdo,1,,
88,hombro_derecho,1,,
88,rodilla_izquierda,1,,
88,tobillo_izquierdo,1,,
88,talon_izquierdo,2,822.2117,887.52571
88,cadera_izquierda,2,748.31566,767.83954
88,cadera_derecha,2,782.64273,761.96646
88,hombro_izquierdo,2,724.56614,647.57851
88,hombro_derecho,2,784.12783,666.22306
88,rodilla_izquierda,2,787.82518,809.97039
88,tobillo_izquierdo,2,821.26574,873.46523
88,talon_izquierdo,3,822.47252,886.41933
88,cadera_izquierda,3,746.37125,767.80838
88,cadera_derecha,3,779.29224,761.07432
88,hombro_izquierdo,3,725.28894,650.09537
88,hombro_derecho,3,784.07421,665.0225
88,rodilla_izquierda,3,787.77283,807.68959
88,tobillo_izquierdo,3,820.74903,873.3202
88,talon_izquierdo,4,822.4585,885.92578
88,cadera_izquierda,4,744.6266,767.28728
88,cadera_derecha,4,777.12667,758.85223
88,hombro_izquierdo,4,725.49253,651.41727
88,hombro_derecho,4,784.05499,663.64492
88,rodilla_izquierda,4,787.58932,806.82564
88,tobillo_izquierdo,4,820.26192,873.23046
88,talon_izquierdo,5,822.48327,886.03245
88,cadera_izquierda,5,741.75619,766.09471
88,cadera_derecha,5,772.49336,755.98589
88,hombro_izquierdo,5,727.48352,651.24114
88,hombro_derecho,5,784.0214,663.08185
88,rodilla_izquierda,5,786.99669,806.10479
88,tobillo_izquierdo,5,820.06096,873.33668
88,talon_izquierdo,6,822.76886,884.88487
88,cadera_izquierda,6,741.06342,765.49951
88,cadera_derecha,6,771.79075,755.54732
88,hombro_izquierdo,6,728.56756,651.16299
88,hombro_derecho,6,783.54692,661.52531
88,rodilla_izquierda,6,786.09461,806.20457
88,tobillo_izquierdo,6,819.65858,872.94439
88,talon_izquierdo,7,823.44984,884.11362
88,cadera_izquierda,7,740.38977,765.66251
88,cadera_derecha,7,771.17884,755.63042
88,hombro_izquierdo,7,729.92455,651.51389
88,hombro_derecho,7,780.09138,659.19205
88,rodilla_izquierda,7,784.60917,806.00746
88,tobillo_izquierdo,7,819.48086,872.56092
88,talon_izquierdo,8,823.444,881.56271
88,cadera_izquierda,8,740.10618,766.20414
88,cadera_derecha,8,767.26736,756.01595
88,hombro_izquierdo,8,732.03907,651.47823
88,hombro_derecho,8,777.88181,655.67535
88,rodilla_izquierda,8,783.65541,805.19275
88,tobillo_izquierdo,8,818.8504,871.35096
89,talon_izquierdo,0,,
89,cadera_izquierda,0,,
89,cadera_derecha,0,,
89,hombro_izquierdo,0,,
89,hombro_derecho,0,,
89,rodilla_izquierda,0,,
89,tobillo_izquierdo,0,,
89,talon_izquierdo,1,,
89,cadera_izquierda,1,,
89,cadera_derecha,1,,
89,hombro_izquierdo,1,,
89,hombro_derecho,1,,
89,rodilla_izquierda,1,,
89,tobillo_izquierdo,1,,
89,talon_izquierdo,2,827.59901,885.76916
89,cadera_izquierda,2,759.55141,769.6602
89,cadera_derecha,2,791.40364,763.04851
89,hombro_izquierdo,2,736.49317,648.03595
89,hombro_derecho,2,797.39325,660.53345
89,rodilla_izquierda,2,798.79051,809.33612
89,tobillo_izquierdo,2,829.20948,875.79296
89,talon_izquierdo,3,828.43163,885.37243
89,cadera_izquierda,3,759.60691,769.6219
89,cadera_derecha,3,791.69128,762.12244
89,hombro_izquierdo,3,736.97519,648.47671
89,hombro_derecho,3,797.52399,660.56648
89,rodilla_izquierda,3,798.91811,808.61186
89,tobillo_izquierdo,3,828.6034,874.69063
89,talon_izquierdo,4,830.20826,885.46082
89,cadera_izquierda,4,759.58797,769.08329
89,cadera_derecha,4,792.31699,759.67897
89,hombro_izquierdo,4,737.02538,649.64424
89,hombro_derecho,4,797.75259,659.82059
89,rodilla_izquierda,4,798.53136,806.94911
89,tobillo_izquierdo,4,828.56524,874.59156
89,talon_izquierdo,5,830.15739,885.71277
89,cadera_izquierda,5,759.44355,768.17807
89,cadera_derecha,5,792.26681,758.20077
89,hombro_izquierdo,5,738.99141,650.6791
89,hombro_derecho,5,797.83344,658.88093
89,rodilla_izquierda,5,797.79716,804.53647
89,tobillo_izquierdo,5,827.75688,874.26732
89,talon_izquierdo,6,831.43032,886.32651
89,cadera_izquierda,6,759.05182,767.16169
89,cadera_derecha,6,791.21138,757.55189
89,hombro_izquierdo,6,740.7007,652.22225
89,hombro_derecho,6,797.93352,657.90916
89,rodilla_izquierda,6,796.73492,803.36288
89,tobillo_izquierdo,6,827.77811,874.24897
89,talon_izquierdo,7,832.04956,886.22055
89,cadera_izquierda,7,756.81696,766.3558
89,cadera_derecha,7,788.33622,756.94646
89,hombro_izquierdo,7,742.84647,652.41988
89,hombro_derecho,7,797.85101,657.67432
89,rodilla_izquierda,7,795.23134,803.76773
89,tobillo_izquierdo,7,827.73994,873.70025
89,talon_izquierdo,8,832.71149,884.99707
89,cadera_izquierda,8,754.35888,765.8022
89,cadera_derecha,8,783.44381,757.12085
89,hombro_izquierdo,8,745.96384,652.36368
89,hombro_derecho,8,796.58649,656.10543
89,rodilla_izquierda,8,794.52278,804.00314
89,tobillo_izquierdo,8,827.92322,873.14233
90,talon_izquierdo,0,841.42015,877.3354
90,cadera_izquierda,0,762.70168,767.47409
90,cadera_derecha,0,797.08208,762.05324
90,hombro_izquierdo,0,741.58213,651.08027
90,hombro_derecho,0,804.65641,662.06785
90,rodilla_izquierda,0,805.99125,807.51147
90,tobillo_izquierdo,0,838.97352,864.35703
90,talon_izquierdo,1,832.0603450000001,868.46203
90,cadera_izquierda,1,764.25161,767.52424
90,cadera_derecha,1,797.37585,762.36783
90,hombro_izquierdo,1,746.2888,651.03245
90,hombro_derecho,1,805.05283,664.39178
90,rodilla_izquierda,1,807.0207,802.51426
90,tobillo_izquierdo,1,834.420605,858.040395
90,talon_izquierdo,2,832.5971025000001,868.28296
90,cadera_izquierda,2,765.69546,769.31471
90,cadera_derecha,2,797.69766,765.22245
90,hombro_izquierdo,2,750.33119,651.36364
90,hombro_derecho,2,806.46349,667.02528
90,rodilla_izquierda,2,812.35834,804.77079
90,tobillo_izquierdo,2,829.86769,851.72376
90,talon_izquierdo,3,838.0821412500001,872.4510399999999
90,cadera_izquierda,3,768.01111,769.67636
90,cadera_derecha,3,800.73446,765.03873
90,hombro_izquierdo,3,751.37215,651.41456
90,hombro_derecho,3,808.04209,668.22159
90,rodilla_izquierda,3,813.2206,809.50278
90,tobillo_izquierdo,3,837.036325,859.18572
90,talon_izquierdo,4,841.990325625,875.19426
90,cadera_izquierda,4,768.04316,769.6226
90,cadera_derecha,4,800.59376,764.55709
90,hombro_izquierdo,4,752.16339,651.7157
90,hombro_derecho,4,808.04523,667.79608
90,rodilla_izquierda,4,812.82309,809.97856
90,tobillo_izquierdo,4,840.4394824999999,863.37104
90,talon_izquierdo,5,845.89851,877.93748
90,cadera_izquierda,5,768.02742,769.58495
90,cadera_derecha,5,801.24235,763.63456
90,hombro_izquierdo,5,754.4153,652.43784
90,hombro_derecho,5,807.96844,667.47138
90,rodilla_izquierda,5,812.45218,811.80901
90,tobillo_izquierdo,5,843.84264,867.55636
90,talon_izquierdo,6,844.83953,879.51294
90,cadera_izquierda,6,767.10508,767.99699
90,cadera_derecha,6,798.39552,761.23892
90,hombro_izquierdo,6,756.27531,653.03355
90,hombro_derecho,6,807.91958,665.75005
90,rodilla_izquierda,6,810.29222,811.63166
90,tobillo_izquierdo,6,843.3252,868.54179
90,talon_izquierdo,7,844.76795,879.60171
90,cadera_izquierda,7,765.24656,765.81758
90,cadera_derecha,7,793.94136,759.98635
90,hombro_izquierdo,7,758.25903,652.92115
90,hombro_derecho,7,806.86626,663.80276
90,rodilla_izquierda,7,808.74235,811.05411
90,tobillo_izquierdo,7,843.23416,868.12407
90,talon_izquierdo,8,846.42179,881.48302
90,cadera_izquierda,8,763.97306,765.74606
90,cadera_derecha,8,791.18568,759.76755
90,hombro_izquierdo,8,758.81435,652.78552
90,hombro_derecho,8,805.53028,661.35595
90,rodilla_izquierda,8,808.25987,810.99965
90,tobillo_izquierdo,8,842.97289,868.71444
90,talon_izquierdo,9,845.89846,880.87353
90,cadera_izquierda,9,763.22233,766.06863
90,cadera_derecha,9,788.81584,759.75641
90,hombro_izquierdo,9,761.16119,653.03007
90,hombro_derecho,9,799.95386,661.55312
90,rodilla_izquierda,9,805.18644,807.70974
90,tobillo_izquierdo,9,842.8014,868.4216
91,talon_izquierdo,0,,
91,cadera_izquierda,0,,
91,cadera_derecha,0,,
91,hombro_izquierdo,0,,
91,hombro_derecho,0,,
91,rodilla_izquierda,0,,
91,tobillo_izquierdo,0,,
91,talon_izquierdo,1,,
91,cadera_izquierda,1,,
91,cadera_derecha,1,,
91,hombro_izquierdo,1,,
91,hombro_derecho,1,,
91,rodilla_izquierda,1,,
91,tobillo_izquierdo,1,,
91,talon_izquierdo,2,823.07579,877.04379
91,cadera_izquierda,2,753.58028,768.90742
91,cadera_derecha,2,784.14396,764.13313
91,hombro_izquierdo,2,731.34876,654.56234
91,hombro_derecho,2,788.13423,666.14929
91,rodilla_izquierda,2,794.52129,806.45054
91,tobillo_izquierdo,2,823.7122,865.58204
91,talon_izquierdo,3,824.69948,876.94498
91,cadera_izquierda,3,753.58028,768.91746
91,cadera_derecha,3,784.19054,762.60002
91,hombro_izquierdo,3,731.1866,654.63952
91,hombro_derecho,3,788.73281,666.13197
91,rodilla_izquierda,3,794.24778,806.43367
91,tobillo_izquierdo,3,823.75425,865.8546
91,talon_izquierdo,4,825.37754,876.57374
91,cadera_izquierda,4,752.97615,768.9154
91,cadera_derecha,4,783.24154,761.28006
91,hombro_izquierdo,4,731.2635,655.56514
91,hombro_derecho,4,788.67697,665.64647
91,rodilla_izquierda,4,793.86847,806.39209
91,tobillo_izquierdo,4,823.79488,865.96139
91,talon_izquierdo,5,825.3174,876.38184
91,cadera_izquierda,5,750.89596,767.41023
91,cadera_derecha,5,779.12745,758.17444
91,hombro_izquierdo,5,732.00977,655.95132
91,hombro_derecho,5,787.59859,663.41028
91,rodilla_izquierda,5,791.84275,804.57084
91,tobillo_izquierdo,5,823.17163,865.95785
91,talon_izquierdo,6,826.73452,876.37489
91,cadera_izquierda,6,748.47204,764.42184
91,cadera_derecha,6,776.88011,755.20041
91,hombro_izquierdo,6,735.107,655.38348
91,hombro_derecho,6,784.8103,659.32009
91,rodilla_izquierda,6,789.21988,803.93831
91,tobillo_izquierdo,6,823.21981,865.97395
91,talon_izquierdo,7,827.79791,876.41654
91,cadera_izquierda,7,746.09081,763.90738
91,cadera_derecha,7,774.18451,754.90809
91,hombro_izquierdo,7,737.75196,654.79106
91,hombro_derecho,7,782.15172,657.55639
91,rodilla_izquierda,7,787.76836,804.00114
91,tobillo_izquierdo,7,823.22371,865.85376
91,talon_izquierdo,8,827.88815,875.81639
91,cadera_izquierda,8,744.70842,763.46719
91,cadera_derecha,8,771.39427,754.1407
91,hombro_izquierdo,8,739.83702,654.88562
91,hombro_derecho,8,781.6111,657.17112
91,rodilla_izquierda,8,785.77692,802.76743
91,tobillo_izquierdo,8,823.0319,865.47074
92,talon_izquierdo,0,,
92,cadera_izquierda,0,,
92,cadera_derecha,0,,
92,hombro_izquierdo,0,,
92,hombro_derecho,0,,
92,rodilla_izquierda,0,,
92,tobillo_izquierdo,0,,
92,talon_izquierdo,1,,
92,cadera_izquierda,1,,
92,cadera_derecha,1,,
92,hombro_izquierdo,1,,
92,hombro_derecho,1,,
92,rodilla_izquierda,1,,
92,tobillo_izquierdo,1,,
92,talon_izquierdo,2,,
92,cadera_izquierda,2,,
92,cadera_derecha,2,,
92,hombro_izquierdo,2,,
92,hombro_derecho,2,,
92,rodilla_izquierda,2,,
92,tobillo_izquierdo,2,,
92,talon_izquierdo,3,837.598,875.46774
92,cadera_izquierda,3,763.83848,774.45225
92,cadera_derecha,3,797.28321,765.95527
92,hombro_izquierdo,3,737.83527,655.63183
92,hombro_derecho,3,794.68105,666.52619
92,rodilla_izquierda,3,803.09252,805.67684
92,tobillo_izquierdo,3,832.31489,864.29343
92,talon_izquierdo,4,837.40545,875.91958
92,cadera_izquierda,4,764.4976,774.01922
92,cadera_derecha,4,797.49413,765.25837
92,hombro_izquierdo,4,738.14718,656.81269
92,hombro_derecho,4,795.2191,667.49398
92,rodilla_izquierda,4,803.18705,804.34213
92,tobillo_izquierdo,4,832.3752,865.11109
92,talon_izquierdo,5,837.37238,877.12065
92,cadera_izquierda,5,764.03944,772.91612
92,cadera_derecha,5,795.81127,763.58738
92,hombro_izquierdo,5,738.45806,657.27837
92,hombro_derecho,5,794.55122,667.02805
92,rodilla_izquierda,5,803.08119,803.55839
92,tobillo_izquierdo,5,832.37486,865.87765
92,talon_izquierdo,6,836.71675,876.95444
92,cadera_izquierda,6,760.72849,771.71576
92,cadera_derecha,6,791.81763,763.13838
92,hombro_izquierdo,6,739.86568,658.26115
92,hombro_derecho,6,791.65764,666.42706
92,rodilla_izquierda,6,802.91937,802.71639
92,tobillo_izquierdo,6,832.41234,865.5216
92,talon_izquierdo,7,835.98948,876.98733
92,cadera_izquierda,7,759.48498,769.12719
92,cadera_derecha,7,787.25561,761.48895
92,hombro_izquierdo,7,742.42046,658.75328
92,hombro_derecho,7,789.74367,662.40471
92,rodilla_izquierda,7,802.78021,802.75514
92,tobillo_izquierdo,7,832.54526,864.81613
92,talon_izquierdo,8,836.40953,876.96442
92,cadera_izquierda,8,758.41616,767.12261
92,cadera_derecha,8,782.46477,758.98831
92,hombro_izquierdo,8,744.50907,658.67133
92,hombro_derecho,8,786.39381,659.82361
92,rodilla_izquierda,8,800.96586,802.82035
92,tobillo_izquierdo,8,832.38413,864.72453
93,talon_izquierdo,0,,
93,cadera_izquierda,0,,
93,cadera_derecha,0,,
93,hombro_izquierdo,0,,
93,hombro_derecho,0,,
93,rodilla_izquierda,0,,
93,tobillo_izquierdo,0,,
93,talon_izquierdo,1,,
93,cadera_izquierda,1,,
93,cadera_derecha,1,,
93,hombro_izquierdo,1,,
93,hombro_derecho,1,,
93,rodilla_izquierda,1,,
93,tobillo_izquierdo,1,,
93,talon_izquierdo,2,,
93,cadera_izquierda,2,,
93,cadera_derecha,2,,
93,hombro_izquierdo,2,,
93,hombro_derecho,2,,
93,rodilla_izquierda,2,,
93,tobillo_izquierdo,2,,
93,talon_izquierdo,3,829.63428,872.36896
93,cadera_izquierda,3,760.09729,772.59348
93,cadera_derecha,3,792.28312,766.94906
93,hombro_izquierdo,3,746.76613,657.9013
93,hombro_derecho,3,797.53212,666.17729
93,rodilla_izquierda,3,798.20595,804.31252
93,tobillo_izquierdo,3,827.63254,863.5485
93,talon_izquierdo,4,830.11631,874.61892
93,cadera_izquierda,4,760.58876,771.34793
93,cadera_derecha,4,792.18555,763.84899
93,hombro_izquierdo,4,746.70994,657.96066
93,hombro_derecho,4,797.29631,666.99335
93,rodilla_izquierda,4,797.07024,804.29938
93,tobillo_izquierdo,4,827.6231,864.45745
93,talon_izquierdo,5,829.63068,875.26336
93,cadera_izquierda,5,760.553,770.16817
93,cadera_derecha,5,789.82264,761.52789
93,hombro_izquierdo,5,747.22023,658.57709
93,hombro_derecho,5,796.09217,666.98369
93,rodilla_izquierda,5,796.0306,804.29076
93,tobillo_izquierdo,5,826.90521,865.10955
93,talon_izquierdo,6,829.64819,875.24192
93,cadera_izquierda,6,759.459,768.18026
93,cadera_derecha,6,787.10169,758.39621
93,hombro_izquierdo,6,747.31853,659.17299
93,hombro_derecho,6,793.9674,665.86309
93,rodilla_izquierda,6,795.06025,803.71005
93,tobillo_izquierdo,6,826.57505,864.8086
93,talon_izquierdo,7,830.26651,875.27746
93,cadera_izquierda,7,757.88383,767.05753
93,cadera_derecha,7,786.04734,757.48662
93,hombro_izquierdo,7,747.57477,660.08838
93,hombro_derecho,7,792.71673,664.44308
93,rodilla_izquierda,7,794.85168,803.02602
93,tobillo_izquierdo,7,826.58449,864.26755
93,talon_izquierdo,8,831.29574,875.24495
93,cadera_izquierda,8,756.10548,765.76492
93,cadera_derecha,8,782.9306,756.7874
93,hombro_izquierdo,8,750.47596,659.85013
93,hombro_derecho,8,792.98435,662.14638
93,rodilla_izquierda,8,794.66143,802.88697
93,tobillo_izquierdo,8,826.76497,864.2474
93,talon_izquierdo,9,832.14552,874.3501
93,cadera_izquierda,9,756.3105,766.00343
93,cadera_derecha,9,782.10875,757.27155
93,hombro_izquierdo,9,752.37282,660.47777
93,hombro_derecho,9,791.20932,662.40104
93,rodilla_izquierda,9,794.15548,802.84417
93,tobillo_izquierdo,9,826.76691,863.32371
94,talon_izquierdo,0,,
94,cadera_izquierda,0,,
94,cadera_derecha,0,,
94,hombro_izquierdo,0,,
94,hombro_derecho,0,,
94,rodilla_izquierda,0,,
94,tobillo_izquierdo,0,,
94,talon_izquierdo,1,,
94,cadera_izquierda,1,,
94,cadera_derecha,1,,
94,hombro_izquierdo,1,,
94,hombro_derecho,1,,
94,rodilla_izquierda,1,,
94,tobillo_izquierdo,1,,
94,talon_izquierdo,2,808.48503,882.43754
94,cadera_izquierda,2,742.32948,772.25224
94,cadera_derecha,2,777.29811,762.03856
94,hombro_izquierdo,2,712.95542,650.31301
94,hombro_derecho,2,773.43773,661.1392
94,rodilla_izquierda,2,780.21526,810.6566
94,tobillo_izquierdo,2,808.91624,870.25565
94,talon_izquierdo,3,809.30574,884.98755
94,cadera_izquierda,3,740.43755,772.09697
94,cadera_derecha,3,775.47369,762.00625
94,hombro_izquierdo,3,713.22315,650.34713
94,hombro_derecho,3,773.82946,661.33605
94,rodilla_izquierda,3,779.64094,809.09865
94,tobillo_izquierdo,3,808.69852,871.5005
94,talon_izquierdo,4,810.64322,885.86199
94,cadera_izquierda,4,739.43974,772.16051
94,cadera_derecha,4,774.19481,761.56407
94,hombro_izquierdo,4,713.95912,650.33194
94,hombro_derecho,4,774.52417,660.40529
94,rodilla_izquierda,4,779.45103,809.15259
94,tobillo_izquierdo,4,808.69886,873.11646
94,talon_izquierdo,5,811.5089,886.09109
94,cadera_izquierda,5,738.6874,772.1609
94,cadera_derecha,5,771.89009,760.88654
94,hombro_izquierdo,5,715.15354,650.64923
94,hombro_derecho,5,774.46255,660.07936
94,rodilla_izquierda,5,778.46621,808.99179
94,tobillo_izquierdo,5,808.53687,873.857
94,talon_izquierdo,6,811.43812,885.94883
94,cadera_izquierda,6,735.59669,770.05744
94,cadera_derecha,6,767.76838,758.14702
94,hombro_izquierdo,6,717.64647,650.60765
94,hombro_derecho,6,773.95918,658.45247
94,rodilla_izquierda,6,775.60335,807.70813
94,tobillo_izquierdo,6,808.02973,873.72278
94,talon_izquierdo,7,812.54568,887.39272
94,cadera_izquierda,7,733.93684,769.47423
94,cadera_derecha,7,766.47646,757.87794
94,hombro_izquierdo,7,721.41472,650.88104
94,hombro_derecho,7,773.35842,657.07855
94,rodilla_izquierda,7,775.68872,809.7286
94,tobillo_izquierdo,7,808.03419,874.0236
94,talon_izquierdo,8,812.56502,886.73264
94,cadera_izquierda,8,731.97893,766.77597
94,cadera_derecha,8,757.98929,757.08042
94,hombro_izquierdo,8,724.75307,650.79008
94,hombro_derecho,8,769.61088,655.72086
94,rodilla_izquierda,8,775.24052,809.45875
94,tobillo_izquierdo,8,807.70317,873.67644
95,talon_izquierdo,0,833.90894,874.97593
95,cadera_izquierda,0,757.77506,766.92744
95,cadera_derecha,0,790.4357,763.76756
95,hombro_izquierdo,0,738.14352,650.57244
95,hombro_derecho,0,799.60722,665.02991
95,rodilla_izquierda,0,801.52948,806.30473
95,tobillo_izquierdo,0,831.42849,863.18157
95,talon_izquierdo,1,833.3221450000001,873.43674
95,cadera_izquierda,1,757.92274,766.96439
95,cadera_derecha,1,789.64674,763.63669
95,hombro_izquierdo,1,742.89534,650.56291
95,hombro_derecho,1,800.82567,666.52574
95,rodilla_izquierda,1,803.23151,801.55593
95,tobillo_izquierdo,1,833.77799,863.486155
95,talon_izquierdo,2,835.4220475,875.014475
95,cadera_izquierda,2,758.93543,768.20273
95,cadera_derecha,2,790.36554,763.74013
95,hombro_izquierdo,2,745.15503,650.85001
95,hombro_derecho,2,801.38678,666.91011
95,rodilla_izquierda,2,808.11155,809.30316
95,tobillo_izquierdo,2,836.316535,865.3238925
95,talon_izquierdo,3,837.52195,876.59221
95,cadera_izquierda,3,760.05724,768.81382
95,cadera_derecha,3,792.65293,763.61544
95,hombro_izquierdo,3,746.79731,651.54949
95,hombro_derecho,3,802.02833,667.15763
95,rodilla_izquierda,3,808.07184,809.11539
95,tobillo_izquierdo,3,838.85508,867.16163
95,talon_izquierdo,4,839.12727,878.8723
95,cadera_izquierda,4,760.9338,769.85049
95,cadera_derecha,4,793.9781,763.32255
95,hombro_izquierdo,4,746.62971,652.63932
95,hombro_derecho,4,802.17659,666.92679
95,rodilla_izquierda,4,807.80325,811.2462
95,tobillo_izquierdo,4,838.47462,868.77759
95,talon_izquierdo,5,840.3229,879.57545
95,cadera_izquierda,5,760.75665,769.69702
95,cadera_derecha,5,792.67193,762.05021
95,hombro_izquierdo,5,750.13384,652.82884
95,hombro_derecho,5,802.77729,666.30224
95,rodilla_izquierda,5,806.4616,811.1311
95,tobillo_izquierdo,5,838.06915,868.93285
95,talon_izquierdo,6,840.00183,879.4301
95,cadera_izquierda,6,759.73543,768.8229
95,cadera_derecha,6,790.8954,761.54875
95,hombro_izquierdo,6,753.68666,653.51937
95,hombro_derecho,6,802.22918,664.83396
95,rodilla_izquierda,6,802.84401,810.84361
95,tobillo_izquierdo,6,837.66335,868.50001
95,talon_izquierdo,7,839.96515,880.34072
95,cadera_izquierda,7,757.33847,768.80526
95,cadera_derecha,7,788.85246,761.53156
95,hombro_izquierdo,7,754.50731,654.24434
95,hombro_derecho,7,800.89994,662.13949
95,rodilla_izquierda,7,802.74862,810.81998
95,tobillo_izquierdo,7,837.50439,868.21979
95,talon_izquierdo,8,839.7587,880.60947
95,cadera_izquierda,8,755.60337,768.74687
95,cadera_derecha,8,783.202,761.59999
95,hombro_izquierdo,8,758.02116,654.38898
95,hombro_derecho,8,798.69879,657.41966
95,rodilla_izquierda,8,800.99573,810.02897
95,tobillo_izquierdo,8,837.44104,868.33843
95,talon_izquierdo,9,839.39747,879.71327
95,cadera_izquierda,9,753.89242,768.71063
95,cadera_derecha,9,779.87995,761.51328
95,hombro_izquierdo,9,759.24706,654.8564
95,hombro_derecho,9,797.74424,659.66313
95,rodilla_izquierda,9,799.53135,809.91747
95,tobillo_izquierdo,9,836.24353,868.21838
95,talon_izquierdo,10,840.13041,877.34119
95,cadera_izquierda,10,753.31289,766.98595
95,cadera_derecha,10,778.28012,756.55475
95,hombro_izquierdo,10,762.46965,654.60766
95,hombro_derecho,10,794.89443,659.88959
95,rodilla_izquierda,10,796.84313,808.76983
95,tobillo_izquierdo,10,836.16388,867.43715
96,talon_izquierdo,0,,
96,cadera_izquierda,0,,
96,cadera_derecha,0,,
96,hombro_izquierdo,0,,
96,hombro_derecho,0,,
96,rodilla_izquierda,0,,
96,tobillo_izquierdo,0,,
96,talon_izquierdo,1,,
96,cadera_izquierda,1,,
96,cadera_derecha,1,,
96,hombro_izquierdo,1,,
96,hombro_derecho,1,,
96,rodilla_izquierda,1,,
96,tobillo_izquierdo,1,,
96,talon_izquierdo,2,843.00419,879.65502
96,cadera_izquierda,2,764.91234,773.6998
96,cadera_derecha,2,799.68927,764.99167
96,hombro_izquierdo,2,736.43646,653.63421
96,hombro_derecho,2,797.2253,663.1573
96,rodilla_izquierda,2,807.33404,813.98237
96,tobillo_izquierdo,2,845.85777,872.11687
96,talon_izquierdo,3,839.94032,879.14196
96,cadera_izquierda,3,764.90902,773.05523
96,cadera_derecha,3,798.42762,764.70032
96,hombro_izquierdo,3,737.27777,654.53717
96,hombro_derecho,3,797.22382,664.56938
96,rodilla_izquierda,3,804.42558,809.16663
96,tobillo_izquierdo,3,839.1798,871.01532
96,talon_izquierdo,4,840.13189,879.13939
96,cadera_izquierda,4,764.82765,771.79944
96,cadera_derecha,4,798.10558,762.93972
96,hombro_izquierdo,4,739.46583,655.31042
96,hombro_derecho,4,797.83762,664.72877
96,rodilla_izquierda,4,802.98546,807.43062
96,tobillo_izquierdo,4,836.99633,870.29647
96,talon_izquierdo,5,838.72084,879.285
96,cadera_izquierda,5,762.81595,769.83677
96,cadera_derecha,5,793.7328,759.94753
96,hombro_izquierdo,5,741.59861,655.4727
96,hombro_derecho,5,797.67477,664.70701
96,rodilla_izquierda,5,801.11664,804.61648
96,tobillo_izquierdo,5,833.45186,869.50957
96,talon_izquierdo,6,838.50277,879.0736
96,cadera_izquierda,6,760.3323,767.75328
96,cadera_derecha,6,787.8229,758.39132
96,hombro_izquierdo,6,746.15026,655.09104
96,hombro_derecho,6,792.61614,661.70498
96,rodilla_izquierda,6,799.57455,804.7207
96,tobillo_izquierdo,6,833.01876,868.34371
96,talon_izquierdo,7,838.46077,879.5452
96,cadera_izquierda,7,757.3922,764.2602
96,cadera_derecha,7,782.83945,755.934
96,hombro_izquierdo,7,748.27944,654.50943
96,hombro_derecho,7,790.7741,658.0596
96,rodilla_izquierda,7,799.30464,803.53006
96,tobillo_izquierdo,7,832.82335,868.01187
96,talon_izquierdo,8,839.22483,878.77851
96,cadera_izquierda,8,755.81892,763.88214
96,cadera_derecha,8,781.70368,754.17334
96,hombro_izquierdo,8,749.20664,655.69247
96,hombro_derecho,8,789.38015,658.40592
96,rodilla_izquierda,8,797.39359,801.90838
96,tobillo_izquierdo,8,833.28941,867.47262
96,talon_izquierdo,9,838.95647,877.30051
96,cadera_izquierda,9,756.01507,763.28025
96,cadera_derecha,9,779.18919,752.31476
96,hombro_izquierdo,9,756.39925,655.67915
96,hombro_derecho,9,788.36798,655.02969
96,rodilla_izquierda,9,796.39973,801.12753
96,tobillo_izquierdo,9,833.12376,866.46247
97,talon_izquierdo,0,826.69041,831.96246
97,cadera_izquierda,0,778.80003,761.01098
97,cadera_derecha,0,808.98932,755.98724
97,hombro_izquierdo,0,759.85462,657.44986
97,hombro_derecho,0,814.34286,668.96226
97,rodilla_izquierda,0,811.84404,789.78777
97,tobillo_izquierdo,0,827.37602,822.51424
97,talon_izquierdo,1,831.1269975,839.4305674999999
97,cadera_izquierda,1,780.0575650000001,761.247065
97,cadera_derecha,1,809.1859850000001,755.97411
97,hombro_izquierdo,1,760.650355,657.44947
97,hombro_derecho,1,814.5693699999999,668.903715
97,rodilla_izquierda,1,814.04122,792.98296
97,tobillo_izquierdo,1,831.6253275,829.7937825
97,talon_izquierdo,2,835.5635850000001,846.8986749999999
97,cadera_izquierda,2,781.3151,761.48315
97,cadera_derecha,2,809.38265,755.96098
97,hombro_izquierdo,2,761.44609,657.44908
97,hombro_derecho,2,814.79588,668.84517
97,rodilla_izquierda,2,816.2384,796.17815
97,tobillo_izquierdo,2,835.874635,837.0733250000001
97,talon_izquierdo,3,841.2663175,855.4419725
97,cadera_izquierda,3,781.4673,761.62921
97,cadera_derecha,3,809.54172,755.58028
97,hombro_izquierdo,3,761.68339,657.67194
97,hombro_derecho,3,814.79364,668.16159
97,rodilla_izquierda,3,816.77462,797.02214
97,tobillo_izquierdo,3,840.3291025000001,845.1746875000001
97,talon_izquierdo,4,846.96905,863.98527
97,cadera_izquierda,4,781.36677,761.52512
97,cadera_derecha,4,809.52724,754.59826
97,hombro_izquierdo,4,762.57792,657.80313
97,hombro_derecho,4,814.6586,666.80538
97,rodilla_izquierda,4,816.52605,797.09862
97,tobillo_izquierdo,4,844.78357,853.27605
97,talon_izquierdo,5,848.58524,864.31943
97,cadera_izquierda,5,781.57293,762.05112
97,cadera_derecha,5,809.90107,754.57676
97,hombro_izquierdo,5,766.22629,658.19755
97,hombro_derecho,5,814.88897,666.43189
97,rodilla_izquierda,5,816.40686,796.51772
97,tobillo_izquierdo,5,844.91381,854.01196
97,talon_izquierdo,6,847.77094,863.31302
97,cadera_izquierda,6,781.07197,761.98243
97,cadera_derecha,6,809.53142,754.23012
97,hombro_izquierdo,6,767.22719,658.28284
97,hombro_derecho,6,815.02802,665.5698
97,rodilla_izquierda,6,815.32122,796.16605
97,tobillo_izquierdo,6,844.01464,852.73029
97,talon_izquierdo,7,848.49884,862.89389
97,cadera_izquierda,7,777.90567,759.94219
97,cadera_derecha,7,807.07277,752.30839
97,hombro_izquierdo,7,768.1374,658.08322
97,hombro_derecho,7,814.68601,664.29728
97,rodilla_izquierda,7,813.71126,795.60613
97,tobillo_izquierdo,7,843.9045,851.80384
97,talon_izquierdo,8,848.52791,863.62768
97,cadera_izquierda,8,776.04567,759.12131
97,cadera_derecha,8,801.32715,751.25582
97,hombro_izquierdo,8,770.52813,658.2128
97,hombro_derecho,8,813.69833,662.16557
97,rodilla_izquierda,8,812.11733,795.3617
97,tobillo_izquierdo,8,843.99055,852.71433
97,talon_izquierdo,9,849.37557,862.97796
97,cadera_izquierda,9,773.95031,758.39183
97,cadera_derecha,9,800.75323,749.69459
97,hombro_izquierdo,9,771.76506,658.22182
97,hombro_derecho,9,812.80661,661.59631
97,rodilla_izquierda,9,811.06127,795.21828
97,tobillo_izquierdo,9,843.84413,852.82235
97,talon_izquierdo,10,848.89332,861.55525
97,cadera_izquierda,10,773.37049,755.81253
97,cadera_derecha,10,797.46666,744.80874
97,hombro_izquierdo,10,773.82202,658.24177
97,hombro_derecho,10,810.68722,661.26241
97,rodilla_izquierda,10,810.68275,795.2925
97,tobillo_izquierdo,10,843.49405,851.33192
98,talon_izquierdo,0,,
98,cadera_izquierda,0,,
98,cadera_derecha,0,,
98,hombro_izquierdo,0,,
98,hombro_derecho,0,,
98,rodilla_izquierda,0,,
98,tobillo_izquierdo,0,,
98,talon_izquierdo,1,,
98,cadera_izquierda,1,,
98,cadera_derecha,1,,
98,hombro_izquierdo,1,,
98,hombro_derecho,1,,
98,rodilla_izquierda,1,,
98,tobillo_izquierdo,1,,
98,talon_izquierdo,2,,
98,cadera_izquierda,2,,
98,cadera_derecha,2,,
98,hombro_izquierdo,2,,
98,hombro_derecho,2,,
98,rodilla_izquierda,2,,
98,tobillo_izquierdo,2,,
98,talon_izquierdo,3,829.36472,876.18113
98,cadera_izquierda,3,759.49116,773.42435
98,cadera_derecha,3,795.74352,766.30945
98,hombro_izquierdo,3,738.48026,655.44122
98,hombro_derecho,3,794.555,660.24957
98,rodilla_izquierda,3,797.89141,806.06488
98,tobillo_izquierdo,3,827.13873,864.79483
98,talon_izquierdo,4,831.37407,876.40868
98,cadera_izquierda,4,759.49791,771.20631
98,cadera_derecha,4,793.37225,762.54267
98,hombro_izquierdo,4,738.60746,654.27009
98,hombro_derecho,4,794.63356,660.49586
98,rodilla_izquierda,4,797.24819,805.89313
98,tobillo_izquierdo,4,827.53538,865.61751
98,talon_izquierdo,5,831.24762,876.40868
98,cadera_izquierda,5,758.97497,769.34664
98,cadera_derecha,5,788.80423,759.18214
98,hombro_izquierdo,5,741.10634,654.2126
98,hombro_derecho,5,792.5465,659.75145
98,rodilla_izquierda,5,795.98402,804.87533
98,tobillo_izquierdo,5,826.48865,865.61964
98,talon_izquierdo,6,831.17277,876.0545
98,cadera_izquierda,6,757.22162,767.27917
98,cadera_derecha,6,786.96156,757.50136
98,hombro_izquierdo,6,743.44505,654.00687
98,hombro_derecho,6,791.50904,658.60316
98,rodilla_izquierda,6,795.2104,803.88804
98,tobillo_izquierdo,6,825.86134,864.99676
98,talon_izquierdo,7,832.81036,877.07095
98,cadera_izquierda,7,753.87486,765.00925
98,cadera_derecha,7,782.48674,756.63483
98,hombro_izquierdo,7,745.10302,653.96637
98,hombro_derecho,7,790.61434,658.19716
98,rodilla_izquierda,7,794.58687,804.11019
98,tobillo_izquierdo,7,826.05989,865.00526
98,talon_izquierdo,8,832.96618,876.19162
98,cadera_izquierda,8,752.42014,765.44351
98,cadera_derecha,8,779.56879,756.68421
98,hombro_izquierdo,8,745.39347,653.96567
98,hombro_derecho,8,789.15253,659.81119
98,rodilla_izquierda,8,792.70769,802.97658
98,tobillo_izquierdo,8,826.04473,864.51049
98,talon_izquierdo,9,833.07426,875.09393
98,cadera_izquierda,9,750.09172,764.48435
98,cadera_derecha,9,774.97633,753.59565
98,hombro_izquierdo,9,746.74364,654.21279
98,hombro_derecho,9,785.84541,657.86365
98,rodilla_izquierda,9,790.93924,803.08286
98,tobillo_izquierdo,9,826.0076,864.21669
99,talon_izquierdo,0,,
99,cadera_izquierda,0,,
99,cadera_derecha,0,,
99,hombro_izquierdo,0,,
99,hombro_derecho,0,,
99,rodilla_izquierda,0,,
99,tobillo_izquierdo,0,,
99,talon_izquierdo,1,845.53047,861.25579
99,cadera_izquierda,1,782.12242,769.531
99,cadera_derecha,1,814.39367,763.83946
99,hombro_izquierdo,1,761.70021,652.06589
99,hombro_derecho,1,818.02019,667.04794
99,rodilla_izquierda,1,817.59527,802.30678
99,tobillo_izquierdo,1,848.04863,852.76557
99,talon_izquierdo,2,845.8667,865.91711
99,cadera_izquierda,2,782.47833,768.03755
99,cadera_derecha,2,813.73238,762.4855
99,hombro_izquierdo,2,762.74626,652.06486
99,hombro_derecho,2,818.0127,666.82476
99,rodilla_izquierda,2,817.5959,802.05631
99,tobillo_izquierdo,2,847.19444,856.83472
99,talon_izquierdo,3,847.73466,870.86005
99,cadera_izquierda,3,782.04197,767.84932
99,cadera_derecha,3,812.74767,761.30941
99,hombro_izquierdo,3,762.76537,652.17114
99,hombro_derecho,3,817.97556,666.89351
99,rodilla_izquierda,3,817.52741,801.9049
99,tobillo_izquierdo,3,847.18889,860.49992
99,talon_izquierdo,4,849.21747,872.5595
99,cadera_izquierda,4,781.08604,767.67493
99,cadera_derecha,4,810.38235,759.83372
99,hombro_izquierdo,4,762.75415,653.6718
99,hombro_derecho,4,816.48342,666.70225
99,rodilla_izquierda,4,817.37389,801.38985
99,tobillo_izquierdo,4,847.19799,862.27321
99,talon_izquierdo,5,849.51759,873.03084
99,cadera_izquierda,5,778.39359,766.06979
99,cadera_derecha,5,807.79501,757.53844
99,hombro_izquierdo,5,765.36552,655.27167
99,hombro_derecho,5,815.52727,665.86476
99,rodilla_izquierda,5,816.42883,800.84191
99,tobillo_izquierdo,5,846.9219,862.24057
99,talon_izquierdo,6,851.48403,872.59787
99,cadera_izquierda,6,774.42661,764.63305
99,cadera_derecha,6,803.76989,756.51413
99,hombro_izquierdo,6,767.64444,656.61623
99,hombro_derecho,6,813.13116,663.03994
99,rodilla_izquierda,6,815.7625,799.57254
99,tobillo_izquierdo,6,846.85398,861.48399
99,talon_izquierdo,7,851.96119,872.81802
99,cadera_izquierda,7,773.35527,764.40086
99,cadera_derecha,7,802.3942,756.01325
99,hombro_izquierdo,7,769.89859,657.62791
99,hombro_derecho,7,811.47818,662.30815
99,rodilla_izquierda,7,815.15528,799.63479
99,tobillo_izquierdo,7,846.80077,861.1815
99,talon_izquierdo,8,851.97979,872.25096
99,cadera_izquierda,8,772.64185,764.52864
99,cadera_derecha,8,799.96204,756.0856
99,hombro_izquierdo,8,771.67603,658.38674
99,hombro_derecho,8,810.69798,662.60987
99,rodilla_izquierda,8,813.5634,799.66324
99,tobillo_izquierdo,8,846.77376,860.93824
