archivo,marcador,frame,X (px),Y (px)
1,punta_derecha,0,865.55912,647.80813
1,talon_derecho,0,886.51754,605.52478
1,tobillo_derecho,0,896.75039,617.75507
1,rodilla_derecha,0,985.08236,644.49974
1,cadera_derecha,0,1074.44847,598.45714
1,hombro_derecho,0,1094.1988,458.28708
1,punta_derecha,1,871.27298,631.62739
1,talon_derecho,1,903.8376,589.51148
1,tobillo_derecho,1,910.88453,605.50392
1,rodilla_derecha,1,991.32145,645.4168
1,cadera_derecha,1,1080.4604,602.62632
1,hombro_derecho,1,1104.25209,460.72688
1,punta_derecha,2,885.98219,608.00436
1,talon_derecho,2,931.49151,580.42162
1,tobillo_derecho,2,931.97828,596.03111
1,rodilla_derecha,2,1005.00149,653.78381
1,cadera_derecha,2,1096.15196,611.12452
1,hombro_derecho,2,1114.99203,469.50347
1,punta_derecha,3,905.99613,589.67028
1,talon_derecho,3,960.89241,576.65651
1,tobillo_derecho,3,956.6708,592.65861
1,rodilla_derecha,3,1024.18636,664.96882
1,cadera_derecha,3,1113.45314,619.385
1,hombro_derecho,3,1125.1664,479.21626
1,punta_derecha,4,937.56128,583.44992
1,talon_derecho,4,989.73427,581.96644
1,tobillo_derecho,4,985.8823,596.69415
1,rodilla_derecha,4,1049.18461,679.07475
1,cadera_derecha,4,1130.03838,626.97071
1,hombro_derecho,4,1135.1033,486.91019
1,punta_derecha,5,962.83047,592.91584
1,talon_derecho,5,1013.60802,589.43461
1,tobillo_derecho,5,1009.48128,605.9761
1,rodilla_derecha,5,1078.9246,692.14646
1,cadera_derecha,5,1145.70534,634.49425
1,hombro_derecho,5,1141.43967,494.37237
1,punta_derecha,6,983.64132,605.0741
1,talon_derecho,6,1036.54129,611.61962
1,tobillo_derecho,6,1034.31198,631.44908
1,rodilla_derecha,6,1120.3014,706.90964
1,cadera_derecha,6,1157.77061,637.22662
1,hombro_derecho,6,1151.72138,495.05676
1,punta_derecha,7,1010.2692,652.05359
1,talon_derecho,7,1059.54311,645.60889
1,tobillo_derecho,7,1060.71705,663.42135
1,rodilla_derecha,7,1162.5824,715.67377
1,cadera_derecha,7,1174.34395,634.73925
1,hombro_derecho,7,1160.18692,498.10118
1,punta_derecha,8,1042.64214,713.44749
1,talon_derecho,8,1079.0427,687.84634
1,tobillo_derecho,8,1088.47996,704.17939
1,rodilla_derecha,8,1206.84254,719.58997
1,cadera_derecha,8,1181.75388,631.56817
1,hombro_derecho,8,1164.63261,502.53597
1,punta_derecha,9,1112.68845,794.46267
1,talon_derecho,9,1107.05349,738.85552
1,tobillo_derecho,9,1131.36681,749.90573
1,rodilla_derecha,9,1241.58211,714.47862
1,cadera_derecha,9,1185.53535,630.84211
1,hombro_derecho,9,1171.23905,505.00409
1,punta_derecha,10,1220.35034,846.10554
1,talon_derecho,10,1169.69032,801.2181
1,tobillo_derecho,10,1192.7639,794.87627
1,rodilla_derecha,10,1258.1876,705.24399
1,cadera_derecha,10,1188.79921,626.73305
1,hombro_derecho,10,1178.94264,504.26029
1,punta_derecha,11,1323.265,848.64872
1,talon_derecho,11,1263.16509,839.15016
1,tobillo_derecho,11,1274.94942,817.34078
1,rodilla_derecha,11,1259.22684,701.44083
1,cadera_derecha,11,1192.57931,622.3683
1,hombro_derecho,11,1188.64208,501.62721
1,punta_derecha,12,1369.32701,831.87762
1,talon_derecho,12,1317.55611,832.28684
1,tobillo_derecho,12,1319.47529,813.58036
1,rodilla_derecha,12,1266.60461,703.35001
1,cadera_derecha,12,1199.73896,621.3765
1,hombro_derecho,12,1196.98792,500.50841
1,punta_derecha,13,1410.85407,805.87942
1,talon_derecho,13,1356.38821,829.57023
1,tobillo_derecho,13,1356.56239,806.77343
1,rodilla_derecha,13,1275.68092,707.72795
1,cadera_derecha,13,1204.83547,621.32578
1,hombro_derecho,13,1203.90541,501.70961
1,punta_derecha,14,1425.14294,781.79046
1,talon_derecho,14,1380.28942,822.53446
1,tobillo_derecho,14,1378.29597,798.93016
1,rodilla_derecha,14,1285.86994,705.59572
1,cadera_derecha,14,1205.18417,618.38322
1,hombro_derecho,14,1209.75643,501.11873
2,punta_derecha,0,892.22597,660.35617
2,talon_derecho,0,917.48737,612.30635
2,tobillo_derecho,0,926.54989,625.02652
2,rodilla_derecha,0,1016.8103,639.17037
2,cadera_derecha,0,1116.49921,593.14398
2,hombro_derecho,0,1143.5265,448.56096
2,punta_derecha,1,894.83116,644.20337
2,talon_derecho,1,929.54716,600.20757
2,tobillo_derecho,1,934.01928,612.0307
2,rodilla_derecha,1,1027.6989,639.20719
2,cadera_derecha,1,1124.7876,597.98258
2,hombro_derecho,1,1151.44764,450.64111
2,punta_derecha,2,907.83915,615.45934
2,talon_derecho,2,945.10843,584.967
2,tobillo_derecho,2,950.03019,596.93214
2,rodilla_derecha,2,1039.30916,643.45529
2,cadera_derecha,2,1134.57458,608.06037
2,hombro_derecho,2,1163.28129,452.66049
2,punta_derecha,3,927.41158,593.93558
2,talon_derecho,3,976.21136,573.80678
2,tobillo_derecho,3,975.62725,587.93492
2,rodilla_derecha,3,1055.64159,654.5073
2,cadera_derecha,3,1152.55692,617.33163
2,hombro_derecho,3,1176.12911,463.7078
2,punta_derecha,4,953.68446,576.33722
2,talon_derecho,4,1005.95169,570.94553
2,tobillo_derecho,4,1001.38664,586.67089
2,rodilla_derecha,4,1075.84225,665.91562
2,cadera_derecha,4,1171.67656,625.88101
2,hombro_derecho,4,1183.28636,472.53087
2,punta_derecha,5,1037.877385,589.322125
2,talon_derecho,5,1049.01386,597.58588
2,tobillo_derecho,5,1048.81382,614.0080499999999
2,rodilla_derecha,5,1114.4953,682.643815
2,cadera_derecha,5,1188.31936,635.3787649999999
2,hombro_derecho,5,1192.50973,481.25727
2,punta_derecha,6,1043.2612575,601.5132625
2,talon_derecho,6,1070.144635,609.7873199999999
2,tobillo_derecho,6,1069.1098000000002,627.48219
2,rodilla_derecha,6,1147.307425,697.7159025000001
2,cadera_derecha,6,1204.96216,644.87652
2,hombro_derecho,6,1197.87792,487.65717
2,punta_derecha,7,1048.64513,613.7044
2,talon_derecho,7,1091.27541,621.98876
2,tobillo_derecho,7,1089.40578,640.95633
2,rodilla_derecha,7,1180.11955,712.78799
2,cadera_derecha,7,1217.97684,645.59911
2,hombro_derecho,7,1209.5985,493.80927
2,punta_derecha,8,1061.25595,647.51118
2,talon_derecho,8,1117.38705,648.54527
2,tobillo_derecho,8,1117.69741,667.14566
2,rodilla_derecha,8,1231.09165,723.2627
2,cadera_derecha,8,1229.22466,637.60533
2,hombro_derecho,8,1220.00656,498.1064
2,punta_derecha,9,1103.16067,713.67994
2,talon_derecho,9,1139.23611,694.23466
2,tobillo_derecho,9,1150.24223,712.93038
2,rodilla_derecha,9,1278.97282,730.2249
2,cadera_derecha,9,1241.1581,636.08213
2,hombro_derecho,9,1229.53903,498.36942
2,punta_derecha,10,1169.45423,803.50096
2,talon_derecho,10,1172.96574,750.7859
2,tobillo_derecho,10,1200.12028,759.71032
2,rodilla_derecha,10,1319.59099,722.81583
2,cadera_derecha,10,1246.51108,635.5078
2,hombro_derecho,10,1240.54012,496.74825
2,punta_derecha,11,1296.12637,859.97831
2,talon_derecho,11,1273.87173,832.97415
2,tobillo_derecho,11,1268.60939,809.8354
2,rodilla_derecha,11,1338.97362,712.77737
2,cadera_derecha,11,1254.38576,634.10273
2,hombro_derecho,11,1248.33469,497.8283
2,punta_derecha,12,1407.74059,864.34937
2,talon_derecho,12,1340.18028,861.6486
2,tobillo_derecho,12,1354.8436,833.62342
2,rodilla_derecha,12,1336.82407,709.52962
2,cadera_derecha,12,1255.90027,632.52553
2,hombro_derecho,12,1256.43311,496.83509
2,punta_derecha,13,1458.56758,838.00645
2,talon_derecho,13,1410.68768,865.8013
2,tobillo_derecho,13,1414.26476,842.74282
2,rodilla_derecha,13,1338.9529,719.91395
2,cadera_derecha,13,1256.19576,630.90641
2,hombro_derecho,13,1264.06197,496.44799
2,punta_derecha,14,1476.93192,819.20766
2,talon_derecho,14,1445.15202,858.42673
2,tobillo_derecho,14,1446.97151,832.3814
2,rodilla_derecha,14,1344.95338,717.89123
2,cadera_derecha,14,1260.55447,630.57708
2,hombro_derecho,14,1271.28262,495.39874
5,punta_derecha,0,832.34671,665.97889
5,talon_derecho,0,857.59604,622.43357
5,tobillo_derecho,0,865.36263,635.78904
5,rodilla_derecha,0,954.68725,642.1321
5,cadera_derecha,0,1042.87903,595.13452
5,hombro_derecho,0,1072.74639,447.07359
5,punta_derecha,1,833.84623,649.02832
5,talon_derecho,1,868.54546,610.64527
5,tobillo_derecho,1,873.15788,623.47545
5,rodilla_derecha,1,967.36656,643.11901
5,cadera_derecha,1,1055.33775,597.34664
5,hombro_derecho,1,1079.69547,451.88628
5,punta_derecha,2,849.9329,627.68216
5,talon_derecho,2,890.53762,598.21793
5,tobillo_derecho,2,895.25917,611.78911
5,rodilla_derecha,2,981.86314,650.81422
5,cadera_derecha,2,1071.13266,605.85186
5,hombro_derecho,2,1085.78087,455.67988
5,punta_derecha,3,868.17822,611.36328
5,talon_derecho,3,916.15431,590.55535
5,tobillo_derecho,3,916.90773,605.68835
5,rodilla_derecha,3,999.64886,661.3347
5,cadera_derecha,3,1090.71819,614.60685
5,hombro_derecho,3,1092.86259,464.63735
5,punta_derecha,4,892.5404,598.61665
5,talon_derecho,4,947.36017,590.63923
5,tobillo_derecho,4,943.94165,606.27125
5,rodilla_derecha,4,1023.49583,675.32933
5,cadera_derecha,4,1110.68859,623.77324
5,hombro_derecho,4,1102.92744,473.30704
5,punta_derecha,5,921.43776,600.54044
5,talon_derecho,5,974.79721,595.96989
5,tobillo_derecho,5,972.85892,610.80819
5,rodilla_derecha,5,1051.52515,693.11888
5,cadera_derecha,5,1125.27912,633.69872
5,hombro_derecho,5,1109.38007,481.92083
5,punta_derecha,6,950.40991,614.15894
5,talon_derecho,6,1002.96925,614.00277
5,tobillo_derecho,6,1004.43958,631.67039
5,rodilla_derecha,6,1085.53848,708.78689
5,cadera_derecha,6,1139.81346,644.53077
5,hombro_derecho,6,1118.66776,489.02671
5,punta_derecha,7,978.40874,650.1535
5,talon_derecho,7,1031.31615,643.60953
5,tobillo_derecho,7,1033.04432,661.91219
5,rodilla_derecha,7,1136.37394,719.82551
5,cadera_derecha,7,1156.25072,647.87637
5,hombro_derecho,7,1130.94795,493.47418
5,punta_derecha,8,1008.02662,702.15717
5,talon_derecho,8,1062.41627,687.18568
5,tobillo_derecho,8,1068.82462,703.63222
5,rodilla_derecha,8,1184.04865,724.27169
5,cadera_derecha,8,1172.21226,640.7327
5,hombro_derecho,8,1143.59276,493.87924
5,punta_derecha,9,1073.25657,786.07377
5,talon_derecho,9,1090.62572,739.80251
5,tobillo_derecho,9,1109.59648,751.16281
5,rodilla_derecha,9,1220.9016,721.01872
5,cadera_derecha,9,1177.37022,634.39923
5,hombro_derecho,9,1150.45029,491.00676
5,punta_derecha,10,1182.44122,851.59372
5,talon_derecho,10,1146.22135,794.27863
5,tobillo_derecho,10,1171.89342,792.27663
5,rodilla_derecha,10,1257.8928,710.41134
5,cadera_derecha,10,1183.40206,630.27447
5,hombro_derecho,10,1158.07846,488.98004
5,punta_derecha,11,1299.15688,862.17736
5,talon_derecho,11,1236.13197,848.9478
5,tobillo_derecho,11,1254.49036,828.83361
5,rodilla_derecha,11,1262.38976,707.38877
5,cadera_derecha,11,1188.97591,625.02768
5,hombro_derecho,11,1165.27874,488.97006
5,punta_derecha,12,1372.11571,852.89721
5,talon_derecho,12,1313.5453,860.05034
5,tobillo_derecho,12,1320.16857,839.38261
5,rodilla_derecha,12,1263.65295,716.02692
5,cadera_derecha,12,1194.84535,625.0045
5,hombro_derecho,12,1173.05534,488.90678
5,punta_derecha,13,1418.77155,820.72583
5,talon_derecho,13,1358.72452,848.39825
5,tobillo_derecho,13,1356.6964,822.78294
5,rodilla_derecha,13,1272.63634,712.40767
5,cadera_derecha,13,1193.85509,624.96459
5,hombro_derecho,13,1178.73459,488.55949
5,punta_derecha,14,1434.2086,794.36824
5,talon_derecho,14,1389.11568,834.57305
5,tobillo_derecho,14,1382.75356,808.76204
5,rodilla_derecha,14,1283.94779,710.12366
5,cadera_derecha,14,1197.27116,623.7408
5,hombro_derecho,14,1187.62264,487.79879
6,punta_derecha,0,896.47064,593.7899
6,talon_derecho,0,952.16366,605.62147
6,tobillo_derecho,0,947.08014,622.65444
6,rodilla_derecha,0,1034.18736,715.35815
6,cadera_derecha,0,1115.64171,648.00646
6,hombro_derecho,0,1103.27797,490.33751
6,punta_derecha,1,916.24243,619.31155
6,talon_derecho,1,978.48118,626.66719
6,tobillo_derecho,1,975.78609,644.57197
6,rodilla_derecha,1,1073.50811,731.27496
6,cadera_derecha,1,1125.42286,652.16026
6,hombro_derecho,1,1109.77455,489.63896
6,punta_derecha,2,946.92633,668.50798
6,talon_derecho,2,1002.81773,660.91712
6,tobillo_derecho,2,1005.96336,681.85502
6,rodilla_derecha,2,1128.81065,743.78128
6,cadera_derecha,2,1146.14353,651.88828
6,hombro_derecho,2,1125.73643,488.63465
6,punta_derecha,3,976.0318,743.80748
6,talon_derecho,3,1025.6876,711.50156
6,tobillo_derecho,3,1036.98406,732.3279
6,rodilla_derecha,3,1181.24897,751.66826
6,cadera_derecha,3,1156.57837,646.52131
6,hombro_derecho,3,1139.09855,487.1072
6,punta_derecha,4,1059.08672,840.83545
6,talon_derecho,4,1067.21066,778.75623
6,tobillo_derecho,4,1091.81511,789.24807
6,rodilla_derecha,4,1231.28437,744.60667
6,cadera_derecha,4,1160.32757,639.3537
6,hombro_derecho,4,1147.6125,484.93339
6,punta_derecha,5,1186.41598,903.60583
6,talon_derecho,5,1136.69071,850.54805
6,tobillo_derecho,5,1167.58438,844.2552
6,rodilla_derecha,5,1256.35918,738.64058
6,cadera_derecha,5,1166.91536,636.37342
6,hombro_derecho,5,1158.50121,483.69164
6,punta_derecha,6,1319.58733,906.245
6,talon_derecho,6,1249.29073,900.19838
6,tobillo_derecho,6,1264.66427,872.85047
6,rodilla_derecha,6,1251.62533,734.46277
6,cadera_derecha,6,1175.37426,632.09513
6,hombro_derecho,6,1167.91466,483.49375
6,punta_derecha,7,1394.05987,900.51084
6,talon_derecho,7,1322.61395,908.84625
6,tobillo_derecho,7,1331.85745,880.40786
6,rodilla_derecha,7,1258.102,735.08616
6,cadera_derecha,7,1182.28123,632.26958
6,hombro_derecho,7,1176.44577,481.91362
6,punta_derecha,8,1429.43596,861.43398
6,talon_derecho,8,1371.77364,897.00708
6,tobillo_derecho,8,1367.97649,864.42088
6,rodilla_derecha,8,1265.5695,734.95587
6,cadera_derecha,8,1185.59898,628.71007
6,hombro_derecho,8,1186.07746,480.50346
6,punta_derecha,9,1447.38659,829.33643
6,talon_derecho,9,1393.02097,880.0249
6,tobillo_derecho,9,1386.70326,848.61003
6,rodilla_derecha,9,1276.20037,731.67091
6,cadera_derecha,9,1186.88782,624.05146
6,hombro_derecho,9,1195.98312,477.20898
13,punta_derecha,0,1093.78349,646.24902
13,talon_derecho,0,1149.09473,615.72352
13,tobillo_derecho,0,1156.24889,633.35439
13,rodilla_derecha,0,1282.63321,675.74113
13,cadera_derecha,0,1280.43217,555.24565
13,hombro_derecho,0,1264.96983,404.31082
13,punta_derecha,1,1135.72872,668.49936
13,talon_derecho,1,1177.9612,630.28998
13,tobillo_derecho,1,1190.15636,650.33503
13,rodilla_derecha,1,1326.89758,676.35582
13,cadera_derecha,1,1287.12822,555.98594
13,hombro_derecho,1,1268.30864,407.06927
13,punta_derecha,2,1206.67889,728.86657
13,talon_derecho,2,1216.04141,665.81152
13,tobillo_derecho,2,1240.53886,683.69885
13,rodilla_derecha,2,1376.49719,666.4138
13,cadera_derecha,2,1295.15362,560.10543
13,hombro_derecho,2,1276.09234,408.20748
13,punta_derecha,3,1306.52172,790.72814
13,talon_derecho,3,1270.34924,722.08197
13,tobillo_derecho,3,1301.903,727.35638
13,rodilla_derecha,3,1405.14988,658.16446
13,cadera_derecha,3,1314.68834,562.2544
13,hombro_derecho,3,1285.66509,409.2724
13,punta_derecha,4,1435.02171,819.07209
13,talon_derecho,4,1357.16331,779.18934
13,tobillo_derecho,4,1382.15446,767.13581
13,rodilla_derecha,4,1423.62831,649.16189
13,cadera_derecha,4,1325.94589,561.88547
13,hombro_derecho,4,1295.87288,409.67046
13,punta_derecha,5,1528.42358,804.39832
13,talon_derecho,5,1463.47366,802.21138
13,tobillo_derecho,5,1472.59747,775.69465
13,rodilla_derecha,5,1428.07148,640.51595
13,cadera_derecha,5,1331.87428,560.06713
13,hombro_derecho,5,1302.12318,409.51316
13,punta_derecha,6,1606.69315,777.85154
13,talon_derecho,6,1532.31033,793.85853
13,tobillo_derecho,6,1532.08248,765.51651
13,rodilla_derecha,6,1431.33545,639.07027
13,cadera_derecha,6,1333.72021,560.34516
13,hombro_derecho,6,1307.93827,409.40775
14,punta_derecha,0,1003.77216,661.07238
14,talon_derecho,0,1062.10339,626.03943
14,tobillo_derecho,0,1069.90173,647.11168
14,rodilla_derecha,0,1203.43758,694.62308
14,cadera_derecha,0,1211.19507,570.05583
14,hombro_derecho,0,1218.09998,401.44104
14,punta_derecha,1,1046.75423,690.8299
14,talon_derecho,1,1094.75418,647.59988
14,tobillo_derecho,1,1106.68705,666.47759
14,rodilla_derecha,1,1246.74397,693.81256
14,cadera_derecha,1,1215.80017,569.85614
14,hombro_derecho,1,1219.95598,403.65567
14,punta_derecha,2,1122.12055,761.16457
14,talon_derecho,2,1132.21687,692.31505
14,tobillo_derecho,2,1159.54353,708.00804
14,rodilla_derecha,2,1300.26821,685.03543
14,cadera_derecha,2,1227.38377,569.8555
14,hombro_derecho,2,1231.69521,403.34436
14,punta_derecha,3,1237.76894,832.19865
14,talon_derecho,3,1197.39704,760.93888
14,tobillo_derecho,3,1229.1814,761.41414
14,rodilla_derecha,3,1334.23038,673.37091
14,cadera_derecha,3,1243.18348,570.09432
14,hombro_derecho,3,1240.2618,403.29206
14,punta_derecha,4,1375.43324,842.87285
14,talon_derecho,4,1294.5179,817.92342
14,tobillo_derecho,4,1319.46968,796.68946
14,rodilla_derecha,4,1344.83471,663.56465
14,cadera_derecha,4,1252.11136,569.26365
14,hombro_derecho,4,1248.30025,403.38054
14,punta_derecha,5,1469.36565,835.47202
14,talon_derecho,5,1409.33968,829.41902
14,tobillo_derecho,5,1416.41087,800.39394
14,rodilla_derecha,5,1353.42579,655.82231
14,cadera_derecha,5,1259.60667,567.40334
14,hombro_derecho,5,1256.59573,406.18237
14,punta_derecha,6,1540.84763,790.63582
14,talon_derecho,6,1476.84437,804.3832
14,tobillo_derecho,6,1475.80879,777.35631
14,rodilla_derecha,6,1363.53962,656.58043
14,cadera_derecha,6,1259.49932,565.60038
14,hombro_derecho,6,1261.55571,406.2068
14,punta_derecha,7,1566.3081,728.74535
14,talon_derecho,7,1511.80241,762.28575
14,tobillo_derecho,7,1501.89949,756.72187
14,rodilla_derecha,7,1370.71529,651.09122
14,cadera_derecha,7,1262.77222,564.76449
14,hombro_derecho,7,1273.07693,406.93995
15,punta_derecha,0,1022.99709,663.12047
15,talon_derecho,0,1063.91808,630.69257
15,tobillo_derecho,0,1074.99458,649.99675
15,rodilla_derecha,0,1204.73774,679.55034
15,cadera_derecha,0,1185.00835,565.66102
15,hombro_derecho,0,1158.09574,404.88255
15,punta_derecha,1,1075.57102,715.96428
15,talon_derecho,1,1091.6161,662.55509
15,tobillo_derecho,1,1115.12432,679.58671
15,rodilla_derecha,1,1247.7507,674.57964
15,cadera_derecha,1,1188.15079,564.65506
15,hombro_derecho,1,1165.93437,405.01654
15,punta_derecha,2,1173.65112,785.30239
15,talon_derecho,2,1141.00227,715.86605
15,tobillo_derecho,2,1175.06699,721.35617
15,rodilla_derecha,2,1289.82651,661.46203
15,cadera_derecha,2,1198.05347,564.86453
15,hombro_derecho,2,1173.11646,408.53466
15,punta_derecha,3,1297.6902,821.61669
15,talon_derecho,3,1228.3271,773.65203
15,tobillo_derecho,3,1256.59927,760.88403
15,rodilla_derecha,3,1308.08819,651.58882
15,cadera_derecha,3,1212.27596,565.69031
15,hombro_derecho,3,1181.39145,412.37341
15,punta_derecha,4,1418.088,806.58772
15,talon_derecho,4,1335.80132,802.34083
15,tobillo_derecho,4,1350.47562,777.41766
15,rodilla_derecha,4,1314.01096,640.90374
15,cadera_derecha,4,1218.96618,562.94595
15,hombro_derecho,4,1189.63772,414.13324
15,punta_derecha,5,1490.72559,771.39885
15,talon_derecho,5,1420.10914,786.52612
15,tobillo_derecho,5,1423.07121,759.59477
15,rodilla_derecha,5,1317.54375,635.71353
15,cadera_derecha,5,1221.87172,563.05623
15,hombro_derecho,5,1191.24699,414.98107
16,punta_derecha,0,978.27095,654.95032
16,talon_derecho,0,1039.23077,625.44063
16,tobillo_derecho,0,1047.02797,646.90903
16,rodilla_derecha,0,1184.46796,698.32312
16,cadera_derecha,0,1200.79273,577.66324
16,hombro_derecho,0,1186.21147,391.51015
16,punta_derecha,1,1020.87009,700.95932
16,talon_derecho,1,1064.20601,651.80614
16,tobillo_derecho,1,1080.44506,674.51231
16,rodilla_derecha,1,1231.12656,699.1019
16,cadera_derecha,1,1203.68568,576.08629
16,hombro_derecho,1,1190.53894,391.79632
16,punta_derecha,2,1105.21511,779.97791
16,talon_derecho,2,1106.22963,710.33145
16,tobillo_derecho,2,1136.96457,724.4679
16,rodilla_derecha,2,1283.57735,693.44332
16,cadera_derecha,2,1212.91557,572.75164
16,hombro_derecho,2,1200.20359,392.84972
16,punta_derecha,3,1230.42263,851.35831
16,talon_derecho,3,1178.93532,779.77623
16,tobillo_derecho,3,1214.22958,776.37933
16,rodilla_derecha,3,1323.57811,680.7225
16,cadera_derecha,3,1226.85631,573.04634
16,hombro_derecho,3,1210.46379,394.7877
16,punta_derecha,4,1374.61487,859.08442
16,talon_derecho,4,1285.21156,840.83223
16,tobillo_derecho,4,1311.03985,816.40615
16,rodilla_derecha,4,1336.27018,667.67789
16,cadera_derecha,4,1234.75651,570.53122
16,hombro_derecho,4,1220.10292,396.99084
16,punta_derecha,5,1476.68873,816.08228
16,talon_derecho,5,1408.90308,843.53519
16,tobillo_derecho,5,1415.9951,811.36741
16,rodilla_derecha,5,1337.78629,655.8216
16,cadera_derecha,5,1240.97042,566.7428
16,hombro_derecho,5,1226.00075,398.6664
16,punta_derecha,6,1557.88536,791.6421
16,talon_derecho,6,1479.04873,814.38232
16,tobillo_derecho,6,1474.6804,786.54099
16,rodilla_derecha,6,1347.70615,656.56453
16,cadera_derecha,6,1242.59056,566.95478
16,hombro_derecho,6,1231.2751,401.44101
16,punta_derecha,7,1574.06181,725.1451
16,talon_derecho,7,1518.74336,771.5545
16,tobillo_derecho,7,1507.91061,784.07473
16,rodilla_derecha,7,1359.88998,648.77347
16,cadera_derecha,7,1242.82803,566.1254
16,hombro_derecho,7,1242.82001,401.73558
17,punta_derecha,0,955.68563,684.88679
17,talon_derecho,0,1003.59627,641.41666
17,tobillo_derecho,0,1016.04824,663.9422
17,rodilla_derecha,0,1152.9649,706.83683
17,cadera_derecha,0,1156.83918,577.33976
17,hombro_derecho,0,1132.20806,388.55894
17,punta_derecha,1,1003.44017,721.09514
17,talon_derecho,1,1039.96204,667.35622
17,tobillo_derecho,1,1055.94315,686.35141
17,rodilla_derecha,1,1204.81018,705.09348
17,cadera_derecha,1,1161.68919,577.26464
17,hombro_derecho,1,1142.73823,389.26563
17,punta_derecha,2,1091.08486,788.10596
17,talon_derecho,2,1084.16233,713.94374
17,tobillo_derecho,2,1115.78327,726.19959
17,rodilla_derecha,2,1256.2508,691.03596
17,cadera_derecha,2,1171.37627,577.07506
17,hombro_derecho,2,1155.22888,391.30277
17,punta_derecha,3,1215.78518,844.56825
17,talon_derecho,3,1160.90115,780.57851
17,tobillo_derecho,3,1194.50798,775.04848
17,rodilla_derecha,3,1287.90699,676.38447
17,cadera_derecha,3,1185.7996,575.22665
17,hombro_derecho,3,1167.13943,391.81242
17,punta_derecha,4,1331.023635,826.241315
17,talon_derecho,4,1276.54701,829.3112
17,tobillo_derecho,4,1305.00652,807.96716
17,rodilla_derecha,4,1304.78256,661.50935
17,cadera_derecha,4,1194.24431,569.52134
17,hombro_derecho,4,1167.63187,399.12986
17,punta_derecha,5,1446.26209,807.91438
17,talon_derecho,5,1373.31871,825.53379
17,tobillo_derecho,5,1383.15926,798.5501
17,rodilla_derecha,5,1311.64227,650.59992
17,cadera_derecha,5,1206.47243,569.108
17,hombro_derecho,5,1171.56898,401.76921
17,punta_derecha,6,1521.0664,798.86913
17,talon_derecho,6,1447.06203,804.64687
17,tobillo_derecho,6,1439.51466,774.39116
17,rodilla_derecha,6,1318.55186,648.20782
17,cadera_derecha,6,1202.34592,569.51142
17,hombro_derecho,6,1175.58964,403.03134
18,punta_derecha,0,920.20987,677.84838
18,talon_derecho,0,970.89077,636.63864
18,tobillo_derecho,0,982.28714,656.28097
18,rodilla_derecha,0,1123.53275,692.05331
18,cadera_derecha,0,1126.48212,563.81293
18,hombro_derecho,0,1112.68661,383.62603
18,punta_derecha,1,980.91831,732.62151
18,talon_derecho,1,998.31173,670.53605
18,tobillo_derecho,1,1020.49564,690.62101
18,rodilla_derecha,1,1168.73119,690.83898
18,cadera_derecha,1,1135.32017,563.77405
18,hombro_derecho,1,1123.08998,385.50891
18,punta_derecha,2,1072.11296,813.93944
18,talon_derecho,2,1050.43087,731.39926
18,tobillo_derecho,2,1083.83286,740.87593
18,rodilla_derecha,2,1218.13477,681.84762
18,cadera_derecha,2,1143.93505,564.14761
18,hombro_derecho,2,1130.4562,387.23749
18,punta_derecha,3,1202.14176,857.99317
18,talon_derecho,3,1139.92516,799.34401
18,tobillo_derecho,3,1170.07851,790.2631
18,rodilla_derecha,3,1248.33904,666.58078
18,cadera_derecha,3,1153.93902,565.44343
18,hombro_derecho,3,1137.52224,391.57105
18,punta_derecha,4,1310.761755,831.03787
18,talon_derecho,4,1270.53474,834.83363
18,tobillo_derecho,4,1289.90101,810.55586
18,rodilla_derecha,4,1260.79788,652.66102
18,cadera_derecha,4,1161.24458,563.287
18,hombro_derecho,4,1141.34422,398.62401
18,punta_derecha,5,1419.38175,804.08257
18,talon_derecho,5,1350.56442,811.0561
18,tobillo_derecho,5,1354.32129,788.42847
18,rodilla_derecha,5,1268.37513,642.24997
18,cadera_derecha,5,1161.65028,562.74762
18,hombro_derecho,5,1139.46339,408.99509
18,punta_derecha,6,1485.14866,748.9552
18,talon_derecho,6,1422.49065,792.76496
18,tobillo_derecho,6,1414.53014,762.72542
18,rodilla_derecha,6,1274.30901,637.81802
18,cadera_derecha,6,1164.55673,560.47976
18,hombro_derecho,6,1146.13026,407.7711
19,punta_derecha,0,1075.38677,638.87534
19,talon_derecho,0,1129.92416,618.53778
19,tobillo_derecho,0,1139.11926,637.93086
19,rodilla_derecha,0,1269.18926,688.94564
19,cadera_derecha,0,1260.43476,570.18052
19,hombro_derecho,0,1258.48984,405.99865
19,punta_derecha,1,1116.8541,687.24607
19,talon_derecho,1,1157.93507,640.54795
19,tobillo_derecho,1,1173.88149,664.36049
19,rodilla_derecha,1,1313.13457,688.20464
19,cadera_derecha,1,1267.49599,569.50975
19,hombro_derecho,1,1261.46324,406.48476
19,punta_derecha,2,1199.38602,772.56233
19,talon_derecho,2,1193.02734,699.89781
19,tobillo_derecho,2,1228.34221,713.13889
19,rodilla_derecha,2,1363.63083,670.82361
19,cadera_derecha,2,1282.51705,569.59524
19,hombro_derecho,2,1267.88864,412.34184
19,punta_derecha,3,1318.09513,831.44278
19,talon_derecho,3,1268.37009,769.53371
19,tobillo_derecho,3,1298.21354,764.76161
19,rodilla_derecha,3,1385.20878,663.24214
19,cadera_derecha,3,1290.86243,569.26166
19,hombro_derecho,3,1277.35359,416.36316
19,punta_derecha,4,1458.34763,833.68393
19,talon_derecho,4,1375.9053,819.07338
19,tobillo_derecho,4,1402.7655,794.75647
19,rodilla_derecha,4,1391.86913,656.66908
19,cadera_derecha,4,1291.04244,567.1949
19,hombro_derecho,4,1281.88499,417.79951
19,punta_derecha,5,1555.20573,816.5123
19,talon_derecho,5,1488.72025,825.70766
19,tobillo_derecho,5,1493.6158,798.50768
19,rodilla_derecha,5,1400.77148,648.62412
19,cadera_derecha,5,1298.76366,565.48328
19,hombro_derecho,5,1289.79126,418.90081
19,punta_derecha,6,1604.36039,777.22075
19,talon_derecho,6,1532.74475,789.37353
19,tobillo_derecho,6,1532.26353,765.52455
19,rodilla_derecha,6,1407.74529,648.40442
19,cadera_derecha,6,1302.14756,567.20359
19,hombro_derecho,6,1295.62843,423.16864
20,punta_derecha,0,1016.45004,681.14936
20,talon_derecho,0,1067.64416,639.86334
20,tobillo_derecho,0,1082.04323,659.74926
20,rodilla_derecha,0,1218.90987,695.86593
20,cadera_derecha,0,1210.57983,569.07163
20,hombro_derecho,0,1201.53912,404.89855
20,punta_derecha,1,1070.8881,709.73626
20,talon_derecho,1,1101.76243,659.4675
20,tobillo_derecho,1,1123.13049,680.81359
20,rodilla_derecha,1,1263.49434,694.33064
20,cadera_derecha,1,1216.24695,569.74078
20,hombro_derecho,1,1208.59337,405.01912
20,punta_derecha,2,1162.3613,776.43012
20,talon_derecho,2,1148.77464,705.73593
20,tobillo_derecho,2,1184.33201,717.39311
20,rodilla_derecha,2,1315.68478,676.06917
20,cadera_derecha,2,1227.20787,572.28204
20,hombro_derecho,2,1214.84825,408.57615
20,punta_derecha,3,1285.12699,835.07632
20,talon_derecho,3,1225.49503,770.5228
20,tobillo_derecho,3,1258.8319,765.20404
20,rodilla_derecha,3,1346.17435,665.74599
20,cadera_derecha,3,1240.88173,572.43512
20,hombro_derecho,3,1224.20208,410.4879
20,punta_derecha,4,1419.15493,824.06428
20,talon_derecho,4,1343.66158,808.66812
20,tobillo_derecho,4,1359.93954,794.5237
20,rodilla_derecha,4,1358.21068,648.74308
20,cadera_derecha,4,1248.37223,571.75907
20,hombro_derecho,4,1231.3361,412.95898
20,punta_derecha,5,1492.19891,805.91676
20,talon_derecho,5,1431.20224,813.1145
20,tobillo_derecho,5,1440.03696,788.24733
20,rodilla_derecha,5,1362.93755,643.46115
20,cadera_derecha,5,1256.36421,571.01679
20,hombro_derecho,5,1239.85245,412.35381
20,punta_derecha,6,1557.812,801.35509
20,talon_derecho,6,1497.07878,791.72328
20,tobillo_derecho,6,1492.57187,763.32712
20,rodilla_derecha,6,1368.50658,642.9976
20,cadera_derecha,6,1256.29692,570.43086
20,hombro_derecho,6,1248.37898,410.89309
21,punta_derecha,0,1129.75605,701.49986
21,talon_derecho,0,1178.36323,653.37537
21,tobillo_derecho,0,1193.01807,677.94957
21,rodilla_derecha,0,1340.17948,715.88832
21,cadera_derecha,0,1311.36257,576.80418
21,hombro_derecho,0,1298.25508,394.8991
21,punta_derecha,1,1199.1885,752.98482
21,talon_derecho,1,1212.64927,685.56162
21,tobillo_derecho,1,1240.66738,707.48552
21,rodilla_derecha,1,1393.74516,710.34954
21,cadera_derecha,1,1319.17603,576.83604
21,hombro_derecho,1,1303.41991,394.13174
21,punta_derecha,2,1308.40519,830.28265
21,talon_derecho,2,1262.38483,748.09794
21,tobillo_derecho,2,1304.72431,756.04936
21,rodilla_derecha,2,1433.33794,697.31407
21,cadera_derecha,2,1332.71702,577.84445
21,hombro_derecho,2,1311.30306,394.53066
21,punta_derecha,3,1443.01266,871.2096
21,talon_derecho,3,1358.9455,818.26517
21,tobillo_derecho,3,1396.35361,807.02249
21,rodilla_derecha,3,1462.50366,685.29106
21,cadera_derecha,3,1350.24879,577.92382
21,hombro_derecho,3,1319.53022,397.15898
21,punta_derecha,4,1563.96755,854.60065
21,talon_derecho,4,1484.14112,859.86965
21,tobillo_derecho,4,1496.90403,830.56905
21,rodilla_derecha,4,1476.51901,672.47439
21,cadera_derecha,4,1360.82153,578.50929
21,hombro_derecho,4,1327.13985,400.61855
21,punta_derecha,5,1643.04371,829.76953
21,talon_derecho,5,1574.17316,847.38952
21,tobillo_derecho,5,1577.73605,814.58458
21,rodilla_derecha,5,1480.4298,666.81156
21,cadera_derecha,5,1365.90672,578.57263
21,hombro_derecho,5,1337.08351,404.68042
21,punta_derecha,6,1701.06743,802.88285
21,talon_derecho,6,1625.32391,807.9859
21,tobillo_derecho,6,1620.39883,784.47352
21,rodilla_derecha,6,1483.14274,659.7492
21,cadera_derecha,6,1368.31295,578.27961
21,hombro_derecho,6,1345.46734,406.68622
22,punta_derecha,0,975.10929,687.57862
22,talon_derecho,0,1024.4886,643.57007
22,tobillo_derecho,0,1036.00479,662.12173
22,rodilla_derecha,0,1180.11726,688.23059
22,cadera_derecha,0,1167.49088,568.234
22,hombro_derecho,0,1150.97385,390.37516
22,punta_derecha,1,1028.51944,722.67034
22,talon_derecho,1,1059.04736,668.13706
22,tobillo_derecho,1,1077.59274,687.46995
22,rodilla_derecha,1,1220.03254,687.38524
22,cadera_derecha,1,1174.36924,568.32535
22,hombro_derecho,1,1159.77196,390.12822
22,punta_derecha,2,1118.60916,789.42046
22,talon_derecho,2,1100.67593,717.65581
22,tobillo_derecho,2,1132.79675,727.64451
22,rodilla_derecha,2,1263.78147,674.67762
22,cadera_derecha,2,1178.9843,569.09944
22,hombro_derecho,2,1163.95981,392.6875
22,punta_derecha,3,1236.85329,843.6369
22,talon_derecho,3,1177.65953,778.91646
22,tobillo_derecho,3,1206.46214,772.35369
22,rodilla_derecha,3,1289.42562,663.59201
22,cadera_derecha,3,1194.71249,568.57718
22,hombro_derecho,3,1170.17075,401.1933
22,punta_derecha,4,1374.75552,844.72995
22,talon_derecho,4,1291.88919,826.08463
22,tobillo_derecho,4,1316.81259,799.91919
22,rodilla_derecha,4,1302.66907,657.78151
22,cadera_derecha,4,1200.82455,566.4763
22,hombro_derecho,4,1176.65874,408.6861
22,punta_derecha,5,1452.80571,803.32413
22,talon_derecho,5,1378.65578,820.44491
22,tobillo_derecho,5,1385.47783,791.22625
22,rodilla_derecha,5,1307.5359,650.68889
22,cadera_derecha,5,1206.86817,565.93518
22,hombro_derecho,5,1183.37952,409.43076
22,punta_derecha,6,1515.09052,786.99772
22,talon_derecho,6,1443.53886,800.2686
22,tobillo_derecho,6,1434.66248,771.0878
22,rodilla_derecha,6,1311.72134,649.31961
22,cadera_derecha,6,1209.98474,566.49812
22,hombro_derecho,6,1186.01063,411.86641
23,punta_derecha,0,1077.20879,708.61443
23,talon_derecho,0,1131.91303,667.34792
23,tobillo_derecho,0,1143.76408,686.2674
23,rodilla_derecha,0,1301.05877,706.13974
23,cadera_derecha,0,1270.38391,577.05156
23,hombro_derecho,0,1263.09448,400.68556
23,punta_derecha,1,1152.8944,767.73796
23,talon_derecho,1,1161.81118,699.98922
23,tobillo_derecho,1,1189.66358,718.52382
23,rodilla_derecha,1,1347.00703,706.14431
23,cadera_derecha,1,1281.25111,580.46835
23,hombro_derecho,1,1272.69402,402.47487
23,punta_derecha,2,1261.74877,843.23508
23,talon_derecho,2,1225.8807,757.55176
23,tobillo_derecho,2,1265.45345,765.92148
23,rodilla_derecha,2,1395.51167,692.59089
23,cadera_derecha,2,1292.05502,582.03088
23,hombro_derecho,2,1286.54881,401.48333
23,punta_derecha,3,1402.48661,849.95456
23,talon_derecho,3,1324.67995,830.18429
23,tobillo_derecho,3,1360.61256,815.22252
23,rodilla_derecha,3,1413.73238,683.54964
23,cadera_derecha,3,1308.58074,583.18625
23,hombro_derecho,3,1290.93601,402.53072
23,punta_derecha,4,1543.22445,856.67404
23,talon_derecho,4,1460.00038,857.76356
23,tobillo_derecho,4,1472.08981,830.531
23,rodilla_derecha,4,1424.69193,672.85438
23,cadera_derecha,4,1320.60848,583.25757
23,hombro_derecho,4,1298.98819,402.50938
23,punta_derecha,5,1633.1496,838.28074
23,talon_derecho,5,1547.82898,848.50601
23,tobillo_derecho,5,1548.18123,818.67941
23,rodilla_derecha,5,1431.81656,662.71364
23,cadera_derecha,5,1321.92329,582.53061
23,hombro_derecho,5,1304.49314,402.78087
23,punta_derecha,6,1662.9229,780.92387
23,talon_derecho,6,1593.59951,816.3746
23,tobillo_derecho,6,1587.62947,788.33983
23,rodilla_derecha,6,1435.29648,660.76088
23,cadera_derecha,6,1322.25803,581.88366
23,hombro_derecho,6,1310.18921,403.21294
24,punta_derecha,0,921.92259,712.2508
24,talon_derecho,0,954.00696,675.7504
24,tobillo_derecho,0,967.31564,691.96049
24,rodilla_derecha,0,1082.7776,700.37224
24,cadera_derecha,0,1067.88219,608.98238
24,hombro_derecho,0,1040.87872,476.20538
24,punta_derecha,1,972.48882,747.2842
24,talon_derecho,1,982.80407,698.44967
24,tobillo_derecho,1,1002.65934,709.67356
24,rodilla_derecha,1,1117.78152,693.20907
24,cadera_derecha,1,1068.60249,605.23413
24,hombro_derecho,1,1046.61953,476.01657
24,punta_derecha,2,1057.91553,793.41899
24,talon_derecho,2,1031.28548,739.02856
24,tobillo_derecho,2,1057.34802,740.44805
24,rodilla_derecha,2,1149.52709,674.97258
24,cadera_derecha,2,1072.28153,599.73983
24,hombro_derecho,2,1056.55952,475.14763
24,punta_derecha,3,1161.0553,812.39905
24,talon_derecho,3,1104.32293,781.94894
24,tobillo_derecho,3,1123.6512,768.88399
24,rodilla_derecha,3,1165.9901,661.24722
24,cadera_derecha,3,1077.29816,595.71156
24,hombro_derecho,3,1064.00654,477.46702
24,punta_derecha,4,1242.11586,800.07993
24,talon_derecho,4,1187.65102,784.74215
24,tobillo_derecho,4,1200.86712,764.48223
24,rodilla_derecha,4,1175.41054,653.03992
24,cadera_derecha,4,1086.68953,594.64651
24,hombro_derecho,4,1074.50283,478.79558
24,punta_derecha,5,1307.70058,778.63966
24,talon_derecho,5,1245.84915,783.26853
24,tobillo_derecho,5,1249.95518,761.87666
24,rodilla_derecha,5,1188.22895,659.48546
24,cadera_derecha,5,1097.41356,595.95489
24,hombro_derecho,5,1079.75304,483.07201
24,punta_derecha,6,1336.74362,738.67277
24,talon_derecho,6,1291.69041,767.69779
24,tobillo_derecho,6,1289.53411,747.64559
24,rodilla_derecha,6,1196.09631,657.24154
24,cadera_derecha,6,1104.51393,596.04154
24,hombro_derecho,6,1087.07348,484.30495
24,punta_derecha,7,1349.86622,692.49324
24,talon_derecho,7,1318.45528,763.69346
24,tobillo_derecho,7,1306.9376,721.13492
24,rodilla_derecha,7,1200.13515,654.58519
24,cadera_derecha,7,1108.92895,595.17405
24,hombro_derecho,7,1092.92301,484.17704
25,punta_derecha,0,846.86039,683.92944
25,talon_derecho,0,882.81939,660.4918
25,tobillo_derecho,0,891.86554,675.8196
25,rodilla_derecha,0,990.30109,699.17342
25,cadera_derecha,0,993.79269,597.49733
25,hombro_derecho,0,968.68114,475.39489
25,punta_derecha,1,869.09637,719.28967
25,talon_derecho,1,897.87495,676.11192
25,tobillo_derecho,1,910.74171,692.57094
25,rodilla_derecha,1,1027.83943,697.1861
25,cadera_derecha,1,1002.1796,599.74885
25,hombro_derecho,1,974.08344,475.66947
25,punta_derecha,2,934.19535,776.07143
25,talon_derecho,2,925.91921,717.73435
25,tobillo_derecho,2,949.62702,723.61328
25,rodilla_derecha,2,1061.58554,685.96968
25,cadera_derecha,2,1009.74815,598.39592
25,hombro_derecho,2,983.61443,475.26621
25,punta_derecha,3,1027.21619,810.89298
25,talon_derecho,3,989.46487,760.91017
25,tobillo_derecho,3,1012.71664,758.31909
25,rodilla_derecha,3,1089.6571,670.15355
25,cadera_derecha,3,1015.88722,598.16501
25,hombro_derecho,3,990.53993,475.39067
25,punta_derecha,4,1137.77355,804.81894
25,talon_derecho,4,1075.75699,795.57175
25,tobillo_derecho,4,1093.05256,774.42824
25,rodilla_derecha,4,1101.36578,658.18796
25,cadera_derecha,4,1021.4843,595.62466
25,hombro_derecho,4,997.30339,475.42746
25,punta_derecha,5,1181.18259,777.34048
25,talon_derecho,5,1139.76551,781.328
25,tobillo_derecho,5,1143.92361,761.9758
25,rodilla_derecha,5,1112.57732,655.85405
25,cadera_derecha,5,1030.40405,593.03184
25,hombro_derecho,5,1007.12574,475.49627
25,punta_derecha,6,1240.89077,763.1779
25,talon_derecho,6,1193.51086,777.60718
25,tobillo_derecho,6,1192.93682,754.18705
25,rodilla_derecha,6,1122.81269,658.54935
25,cadera_derecha,6,1034.38705,591.01851
25,hombro_derecho,6,1012.46853,475.70861
25,punta_derecha,7,1269.86858,715.03223
25,talon_derecho,7,1235.32162,756.54046
25,tobillo_derecho,7,1226.99673,752.456
25,rodilla_derecha,7,1128.74256,656.74607
25,cadera_derecha,7,1040.59753,590.17555
25,hombro_derecho,7,1018.55301,475.80459
25,punta_derecha,8,1279.25423,667.46437
25,talon_derecho,8,1260.07095,726.53298
25,tobillo_derecho,8,1246.45065,706.3552
25,rodilla_derecha,8,1135.50533,650.29042
25,cadera_derecha,8,1045.66853,588.25491
25,hombro_derecho,8,1025.49488,475.71205
25,punta_derecha,9,1285.65594,637.06614
25,talon_derecho,9,1276.83861,697.02034
25,tobillo_derecho,9,1259.26003,679.97507
25,rodilla_derecha,9,1146.14914,642.49903
25,cadera_derecha,9,1050.48019,586.92252
25,hombro_derecho,9,1032.46971,475.23074
26,punta_derecha,0,822.32649,678.92778
26,talon_derecho,0,866.90014,659.88889
26,tobillo_derecho,0,874.00703,675.19119
26,rodilla_derecha,0,972.9665,700.73717
26,cadera_derecha,0,985.38357,607.77017
26,hombro_derecho,0,958.23029,480.11172
26,punta_derecha,1,854.55482,703.6384
26,talon_derecho,1,896.93796,670.93285
26,tobillo_derecho,1,903.67207,685.82078
26,rodilla_derecha,1,1015.3577,698.48418
26,cadera_derecha,1,993.46138,607.6402
26,hombro_derecho,1,964.84245,481.01604
26,punta_derecha,2,919.09052,750.3248
26,talon_derecho,2,923.89778,702.31418
26,tobillo_derecho,2,942.95877,709.63191
26,rodilla_derecha,2,1058.96484,682.34882
26,cadera_derecha,2,1000.84293,604.14848
26,hombro_derecho,2,972.34211,482.19355
26,punta_derecha,3,1004.29436,784.65628
26,talon_derecho,3,972.61185,736.48692
26,tobillo_derecho,3,999.03831,735.78931
26,rodilla_derecha,3,1089.65286,665.04407
26,cadera_derecha,3,1007.0026,602.80199
26,hombro_derecho,3,981.56204,483.51358
26,punta_derecha,4,1102.28874,801.59958
26,talon_derecho,4,1046.89934,773.56745
26,tobillo_derecho,4,1068.85048,760.60716
26,rodilla_derecha,4,1103.62198,652.8354
26,cadera_derecha,4,1015.16304,598.92719
26,hombro_derecho,4,988.70796,485.38336
26,punta_derecha,5,1171.51291,799.39146
26,talon_derecho,5,1126.41438,782.93198
26,tobillo_derecho,5,1138.37849,764.50946
26,rodilla_derecha,5,1115.36945,654.32506
26,cadera_derecha,5,1023.88103,595.80786
26,hombro_derecho,5,997.30511,488.73664
26,punta_derecha,6,1243.99658,766.48661
26,talon_derecho,6,1183.44784,770.42817
26,tobillo_derecho,6,1183.46901,749.09914
26,rodilla_derecha,6,1123.93478,651.28543
26,cadera_derecha,6,1031.59916,595.0211
26,hombro_derecho,6,1004.62532,489.61324
26,punta_derecha,7,1277.21123,720.44098
26,talon_derecho,7,1233.49171,753.46131
26,tobillo_derecho,7,1228.45791,736.48524
26,rodilla_derecha,7,1133.81836,653.34331
26,cadera_derecha,7,1037.9155,594.64188
26,hombro_derecho,7,1009.59606,489.57407
27,punta_derecha,0,774.54884,668.9434
27,talon_derecho,0,813.32783,653.2452
27,tobillo_derecho,0,823.62562,666.80886
27,rodilla_derecha,0,914.00642,688.08974
27,cadera_derecha,0,937.82146,599.88989
27,hombro_derecho,0,907.4469,483.55014
27,punta_derecha,1,794.86622,696.8238
27,talon_derecho,1,834.81474,669.13156
27,tobillo_derecho,1,845.11854,682.62556
27,rodilla_derecha,1,950.8774,688.60743
27,cadera_derecha,1,945.25755,600.44304
27,hombro_derecho,1,912.58913,483.57403
27,punta_derecha,2,847.04029,748.64164
27,talon_derecho,2,856.11763,701.0918
27,tobillo_derecho,2,876.74475,709.65695
27,rodilla_derecha,2,988.60771,685.23808
27,cadera_derecha,2,954.44092,601.31852
27,hombro_derecho,2,921.39782,485.30495
27,punta_derecha,3,930.42051,795.45402
27,talon_derecho,3,905.52023,744.26369
27,tobillo_derecho,3,928.45917,743.81083
27,rodilla_derecha,3,1018.31497,672.24709
27,cadera_derecha,3,961.89995,601.15874
27,hombro_derecho,3,931.80611,485.20926
27,punta_derecha,4,1042.3312,797.60665
27,talon_derecho,4,986.31409,778.64957
27,tobillo_derecho,4,1005.0095,765.31277
27,rodilla_derecha,4,1035.65186,658.17785
27,cadera_derecha,4,967.89722,598.16141
27,hombro_derecho,4,938.84588,485.77278
27,punta_derecha,5,1107.49317,794.27483
27,talon_derecho,5,1051.67736,784.20387
27,tobillo_derecho,5,1061.41434,765.57837
27,rodilla_derecha,5,1043.49644,653.95041
27,cadera_derecha,5,973.31566,597.71202
27,hombro_derecho,5,947.76472,485.74665
27,punta_derecha,6,1162.90604,767.91054
27,talon_derecho,6,1110.30807,778.26951
27,tobillo_derecho,6,1111.85314,759.05429
27,rodilla_derecha,6,1058.7759,661.9259
27,cadera_derecha,6,981.61709,597.74755
27,hombro_derecho,6,954.42381,488.03897
27,punta_derecha,7,1194.47639,733.19256
27,talon_derecho,7,1154.63528,758.65306
27,tobillo_derecho,7,1147.86816,741.11843
27,rodilla_derecha,7,1059.62734,658.64913
27,cadera_derecha,7,985.45132,597.39743
27,hombro_derecho,7,962.30221,488.71473
27,punta_derecha,8,1208.42308,690.29644
27,talon_derecho,8,1180.79189,746.72757
27,tobillo_derecho,8,1171.90258,723.86388
27,rodilla_derecha,8,1068.72219,655.22249
27,cadera_derecha,8,989.04213,594.84929
27,hombro_derecho,8,971.9965,488.21661
27,punta_derecha,9,1213.17547,666.75356
27,talon_derecho,9,1196.30962,726.78268
27,tobillo_derecho,9,1181.78295,704.27035
27,rodilla_derecha,9,1082.95898,652.53556
27,cadera_derecha,9,994.78283,594.12071
27,hombro_derecho,9,980.90252,487.06652
27,punta_derecha,10,1221.67912,663.85156
27,talon_derecho,10,1201.42616,715.08031
27,tobillo_derecho,10,1186.2339,693.74954
27,rodilla_derecha,10,1086.4991,642.38593
27,cadera_derecha,10,997.08469,590.68995
27,hombro_derecho,10,987.93285,486.56338
28,punta_derecha,0,818.69511,700.0935
28,talon_derecho,0,854.68952,667.61687
28,tobillo_derecho,0,869.93975,682.25265
28,rodilla_derecha,0,971.25641,686.0392
28,cadera_derecha,0,963.86124,599.77479
28,hombro_derecho,0,936.27022,476.83378
28,punta_derecha,1,863.81189,742.65997
28,talon_derecho,1,868.80507,698.02031
28,tobillo_derecho,1,890.69,705.83274
28,rodilla_derecha,1,1002.43057,681.05055
28,cadera_derecha,1,966.40526,598.48701
28,hombro_derecho,1,938.86854,476.62168
28,punta_derecha,2,948.53302,789.52674
28,talon_derecho,2,920.93016,739.03454
28,tobillo_derecho,2,945.41319,736.26193
28,rodilla_derecha,2,1035.09499,664.64637
28,cadera_derecha,2,972.28786,594.43241
28,hombro_derecho,2,949.38789,472.81005
28,punta_derecha,3,1053.22689,800.63006
28,talon_derecho,3,999.01863,772.90943
28,tobillo_derecho,3,1017.68692,761.31359
28,rodilla_derecha,3,1051.79214,655.40009
28,cadera_derecha,3,982.55939,588.9793
28,hombro_derecho,3,959.20509,471.1174
28,punta_derecha,4,1115.05772,798.00962
28,talon_derecho,4,1069.46228,785.92217
28,tobillo_derecho,4,1079.28486,765.49514
28,rodilla_derecha,4,1060.81684,652.39336
28,cadera_derecha,4,991.38599,583.02197
28,hombro_derecho,4,967.36519,471.32133
28,punta_derecha,5,1182.10705,779.62952
28,talon_derecho,5,1130.34267,774.45277
28,tobillo_derecho,5,1131.64959,753.51512
28,rodilla_derecha,5,1076.07433,654.09518
28,cadera_derecha,5,1000.99022,582.67545
28,hombro_derecho,5,974.83704,471.56331
28,punta_derecha,6,1219.62765,717.84114
28,talon_derecho,6,1178.03879,753.04855
28,tobillo_derecho,6,1173.27267,751.68513
28,rodilla_derecha,6,1080.45238,651.62873
28,cadera_derecha,6,1004.94724,582.56183
28,hombro_derecho,6,981.84071,472.09242
28,punta_derecha,7,1231.27453,665.26815
28,talon_derecho,7,1209.06967,721.38681
28,tobillo_derecho,7,1197.28409,701.09405
28,rodilla_derecha,7,1088.63033,645.25516
28,cadera_derecha,7,1011.27262,583.52826
28,hombro_derecho,7,988.96019,472.34695
28,punta_derecha,8,1239.25301,632.36125
28,talon_derecho,8,1227.51583,690.67637
28,tobillo_derecho,8,1209.43302,674.76079
28,rodilla_derecha,8,1096.9804,636.33911
28,cadera_derecha,8,1013.41667,581.04816
28,hombro_derecho,8,996.37562,472.39475
29,punta_derecha,0,780.2072,676.80837
29,talon_derecho,0,829.23105,657.8865
29,tobillo_derecho,0,837.4898,672.29331
29,rodilla_derecha,0,939.84558,694.76664
29,cadera_derecha,0,958.77216,605.95981
29,hombro_derecho,0,929.44176,479.16875
29,punta_derecha,1,817.89093,703.61271
29,talon_derecho,1,859.27025,671.72934
29,tobillo_derecho,1,868.96339,686.17329
29,rodilla_derecha,1,979.88869,693.79081
29,cadera_derecha,1,963.98117,605.95975
29,hombro_derecho,1,937.81071,481.6652
29,punta_derecha,2,873.17053,749.78188
29,talon_derecho,2,882.54948,708.1691
29,tobillo_derecho,2,902.82646,713.96531
29,rodilla_derecha,2,1022.69772,685.86726
29,cadera_derecha,2,976.16661,604.63823
29,hombro_derecho,2,948.84762,482.18798
29,punta_derecha,3,964.27734,790.86918
29,talon_derecho,3,937.23753,744.21618
29,tobillo_derecho,3,960.87273,742.06896
29,rodilla_derecha,3,1052.6255,669.80478
29,cadera_derecha,3,982.51694,602.72249
29,hombro_derecho,3,958.58574,483.57219
29,punta_derecha,4,1071.44451,805.25912
29,talon_derecho,4,1012.60185,778.4363
29,tobillo_derecho,4,1034.10816,766.24836
29,rodilla_derecha,4,1068.92246,658.92361
29,cadera_derecha,4,989.7813,600.45573
29,hombro_derecho,4,969.15733,483.4315
29,punta_derecha,5,1145.76027,803.27463
29,talon_derecho,5,1094.97597,791.11746
29,tobillo_derecho,5,1106.44375,769.28819
29,rodilla_derecha,5,1083.68248,658.26508
29,cadera_derecha,5,999.15115,599.31587
29,hombro_derecho,5,979.85973,483.29172
29,punta_derecha,6,1212.92896,772.31378
29,talon_derecho,6,1144.49158,783.35163
29,tobillo_derecho,6,1149.4566,762.91455
29,rodilla_derecha,6,1096.99837,663.8746
29,cadera_derecha,6,1009.55006,599.62126
29,hombro_derecho,6,990.98751,485.3811
29,punta_derecha,7,1237.48775,744.92448
29,talon_derecho,7,1192.34184,766.91424
29,tobillo_derecho,7,1188.04688,747.15694
29,rodilla_derecha,7,1104.82132,661.7109
29,cadera_derecha,7,1015.34695,599.80466
29,hombro_derecho,7,998.09532,489.08616
29,punta_derecha,8,1257.60384,710.15539
29,talon_derecho,8,1222.31724,753.59836
29,tobillo_derecho,8,1216.8132,745.68228
29,rodilla_derecha,8,1115.57201,662.39448
29,cadera_derecha,8,1023.70354,599.72284
29,hombro_derecho,8,1006.31149,491.17175
30,punta_derecha,0,769.40924,726.25437
30,talon_derecho,0,805.72821,683.97283
30,tobillo_derecho,0,819.22977,698.6005
30,rodilla_derecha,0,933.05431,700.08616
30,cadera_derecha,0,922.70485,604.05308
30,hombro_derecho,0,899.62029,472.21531
30,punta_derecha,1,819.94343,768.19333
30,talon_derecho,1,822.06505,710.44507
30,tobillo_derecho,1,841.6218,721.8969
30,rodilla_derecha,1,961.5683,690.98253
30,cadera_derecha,1,923.30132,601.03811
30,hombro_derecho,1,904.14293,472.0809
30,punta_derecha,2,906.22713,807.41523
30,talon_derecho,2,872.52789,755.01868
30,tobillo_derecho,2,899.08911,753.7179
30,rodilla_derecha,2,990.17693,674.27632
30,cadera_derecha,2,925.44073,596.82515
30,hombro_derecho,2,912.558,472.09657
30,punta_derecha,3,1002.85652,807.88374
30,talon_derecho,3,953.19895,789.8132
30,tobillo_derecho,3,971.82575,774.41717
30,rodilla_derecha,3,1002.63622,659.4955
30,cadera_derecha,3,932.15321,591.37031
30,hombro_derecho,3,924.13267,470.12982
30,punta_derecha,4,1072.35649,794.86835
30,talon_derecho,4,1024.58233,790.16577
30,tobillo_derecho,4,1031.30653,768.69615
30,rodilla_derecha,4,1012.47757,655.66383
30,cadera_derecha,4,940.34014,587.30934
30,hombro_derecho,4,929.36005,470.20237
30,punta_derecha,5,1137.4823,776.02315
30,talon_derecho,5,1081.89285,784.67147
30,tobillo_derecho,5,1083.30803,762.55078
30,rodilla_derecha,5,1025.28339,661.31771
30,cadera_derecha,5,947.72821,586.28446
30,hombro_derecho,5,936.93254,470.19738
30,punta_derecha,6,1164.30553,719.6302
30,talon_derecho,6,1119.61132,763.17153
30,tobillo_derecho,6,1113.72723,743.44718
30,rodilla_derecha,6,1029.9107,657.44458
30,cadera_derecha,6,952.42699,586.54124
30,hombro_derecho,6,941.77774,469.35168
30,punta_derecha,7,1179.21501,670.02828
30,talon_derecho,7,1153.82915,732.54697
30,tobillo_derecho,7,1140.53661,706.86387
30,rodilla_derecha,7,1035.39757,650.76015
30,cadera_derecha,7,953.71805,584.49334
30,hombro_derecho,7,949.07782,466.12211
30,punta_derecha,8,1187.25323,638.10538
30,talon_derecho,8,1166.55842,699.38328
30,tobillo_derecho,8,1152.5005,679.01025
30,rodilla_derecha,8,1040.52509,637.57688
30,cadera_derecha,8,955.59025,578.66018
30,hombro_derecho,8,953.4395,464.5302
30,punta_derecha,9,1198.63049,621.31065
30,talon_derecho,9,1178.99048,677.98182
30,tobillo_derecho,9,1164.92077,661.57121
30,rodilla_derecha,9,1050.14854,623.52244
30,cadera_derecha,9,958.11762,574.02925
30,hombro_derecho,9,959.76288,462.34982
31,punta_derecha,0,689.66646,695.24589
31,talon_derecho,0,727.85992,668.70348
31,tobillo_derecho,0,738.66777,682.25735
31,rodilla_derecha,0,848.17045,691.7254
31,cadera_derecha,0,856.11082,604.81507
31,hombro_derecho,0,831.64845,484.38184
31,punta_derecha,1,726.04895,730.18351
31,talon_derecho,1,751.74242,692.51513
31,tobillo_derecho,1,767.51467,700.46056
31,rodilla_derecha,1,883.27858,689.99763
31,cadera_derecha,1,862.85025,604.45799
31,hombro_derecho,1,838.96482,484.51654
31,punta_derecha,2,788.50491,781.09967
31,talon_derecho,2,788.10053,727.18772
31,tobillo_derecho,2,812.76592,731.55852
31,rodilla_derecha,2,917.88637,682.6808
31,cadera_derecha,2,872.26908,603.79224
31,hombro_derecho,2,849.23206,484.80735
31,punta_derecha,3,883.96053,809.63945
31,talon_derecho,3,848.20827,765.31682
31,tobillo_derecho,3,869.37716,762.33178
31,rodilla_derecha,3,943.67609,669.15538
31,cadera_derecha,3,880.72878,603.35483
31,hombro_derecho,3,860.6286,485.01634
31,punta_derecha,4,984.03271,803.55208
31,talon_derecho,4,931.63164,791.57277
31,tobillo_derecho,4,947.08872,774.11822
31,rodilla_derecha,4,957.88273,666.29297
31,cadera_derecha,4,888.35243,603.30932
31,hombro_derecho,4,868.50941,485.24769
31,punta_derecha,5,1055.59135,795.36679
31,talon_derecho,5,993.96,798.37134
31,tobillo_derecho,5,1003.25603,777.30552
31,rodilla_derecha,5,971.4687,671.11078
31,cadera_derecha,5,896.34487,603.49935
31,hombro_derecho,5,876.06039,489.85876
31,punta_derecha,6,1100.07912,775.24559
31,talon_derecho,6,1046.91353,785.70157
31,tobillo_derecho,6,1046.16543,764.5287
31,rodilla_derecha,6,980.12215,669.59247
31,cadera_derecha,6,903.06347,604.1519
31,hombro_derecho,6,882.01893,493.96589
31,punta_derecha,7,1124.97082,740.09399
31,talon_derecho,7,1085.10395,769.11695
31,tobillo_derecho,7,1079.69227,751.28087
31,rodilla_derecha,7,990.43934,667.97581
31,cadera_derecha,7,909.81966,604.13014
31,hombro_derecho,7,889.54445,495.59404
31,punta_derecha,8,1139.2123,705.65591
31,talon_derecho,8,1111.51028,758.55276
31,tobillo_derecho,8,1104.13353,735.41878
31,rodilla_derecha,8,1002.7319,666.75691
31,cadera_derecha,8,916.2295,603.99521
31,hombro_derecho,8,897.9792,495.12094
32,punta_derecha,0,699.34147,677.4203
32,talon_derecho,0,737.88311,656.10291
32,tobillo_derecho,0,746.31695,671.82023
32,rodilla_derecha,0,838.36956,694.63268
32,cadera_derecha,0,863.24575,607.06162
32,hombro_derecho,0,835.3731,486.68736
32,punta_derecha,1,720.56265,705.53495
32,talon_derecho,1,760.54556,677.07056
32,tobillo_derecho,1,770.86384,690.17877
32,rodilla_derecha,1,876.87292,694.6377
32,cadera_derecha,1,872.09467,607.64439
32,hombro_derecho,1,837.76583,487.67024
32,punta_derecha,2,770.17199,754.54953
32,talon_derecho,2,786.65497,711.3817
32,tobillo_derecho,2,804.82573,718.03201
32,rodilla_derecha,2,915.45851,687.06402
32,cadera_derecha,2,883.43273,607.58452
32,hombro_derecho,2,845.70482,489.95033
32,punta_derecha,3,858.99107,799.28582
32,talon_derecho,3,833.39842,755.73387
32,tobillo_derecho,3,858.94032,749.70913
32,rodilla_derecha,3,946.34125,672.71611
32,cadera_derecha,3,890.3397,605.73251
32,hombro_derecho,3,854.52038,490.80621
32,punta_derecha,4,961.3456,800.38132
32,talon_derecho,4,911.87147,783.91161
32,tobillo_derecho,4,931.00319,768.26137
32,rodilla_derecha,4,960.11375,660.40104
32,cadera_derecha,4,898.89811,603.21771
32,hombro_derecho,4,862.1517,491.07113
32,punta_derecha,5,1025.95814,796.02919
32,talon_derecho,5,983.10963,788.70019
32,tobillo_derecho,5,993.28114,766.27894
32,rodilla_derecha,5,969.23824,655.40608
32,cadera_derecha,5,908.04548,600.64865
32,hombro_derecho,5,870.1997,492.68348
32,punta_derecha,6,1095.11089,767.41892
32,talon_derecho,6,1040.22984,779.78041
32,tobillo_derecho,6,1038.92441,759.07148
32,rodilla_derecha,6,986.61324,661.65406
32,cadera_derecha,6,917.63014,600.23042
32,hombro_derecho,6,876.64742,494.92054
32,punta_derecha,7,1134.14875,732.94228
32,talon_derecho,7,1094.3565,761.59922
32,tobillo_derecho,7,1085.52246,743.95921
32,rodilla_derecha,7,1000.99068,663.01941
32,cadera_derecha,7,924.7578,600.14532
32,hombro_derecho,7,885.83799,494.47756
32,punta_derecha,8,1156.03878,689.93937
32,talon_derecho,8,1126.19259,751.88282
32,tobillo_derecho,8,1115.77492,724.246
32,rodilla_derecha,8,1013.50674,659.67433
32,cadera_derecha,8,932.4258,600.42727
32,hombro_derecho,8,894.78407,494.20172
32,punta_derecha,9,1161.74114,666.65288
32,talon_derecho,9,1146.53103,732.17875
32,tobillo_derecho,9,1132.70142,706.73255
32,rodilla_derecha,9,1027.26002,655.98028
32,cadera_derecha,9,940.35879,599.96308
32,hombro_derecho,9,904.12577,493.36944
32,punta_derecha,10,1175.99224,660.45247
32,talon_derecho,10,1157.08889,716.98788
32,tobillo_derecho,10,1144.53186,694.62296
32,rodilla_derecha,10,1039.29554,645.46019
32,cadera_derecha,10,946.42885,598.35517
32,hombro_derecho,10,910.76557,493.22795
33,punta_derecha,0,713.54267,678.15981
33,talon_derecho,0,757.36702,662.40973
33,tobillo_derecho,0,765.03925,676.69076
33,rodilla_derecha,0,871.86459,695.2278
33,cadera_derecha,0,877.74851,603.06779
33,hombro_derecho,0,850.26329,474.83626
33,punta_derecha,1,743.74666,722.14409
33,talon_derecho,1,778.92099,684.90237
33,tobillo_derecho,1,792.05452,699.9822
33,rodilla_derecha,1,910.56484,694.19616
33,cadera_derecha,1,886.59039,604.79897
33,hombro_derecho,1,854.37555,475.26991
33,punta_derecha,2,818.10997,787.9198
33,talon_derecho,2,806.98036,733.97109
33,tobillo_derecho,2,829.71914,737.826
33,rodilla_derecha,2,945.82529,686.5892
33,cadera_derecha,2,894.85044,604.2836
33,hombro_derecho,2,864.64302,474.83671
33,punta_derecha,3,924.40269,824.10374
33,talon_derecho,3,877.68923,778.37444
33,tobillo_derecho,3,901.34909,771.55457
33,rodilla_derecha,3,971.10489,672.20254
33,cadera_derecha,3,901.66992,601.6389
33,hombro_derecho,3,874.006,474.60181
33,punta_derecha,4,1027.3732,815.91594
33,talon_derecho,4,974.32903,800.54019
33,tobillo_derecho,4,987.72537,784.83009
33,rodilla_derecha,4,984.06395,662.55856
33,cadera_derecha,4,909.8049,600.11236
33,hombro_derecho,4,884.16286,474.45485
33,punta_derecha,5,1095.97092,794.49582
33,talon_derecho,5,1037.01542,799.85803
33,tobillo_derecho,5,1041.22066,778.1537
33,rodilla_derecha,5,1001.12617,670.17421
33,cadera_derecha,5,922.32491,600.14931
33,hombro_derecho,5,890.36264,475.81305
33,punta_derecha,6,1146.12774,776.08746
33,talon_derecho,6,1088.93257,784.7858
33,tobillo_derecho,6,1087.67189,762.14574
33,rodilla_derecha,6,1011.28178,669.88016
33,cadera_derecha,6,930.31975,600.24156
33,hombro_derecho,6,897.66993,476.00006
33,punta_derecha,7,1163.86013,723.7045
33,talon_derecho,7,1129.64596,764.34402
33,tobillo_derecho,7,1119.75529,759.10882
33,rodilla_derecha,7,1022.69577,667.87075
33,cadera_derecha,7,935.53167,600.26975
33,hombro_derecho,7,906.43633,476.22272
33,punta_derecha,8,1180.43255,684.97576
33,talon_derecho,8,1151.82976,741.53234
33,tobillo_derecho,8,1140.65781,721.44539
33,rodilla_derecha,8,1028.86185,660.52373
33,cadera_derecha,8,939.50626,598.08377
33,hombro_derecho,8,915.72218,475.8408
33,punta_derecha,9,1188.04893,669.36041
33,talon_derecho,9,1169.21436,724.41241
33,tobillo_derecho,9,1153.86921,703.95202
33,rodilla_derecha,9,1044.6698,653.98942
33,cadera_derecha,9,949.02243,598.02693
33,hombro_derecho,9,923.66249,474.38919
33,punta_derecha,10,1201.63696,663.03492
33,talon_derecho,10,1176.14342,714.77776
33,tobillo_derecho,10,1162.51522,693.5413
33,rodilla_derecha,10,1053.08292,641.50485
33,cadera_derecha,10,954.74316,595.38487
33,hombro_derecho,10,935.12947,472.10008
34,punta_derecha,0,764.90633,665.62909
34,talon_derecho,0,810.10054,647.90089
34,tobillo_derecho,0,816.72855,661.87756
34,rodilla_derecha,0,915.73494,683.49235
34,cadera_derecha,0,933.99061,610.7865
34,hombro_derecho,0,904.68115,486.87585
34,punta_derecha,1,789.22926,694.27386
34,talon_derecho,1,832.70073,667.56369
34,tobillo_derecho,1,844.5821,680.83007
34,rodilla_derecha,1,949.03639,681.71829
34,cadera_derecha,1,940.54562,609.22835
34,hombro_derecho,1,908.60813,487.32565
34,punta_derecha,2,842.55341,747.86787
34,talon_derecho,2,857.65818,699.53796
34,tobillo_derecho,2,875.5933,708.10633
34,rodilla_derecha,2,983.84628,675.93116
34,cadera_derecha,2,947.45991,604.3145
34,hombro_derecho,2,916.81583,486.7555
34,punta_derecha,3,930.4763,797.88268
34,talon_derecho,3,901.56979,747.04422
34,tobillo_derecho,3,926.50423,744.53264
34,rodilla_derecha,3,1012.58835,666.05717
34,cadera_derecha,3,951.27302,599.53551
34,hombro_derecho,3,924.73274,486.77378
34,punta_derecha,4,1028.61511,799.69761
34,talon_derecho,4,983.09933,776.48554
34,tobillo_derecho,4,997.11514,765.84475
34,rodilla_derecha,4,1026.79138,656.96976
34,cadera_derecha,4,960.47813,598.59032
34,hombro_derecho,4,931.39183,488.47301
34,punta_derecha,5,1101.24081,791.60644
34,talon_derecho,5,1046.42967,783.70858
34,tobillo_derecho,5,1055.80261,762.89711
34,rodilla_derecha,5,1034.08653,657.74822
34,cadera_derecha,5,969.35863,597.09507
34,hombro_derecho,5,938.95346,489.67446
34,punta_derecha,6,1152.96444,768.09407
34,talon_derecho,6,1101.33385,777.5851
34,tobillo_derecho,6,1102.73026,756.04775
34,rodilla_derecha,6,1049.34757,661.97354
34,cadera_derecha,6,976.94801,598.29369
34,hombro_derecho,6,945.35208,491.70649
34,punta_derecha,7,1189.65214,744.77211
34,talon_derecho,7,1148.64555,761.37243
34,tobillo_derecho,7,1144.27345,741.98759
34,rodilla_derecha,7,1061.21086,663.91278
34,cadera_derecha,7,983.84972,598.97283
34,hombro_derecho,7,951.67883,491.90431
34,punta_derecha,8,1209.73068,695.44069
34,talon_derecho,8,1181.19987,745.95381
34,tobillo_derecho,8,1171.51852,734.08606
34,rodilla_derecha,8,1069.98745,660.7128
34,cadera_derecha,8,989.05552,599.49419
34,hombro_derecho,8,958.5458,491.71618
34,punta_derecha,9,1213.02589,676.04143
34,talon_derecho,9,1195.38918,742.9631
34,tobillo_derecho,9,1182.5267,716.15103
34,rodilla_derecha,9,1083.4956,659.59747
34,cadera_derecha,9,997.27386,599.60362
34,hombro_derecho,9,965.58735,491.55782
34,punta_derecha,10,1224.32304,670.38606
34,talon_derecho,10,1204.11301,727.337
34,tobillo_derecho,10,1192.81757,703.80731
34,rodilla_derecha,10,1091.79577,650.88149
34,cadera_derecha,10,1001.09539,598.26003
34,hombro_derecho,10,972.20901,490.68007
35,punta_derecha,0,746.58331,663.60141
35,talon_derecho,0,794.6113,650.7689
35,tobillo_derecho,0,803.89761,667.69366
35,rodilla_derecha,0,901.17811,701.80686
35,cadera_derecha,0,922.55636,610.17824
35,hombro_derecho,0,893.47601,478.57623
35,punta_derecha,1,771.90382,693.55913
35,talon_derecho,1,821.58073,667.70107
35,tobillo_derecho,1,831.33505,684.12681
35,rodilla_derecha,1,947.39038,701.80537
35,cadera_derecha,1,929.51036,611.41472
35,hombro_derecho,1,898.99647,477.70523
35,punta_derecha,2,831.07927,756.76892
35,talon_derecho,2,849.05577,701.50862
35,tobillo_derecho,2,867.40625,714.62945
35,rodilla_derecha,2,992.44652,691.24678
35,cadera_derecha,2,938.18087,609.56837
35,hombro_derecho,2,907.96818,477.79056
35,punta_derecha,3,924.41454,813.52513
35,talon_derecho,3,901.58724,755.99181
35,tobillo_derecho,3,923.18098,755.99715
35,rodilla_derecha,3,1025.74219,680.89425
35,cadera_derecha,3,951.39582,608.60084
35,hombro_derecho,3,918.2836,477.798
35,punta_derecha,4,1051.348,828.96841
35,talon_derecho,4,992.41493,796.15201
35,tobillo_derecho,4,1011.75682,783.63268
35,rodilla_derecha,4,1038.54378,671.71833
35,cadera_derecha,4,958.71346,605.19583
35,hombro_derecho,4,931.2977,476.18162
35,punta_derecha,5,1122.05578,825.14658
35,talon_derecho,5,1060.94112,810.54498
35,tobillo_derecho,5,1077.25594,788.05492
35,rodilla_derecha,5,1056.71711,675.59886
35,cadera_derecha,5,971.46812,604.76228
35,hombro_derecho,5,942.70283,475.89684
35,punta_derecha,6,1193.39642,793.4956
35,talon_derecho,6,1124.85237,805.38973
35,tobillo_derecho,6,1128.25562,780.91962
35,rodilla_derecha,6,1070.41328,672.3215
35,cadera_derecha,6,986.23936,604.85517
35,hombro_derecho,6,947.47015,478.87801
35,punta_derecha,7,1225.97832,782.02967
35,talon_derecho,7,1177.57187,788.3708
35,tobillo_derecho,7,1173.56644,766.21843
35,rodilla_derecha,7,1078.00003,673.84122
35,cadera_derecha,7,995.8128,604.44524
35,hombro_derecho,7,956.07903,480.63771
36,punta_derecha,0,674.83767,654.04613
36,talon_derecho,0,715.67974,639.47459
36,tobillo_derecho,0,722.70893,652.97316
36,rodilla_derecha,0,815.58552,675.9251
36,cadera_derecha,0,839.35284,601.67971
36,hombro_derecho,0,803.84943,489.18732
36,punta_derecha,1,700.51918,684.07698
36,talon_derecho,1,735.51693,656.15081
36,tobillo_derecho,1,746.92234,669.79808
36,rodilla_derecha,1,849.59101,675.64695
36,cadera_derecha,1,846.0751,601.65982
36,hombro_derecho,1,806.79663,490.27722
36,punta_derecha,2,749.76522,740.53707
36,talon_derecho,2,765.25938,691.7852
36,tobillo_derecho,2,783.93219,700.86946
36,rodilla_derecha,2,885.76744,671.36177
36,cadera_derecha,2,857.27846,599.67874
36,hombro_derecho,2,817.49142,490.26422
36,punta_derecha,3,833.81498,789.48046
36,talon_derecho,3,808.59684,740.76682
36,tobillo_derecho,3,834.30828,736.43799
36,rodilla_derecha,3,915.01814,662.91139
36,cadera_derecha,3,865.81581,596.80578
36,hombro_derecho,3,829.1181,490.25826
36,punta_derecha,4,939.26491,784.67598
36,talon_derecho,4,887.29099,771.10428
36,tobillo_derecho,4,904.68103,756.2551
36,rodilla_derecha,4,929.0914,657.46756
36,cadera_derecha,4,874.91632,596.02371
36,hombro_derecho,4,837.47515,490.42444
36,punta_derecha,5,993.83698,776.70956
36,talon_derecho,5,947.94348,765.60135
36,tobillo_derecho,5,958.15859,747.29721
36,rodilla_derecha,5,938.16301,652.65503
36,cadera_derecha,5,882.92982,595.88807
36,hombro_derecho,5,842.7523,491.44105
36,punta_derecha,6,1050.80544,756.49566
36,talon_derecho,6,1001.71188,768.35658
36,tobillo_derecho,6,1002.95689,748.65213
36,rodilla_derecha,6,953.95346,656.2034
36,cadera_derecha,6,890.14349,596.00794
36,hombro_derecho,6,849.06652,492.66298
36,punta_derecha,7,1086.48045,737.75468
36,talon_derecho,7,1045.23674,754.72894
36,tobillo_derecho,7,1040.76782,734.46895
36,rodilla_derecha,7,964.20376,655.86016
36,cadera_derecha,7,896.90042,596.17402
36,hombro_derecho,7,857.635,493.20845
36,punta_derecha,8,1106.00876,696.06369
36,talon_derecho,8,1079.05529,740.14221
36,tobillo_derecho,8,1068.82645,733.60635
36,rodilla_derecha,8,975.45307,652.46938
36,cadera_derecha,8,905.88787,596.62663
36,hombro_derecho,8,867.48665,493.39152
36,punta_derecha,9,1117.49439,676.42438
36,talon_derecho,9,1094.61811,737.10805
36,tobillo_derecho,9,1083.30162,714.32657
36,rodilla_derecha,9,988.22182,650.88355
36,cadera_derecha,9,911.71886,596.5114
36,hombro_derecho,9,876.14508,493.80776
36,punta_derecha,10,1129.74667,669.96732
36,talon_derecho,10,1107.01836,732.85621
36,tobillo_derecho,10,1095.49702,704.74265
36,rodilla_derecha,10,1000.89226,643.99326
36,cadera_derecha,10,917.78835,594.83725
36,hombro_derecho,10,885.69048,493.73402
38,punta_derecha,0,616.97113,699.86434
38,talon_derecho,0,646.29358,677.29013
38,tobillo_derecho,0,657.46513,689.22772
38,rodilla_derecha,0,764.74394,684.74305
38,cadera_derecha,0,780.86117,607.73973
38,hombro_derecho,0,754.15775,490.97963
38,punta_derecha,1,639.66854,745.18783
38,talon_derecho,1,665.60097,706.38513
38,tobillo_derecho,1,681.845,712.30371
38,rodilla_derecha,1,804.97135,684.74344
38,cadera_derecha,1,789.43331,609.30521
38,hombro_derecho,1,756.47089,491.22051
38,punta_derecha,2,720.84377,794.12555
38,talon_derecho,2,708.08916,742.33057
38,tobillo_derecho,2,732.12095,742.68256
38,rodilla_derecha,2,835.72792,677.66981
38,cadera_derecha,2,798.48753,608.20315
38,hombro_derecho,2,764.26243,491.74087
38,punta_derecha,3,830.29009,815.04105
38,talon_derecho,3,782.45745,783.16057
38,tobillo_derecho,3,804.83997,773.86575
38,rodilla_derecha,3,861.96882,671.77298
38,cadera_derecha,3,807.50118,606.00925
38,hombro_derecho,3,772.6589,491.08414
38,punta_derecha,4,920.47697,805.39102
38,talon_derecho,4,863.06585,801.28911
38,tobillo_derecho,4,877.83251,781.43132
38,rodilla_derecha,4,875.80685,668.3643
38,cadera_derecha,4,818.72761,605.62546
38,hombro_derecho,4,781.10619,491.16946
38,punta_derecha,5,984.83528,785.58402
38,talon_derecho,5,929.82708,789.02431
38,tobillo_derecho,5,934.05064,768.99883
38,rodilla_derecha,5,889.31105,670.89365
38,cadera_derecha,5,828.05054,606.03835
38,hombro_derecho,5,786.03144,494.30517
38,punta_derecha,6,1030.85403,755.72582
38,talon_derecho,6,984.43142,776.51683
38,tobillo_derecho,6,979.80309,754.77832
38,rodilla_derecha,6,905.13828,669.83304
38,cadera_derecha,6,835.19674,607.25146
38,hombro_derecho,6,795.14391,494.29226
38,punta_derecha,7,1060.9021,714.39777
38,talon_derecho,7,1024.82643,761.79967
38,tobillo_derecho,7,1015.1722,742.94668
38,rodilla_derecha,7,919.67846,665.09898
38,cadera_derecha,7,842.69966,607.58613
38,hombro_derecho,7,805.53806,494.644
38,punta_derecha,8,1074.62036,686.80118
38,talon_derecho,8,1047.98847,745.74047
38,tobillo_derecho,8,1034.56341,723.65493
38,rodilla_derecha,8,932.67237,661.47948
38,cadera_derecha,8,850.77799,607.9613
38,hombro_derecho,8,815.30966,494.64863
38,punta_derecha,9,1087.3027,682.39079
38,talon_derecho,9,1059.799,735.22958
38,tobillo_derecho,9,1049.36588,713.89694
38,rodilla_derecha,9,947.63523,656.99512
38,cadera_derecha,9,858.04802,607.84806
38,hombro_derecho,9,824.70726,494.59298
39,punta_derecha,0,961.01189,672.72255
39,talon_derecho,0,979.84406,631.71423
39,tobillo_derecho,0,1000.13535,645.88286
39,rodilla_derecha,0,1105.58304,658.38198
39,cadera_derecha,0,1113.31261,574.50992
39,hombro_derecho,0,1091.9537,436.03462
39,punta_derecha,1,1013.95294,697.76938
39,talon_derecho,1,1009.88125,650.30548
39,tobillo_derecho,1,1034.43775,659.8334
39,rodilla_derecha,1,1143.21579,656.26584
39,cadera_derecha,1,1124.53835,574.4377
39,hombro_derecho,1,1101.01124,434.85154
39,punta_derecha,2,1083.84464,733.2073
39,talon_derecho,2,1060.56416,684.62988
39,tobillo_derecho,2,1090.50682,684.73912
39,rodilla_derecha,2,1190.03345,651.58206
39,cadera_derecha,2,1137.12627,570.19751
39,hombro_derecho,2,1110.15564,433.46964
39,punta_derecha,3,1178.156775,756.174885
39,talon_derecho,3,1187.9845,744.88747
39,tobillo_derecho,3,1202.03911,726.40481
39,rodilla_derecha,3,1226.14998,632.71221
39,cadera_derecha,3,1150.64804,566.05466
39,hombro_derecho,3,1121.59286,431.2743
39,punta_derecha,4,1272.46891,779.14247
39,talon_derecho,4,1209.86206,759.37268
39,tobillo_derecho,4,1229.08367,742.71372
39,rodilla_derecha,4,1237.48959,631.37801
39,cadera_derecha,4,1157.84397,565.81776
39,hombro_derecho,4,1127.50431,431.56246
39,punta_derecha,5,1331.38927,747.77234
39,talon_derecho,5,1272.03072,751.05569
39,tobillo_derecho,5,1284.06223,735.13135
39,rodilla_derecha,5,1250.27824,629.06155
39,cadera_derecha,5,1172.3925,564.25092
39,hombro_derecho,5,1135.51369,431.86984
39,punta_derecha,6,1395.33085,741.10021
39,talon_derecho,6,1335.68436,746.14203
39,tobillo_derecho,6,1335.45067,723.50191
39,rodilla_derecha,6,1261.75175,628.63579
39,cadera_derecha,6,1179.54288,565.12987
39,hombro_derecho,6,1142.45373,432.08585
40,punta_derecha,0,1015.07378,715.29616
40,talon_derecho,0,1015.09506,661.90627
40,tobillo_derecho,0,1038.39054,674.90885
40,rodilla_derecha,0,1149.00524,672.06137
40,cadera_derecha,0,1141.24111,587.04258
40,hombro_derecho,0,1133.45787,450.60075
40,punta_derecha,1,1075.79967,735.75371
40,talon_derecho,1,1048.75717,684.7229
40,tobillo_derecho,1,1079.7274,690.26291
40,rodilla_derecha,1,1189.1898,670.5132
40,cadera_derecha,1,1150.0145,585.67452
40,hombro_derecho,1,1136.63773,451.3019
40,punta_derecha,2,1153.80455,767.95116
40,talon_derecho,2,1111.91597,720.59509
40,tobillo_derecho,2,1141.32637,715.30813
40,rodilla_derecha,2,1233.76774,655.94353
40,cadera_derecha,2,1162.09396,584.63174
40,hombro_derecho,2,1144.11942,451.47597
40,punta_derecha,3,1251.83681,782.1111
40,talon_derecho,3,1182.59285,757.53277
40,tobillo_derecho,3,1202.76329,747.21178
40,rodilla_derecha,3,1245.11433,648.31558
40,cadera_derecha,3,1168.12683,584.51008
40,hombro_derecho,3,1150.63259,454.66188
40,punta_derecha,4,1323.33172,771.53944
40,talon_derecho,4,1262.59151,768.5105
40,tobillo_derecho,4,1274.73427,748.69185
40,rodilla_derecha,4,1258.3334,642.55059
40,cadera_derecha,4,1173.32176,584.02941
40,hombro_derecho,4,1158.53165,454.75033
40,punta_derecha,5,1382.21706,763.17423
40,talon_derecho,5,1315.31307,762.76488
40,tobillo_derecho,5,1320.83485,742.20118
40,rodilla_derecha,5,1265.41454,642.29188
40,cadera_derecha,5,1180.99983,584.07781
40,hombro_derecho,5,1165.28572,454.95072
40,punta_derecha,6,1417.76539,737.0655
40,talon_derecho,6,1357.64545,749.19029
40,tobillo_derecho,6,1355.86819,729.45539
40,rodilla_derecha,6,1276.61877,639.41878
40,cadera_derecha,6,1193.47549,583.13571
40,hombro_derecho,6,1171.93314,453.8111
41,punta_derecha,0,1026.11996,718.56959
41,talon_derecho,0,1028.18733,661.92462
41,tobillo_derecho,0,1052.05948,675.46638
41,rodilla_derecha,0,1171.69247,679.64889
41,cadera_derecha,0,1170.77568,575.45543
41,hombro_derecho,0,1167.7906,431.93206
41,punta_derecha,1,1083.70777,733.75969
41,talon_derecho,1,1072.8788,682.39678
41,tobillo_derecho,1,1104.57516,690.02241
41,rodilla_derecha,1,1212.38045,678.76061
41,cadera_derecha,1,1179.38004,575.70688
41,hombro_derecho,1,1171.1253,433.077
41,punta_derecha,2,1154.91863,778.90172
41,talon_derecho,2,1121.9244,718.96864
41,tobillo_derecho,2,1153.48434,720.28365
41,rodilla_derecha,2,1258.22708,665.78726
41,cadera_derecha,2,1187.55821,575.25813
41,hombro_derecho,2,1182.54398,433.13104
41,punta_derecha,3,1255.7083499999999,785.16666
41,talon_derecho,3,1207.579765,750.80615
41,tobillo_derecho,3,1232.8803050000001,742.564405
41,rodilla_derecha,3,1285.84682,650.37867
41,cadera_derecha,3,1204.02843,572.43222
41,hombro_derecho,3,1194.67953,433.16429
41,punta_derecha,4,1356.49807,791.4316
41,talon_derecho,4,1293.23513,782.64366
41,tobillo_derecho,4,1312.27627,764.84516
41,rodilla_derecha,4,1298.62381,647.53191
41,cadera_derecha,4,1208.57883,570.27321
41,hombro_derecho,4,1207.68997,432.1423
41,punta_derecha,5,1404.34834,787.77438
41,talon_derecho,5,1339.8159,777.28943
41,tobillo_derecho,5,1350.89458,757.13076
41,rodilla_derecha,5,1310.54935,642.10861
41,cadera_derecha,5,1214.47266,566.83866
41,hombro_derecho,5,1214.28921,430.37851
41,punta_derecha,6,1461.02028,769.41088
41,talon_derecho,6,1396.62518,765.411
41,tobillo_derecho,6,1399.83261,743.05052
41,rodilla_derecha,6,1317.66026,638.83382
41,cadera_derecha,6,1223.86723,565.02173
41,hombro_derecho,6,1220.93822,428.05777
42,punta_derecha,0,1090.30827,735.92803
42,talon_derecho,0,1085.89966,673.13389
42,tobillo_derecho,0,1114.84234,690.24424
42,rodilla_derecha,0,1239.78962,684.823
42,cadera_derecha,0,1225.11303,580.22058
42,hombro_derecho,0,1209.61441,432.65941
42,punta_derecha,1,1158.33927,761.64865
42,talon_derecho,1,1128.73089,703.27269
42,tobillo_derecho,1,1164.19109,707.20737
42,rodilla_derecha,1,1278.72734,684.25484
42,cadera_derecha,1,1237.32662,579.74126
42,hombro_derecho,1,1220.45815,432.52429
42,punta_derecha,2,1244.76116,796.29614
42,talon_derecho,2,1193.8155,746.71605
42,tobillo_derecho,2,1226.78776,738.35476
42,rodilla_derecha,2,1321.31229,673.16118
42,cadera_derecha,2,1244.78909,579.70071
42,hombro_derecho,2,1223.48293,433.54766
42,punta_derecha,3,1340.5900350000002,797.873505
42,talon_derecho,3,1285.089,773.51801
42,tobillo_derecho,3,1306.84004,758.648035
42,rodilla_derecha,3,1346.00224,654.86277
42,cadera_derecha,3,1258.00163,579.28923
42,hombro_derecho,3,1227.26521,436.25857
42,punta_derecha,4,1436.41891,799.45087
42,talon_derecho,4,1376.3625,800.31997
42,tobillo_derecho,4,1386.89232,778.94131
42,rodilla_derecha,4,1352.94044,653.41721
42,cadera_derecha,4,1264.43367,576.49551
42,hombro_derecho,4,1234.42646,436.48365
43,punta_derecha,0,1088.2774,721.50294
43,talon_derecho,0,1094.02988,665.76086
43,tobillo_derecho,0,1117.26562,679.05904
43,rodilla_derecha,0,1242.22572,681.40035
43,cadera_derecha,0,1238.23265,577.61476
43,hombro_derecho,0,1224.26628,428.62425
43,punta_derecha,1,1143.96069,740.2004
43,talon_derecho,1,1124.56238,681.2035
43,tobillo_derecho,1,1152.93663,692.3905
43,rodilla_derecha,1,1280.63953,682.50171
43,cadera_derecha,1,1242.93606,578.51257
43,hombro_derecho,1,1228.75259,434.33774
43,punta_derecha,2,1213.81737,769.13813
43,talon_derecho,2,1178.27831,709.09819
43,tobillo_derecho,2,1214.47941,713.05849
43,rodilla_derecha,2,1327.36713,677.68101
43,cadera_derecha,2,1251.99234,581.30044
43,hombro_derecho,2,1237.31758,437.43447
43,punta_derecha,3,1338.65015,781.93375
43,talon_derecho,3,1304.77592,780.8723
43,tobillo_derecho,3,1326.3121,764.69305
43,rodilla_derecha,3,1362.24197,661.06009
43,cadera_derecha,3,1265.37758,584.10594
43,hombro_derecho,3,1240.83755,441.79352
43,punta_derecha,4,1463.48293,794.72937
43,talon_derecho,4,1404.01852,796.64814
43,tobillo_derecho,4,1411.29456,776.67319
43,rodilla_derecha,4,1377.44923,659.35189
43,cadera_derecha,4,1272.53941,584.33041
43,hombro_derecho,4,1248.25539,440.99842
43,punta_derecha,5,1463.90293,795.44796
43,talon_derecho,5,1412.06875,789.60438
43,tobillo_derecho,5,1420.04906,771.22285
43,rodilla_derecha,5,1380.4018,652.3922
43,cadera_derecha,5,1277.41722,584.18467
43,hombro_derecho,5,1254.87797,440.13125
43,punta_derecha,6,1464.65744,788.29065
43,talon_derecho,6,1419.60732,789.49372
43,tobillo_derecho,6,1426.79638,768.893
43,rodilla_derecha,6,1385.02739,656.15062
43,cadera_derecha,6,1280.87585,584.87977
43,hombro_derecho,6,1259.74491,440.35083
43,punta_derecha,7,1561.33896,766.64703
43,talon_derecho,7,1506.31062,775.32567
43,tobillo_derecho,7,1500.30327,751.88443
43,rodilla_derecha,7,1402.32399,648.0689
43,cadera_derecha,7,1293.21602,584.54465
43,hombro_derecho,7,1270.91125,440.16128
43,punta_derecha,8,1586.548,731.99342
43,talon_derecho,8,1527.58976,760.51717
43,tobillo_derecho,8,1528.07316,735.62393
43,rodilla_derecha,8,1418.49758,641.9328
43,cadera_derecha,8,1305.73391,579.92749
43,hombro_derecho,8,1279.53358,435.11759
45,punta_derecha,0,1123.87138,711.96247
45,talon_derecho,0,1121.74873,660.3131
45,tobillo_derecho,0,1141.57574,674.05919
45,rodilla_derecha,0,1273.1686,679.6644
45,cadera_derecha,0,1273.85319,575.7717
45,hombro_derecho,0,1268.90053,438.26395
45,punta_derecha,1,1174.9379,738.17194
45,talon_derecho,1,1151.67149,682.72476
45,tobillo_derecho,1,1183.0806,692.35844
45,rodilla_derecha,1,1310.99075,680.00629
45,cadera_derecha,1,1281.26747,575.7576
45,hombro_derecho,1,1271.27048,439.55936
45,punta_derecha,2,1246.6024,778.38622
45,talon_derecho,2,1208.64601,718.81363
45,tobillo_derecho,2,1241.91364,723.58811
45,rodilla_derecha,2,1354.08382,676.15292
45,cadera_derecha,2,1289.62521,576.20171
45,hombro_derecho,2,1275.97801,442.06267
45,punta_derecha,3,1343.49792,806.02419
45,talon_derecho,3,1280.82539,763.65046
45,tobillo_derecho,3,1307.36916,756.97884
45,rodilla_derecha,3,1390.20573,661.26718
45,cadera_derecha,3,1302.79964,576.80707
45,hombro_derecho,3,1285.95211,444.56723
45,punta_derecha,4,1441.9685,815.39864
45,talon_derecho,4,1375.15137,802.21247
45,tobillo_derecho,4,1389.49596,794.41581
45,rodilla_derecha,4,1398.24749,658.46708
45,cadera_derecha,4,1308.2111,577.7269
45,hombro_derecho,4,1296.88774,445.25354
45,punta_derecha,5,1518.83469,814.42339
45,talon_derecho,5,1462.36748,808.12108
45,tobillo_derecho,5,1469.27307,787.17584
45,rodilla_derecha,5,1414.32129,655.89383
45,cadera_derecha,5,1318.15258,577.07879
45,hombro_derecho,5,1305.66582,444.8253
45,punta_derecha,6,1577.21317,791.5469
45,talon_derecho,6,1516.95236,792.47869
45,tobillo_derecho,6,1515.81345,770.05191
45,rodilla_derecha,6,1419.85634,648.71412
45,cadera_derecha,6,1327.61719,575.57961
45,hombro_derecho,6,1309.75124,444.56707
45,punta_derecha,7,1608.41068,761.86527
45,talon_derecho,7,1543.16116,775.81542
45,tobillo_derecho,7,1541.41857,754.14218
45,rodilla_derecha,7,1434.11842,647.65466
45,cadera_derecha,7,1337.48863,573.96855
45,hombro_derecho,7,1322.88185,442.38772
46,punta_derecha,0,1160.32768,718.26807
46,talon_derecho,0,1161.75488,667.7084
46,tobillo_derecho,0,1179.84238,679.48152
46,rodilla_derecha,0,1308.27736,681.91476
46,cadera_derecha,0,1295.17708,576.43062
46,hombro_derecho,0,1276.52996,438.95329
46,punta_derecha,1,1225.31879,739.22483
46,talon_derecho,1,1191.49612,687.85445
46,tobillo_derecho,1,1224.59816,695.09983
46,rodilla_derecha,1,1348.72524,676.873
46,cadera_derecha,1,1300.20584,579.43536
46,hombro_derecho,1,1285.24006,442.82501
46,punta_derecha,2,1304.41933,777.36855
46,talon_derecho,2,1260.26745,723.31221
46,tobillo_derecho,2,1288.15533,725.55786
46,rodilla_derecha,2,1392.55188,659.06304
46,cadera_derecha,2,1309.40872,581.15573
46,hombro_derecho,2,1295.96626,444.64467
46,punta_derecha,3,1385.38078,795.41964
46,talon_derecho,3,1328.46519,763.71059
46,tobillo_derecho,3,1355.19161,755.28178
46,rodilla_derecha,3,1407.78271,657.89049
46,cadera_derecha,3,1318.77216,583.35085
46,hombro_derecho,3,1300.53795,446.01907
46,punta_derecha,4,1473.64414,799.69549
46,talon_derecho,4,1425.49885,795.85435
46,tobillo_derecho,4,1438.98205,774.09292
46,rodilla_derecha,4,1412.55375,655.8507
46,cadera_derecha,4,1319.85638,585.41034
46,hombro_derecho,4,1305.35831,446.78633
46,punta_derecha,5,1529.71333,779.36282
46,talon_derecho,5,1478.38062,791.09886
46,tobillo_derecho,5,1484.7599,759.15587
46,rodilla_derecha,5,1417.61684,654.80837
46,cadera_derecha,5,1324.93618,585.74791
46,hombro_derecho,5,1313.57449,446.34788
46,punta_derecha,6,1554.46999,772.01174
46,talon_derecho,6,1520.877,776.54753
46,tobillo_derecho,6,1503.03097,764.96309
46,rodilla_derecha,6,1430.67192,654.9686
46,cadera_derecha,6,1331.07479,585.95551
46,hombro_derecho,6,1317.59525,446.1005
46,punta_derecha,7,1573.77708,755.52356
46,talon_derecho,7,1547.23549,757.25674
46,tobillo_derecho,7,1541.09837,752.74509
46,rodilla_derecha,7,1437.36843,652.44518
46,cadera_derecha,7,1338.59081,585.60184
46,hombro_derecho,7,1322.13524,444.94877
46,punta_derecha,8,1620.37857,702.11256
46,talon_derecho,8,1577.71008,744.81872
46,tobillo_derecho,8,1574.05449,719.16382
46,rodilla_derecha,8,1460.2319,642.49343
46,cadera_derecha,8,1350.30624,581.9555
46,hombro_derecho,8,1328.63182,442.51927
46,punta_derecha,9,1612.48867,677.98652
46,talon_derecho,9,1545.73105,747.42795
46,tobillo_derecho,9,1562.74624,692.63299
46,rodilla_derecha,9,1451.15181,640.00908
46,cadera_derecha,9,1346.22013,579.91185
46,hombro_derecho,9,1332.20387,442.06264
47,punta_derecha,0,1045.38574,763.11848
47,talon_derecho,0,1032.82768,706.44403
47,tobillo_derecho,0,1063.52932,716.98273
47,rodilla_derecha,0,1191.24149,694.29543
47,cadera_derecha,0,1167.08553,589.72062
47,hombro_derecho,0,1144.8698,441.03601
47,punta_derecha,1,1120.24773,795.40638
47,talon_derecho,1,1071.93707,742.15219
47,tobillo_derecho,1,1109.52244,744.00362
47,rodilla_derecha,1,1230.71182,689.32995
47,cadera_derecha,1,1171.04187,587.85123
47,hombro_derecho,1,1154.82903,438.15568
47,punta_derecha,2,1232.10651,824.55725
47,talon_derecho,2,1172.50191,798.76311
47,tobillo_derecho,2,1183.00072,776.19509
47,rodilla_derecha,2,1272.67822,674.89263
47,cadera_derecha,2,1180.03017,587.76298
47,hombro_derecho,2,1164.84444,437.73155
47,punta_derecha,3,1345.60112,828.07112
47,talon_derecho,3,1281.74423,825.73927
47,tobillo_derecho,3,1296.64547,806.44294
47,rodilla_derecha,3,1283.18905,673.62538
47,cadera_derecha,3,1188.62526,587.17782
47,hombro_derecho,3,1174.97314,435.78105
47,punta_derecha,4,1403.39184,830.60999
47,talon_derecho,4,1338.5392,822.67009
47,tobillo_derecho,4,1349.20933,804.84887
47,rodilla_derecha,4,1291.08994,668.60538
47,cadera_derecha,4,1194.61132,585.58929
47,hombro_derecho,4,1183.95996,433.30617
47,punta_derecha,5,1460.68886,815.47158
47,talon_derecho,5,1402.59052,814.21399
47,tobillo_derecho,5,1403.98819,792.1155
47,rodilla_derecha,5,1303.44933,668.13797
47,cadera_derecha,5,1202.37305,584.1418
47,hombro_derecho,5,1193.44723,429.39045
47,punta_derecha,6,1491.93913,775.36191
47,talon_derecho,6,1430.80742,798.39406
47,tobillo_derecho,6,1429.42177,779.13649
47,rodilla_derecha,6,1310.95608,663.85188
47,cadera_derecha,6,1207.24159,581.70412
47,hombro_derecho,6,1201.39549,426.74701
47,punta_derecha,7,1509.25415,734.50648
47,talon_derecho,7,1453.59341,776.84654
47,tobillo_derecho,7,1453.23589,748.02037
47,rodilla_derecha,7,1330.35027,656.75128
47,cadera_derecha,7,1216.45145,577.06766
47,hombro_derecho,7,1210.15675,424.7762
48,punta_derecha,0,954.61933,715.66997
48,talon_derecho,0,958.07608,668.00072
48,tobillo_derecho,0,978.31936,681.29838
48,rodilla_derecha,0,1105.18936,680.78713
48,cadera_derecha,0,1113.7571,582.58726
48,hombro_derecho,0,1103.42365,441.75918
48,punta_derecha,1,1003.94863,738.1142
48,talon_derecho,1,990.94563,683.59097
48,tobillo_derecho,1,1019.91909,694.11982
48,rodilla_derecha,1,1142.01565,680.68665
48,cadera_derecha,1,1119.58328,580.3969
48,hombro_derecho,1,1107.21886,442.09138
48,punta_derecha,2,1074.14715,774.76388
48,talon_derecho,2,1039.89338,717.54986
48,tobillo_derecho,2,1071.17226,722.45521
48,rodilla_derecha,2,1181.40175,676.17481
48,cadera_derecha,2,1130.13325,578.47665
48,hombro_derecho,2,1113.99296,444.48985
48,punta_derecha,3,1165.25139,801.79328
48,talon_derecho,3,1109.64809,760.11754
48,tobillo_derecho,3,1135.30838,754.57309
48,rodilla_derecha,3,1213.53733,657.2792
48,cadera_derecha,3,1141.2632,578.51283
48,hombro_derecho,3,1124.62269,446.91646
48,punta_derecha,4,1280.16243,801.82669
48,talon_derecho,4,1218.10307,793.51755
48,tobillo_derecho,4,1238.52688,774.79652
48,rodilla_derecha,4,1231.2196,654.47286
48,cadera_derecha,4,1149.1032,578.11333
48,hombro_derecho,4,1133.53409,448.80004
48,punta_derecha,5,1332.6931,806.64456
48,talon_derecho,5,1264.27608,792.28654
48,tobillo_derecho,5,1278.00877,773.58135
48,rodilla_derecha,5,1237.93556,650.98133
48,cadera_derecha,5,1155.97206,577.12933
48,hombro_derecho,5,1141.1158,448.37888
48,punta_derecha,6,1386.24928,784.28987
48,talon_derecho,6,1330.17757,778.5458
48,tobillo_derecho,6,1329.57699,758.26173
48,rodilla_derecha,6,1245.98728,646.93137
48,cadera_derecha,6,1162.01042,574.71418
48,hombro_derecho,6,1147.32731,448.32336
48,punta_derecha,7,1415.89176,737.71702
48,talon_derecho,7,1364.27376,758.42312
48,tobillo_derecho,7,1356.63151,740.03426
48,rodilla_derecha,7,1255.89214,643.57773
48,cadera_derecha,7,1170.33703,572.7987
48,hombro_derecho,7,1154.26918,446.8722
48,punta_derecha,8,1449.51015,695.62898
48,talon_derecho,8,1396.97399,734.91229
48,tobillo_derecho,8,1391.49181,711.28971
48,rodilla_derecha,8,1277.47227,640.8738
48,cadera_derecha,8,1180.25059,569.27472
48,hombro_derecho,8,1162.36462,444.34398
48,punta_derecha,9,1447.38979,655.62688
48,talon_derecho,9,1411.8124,705.80944
48,tobillo_derecho,9,1400.56526,682.15809
48,rodilla_derecha,9,1278.29269,630.20295
48,cadera_derecha,9,1179.79752,564.14284
48,hombro_derecho,9,1168.23589,440.11587
48,punta_derecha,10,1443.55591,635.72995
48,talon_derecho,10,1408.24333,684.28046
48,tobillo_derecho,10,1398.65376,664.43864
48,rodilla_derecha,10,1281.38489,620.81987
48,cadera_derecha,10,1181.34716,562.692
48,hombro_derecho,10,1172.41219,435.74211
49,punta_derecha,0,734.09306,626.72165
49,talon_derecho,0,791.87462,614.49007
49,tobillo_derecho,0,794.72425,630.06783
49,rodilla_derecha,0,890.287,661.02397
49,cadera_derecha,0,933.60203,576.01896
49,hombro_derecho,0,925.36343,454.64904
49,punta_derecha,1,767.72581,653.74532
49,talon_derecho,1,815.62798,631.21985
49,tobillo_derecho,1,825.29234,645.40167
49,rodilla_derecha,1,930.66353,663.28366
49,cadera_derecha,1,944.29064,581.56418
49,hombro_derecho,1,928.97667,457.12248
49,punta_derecha,2,830.6432,710.77704
49,talon_derecho,2,860.11271,669.64745
49,tobillo_derecho,2,873.33218,679.36449
49,rodilla_derecha,2,977.09003,663.19669
49,cadera_derecha,2,953.56459,581.03451
49,hombro_derecho,2,936.99434,462.32536
49,punta_derecha,3,909.17255,769.56596
49,talon_derecho,3,899.09706,720.74347
49,tobillo_derecho,3,924.3354,718.06432
49,rodilla_derecha,3,1012.94346,655.8478
49,cadera_derecha,3,968.09761,580.68896
49,hombro_derecho,3,950.62883,463.88924
49,punta_derecha,4,1029.1666,796.39264
49,talon_derecho,4,971.16898,773.15469
49,tobillo_derecho,4,992.12196,757.6883
49,rodilla_derecha,4,1039.37931,647.64765
49,cadera_derecha,4,983.34755,577.39049
49,hombro_derecho,4,963.37177,463.19105
49,punta_derecha,5,1102.43042,770.34249
49,talon_derecho,5,1057.03526,775.52632
49,tobillo_derecho,5,1066.77864,755.40228
49,rodilla_derecha,5,1060.51071,645.10485
49,cadera_derecha,5,994.63188,572.87775
49,hombro_derecho,5,971.3229,462.65193
49,punta_derecha,6,1178.02906,759.76619
49,talon_derecho,6,1127.10445,769.26057
49,tobillo_derecho,6,1127.64027,747.42949
49,rodilla_derecha,6,1071.73073,642.07546
49,cadera_derecha,6,1004.51569,571.67803
49,hombro_derecho,6,982.41428,457.19818
49,punta_derecha,7,1221.02051,736.18623
49,talon_derecho,7,1181.88744,740.1032
49,tobillo_derecho,7,1176.98959,723.97712
49,rodilla_derecha,7,1084.67091,642.46807
49,cadera_derecha,7,1012.26746,572.05358
49,hombro_derecho,7,993.2888,452.4947
49,punta_derecha,8,1241.01768,693.36485
49,talon_derecho,8,1200.26493,715.52957
49,tobillo_derecho,8,1194.70791,696.02017
49,rodilla_derecha,8,1089.68445,632.50686
49,cadera_derecha,8,1015.975,569.65227
49,hombro_derecho,8,1000.81547,450.0184
49,punta_derecha,9,1255.72083,664.00515
49,talon_derecho,9,1221.49761,682.74343
49,tobillo_derecho,9,1212.78843,668.6037
49,rodilla_derecha,9,1102.6965,621.76107
49,cadera_derecha,9,1020.32536,565.12118
49,hombro_derecho,9,1013.35979,442.45882
49,punta_derecha,10,1272.11586,648.72499
49,talon_derecho,10,1227.40425,666.75852
49,tobillo_derecho,10,1221.39805,650.94985
49,rodilla_derecha,10,1117.97287,610.9755
49,cadera_derecha,10,1026.25969,558.48523
49,hombro_derecho,10,1025.3849,435.84105
49,punta_derecha,11,1277.13192,625.90901
49,talon_derecho,11,1236.02074,659.75486
49,tobillo_derecho,11,1230.27832,640.01436
49,rodilla_derecha,11,1128.98838,598.40474
49,cadera_derecha,11,1029.96208,552.48289
49,hombro_derecho,11,1032.61631,433.87603
50,punta_derecha,0,784.71886,634.38365
50,talon_derecho,0,807.30709,616.95595
50,tobillo_derecho,0,800.47337,604.36613
50,rodilla_derecha,0,887.12168,641.22309
50,cadera_derecha,0,941.16652,562.16569
50,hombro_derecho,0,928.29454,432.87374
50,punta_derecha,1,775.87332,634.06893
50,talon_derecho,1,816.95429,616.72504
50,tobillo_derecho,1,822.6602,623.90682
50,rodilla_derecha,1,925.39816,642.52188
50,cadera_derecha,1,950.08512,561.16475
50,hombro_derecho,1,937.1616,434.07095
50,punta_derecha,2,811.59456,676.52165
50,talon_derecho,2,856.10859,643.19033
50,tobillo_derecho,2,863.88725,654.80361
50,rodilla_derecha,2,974.41338,643.47492
50,cadera_derecha,2,963.64723,561.07077
50,hombro_derecho,2,949.64544,434.48838
50,punta_derecha,3,890.2236,747.62937
50,talon_derecho,3,880.43804,698.73691
50,tobillo_derecho,3,903.84275,696.89687
50,rodilla_derecha,3,1009.87564,642.90007
50,cadera_derecha,3,979.57008,559.55453
50,hombro_derecho,3,965.47874,436.07508
50,punta_derecha,4,995.46169,779.85405
50,talon_derecho,4,950.92506,752.89843
50,tobillo_derecho,4,971.59538,742.30411
50,rodilla_derecha,4,1033.31257,637.21812
50,cadera_derecha,4,989.80877,558.10993
50,hombro_derecho,4,978.30894,435.9873
50,punta_derecha,5,1107.59422,776.57347
50,talon_derecho,5,1052.44183,771.87289
50,tobillo_derecho,5,1062.57488,752.47795
50,rodilla_derecha,5,1052.89341,636.94757
50,cadera_derecha,5,1002.34119,555.1659
50,hombro_derecho,5,988.18623,435.35848
50,punta_derecha,6,1150.2198,759.68875
50,talon_derecho,6,1102.45731,751.67708
50,tobillo_derecho,6,1107.42531,734.70198
50,rodilla_derecha,6,1071.8391,632.83349
50,cadera_derecha,6,1012.2694,552.05011
50,hombro_derecho,6,1001.25034,429.05938
50,punta_derecha,7,1219.18133,738.80995
50,talon_derecho,7,1170.9391,739.29268
50,tobillo_derecho,7,1167.37255,715.80934
50,rodilla_derecha,7,1084.60155,625.77659
50,cadera_derecha,7,1017.41936,552.0048
50,hombro_derecho,7,1007.73846,424.1372
50,punta_derecha,8,1246.8219,679.9208
50,talon_derecho,8,1207.4081,721.34922
50,tobillo_derecho,8,1197.56802,705.89647
50,rodilla_derecha,8,1101.44176,615.86926
50,cadera_derecha,8,1018.58059,549.31613
50,hombro_derecho,8,1015.88356,418.86569
50,punta_derecha,9,1265.18795,624.61453
50,talon_derecho,9,1235.4705,683.68012
50,tobillo_derecho,9,1223.99723,663.88716
50,rodilla_derecha,9,1113.46584,604.10265
50,cadera_derecha,9,1023.55568,543.77651
50,hombro_derecho,9,1024.27711,415.57803
50,punta_derecha,10,1277.70378,593.52275
50,talon_derecho,10,1251.03115,652.98121
50,tobillo_derecho,10,1237.97859,632.31599
50,rodilla_derecha,10,1129.52293,595.28239
50,cadera_derecha,10,1030.18536,542.799
50,hombro_derecho,10,1034.59534,410.99895
50,punta_derecha,11,1282.68883,564.14394
50,talon_derecho,11,1262.234,628.52764
50,tobillo_derecho,11,1249.39453,607.99181
50,rodilla_derecha,11,1138.94829,581.76721
50,cadera_derecha,11,1034.82033,540.62088
50,hombro_derecho,11,1046.25629,409.98984
50,punta_derecha,12,1280.03929,551.79198
50,talon_derecho,12,1270.933,609.73007
50,tobillo_derecho,12,1257.3484,592.71841
50,rodilla_derecha,12,1147.20406,562.76732
50,cadera_derecha,12,1043.41587,534.75456
50,hombro_derecho,12,1060.90839,409.456
50,punta_derecha,13,1281.78658,540.79192
50,talon_derecho,13,1274.99485,594.59205
50,tobillo_derecho,13,1261.61945,578.14513
50,rodilla_derecha,13,1152.31739,549.23682
50,cadera_derecha,13,1051.52206,531.14105
50,hombro_derecho,13,1076.16108,408.96354
50,punta_derecha,14,1290.33119,526.52856
50,talon_derecho,14,1277.14245,587.08017
50,tobillo_derecho,14,1264.61735,571.9959
50,rodilla_derecha,14,1158.58875,540.84457
50,cadera_derecha,14,1056.41705,531.44618
50,hombro_derecho,14,1085.53104,410.368
50,punta_derecha,15,1298.96976,528.15533
50,talon_derecho,15,1280.53997,587.73221
50,tobillo_derecho,15,1269.00673,570.6402
50,rodilla_derecha,15,1165.91743,530.59681
50,cadera_derecha,15,1063.64742,532.8722
50,hombro_derecho,15,1095.5555,411.34782
51,punta_derecha,0,626.44335,591.54946
51,talon_derecho,0,669.55467,581.20652
51,tobillo_derecho,0,676.11042,593.15331
51,rodilla_derecha,0,755.58998,630.80155
51,cadera_derecha,0,820.23914,556.4932
51,hombro_derecho,0,812.64204,425.06352
51,punta_derecha,1,640.75745,611.54765
51,talon_derecho,1,691.8968,592.73232
51,tobillo_derecho,1,694.8761,608.02219
51,rodilla_derecha,1,783.06164,634.9979
51,cadera_derecha,1,827.55564,556.68426
51,hombro_derecho,1,822.12313,425.94486
51,punta_derecha,2,677.61629,653.61226
51,talon_derecho,2,717.9538,622.42688
51,tobillo_derecho,2,725.75581,634.81624
51,rodilla_derecha,2,825.06815,637.73568
51,cadera_derecha,2,841.7732,556.76969
51,hombro_derecho,2,832.7607,428.71888
51,punta_derecha,3,730.38322,712.37909
51,talon_derecho,3,745.75476,664.37968
51,tobillo_derecho,3,761.46635,671.67752
51,rodilla_derecha,3,864.01611,636.54272
51,cadera_derecha,3,850.98198,550.74495
51,hombro_derecho,3,841.79518,430.31601
51,punta_derecha,4,821.64419,766.43917
51,talon_derecho,4,790.87704,725.25447
51,tobillo_derecho,4,814.26058,717.52211
51,rodilla_derecha,4,895.09758,627.38875
51,cadera_derecha,4,861.16888,546.68507
51,hombro_derecho,4,850.63002,430.37958
51,punta_derecha,5,922.33166,767.57992
51,talon_derecho,5,873.62846,757.59032
51,tobillo_derecho,5,888.943,740.14086
51,rodilla_derecha,5,911.7362,623.34786
51,cadera_derecha,5,870.19135,542.24462
51,hombro_derecho,5,860.36894,429.76201
51,punta_derecha,6,986.87656,744.79786
51,talon_derecho,6,947.91893,753.01656
51,tobillo_derecho,6,953.20627,731.85747
51,rodilla_derecha,6,927.32512,624.5255
51,cadera_derecha,6,875.60841,538.82001
51,hombro_derecho,6,867.87088,428.24149
51,punta_derecha,7,1034.49211,711.48064
51,talon_derecho,7,1008.14129,726.97258
51,tobillo_derecho,7,997.31438,705.04295
51,rodilla_derecha,7,940.99142,616.87059
51,cadera_derecha,7,883.74155,540.81097
51,hombro_derecho,7,876.2324,423.94073
51,punta_derecha,8,1089.91837,664.88526
51,talon_derecho,8,1053.31501,706.56821
51,tobillo_derecho,8,1045.02125,692.52748
51,rodilla_derecha,8,955.52176,608.24068
51,cadera_derecha,8,888.46252,541.24645
51,hombro_derecho,8,883.21621,419.66401
51,punta_derecha,9,1114.55772,618.55349
51,talon_derecho,9,1086.9532,678.78423
51,tobillo_derecho,9,1075.92808,658.34805
51,rodilla_derecha,9,979.13464,601.88738
51,cadera_derecha,9,895.01547,541.96512
51,hombro_derecho,9,891.4127,414.04399
51,punta_derecha,10,1132.94861,588.41771
51,talon_derecho,10,1110.56797,646.7481
51,tobillo_derecho,10,1098.46767,627.24488
51,rodilla_derecha,10,992.77897,587.17622
51,cadera_derecha,10,898.66911,542.41103
51,hombro_derecho,10,900.42606,411.81372
51,punta_derecha,11,1140.25669,563.08082
51,talon_derecho,11,1129.52442,623.591
51,tobillo_derecho,11,1114.8,605.34569
51,rodilla_derecha,11,1007.86251,575.63401
51,cadera_derecha,11,903.55328,541.6119
51,hombro_derecho,11,913.93124,410.24431
51,punta_derecha,12,1146.20785,542.11047
51,talon_derecho,12,1139.96521,599.36396
51,tobillo_derecho,12,1123.53172,582.60245
51,rodilla_derecha,12,1016.97361,554.74631
51,cadera_derecha,12,910.64844,540.19061
51,hombro_derecho,12,924.26474,410.19139
52,punta_derecha,0,700.1429,612.50944
52,talon_derecho,0,752.37494,597.59937
52,tobillo_derecho,0,758.02711,611.02616
52,rodilla_derecha,0,846.81959,641.54489
52,cadera_derecha,0,894.9507,553.28466
52,hombro_derecho,0,878.05504,431.82012
52,punta_derecha,1,728.64899,646.60114
52,talon_derecho,1,778.24614,619.1481
52,tobillo_derecho,1,784.1839,631.46595
52,rodilla_derecha,1,886.27321,643.72283
52,cadera_derecha,1,905.68096,554.81893
52,hombro_derecho,1,887.29048,431.82279
52,punta_derecha,2,792.80794,706.97994
52,talon_derecho,2,813.14524,657.58079
52,tobillo_derecho,2,828.65765,664.5249
52,rodilla_derecha,2,933.67876,642.63827
52,cadera_derecha,2,920.52687,553.93077
52,hombro_derecho,2,899.31599,432.63669
52,punta_derecha,3,876.00409,759.80051
52,talon_derecho,3,855.78363,719.48484
52,tobillo_derecho,3,880.44245,713.51225
52,rodilla_derecha,3,964.30492,638.92716
52,cadera_derecha,3,936.04053,553.95465
52,hombro_derecho,3,907.99587,435.22149
52,punta_derecha,4,985.95863,770.07643
52,talon_derecho,4,938.72005,765.16806
52,tobillo_derecho,4,956.04149,744.91457
52,rodilla_derecha,4,993.97144,629.4913
52,cadera_derecha,4,945.89573,553.52844
52,hombro_derecho,4,917.8529,435.1286
52,punta_derecha,5,1066.63754,755.78717
52,talon_derecho,5,1022.03167,757.64942
52,tobillo_derecho,5,1031.15685,737.05366
52,rodilla_derecha,5,1020.31517,628.15473
52,cadera_derecha,5,957.8429,548.42887
52,hombro_derecho,5,927.41581,433.94809
52,punta_derecha,6,1116.42162,735.94959
52,talon_derecho,6,1096.88541,741.96706
52,tobillo_derecho,6,1091.17802,720.68508
52,rodilla_derecha,6,1036.86745,622.1661
52,cadera_derecha,6,966.7638,545.88492
52,hombro_derecho,6,935.23808,429.09276
52,punta_derecha,7,1178.66993,727.21682
52,talon_derecho,7,1144.72069,710.0334
52,tobillo_derecho,7,1138.17226,701.58567
52,rodilla_derecha,7,1046.98231,613.12556
52,cadera_derecha,7,971.29166,544.86705
52,hombro_derecho,7,943.64393,422.44148
52,punta_derecha,8,1215.21549,656.0406
52,talon_derecho,8,1177.8669,673.17811
52,tobillo_derecho,8,1167.23648,659.08989
52,rodilla_derecha,8,1056.02646,596.13456
52,cadera_derecha,8,975.86998,543.61886
52,hombro_derecho,8,953.57872,417.4807
52,punta_derecha,9,1232.54322,595.07524
52,talon_derecho,9,1204.93938,647.11393
52,tobillo_derecho,9,1190.33215,627.60273
52,rodilla_derecha,9,1080.34836,589.43796
52,cadera_derecha,9,981.1924,542.12296
52,hombro_derecho,9,965.62271,412.23131
52,punta_derecha,10,1243.53195,559.40911
52,talon_derecho,10,1216.76296,617.5559
52,tobillo_derecho,10,1203.37669,596.24155
52,rodilla_derecha,10,1093.2756,574.52454
52,cadera_derecha,10,986.33572,540.64276
52,hombro_derecho,10,977.82921,409.73583
53,punta_derecha,0,630.24078,659.27419
53,talon_derecho,0,679.41364,627.3115
53,tobillo_derecho,0,687.50759,637.83636
53,rodilla_derecha,0,790.07978,644.47483
53,cadera_derecha,0,811.49837,558.1257
53,hombro_derecho,0,792.00983,433.25724
53,punta_derecha,1,689.74428,713.33278
53,talon_derecho,1,704.13946,670.87697
53,tobillo_derecho,1,719.10484,677.49613
53,rodilla_derecha,1,827.34072,639.21716
53,cadera_derecha,1,817.59516,556.56318
53,hombro_derecho,1,799.01447,433.56691
53,punta_derecha,2,791.67904,757.39115
53,talon_derecho,2,752.98622,733.93923
53,tobillo_derecho,2,774.29037,723.03225
53,rodilla_derecha,2,862.82524,629.97507
53,cadera_derecha,2,829.35585,552.83817
53,hombro_derecho,2,808.23378,433.61075
53,punta_derecha,3,904.47224,768.32787
53,talon_derecho,3,847.75154,761.77637
53,tobillo_derecho,3,862.64551,740.69833
53,rodilla_derecha,3,885.27225,629.16203
53,cadera_derecha,3,842.66401,547.89715
53,hombro_derecho,3,819.34639,429.27033
53,punta_derecha,4,958.94022,760.03424
53,talon_derecho,4,913.74201,752.39207
53,tobillo_derecho,4,922.13533,733.89223
53,rodilla_derecha,4,905.17771,629.96097
53,cadera_derecha,4,852.22521,543.78423
53,hombro_derecho,4,827.36223,422.50495
53,punta_derecha,5,1020.62405,740.32136
53,talon_derecho,5,989.91405,737.96627
53,tobillo_derecho,5,982.29515,715.6907
53,rodilla_derecha,5,921.58894,621.03147
53,cadera_derecha,5,857.97358,543.03358
53,hombro_derecho,5,836.21235,415.7622
53,punta_derecha,6,1066.7918,679.43292
53,talon_derecho,6,1036.12301,722.43075
53,tobillo_derecho,6,1027.04224,691.14578
53,rodilla_derecha,6,932.13175,607.36894
53,cadera_derecha,6,862.40107,540.85017
53,hombro_derecho,6,842.92688,410.6525
53,punta_derecha,7,1104.59312,632.25207
53,talon_derecho,7,1071.20224,669.25233
53,tobillo_derecho,7,1059.04072,650.33194
53,rodilla_derecha,7,951.08574,598.42971
53,cadera_derecha,7,866.45325,537.63307
53,hombro_derecho,7,855.84017,402.60507
53,punta_derecha,8,1129.16451,593.44743
53,talon_derecho,8,1092.59319,633.5215
53,tobillo_derecho,8,1082.78206,615.15208
53,rodilla_derecha,8,970.27279,570.52633
53,cadera_derecha,8,870.75708,535.16993
53,hombro_derecho,8,864.21232,397.49076
53,punta_derecha,9,1143.29384,565.34642
53,talon_derecho,9,1104.37672,602.1936
53,tobillo_derecho,9,1093.95435,584.3644
53,rodilla_derecha,9,983.74043,550.91618
53,cadera_derecha,9,874.83822,530.65462
53,hombro_derecho,9,875.05114,395.24881
54,punta_derecha,0,657.83558,607.33578
54,talon_derecho,0,716.56586,590.38128
54,tobillo_derecho,0,719.87068,605.08691
54,rodilla_derecha,0,810.79479,636.19968
54,cadera_derecha,0,871.30291,553.86846
54,hombro_derecho,0,861.86571,420.85395
54,punta_derecha,1,688.94995,633.72409
54,talon_derecho,1,743.48986,608.13555
54,tobillo_derecho,1,747.06928,621.45221
54,rodilla_derecha,1,850.85278,639.01735
54,cadera_derecha,1,884.77089,553.1984
54,hombro_derecho,1,871.33369,420.81433
54,punta_derecha,2,732.80005,684.87257
54,talon_derecho,2,777.23316,641.36124
54,tobillo_derecho,2,785.64966,655.25898
54,rodilla_derecha,2,898.76352,640.35116
54,cadera_derecha,2,903.09305,553.4181
54,hombro_derecho,2,883.98314,421.21025
54,punta_derecha,3,809.13877,749.65738
54,talon_derecho,3,814.76131,695.97659
54,tobillo_derecho,3,834.84163,697.39305
54,rodilla_derecha,3,938.35516,639.6793
54,cadera_derecha,3,915.35625,552.55531
54,hombro_derecho,3,892.10604,424.69406
54,punta_derecha,4,934.80194,775.46343
54,talon_derecho,4,880.16001,756.41809
54,tobillo_derecho,4,901.92003,740.09914
54,rodilla_derecha,4,967.46258,633.63615
54,cadera_derecha,4,927.36277,550.03897
54,hombro_derecho,4,902.26948,424.5168
54,punta_derecha,5,1034.71298,787.51399
54,talon_derecho,5,983.32993,774.87325
54,tobillo_derecho,5,995.01354,755.42848
54,rodilla_derecha,5,991.19144,633.05171
54,cadera_derecha,5,938.03192,546.06709
54,hombro_derecho,5,915.25383,421.83158
54,punta_derecha,6,1085.47405,754.31567
54,talon_derecho,6,1039.361,761.68116
54,tobillo_derecho,6,1047.29301,733.02912
54,rodilla_derecha,6,1013.33141,625.24429
54,cadera_derecha,6,947.06806,542.85082
54,hombro_derecho,6,924.34061,415.98101
54,punta_derecha,7,1155.69042,731.19565
54,talon_derecho,7,1110.47298,732.46277
54,tobillo_derecho,7,1105.84282,709.6894
54,rodilla_derecha,7,1030.20229,615.50157
54,cadera_derecha,7,954.47227,541.15331
54,hombro_derecho,7,934.43258,410.09702
54,punta_derecha,8,1196.49239,675.08993
54,talon_derecho,8,1156.30188,707.03768
54,tobillo_derecho,8,1147.27718,682.27042
54,rodilla_derecha,8,1042.96795,606.34708
54,cadera_derecha,8,960.35088,541.56626
54,hombro_derecho,8,941.94895,406.16567
54,punta_derecha,9,1222.11342,619.78179
54,talon_derecho,9,1186.48361,667.29307
54,tobillo_derecho,9,1174.03233,647.24107
54,rodilla_derecha,9,1062.79907,597.99597
54,cadera_derecha,9,963.8435,540.33255
54,hombro_derecho,9,950.14893,402.84003
54,punta_derecha,10,1240.47546,583.91476
54,talon_derecho,10,1201.26904,635.0483
54,tobillo_derecho,10,1192.29973,613.8287
54,rodilla_derecha,10,1080.06718,586.73642
54,cadera_derecha,10,972.97096,538.72168
54,hombro_derecho,10,966.13941,399.43679
55,punta_derecha,0,703.81628,585.17209
55,talon_derecho,0,754.11037,572.4581
55,tobillo_derecho,0,757.5329,586.06984
55,rodilla_derecha,0,835.64415,632.22793
55,cadera_derecha,0,897.35487,553.99997
55,hombro_derecho,0,887.43513,424.09973
55,punta_derecha,1,722.97586,613.10786
55,talon_derecho,1,776.75251,592.67702
55,tobillo_derecho,1,778.85628,607.24714
55,rodilla_derecha,1,869.14896,634.35462
55,cadera_derecha,1,906.18456,554.71651
55,hombro_derecho,1,897.57586,425.20637
55,punta_derecha,2,759.44218,662.79372
55,talon_derecho,2,799.91924,627.64644
55,tobillo_derecho,2,809.07629,641.04896
55,rodilla_derecha,2,913.50689,636.75586
55,cadera_derecha,2,917.97981,552.89076
55,hombro_derecho,2,909.29798,425.45427
55,punta_derecha,3,818.87987,729.15811
55,talon_derecho,3,828.76534,679.94578
55,tobillo_derecho,3,848.02042,685.25984
55,rodilla_derecha,3,949.61735,636.69928
55,cadera_derecha,3,929.35587,550.57893
55,hombro_derecho,3,918.1053,425.43898
55,punta_derecha,4,931.60852,767.39298
55,talon_derecho,4,885.79027,739.18305
55,tobillo_derecho,4,906.34094,727.10706
55,rodilla_derecha,4,979.42898,627.84445
55,cadera_derecha,4,940.37659,543.41267
55,hombro_derecho,4,928.80564,423.46315
55,punta_derecha,5,1028.07117,775.16229
55,talon_derecho,5,980.28465,764.34048
55,tobillo_derecho,5,994.37244,745.35797
55,rodilla_derecha,5,995.79414,627.75542
55,cadera_derecha,5,949.21583,537.50622
55,hombro_derecho,5,941.05768,417.25398
55,punta_derecha,6,1078.26736,743.14766
55,talon_derecho,6,1031.12,742.4214
55,tobillo_derecho,6,1039.05041,724.76182
55,rodilla_derecha,6,1013.79902,618.10842
55,cadera_derecha,6,956.79171,531.6551
55,hombro_derecho,6,950.1824,410.68774
55,punta_derecha,7,1144.39121,711.87634
55,talon_derecho,7,1104.12952,722.38247
55,tobillo_derecho,7,1098.38528,700.84435
55,rodilla_derecha,7,1022.88002,606.63972
55,cadera_derecha,7,961.35475,531.85839
55,hombro_derecho,7,957.32723,404.69793
55,punta_derecha,8,1186.9471,647.93153
55,talon_derecho,8,1148.83724,699.83826
55,tobillo_derecho,8,1138.29334,684.34336
55,rodilla_derecha,8,1037.9821,604.39265
55,cadera_derecha,8,964.31145,529.88716
55,hombro_derecho,8,964.54525,398.79022
55,punta_derecha,9,1202.8878,598.88032
55,talon_derecho,9,1175.55496,667.24337
55,tobillo_derecho,9,1163.79639,642.73238
55,rodilla_derecha,9,1053.36926,587.91361
55,cadera_derecha,9,965.96764,525.03417
55,hombro_derecho,9,971.05145,395.09228
56,punta_derecha,0,611.13316,677.28106
56,talon_derecho,0,655.40417,637.73227
56,tobillo_derecho,0,665.99253,650.07406
56,rodilla_derecha,0,776.5151,647.97968
56,cadera_derecha,0,801.67574,558.02226
56,hombro_derecho,0,784.52585,425.97286
56,punta_derecha,1,658.60525,733.58131
56,talon_derecho,1,682.78381,686.30133
56,tobillo_derecho,1,696.88963,692.10732
56,rodilla_derecha,1,807.35258,647.97949
56,cadera_derecha,1,811.06962,557.28132
56,hombro_derecho,1,790.23571,426.78302
56,punta_derecha,2,743.17806,784.28581
56,talon_derecho,2,733.92151,738.77879
56,tobillo_derecho,2,752.09421,732.58269
56,rodilla_derecha,2,841.79695,645.42356
56,cadera_derecha,2,821.96423,556.23314
56,hombro_derecho,2,796.45552,427.33068
56,punta_derecha,3,857.95687,794.43081
56,talon_derecho,3,808.04094,786.54325
56,tobillo_derecho,3,825.61907,766.26092
56,rodilla_derecha,3,867.5588,640.81806
56,cadera_derecha,3,833.32712,553.14877
56,hombro_derecho,3,805.35038,426.69731
56,punta_derecha,4,933.1596,783.8623
56,talon_derecho,4,895.01799,776.07465
56,tobillo_derecho,4,903.88607,759.18671
56,rodilla_derecha,4,890.20082,640.71854
56,cadera_derecha,4,842.083,549.9155
56,hombro_derecho,4,814.57684,420.8103
56,punta_derecha,5,975.94677,757.03549
56,talon_derecho,5,954.1939,760.99778
56,tobillo_derecho,5,953.08147,732.20218
56,rodilla_derecha,5,909.22445,623.12346
56,cadera_derecha,5,846.94891,548.21464
56,hombro_derecho,5,821.38578,414.05806
56,punta_derecha,6,1046.83891,719.8443
56,talon_derecho,6,1010.35744,742.60158
56,tobillo_derecho,6,1005.76275,702.34707
56,rodilla_derecha,6,922.42212,612.45788
56,cadera_derecha,6,851.29463,547.14457
56,hombro_derecho,6,830.7839,407.50463
56,punta_derecha,7,1089.75586,671.38694
56,talon_derecho,7,1050.28908,677.04314
56,tobillo_derecho,7,1044.85428,661.55846
56,rodilla_derecha,7,938.17783,607.38509
56,cadera_derecha,7,854.58183,544.6496
56,hombro_derecho,7,837.64423,401.99355
56,punta_derecha,8,1112.21523,610.576
56,talon_derecho,8,1073.21377,637.96543
56,tobillo_derecho,8,1063.09708,623.8821
56,rodilla_derecha,8,951.2534,583.56682
56,cadera_derecha,8,854.60787,540.49928
56,hombro_derecho,8,847.71492,397.30788
57,punta_derecha,0,585.1335,621.81128
57,talon_derecho,0,637.85557,600.37262
57,tobillo_derecho,0,642.61906,615.10818
57,rodilla_derecha,0,737.12505,642.14627
57,cadera_derecha,0,791.63927,559.28403
57,hombro_derecho,0,787.33355,424.36018
57,punta_derecha,1,612.35167,651.96315
57,talon_derecho,1,662.8105,621.63297
57,tobillo_derecho,1,668.09675,634.22632
57,rodilla_derecha,1,771.18233,642.61567
57,cadera_derecha,1,803.93755,559.09445
57,hombro_derecho,1,793.05428,424.66995
57,punta_derecha,2,660.41542,707.11254
57,talon_derecho,2,695.40928,658.44229
57,tobillo_derecho,2,705.06804,670.54313
57,rodilla_derecha,2,816.41338,642.44528
57,cadera_derecha,2,815.55141,555.41463
57,hombro_derecho,2,803.47178,429.10641
57,punta_derecha,3,737.17232,763.81436
57,talon_derecho,3,735.00286,715.39677
57,tobillo_derecho,3,754.74392,714.4033
57,rodilla_derecha,3,853.79168,637.58228
57,cadera_derecha,3,832.24091,551.76919
57,hombro_derecho,3,811.48338,432.83306
57,punta_derecha,4,864.50895,781.49183
57,talon_derecho,4,804.45122,770.67749
57,tobillo_derecho,4,823.91893,749.92614
57,rodilla_derecha,4,882.19025,630.3821
57,cadera_derecha,4,841.41689,546.28796
57,hombro_derecho,4,818.94842,433.31466
57,punta_derecha,5,942.59645,780.69077
57,talon_derecho,5,899.61445,775.79566
57,tobillo_derecho,5,909.65853,754.05167
57,rodilla_derecha,5,900.88869,630.1351
57,cadera_derecha,5,847.87634,545.5176
57,hombro_derecho,5,826.87803,432.81864
57,punta_derecha,6,989.88041,748.03801
57,talon_derecho,6,968.46989,747.86382
57,tobillo_derecho,6,965.97256,728.55957
57,rodilla_derecha,6,920.27584,625.18121
57,cadera_derecha,6,856.37175,542.44373
57,hombro_derecho,6,834.57859,427.98332
57,punta_derecha,7,1061.1121,695.70275
57,talon_derecho,7,1024.54605,722.30432
57,tobillo_derecho,7,1017.47921,712.21108
57,rodilla_derecha,7,930.80229,616.74809
57,cadera_derecha,7,859.80034,543.09679
57,hombro_derecho,7,838.9559,423.2501
57,punta_derecha,8,1091.50932,638.47269
57,talon_derecho,8,1063.4713,693.94092
57,tobillo_derecho,8,1051.40625,671.00134
57,rodilla_derecha,8,942.84101,605.45281
57,cadera_derecha,8,864.27853,540.13782
57,hombro_derecho,8,848.53992,414.19739
58,punta_derecha,0,644.50871,587.1448
58,talon_derecho,0,698.33261,577.9083
58,tobillo_derecho,0,699.95853,592.39294
58,rodilla_derecha,0,777.82934,646.25082
58,cadera_derecha,0,833.25691,566.13667
58,hombro_derecho,0,826.50038,429.09656
58,punta_derecha,1,667.8281,609.93188
58,talon_derecho,1,721.94132,595.26649
58,tobillo_derecho,1,724.06506,609.63332
58,rodilla_derecha,1,817.50441,649.64064
58,cadera_derecha,1,847.98861,563.74869
58,hombro_derecho,1,834.42907,430.08855
58,punta_derecha,2,709.16988,659.50271
58,talon_derecho,2,751.40808,629.11891
58,tobillo_derecho,2,759.81005,641.91324
58,rodilla_derecha,2,866.33675,650.09402
58,cadera_derecha,2,860.91391,561.12079
58,hombro_derecho,2,849.35291,434.76875
58,punta_derecha,3,773.08359,727.90928
58,talon_derecho,3,778.39108,676.30368
58,tobillo_derecho,3,799.3103,684.12417
58,rodilla_derecha,3,906.80477,647.09893
58,cadera_derecha,3,873.76848,560.86214
58,hombro_derecho,3,864.11007,435.82051
58,punta_derecha,4,877.85419,771.39943
58,talon_derecho,4,842.71643,731.15084
58,tobillo_derecho,4,864.92792,724.01806
58,rodilla_derecha,4,937.53107,631.99908
58,cadera_derecha,4,883.02326,557.5589
58,hombro_derecho,4,874.10866,436.81125
58,punta_derecha,5,986.81843,776.29532
58,talon_derecho,5,932.76197,767.91292
58,tobillo_derecho,5,945.82111,748.55827
58,rodilla_derecha,5,953.92897,629.21534
58,cadera_derecha,5,893.60739,551.02748
58,hombro_derecho,5,884.52862,436.2278
58,punta_derecha,6,1031.61873,753.69833
58,talon_derecho,6,993.49949,758.46438
58,tobillo_derecho,6,1002.97428,734.69368
58,rodilla_derecha,6,967.16457,626.3976
58,cadera_derecha,6,900.40541,549.14689
58,hombro_derecho,6,890.5929,435.87771
58,punta_derecha,7,1100.96397,717.06577
58,talon_derecho,7,1058.84686,733.86075
58,tobillo_derecho,7,1052.64965,710.93514
58,rodilla_derecha,7,979.77757,620.99793
58,cadera_derecha,7,909.08386,550.08345
58,hombro_derecho,7,897.53878,434.63399
58,punta_derecha,8,1138.40572,663.72693
58,talon_derecho,8,1100.25513,708.66265
58,tobillo_derecho,8,1092.9697,698.93447
58,rodilla_derecha,8,997.21607,614.70875
58,cadera_derecha,8,914.84264,551.32308
58,hombro_derecho,8,905.03935,431.41344
58,punta_derecha,9,1153.03722,613.95751
58,talon_derecho,9,1127.52159,680.4466
58,tobillo_derecho,9,1117.03743,658.31046
58,rodilla_derecha,9,1010.45734,604.00268
58,cadera_derecha,9,916.53168,551.51408
58,hombro_derecho,9,911.55905,428.83195
58,punta_derecha,10,1165.42557,584.18203
58,talon_derecho,10,1144.93172,645.52501
58,tobillo_derecho,10,1132.78255,624.86868
58,rodilla_derecha,10,1020.35843,591.65452
58,cadera_derecha,10,920.65836,551.06276
58,hombro_derecho,10,921.19434,426.87379
58,punta_derecha,11,1175.54008,559.58633
58,talon_derecho,11,1155.69592,619.18525
58,tobillo_derecho,11,1142.62264,600.4863
58,rodilla_derecha,11,1032.40723,578.13985
58,cadera_derecha,11,927.26555,550.32183
58,hombro_derecho,11,932.69331,424.65562
58,punta_derecha,12,1179.76284,539.71106
58,talon_derecho,12,1164.44172,594.71101
58,tobillo_derecho,12,1150.59654,577.47746
58,rodilla_derecha,12,1043.71593,557.80777
58,cadera_derecha,12,936.95383,550.62773
58,hombro_derecho,12,945.13533,424.06581
58,punta_derecha,13,1181.53416,520.98627
58,talon_derecho,13,1167.57523,579.15431
58,tobillo_derecho,13,1151.8539,564.72516
58,rodilla_derecha,13,1046.78295,551.53899
58,cadera_derecha,13,947.26845,549.43696
58,hombro_derecho,13,954.06635,423.43759
58,punta_derecha,14,1184.29401,513.15217
58,talon_derecho,14,1170.74993,573.05097
58,tobillo_derecho,14,1158.11874,557.98524
58,rodilla_derecha,14,1054.53346,547.54272
58,cadera_derecha,14,952.13905,549.27731
58,hombro_derecho,14,962.24041,423.8687
58,punta_derecha,15,1190.77675,515.70051
58,talon_derecho,15,1177.55207,570.7132
58,tobillo_derecho,15,1165.322,557.06818
58,rodilla_derecha,15,1064.90147,544.8039
58,cadera_derecha,15,963.63613,549.50957
58,hombro_derecho,15,974.15874,423.99751
58,punta_derecha,16,1197.07661,518.70216
58,talon_derecho,16,1184.97791,574.65032
58,tobillo_derecho,16,1171.44287,560.20122
58,rodilla_derecha,16,1068.78582,544.20774
58,cadera_derecha,16,970.59013,549.66986
58,hombro_derecho,16,982.94392,424.77475
58,punta_derecha,17,1206.42071,528.4576
58,talon_derecho,17,1192.10152,582.32307
58,tobillo_derecho,17,1180.5645,567.46378
58,rodilla_derecha,17,1078.36361,546.87085
58,cadera_derecha,17,978.0685,549.69078
58,hombro_derecho,17,994.46262,426.6779
58,punta_derecha,18,1217.66109,540.4987
58,talon_derecho,18,1201.00971,591.36323
58,tobillo_derecho,18,1188.80745,576.80341
58,rodilla_derecha,18,1090.04368,551.29502
58,cadera_derecha,18,988.67798,551.03025
58,hombro_derecho,18,1003.97038,430.00773
58,punta_derecha,19,1228.61401,554.0122
58,talon_derecho,19,1209.51256,604.29892
58,tobillo_derecho,19,1196.99112,585.27592
58,rodilla_derecha,19,1100.90401,555.36996
58,cadera_derecha,19,998.22945,552.24697
58,hombro_derecho,19,1012.07451,432.33813
59,punta_derecha,0,562.81185,608.66431
59,talon_derecho,0,626.46006,591.58178
59,tobillo_derecho,0,625.49612,605.6431
59,rodilla_derecha,0,720.59034,647.81077
59,cadera_derecha,0,767.90159,562.22388
59,hombro_derecho,0,762.26595,427.69432
59,punta_derecha,1,585.91839,644.80835
59,talon_derecho,1,642.31007,615.74747
59,tobillo_derecho,1,646.20289,628.78191
59,rodilla_derecha,1,757.01494,649.23
59,cadera_derecha,1,777.07581,562.22466
59,hombro_derecho,1,768.92561,427.81982
59,punta_derecha,2,642.4934,714.47958
59,talon_derecho,2,669.02824,661.77534
59,tobillo_derecho,2,687.31853,670.07675
59,rodilla_derecha,2,805.29619,645.98026
59,cadera_derecha,2,788.33611,560.60934
59,hombro_derecho,2,775.19285,430.42119
59,punta_derecha,3,726.2154,767.75154
59,talon_derecho,3,711.96115,722.99465
59,tobillo_derecho,3,734.74188,718.83204
59,rodilla_derecha,3,838.34238,637.95764
59,cadera_derecha,3,800.89451,557.51242
59,hombro_derecho,3,783.40971,430.37835
59,punta_derecha,4,847.32817,782.17927
59,talon_derecho,4,793.68319,767.63206
59,tobillo_derecho,4,811.84273,750.91516
59,rodilla_derecha,4,858.39237,629.57518
59,cadera_derecha,4,809.80236,551.92909
59,hombro_derecho,4,791.97046,427.18465
59,punta_derecha,5,934.44065,770.84222
59,talon_derecho,5,881.87433,761.04355
59,tobillo_derecho,5,890.59559,743.24422
59,rodilla_derecha,5,872.85255,628.82826
59,cadera_derecha,5,818.46067,548.6677
59,hombro_derecho,5,800.86773,421.3324
59,punta_derecha,6,995.42587,727.19789
59,talon_derecho,6,951.05764,748.64537
59,tobillo_derecho,6,943.46317,722.4518
59,rodilla_derecha,6,887.17958,622.17872
59,cadera_derecha,6,824.3335,547.71794
59,hombro_derecho,6,807.23763,416.68354
59,punta_derecha,7,1043.33931,683.02493
59,talon_derecho,7,1000.86285,720.51578
59,tobillo_derecho,7,991.59325,702.97786
59,rodilla_derecha,7,899.68792,616.32393
59,cadera_derecha,7,825.87805,549.18732
59,hombro_derecho,7,813.34602,411.76438
59,punta_derecha,8,1063.3968,626.31089
59,talon_derecho,8,1035.47688,694.23717
59,tobillo_derecho,8,1022.27806,669.69811
59,rodilla_derecha,8,914.47912,607.32536
59,cadera_derecha,8,825.97086,549.47197
59,hombro_derecho,8,820.51718,408.2539
59,punta_derecha,9,1079.10862,595.47139
59,talon_derecho,9,1055.02625,656.99995
59,tobillo_derecho,9,1040.43102,637.1909
59,rodilla_derecha,9,930.49999,596.57938
59,cadera_derecha,9,829.30275,548.37795
59,hombro_derecho,9,831.23806,406.09029
59,punta_derecha,10,1089.71088,571.08155
59,talon_derecho,10,1065.25028,630.15769
59,tobillo_derecho,10,1050.50308,611.56915
59,rodilla_derecha,10,937.57788,575.03604
59,cadera_derecha,10,831.95801,546.97334
59,hombro_derecho,10,842.76421,405.41318
59,punta_derecha,11,1085.7114,547.78881
59,talon_derecho,11,1072.00722,608.73796
59,tobillo_derecho,11,1058.51875,591.82363
59,rodilla_derecha,11,946.98,563.69397
59,cadera_derecha,11,836.98591,546.32626
59,hombro_derecho,11,855.54691,406.06933
59,punta_derecha,12,1082.08763,532.628
59,talon_derecho,12,1077.50187,595.91105
59,tobillo_derecho,12,1061.52363,580.11437
59,rodilla_derecha,12,951.14965,556.80007
59,cadera_derecha,12,845.76319,545.04652
59,hombro_derecho,12,860.9693,406.54946
59,punta_derecha,13,1082.23148,527.64276
59,talon_derecho,13,1075.83904,585.64517
59,tobillo_derecho,13,1062.22069,571.63651
59,rodilla_derecha,13,956.51133,553.06811
59,cadera_derecha,13,853.89261,543.49327
59,hombro_derecho,13,868.27354,407.51972
59,punta_derecha,14,1085.03277,524.08686
59,talon_derecho,14,1078.41316,583.68005
59,tobillo_derecho,14,1065.59338,570.30701
59,rodilla_derecha,14,960.70301,549.27081
59,cadera_derecha,14,861.04191,544.03426
59,hombro_derecho,14,876.20991,407.7889
59,punta_derecha,15,1092.17846,529.48486
59,talon_derecho,15,1083.06026,588.39325
59,tobillo_derecho,15,1071.22581,572.72042
59,rodilla_derecha,15,969.51382,548.6106
59,cadera_derecha,15,870.36741,544.11279
59,hombro_derecho,15,883.50243,407.6645
60,punta_derecha,0,610.02319,586.21377
60,talon_derecho,0,668.56739,580.25438
60,tobillo_derecho,0,669.90875,595.0462
60,rodilla_derecha,0,754.6023,637.53922
60,cadera_derecha,0,814.66713,564.07821
60,hombro_derecho,0,815.29415,438.25085
60,punta_derecha,1,633.03915,613.82877
60,talon_derecho,1,687.75867,596.57545
60,tobillo_derecho,1,692.07006,610.04885
60,rodilla_derecha,1,790.2578,641.68774
60,cadera_derecha,1,829.82517,564.07976
60,hombro_derecho,1,823.5256,438.13665
60,punta_derecha,2,671.83931,666.71191
60,talon_derecho,2,714.4245,630.07678
60,tobillo_derecho,2,725.37958,643.98321
60,rodilla_derecha,2,840.98511,645.20553
60,cadera_derecha,2,845.71129,563.62374
60,hombro_derecho,2,835.25362,440.23383
60,punta_derecha,3,735.47607,733.47329
60,talon_derecho,3,749.65158,679.15457
60,tobillo_derecho,3,766.91711,688.08877
60,rodilla_derecha,3,879.88026,643.03275
60,cadera_derecha,3,857.82927,561.4187
60,hombro_derecho,3,843.10249,442.29032
60,punta_derecha,4,847.70605,776.93441
60,talon_derecho,4,807.21519,739.44087
60,tobillo_derecho,4,828.33344,730.18609
60,rodilla_derecha,4,907.75166,636.7885
60,cadera_derecha,4,867.12313,557.16841
60,hombro_derecho,4,852.35378,443.61631
60,punta_derecha,5,958.62774,787.98404
60,talon_derecho,5,904.26476,769.73925
60,tobillo_derecho,5,920.66185,752.33188
60,rodilla_derecha,5,925.81799,634.37947
60,cadera_derecha,5,877.0657,551.09128
60,hombro_derecho,5,861.62802,443.32019
60,punta_derecha,6,1020.43121,754.94646
60,talon_derecho,6,962.91607,752.53073
60,tobillo_derecho,6,971.7675,733.66995
60,rodilla_derecha,6,944.7274,629.66736
60,cadera_derecha,6,888.37286,549.13942
60,hombro_derecho,6,874.54411,434.86573
60,punta_derecha,7,1079.24171,719.75418
60,talon_derecho,7,1034.34952,742.65952
60,tobillo_derecho,7,1027.81162,715.60096
60,rodilla_derecha,7,958.48057,623.52701
60,cadera_derecha,7,890.53408,547.7621
60,hombro_derecho,7,881.89877,425.96108
60,punta_derecha,8,1116.59866,683.21252
60,talon_derecho,8,1076.36971,710.62197
60,tobillo_derecho,8,1068.19576,714.9105
60,rodilla_derecha,8,971.77414,614.09746
60,cadera_derecha,8,895.67768,547.20984
60,hombro_derecho,8,890.08833,419.46082
60,punta_derecha,9,1150.28812,638.42003
60,talon_derecho,9,1105.05249,683.69267
60,tobillo_derecho,9,1096.97937,662.76597
60,rodilla_derecha,9,991.75655,607.29201
60,cadera_derecha,9,900.87215,546.69331
60,hombro_derecho,9,898.52314,414.89516
60,punta_derecha,10,1161.1607,603.36725
60,talon_derecho,10,1119.73652,651.13042
60,tobillo_derecho,10,1110.72475,628.5371
60,rodilla_derecha,10,1004.69376,591.8226
60,cadera_derecha,10,903.06456,544.12773
60,hombro_derecho,10,907.08784,411.46163
60,punta_derecha,11,1168.34816,573.15635
60,talon_derecho,11,1132.31152,622.83777
60,tobillo_derecho,11,1122.8738,603.44675
60,rodilla_derecha,11,1014.79786,576.50375
60,cadera_derecha,11,906.98467,539.21874
60,hombro_derecho,11,916.79821,409.75861
62,punta_derecha,0,856.23791,655.58008
62,talon_derecho,0,890.99871,620.11389
62,tobillo_derecho,0,896.51361,635.95403
62,rodilla_derecha,0,995.79781,656.83342
62,cadera_derecha,0,1010.56286,560.79049
62,hombro_derecho,0,998.39104,439.37728
62,punta_derecha,1,889.17309,672.45102
62,talon_derecho,1,910.33962,628.68432
62,tobillo_derecho,1,922.54744,642.57512
62,rodilla_derecha,1,1022.5922,656.82898
62,cadera_derecha,1,1013.29765,560.78218
62,hombro_derecho,1,1001.13808,439.36441
62,punta_derecha,2,937.84533,711.04876
62,talon_derecho,2,930.67366,659.68978
62,tobillo_derecho,2,952.09917,667.49655
62,rodilla_derecha,2,1053.38894,653.97719
62,cadera_derecha,2,1022.38815,560.77781
62,hombro_derecho,2,1003.72181,439.40329
62,punta_derecha,3,1000.17265,751.40691
62,talon_derecho,3,969.00581,701.03992
62,tobillo_derecho,3,993.47729,701.8888
62,rodilla_derecha,3,1079.07177,641.86032
62,cadera_derecha,3,1035.31563,556.88858
62,hombro_derecho,3,1011.93718,439.15452
62,punta_derecha,4,1084.92485,768.4534
62,talon_derecho,4,1027.7758,736.36023
62,tobillo_derecho,4,1046.74519,726.49056
62,rodilla_derecha,4,1102.2662,630.65266
62,cadera_derecha,4,1039.5686,554.44839
62,hombro_derecho,4,1025.03059,438.38253
62,punta_derecha,5,1157.14268,761.90795
62,talon_derecho,5,1100.76977,754.3736
62,tobillo_derecho,5,1114.5298,735.71341
62,rodilla_derecha,5,1110.33314,616.58155
62,cadera_derecha,5,1042.29195,549.06623
62,hombro_derecho,5,1029.13548,436.37386
62,punta_derecha,6,1214.10507,738.00335
62,talon_derecho,6,1157.11922,745.06971
62,tobillo_derecho,6,1159.89841,724.79987
62,rodilla_derecha,6,1116.52325,613.26538
62,cadera_derecha,6,1048.35869,546.42205
62,hombro_derecho,6,1030.87578,433.33034
62,punta_derecha,7,1256.97327,712.597
62,talon_derecho,7,1205.59628,728.11933
62,tobillo_derecho,7,1204.65694,707.43615
62,rodilla_derecha,7,1121.93035,614.07216
62,cadera_derecha,7,1054.47041,547.52933
62,hombro_derecho,7,1031.93356,430.83885
63,punta_derecha,0,737.63254,696.30007
63,talon_derecho,0,775.00563,649.46252
63,tobillo_derecho,0,784.63692,665.83534
63,rodilla_derecha,0,900.9054,688.77106
63,cadera_derecha,0,918.03274,578.10921
63,hombro_derecho,0,901.10235,430.05874
63,punta_derecha,1,771.41613,720.99581
63,talon_derecho,1,797.38506,666.00181
63,tobillo_derecho,1,814.05853,682.83548
63,rodilla_derecha,1,936.27491,688.15315
63,cadera_derecha,1,924.22525,578.44891
63,hombro_derecho,1,907.64465,430.05034
63,punta_derecha,2,832.6692,766.8489
63,talon_derecho,2,827.41133,705.43685
63,tobillo_derecho,2,853.85073,712.2114
63,rodilla_derecha,2,971.95232,682.34927
63,cadera_derecha,2,933.1002,578.44839
63,hombro_derecho,2,915.82186,430.82539
63,punta_derecha,3,917.20734,809.26409
63,talon_derecho,3,874.38103,755.46608
63,tobillo_derecho,3,901.75512,750.02128
63,rodilla_derecha,3,1007.12563,665.73498
63,cadera_derecha,3,943.76678,573.43103
63,hombro_derecho,3,923.84926,429.9074
63,punta_derecha,4,1015.59883,825.75137
63,talon_derecho,4,953.91529,797.32688
63,tobillo_derecho,4,972.88685,783.24516
63,rodilla_derecha,4,1026.28578,653.48428
63,cadera_derecha,4,947.98004,568.68777
63,hombro_derecho,4,929.58315,426.1888
63,punta_derecha,5,1095.93704,816.99773
63,talon_derecho,5,1026.77078,805.07849
63,tobillo_derecho,5,1045.38963,782.48697
63,rodilla_derecha,5,1034.71859,638.74351
63,cadera_derecha,5,956.90529,565.83566
63,hombro_derecho,5,933.97545,422.16149
63,punta_derecha,6,1158.41629,788.80055
63,talon_derecho,6,1100.4903,786.99405
63,tobillo_derecho,6,1106.26957,766.65076
63,rodilla_derecha,6,1041.8652,635.60848
63,cadera_derecha,6,966.11778,562.92368
63,hombro_derecho,6,936.32853,419.77905
63,punta_derecha,7,1214.43306,754.24576
63,talon_derecho,7,1147.19936,764.98936
63,tobillo_derecho,7,1148.67714,752.00262
63,rodilla_derecha,7,1049.61308,634.62679
63,cadera_derecha,7,970.56953,560.08303
63,hombro_derecho,7,938.32483,416.6416
64,punta_derecha,0,977.44503,677.36629
64,talon_derecho,0,1007.31846,636.84528
64,tobillo_derecho,0,1018.94531,655.67612
64,rodilla_derecha,0,1132.23129,665.76962
64,cadera_derecha,0,1128.35793,563.34539
64,hombro_derecho,0,1119.82338,437.18947
64,punta_derecha,1,1013.84342,701.24675
64,talon_derecho,1,1027.1228,651.05871
64,tobillo_derecho,1,1044.11877,665.6645
64,rodilla_derecha,1,1160.33524,664.78278
64,cadera_derecha,1,1135.99812,563.87866
64,hombro_derecho,1,1121.42006,437.68327
64,punta_derecha,2,1073.59188,738.42396
64,talon_derecho,2,1061.72264,681.23169
64,tobillo_derecho,2,1083.20698,689.77798
64,rodilla_derecha,2,1188.51357,659.17486
64,cadera_derecha,2,1145.9087,563.8289
64,hombro_derecho,2,1133.44265,440.7005
64,punta_derecha,3,1155.12428,778.7104
64,talon_derecho,3,1111.9788,732.2327
64,tobillo_derecho,3,1133.01109,727.70122
64,rodilla_derecha,3,1219.36386,651.85327
64,cadera_derecha,3,1159.00246,563.85864
64,hombro_derecho,3,1139.67258,442.49567
64,punta_derecha,4,1234.83112,784.90334
64,talon_derecho,4,1178.59978,761.49661
64,tobillo_derecho,4,1195.2697,747.9448
64,rodilla_derecha,4,1233.59917,639.83103
64,cadera_derecha,4,1168.65475,558.12178
64,hombro_derecho,4,1149.20986,440.60781
64,punta_derecha,5,1315.4092,772.43834
64,talon_derecho,5,1249.15318,776.07162
64,tobillo_derecho,5,1262.12517,754.89155
64,rodilla_derecha,5,1241.35746,626.75262
64,cadera_derecha,5,1172.45075,552.82961
64,hombro_derecho,5,1157.26353,438.56174
64,punta_derecha,6,1371.9072,756.92059
64,talon_derecho,6,1308.77598,754.96384
64,tobillo_derecho,6,1313.29891,736.48202
64,rodilla_derecha,6,1244.53079,620.57165
64,cadera_derecha,6,1177.07165,552.99653
64,hombro_derecho,6,1153.53184,438.35832
65,punta_derecha,0,836.30041,666.76225
65,talon_derecho,0,855.64304,624.12967
65,tobillo_derecho,0,870.68092,638.91802
65,rodilla_derecha,0,961.30051,653.88366
65,cadera_derecha,0,964.59732,563.19134
65,hombro_derecho,0,938.0777,445.81153
65,punta_derecha,1,870.97939,692.48442
65,talon_derecho,1,874.92714,642.61477
65,tobillo_derecho,1,890.30468,654.50498
65,rodilla_derecha,1,987.94327,651.2555
65,cadera_derecha,1,965.06241,562.74344
65,hombro_derecho,1,941.50217,442.99234
65,punta_derecha,2,925.41893,731.61015
65,talon_derecho,2,902.78246,679.05608
65,tobillo_derecho,2,924.06303,684.83639
65,rodilla_derecha,2,1016.64253,641.08463
65,cadera_derecha,2,969.15928,560.84759
65,hombro_derecho,2,946.54203,441.55058
65,punta_derecha,3,991.31447,751.2958
65,talon_derecho,3,953.8999,718.96085
65,tobillo_derecho,3,974.93053,711.40976
65,rodilla_derecha,3,1036.38531,627.2011
65,cadera_derecha,3,974.24698,553.31202
65,hombro_derecho,3,949.53815,439.39759
65,punta_derecha,4,1066.56086,742.47573
65,talon_derecho,4,1015.73124,731.97739
65,tobillo_derecho,4,1030.59757,716.38412
65,rodilla_derecha,4,1045.11795,614.2434
65,cadera_derecha,4,980.64526,548.98461
65,hombro_derecho,4,952.22162,438.2157
65,punta_derecha,5,1099.6669,740.97977
65,talon_derecho,5,1053.12481,734.52386
65,tobillo_derecho,5,1067.50488,719.38043
65,rodilla_derecha,5,1051.08524,610.22897
65,cadera_derecha,5,987.94796,546.4288
65,hombro_derecho,5,954.6559,438.19755
65,punta_derecha,6,1157.19189,729.36321
65,talon_derecho,6,1105.53715,730.33112
65,tobillo_derecho,6,1109.79778,710.52837
65,rodilla_derecha,6,1058.7521,608.50312
65,cadera_derecha,6,995.31509,546.8977
65,hombro_derecho,6,955.4175,438.05673
65,punta_derecha,7,1192.80704,683.38401
65,talon_derecho,7,1142.29053,714.68661
65,tobillo_derecho,7,1142.88231,706.96088
65,rodilla_derecha,7,1065.06432,604.41647
65,cadera_derecha,7,995.78705,547.64636
65,hombro_derecho,7,955.98238,436.02554
66,punta_derecha,0,847.21733,608.97961
66,talon_derecho,0,886.7098,590.9956
66,tobillo_derecho,0,892.7607,605.7983
66,rodilla_derecha,0,975.6229,639.70286
66,cadera_derecha,0,984.0152,558.02213
66,hombro_derecho,0,968.58616,437.60049
66,punta_derecha,1,871.39595,642.80306
66,talon_derecho,1,898.35732,603.21952
66,tobillo_derecho,1,907.89053,619.48278
66,rodilla_derecha,1,1001.39271,639.21543
66,cadera_derecha,1,986.90781,556.54335
66,hombro_derecho,1,971.11073,435.88833
66,punta_derecha,2,920.91156,687.87525
66,talon_derecho,2,918.62555,635.78254
66,tobillo_derecho,2,938.71862,647.41359
66,rodilla_derecha,2,1036.21765,632.30614
66,cadera_derecha,2,993.41743,554.00074
66,hombro_derecho,2,979.09447,433.0807
66,punta_derecha,3,987.21817,728.36169
66,talon_derecho,3,953.25068,677.22235
66,tobillo_derecho,3,976.58066,679.62694
66,rodilla_derecha,3,1056.84162,623.142
66,cadera_derecha,3,998.39333,548.75022
66,hombro_derecho,3,987.56447,430.49654
66,punta_derecha,4,1070.90504,743.43811
66,talon_derecho,4,1013.99345,715.93036
66,tobillo_derecho,4,1034.64912,705.76773
66,rodilla_derecha,4,1068.78651,609.78003
66,cadera_derecha,4,1005.41256,542.77905
66,hombro_derecho,4,994.05785,427.78142
66,punta_derecha,5,1108.3651,740.74062
66,talon_derecho,5,1068.85792,726.62845
66,tobillo_derecho,5,1083.11394,710.90386
66,rodilla_derecha,5,1076.88366,602.7456
66,cadera_derecha,5,1015.63923,539.20503
66,hombro_derecho,5,999.52366,422.66518
66,punta_derecha,6,1170.80349,719.3832
66,talon_derecho,6,1120.82943,721.11702
66,tobillo_derecho,6,1127.61189,702.87654
66,rodilla_derecha,6,1080.95776,603.87322
66,cadera_derecha,6,1026.62865,536.98786
66,hombro_derecho,6,1004.56306,419.33677
68,punta_derecha,0,701.79668,597.29984
68,talon_derecho,0,747.49111,584.53782
68,tobillo_derecho,0,749.08241,596.07836
68,rodilla_derecha,0,819.57481,646.50258
68,cadera_derecha,0,842.60216,552.89546
68,hombro_derecho,0,823.21501,431.47012
68,punta_derecha,1,718.47656,621.34271
68,talon_derecho,1,759.05119,592.76476
68,tobillo_derecho,1,764.21974,607.86268
68,rodilla_derecha,1,842.52405,645.80536
68,cadera_derecha,1,844.40403,553.81477
68,hombro_derecho,1,826.05171,434.3174
68,punta_derecha,2,749.04659,661.89353
68,talon_derecho,2,772.0225,613.854
68,tobillo_derecho,2,782.64227,628.5792
68,rodilla_derecha,2,876.80471,641.66373
68,cadera_derecha,2,851.42962,554.30871
68,hombro_derecho,2,831.99245,434.1237
68,punta_derecha,3,791.76584,708.35333
68,talon_derecho,3,789.9745,653.07674
68,tobillo_derecho,3,806.96171,658.71433
68,rodilla_derecha,3,905.47703,627.552
68,cadera_derecha,3,858.02427,554.13895
68,hombro_derecho,3,836.49714,430.76565
68,punta_derecha,4,862.49743,746.22282
68,talon_derecho,4,828.43987,697.12456
68,tobillo_derecho,4,847.62794,693.7733
68,rodilla_derecha,4,922.02513,616.89505
68,cadera_derecha,4,864.37666,549.78277
68,hombro_derecho,4,840.2243,427.49776
68,punta_derecha,5,938.95901,744.28609
68,talon_derecho,5,891.0458,722.32537
68,tobillo_derecho,5,909.44607,708.9894
68,rodilla_derecha,5,933.75681,602.74412
68,cadera_derecha,5,868.29157,542.0674
68,hombro_derecho,5,843.96166,423.91521
68,punta_derecha,6,974.86828,729.99696
68,talon_derecho,6,938.05916,740.00548
68,tobillo_derecho,6,950.10023,721.75979
68,rodilla_derecha,6,939.3857,604.00274
68,cadera_derecha,6,875.97239,538.16633
68,hombro_derecho,6,848.33902,419.63546
68,punta_derecha,7,1032.52441,707.77855
68,talon_derecho,7,997.78324,717.53383
68,tobillo_derecho,7,998.23185,698.97515
68,rodilla_derecha,7,944.22523,600.23551
68,cadera_derecha,7,879.53922,536.26714
68,hombro_derecho,7,847.99404,416.94094
70,punta_derecha,0,649.65014,721.15082
70,talon_derecho,0,698.57002,658.31908
70,tobillo_derecho,0,705.27763,683.41297
70,rodilla_derecha,0,836.4739,747.28864
70,cadera_derecha,0,873.78685,605.72021
70,hombro_derecho,0,870.50325,413.3448
70,punta_derecha,1,663.47809,748.72809
70,talon_derecho,1,718.77211,677.7363
70,tobillo_derecho,1,732.15912,703.98221
70,rodilla_derecha,1,875.3536,752.91961
70,cadera_derecha,1,883.5886,606.65813
70,hombro_derecho,1,875.835,413.07308
70,punta_derecha,2,724.20805,819.16286
70,talon_derecho,2,739.28284,730.68858
70,tobillo_derecho,2,762.88988,749.52477
70,rodilla_derecha,2,919.86385,753.42288
70,cadera_derecha,2,900.62748,608.90346
70,hombro_derecho,2,888.4354,413.0725
70,punta_derecha,3,811.57276,896.54431
70,talon_derecho,3,777.728,803.53354
70,tobillo_derecho,3,811.08273,808.61276
70,rodilla_derecha,3,967.54658,743.43933
70,cadera_derecha,3,910.36583,604.04227
70,hombro_derecho,3,899.97179,411.20939
70,punta_derecha,4,930.08509,942.23344
70,talon_derecho,4,856.49305,875.54029
70,tobillo_derecho,4,886.39,866.58858
70,rodilla_derecha,4,1001.61575,726.64557
70,cadera_derecha,4,914.5186,597.97749
70,hombro_derecho,4,914.63905,408.55835
70,punta_derecha,5,1056.00815,937.76499
70,talon_derecho,5,970.65182,919.36679
70,tobillo_derecho,5,991.40934,887.39993
70,rodilla_derecha,5,1018.22227,707.5517
70,cadera_derecha,5,927.9812,592.13744
70,hombro_derecho,5,927.9974,404.27178
70,punta_derecha,6,1139.71928,919.06205
70,talon_derecho,6,1049.96487,919.05137
70,tobillo_derecho,6,1066.37764,880.09494
70,rodilla_derecha,6,1026.9976,697.56886
70,cadera_derecha,6,938.39882,586.29624
70,hombro_derecho,6,935.45403,401.51262
70,punta_derecha,7,1218.32851,877.39198
70,talon_derecho,7,1131.20831,889.19053
70,tobillo_derecho,7,1140.65529,857.4395
70,rodilla_derecha,7,1031.55956,692.18785
70,cadera_derecha,7,939.38765,581.55394
70,hombro_derecho,7,942.02173,397.11601
71,punta_derecha,0,981.57005,595.03268
71,talon_derecho,0,1035.82409,586.04962
71,tobillo_derecho,0,1035.20336,605.55812
71,rodilla_derecha,0,1125.57495,678.53807
71,cadera_derecha,0,1153.74229,573.55225
71,hombro_derecho,0,1160.86533,426.78846
71,punta_derecha,1,995.71632,611.08809
71,talon_derecho,1,1054.01493,596.6713
71,tobillo_derecho,1,1055.27184,615.03016
71,rodilla_derecha,1,1154.97311,679.71854
71,cadera_derecha,1,1162.95456,574.36579
71,hombro_derecho,1,1163.75267,429.16827
71,punta_derecha,2,1029.87968,652.89939
71,talon_derecho,2,1073.03123,618.82186
71,tobillo_derecho,2,1082.00603,639.10432
71,rodilla_derecha,2,1191.85467,680.25406
71,cadera_derecha,2,1174.85847,575.88551
71,hombro_derecho,2,1175.43434,429.45457
71,punta_derecha,3,1078.61504,708.25658
71,talon_derecho,3,1083.13683,651.01024
71,tobillo_derecho,3,1105.07824,668.28177
71,rodilla_derecha,3,1226.64963,674.61975
71,cadera_derecha,3,1186.5707,574.60989
71,hombro_derecho,3,1184.30649,428.30944
71,punta_derecha,4,1144.97635,769.55778
71,talon_derecho,4,1115.36167,705.2239
71,tobillo_derecho,4,1141.53019,712.47816
71,rodilla_derecha,4,1254.18594,651.03888
71,cadera_derecha,4,1191.8335,564.97287
71,hombro_derecho,4,1195.90542,423.48107
71,punta_derecha,5,1228.82755,803.30643
71,talon_derecho,5,1173.24406,756.2999
71,tobillo_derecho,5,1198.51456,749.14317
71,rodilla_derecha,5,1272.35229,652.37919
71,cadera_derecha,5,1204.42635,559.65971
71,hombro_derecho,5,1209.36504,420.1227
71,punta_derecha,6,1314.29878,796.84879
71,talon_derecho,6,1246.36013,779.10398
71,tobillo_derecho,6,1265.04948,756.81772
71,rodilla_derecha,6,1283.99048,641.75411
71,cadera_derecha,6,1219.49203,555.28441
71,hombro_derecho,6,1217.87968,416.99446
71,punta_derecha,7,1386.36635,796.86591
71,talon_derecho,7,1323.647,792.30231
71,tobillo_derecho,7,1333.99258,772.39039
71,rodilla_derecha,7,1284.3465,639.92598
71,cadera_derecha,7,1220.27309,552.45663
71,hombro_derecho,7,1222.17659,413.98087
71,punta_derecha,8,1433.20187,779.56193
71,talon_derecho,8,1371.92368,776.1275
71,tobillo_derecho,8,1378.45493,756.733
71,rodilla_derecha,8,1288.62007,638.96611
71,cadera_derecha,8,1221.95389,549.26617
71,hombro_derecho,8,1227.68154,409.94291
72,punta_derecha,0,789.38999,602.57978
72,talon_derecho,0,844.24433,589.03254
72,tobillo_derecho,0,843.48146,606.9704
72,rodilla_derecha,0,940.64558,663.28321
72,cadera_derecha,0,951.65989,558.13323
72,hombro_derecho,0,951.22101,426.38929
72,punta_derecha,1,815.87288,639.72693
72,talon_derecho,1,852.19454,604.22296
72,tobillo_derecho,1,861.84282,622.92294
72,rodilla_derecha,1,966.42014,663.03254
72,cadera_derecha,1,956.80429,559.848
72,hombro_derecho,1,958.79311,426.66403
72,punta_derecha,2,854.65239,695.28606
72,talon_derecho,2,864.47382,639.9458
72,tobillo_derecho,2,883.50466,653.70064
72,rodilla_derecha,2,997.94609,658.13433
72,cadera_derecha,2,962.29774,559.8518
72,hombro_derecho,2,963.74004,425.97543
72,punta_derecha,3,908.06105,753.32761
72,talon_derecho,3,892.80006,689.28856
72,tobillo_derecho,3,917.22553,695.37824
72,rodilla_derecha,3,1025.03872,646.97263
72,cadera_derecha,3,969.8893,558.63683
72,hombro_derecho,3,971.53702,425.603
72,punta_derecha,4,989.81037,786.85957
72,talon_derecho,4,944.22026,734.61315
72,tobillo_derecho,4,966.60358,730.86477
72,rodilla_derecha,4,1043.08182,641.54013
72,cadera_derecha,4,978.06175,556.55262
72,hombro_derecho,4,980.26737,425.24296
72,punta_derecha,5,1080.25394,778.70705
72,talon_derecho,5,1021.58031,766.33617
72,tobillo_derecho,5,1037.51987,747.65634
72,rodilla_derecha,5,1049.77409,629.12521
72,cadera_derecha,5,984.62757,548.65869
72,hombro_derecho,5,989.04533,423.30131
72,punta_derecha,6,1123.88844,770.20911
72,talon_derecho,6,1074.18823,771.65872
72,tobillo_derecho,6,1085.88009,745.26476
72,rodilla_derecha,6,1051.80828,618.00555
72,cadera_derecha,6,988.26691,543.33182
72,hombro_derecho,6,995.62637,421.05917
72,punta_derecha,7,1179.8275,742.0024
72,talon_derecho,7,1128.45737,755.72943
72,tobillo_derecho,7,1131.82663,731.63049
72,rodilla_derecha,7,1058.17783,623.22549
72,cadera_derecha,7,998.22041,543.9722
72,hombro_derecho,7,1004.43352,419.7
73,punta_derecha,0,1129.53552,671.28046
73,talon_derecho,0,1176.78921,629.93812
73,tobillo_derecho,0,1182.70374,648.61247
73,rodilla_derecha,0,1305.78197,706.23868
73,cadera_derecha,0,1329.80576,578.25849
73,hombro_derecho,0,1331.36101,428.51681
73,punta_derecha,1,1164.79134,701.0974
73,talon_derecho,1,1194.8782,645.37477
73,tobillo_derecho,1,1210.8823,667.96577
73,rodilla_derecha,1,1337.72312,706.25677
73,cadera_derecha,1,1336.84914,576.93698
73,hombro_derecho,1,1332.12078,425.82142
73,punta_derecha,2,1232.27177,740.08524
73,talon_derecho,2,1221.83384,678.62047
73,tobillo_derecho,2,1245.45628,694.81189
73,rodilla_derecha,2,1376.56551,704.31219
73,cadera_derecha,2,1347.1891,575.28806
73,hombro_derecho,2,1336.92661,422.07581
73,punta_derecha,3,1294.16531,779.79097
73,talon_derecho,3,1259.80019,718.95473
73,tobillo_derecho,3,1286.64505,725.51866
73,rodilla_derecha,3,1420.80585,694.68881
73,cadera_derecha,3,1362.34966,572.30154
73,hombro_derecho,3,1351.73,420.00274
73,punta_derecha,4,1366.85543,800.02437
73,talon_derecho,4,1316.43391,756.62962
73,tobillo_derecho,4,1344.84329,755.7676
73,rodilla_derecha,4,1450.31731,684.84804
73,cadera_derecha,4,1369.58508,569.72662
73,hombro_derecho,4,1356.35696,419.85771
73,punta_derecha,5,1467.50587,813.32976
73,talon_derecho,5,1398.73695,794.97598
73,tobillo_derecho,5,1422.4015,777.62713
73,rodilla_derecha,5,1470.88486,671.20907
73,cadera_derecha,5,1375.79899,567.23152
73,hombro_derecho,5,1361.17962,420.12634
73,punta_derecha,6,1523.60676,815.98264
73,talon_derecho,6,1443.23215,813.13381
73,tobillo_derecho,6,1467.06161,792.43518
73,rodilla_derecha,6,1484.28257,655.35072
73,cadera_derecha,6,1383.09071,564.03322
73,hombro_derecho,6,1364.49497,414.08223
73,punta_derecha,7,1591.29925,804.31927
73,talon_derecho,7,1520.28225,811.10844
73,tobillo_derecho,7,1530.58308,788.34382
73,rodilla_derecha,7,1502.86823,647.78901
73,cadera_derecha,7,1390.33962,562.51665
73,hombro_derecho,7,1369.31786,414.00041
74,punta_derecha,0,998.13194,583.56721
74,talon_derecho,0,1046.98402,575.14149
74,tobillo_derecho,0,1044.01062,594.17794
74,rodilla_derecha,0,1122.75272,683.91309
74,cadera_derecha,0,1167.67422,572.69847
74,hombro_derecho,0,1143.92784,434.64442
74,punta_derecha,1,1020.66536,607.96381
74,talon_derecho,1,1065.92674,582.58423
74,tobillo_derecho,1,1068.07365,600.69036
74,rodilla_derecha,1,1153.79379,688.22666
74,cadera_derecha,1,1175.11288,569.25876
74,hombro_derecho,1,1148.17028,433.12927
74,punta_derecha,2,1061.53645,634.23353
74,talon_derecho,2,1098.17402,602.02295
74,tobillo_derecho,2,1098.97671,621.71942
74,rodilla_derecha,2,1194.65115,689.94226
74,cadera_derecha,2,1186.62449,569.30195
74,hombro_derecho,2,1157.17724,430.81274
74,punta_derecha,3,1100.24117,697.02156
74,talon_derecho,3,1111.8615,629.1388
74,tobillo_derecho,3,1123.74687,648.9111
74,rodilla_derecha,3,1235.29198,689.74606
74,cadera_derecha,3,1193.92902,568.38696
74,hombro_derecho,3,1155.82798,426.1832
74,punta_derecha,4,1150.94673,728.90191
74,talon_derecho,4,1130.32963,667.21923
74,tobillo_derecho,4,1154.94335,679.21946
74,rodilla_derecha,4,1278.00373,680.55752
74,cadera_derecha,4,1203.60901,568.55993
74,hombro_derecho,4,1160.86853,426.08837
74,punta_derecha,5,1219.21131,759.30052
74,talon_derecho,5,1172.08317,714.44077
74,tobillo_derecho,5,1197.48425,710.06038
74,rodilla_derecha,5,1300.8807,663.5109
74,cadera_derecha,5,1210.78743,567.97259
74,hombro_derecho,5,1163.05332,426.14837
74,punta_derecha,6,1297.01351,786.33629
74,talon_derecho,6,1238.4795,754.79164
74,tobillo_derecho,6,1266.41178,745.04853
74,rodilla_derecha,6,1321.75701,647.48775
74,cadera_derecha,6,1216.69327,563.37114
74,hombro_derecho,6,1167.87769,424.98335
74,punta_derecha,7,1367.24808,794.10997
74,talon_derecho,7,1297.05769,795.49483
74,tobillo_derecho,7,1318.18119,759.01084
74,rodilla_derecha,7,1333.82526,634.47635
74,cadera_derecha,7,1223.02528,561.11847
74,hombro_derecho,7,1168.32458,424.25104
74,punta_derecha,8,1433.2093,773.69201
74,talon_derecho,8,1364.16939,776.83972
74,tobillo_derecho,8,1379.42299,755.10977
74,rodilla_derecha,8,1339.20696,624.04869
74,cadera_derecha,8,1224.48544,558.68652
74,hombro_derecho,8,1171.50101,423.87565
78,punta_derecha,0,950.16346,580.45368
78,talon_derecho,0,956.40181,574.71901
78,tobillo_derecho,0,950.49345,588.83762
78,rodilla_derecha,0,1000.69439,678.17082
78,cadera_derecha,0,1050.12646,567.17706
78,hombro_derecho,0,1038.19473,441.87119
78,punta_derecha,1,941.41382,592.10552
78,talon_derecho,1,969.47857,581.1892
78,tobillo_derecho,1,966.04637,597.04376
78,rodilla_derecha,1,1026.06697,685.60121
78,cadera_derecha,1,1058.24318,567.26635
78,hombro_derecho,1,1040.06115,441.19222
78,punta_derecha,2,986.74221,632.69875
78,talon_derecho,2,984.41414,595.15647
78,tobillo_derecho,2,987.15466,614.84477
78,rodilla_derecha,2,1062.60796,689.47704
78,cadera_derecha,2,1064.48296,567.64261
78,hombro_derecho,2,1042.24022,438.7144
78,punta_derecha,3,973.5878,670.35414
78,talon_derecho,3,991.43932,613.07194
78,tobillo_derecho,3,1001.57673,634.60278
78,rodilla_derecha,3,1098.0685,688.75542
78,cadera_derecha,3,1068.05775,572.65167
78,hombro_derecho,3,1043.14877,436.62695
78,punta_derecha,4,1006.02196,716.80841
78,talon_derecho,4,1003.73348,648.88799
78,tobillo_derecho,4,1021.04416,664.88571
78,rodilla_derecha,4,1133.745,681.84073
78,cadera_derecha,4,1074.09451,573.44494
78,hombro_derecho,4,1044.51668,434.18067
78,punta_derecha,5,1064.38648,757.00562
78,talon_derecho,5,1026.11412,695.9119
78,tobillo_derecho,5,1050.22076,701.09824
78,rodilla_derecha,5,1161.14502,664.86241
78,cadera_derecha,5,1076.97464,573.59563
78,hombro_derecho,5,1046.10535,433.64989
78,punta_derecha,6,1136.28342,766.52156
78,talon_derecho,6,1074.40063,729.61394
78,tobillo_derecho,6,1097.33437,726.53858
78,rodilla_derecha,6,1178.6507,648.2057
78,cadera_derecha,6,1085.46535,573.24834
78,hombro_derecho,6,1054.3737,434.18393
78,punta_derecha,7,1194.91207,779.53463
78,talon_derecho,7,1132.93167,763.23848
78,tobillo_derecho,7,1156.19877,748.79182
78,rodilla_derecha,7,1190.39314,634.41828
78,cadera_derecha,7,1087.42092,573.06205
78,hombro_derecho,7,1055.80101,434.54815
78,punta_derecha,8,1224.89765,774.84506
78,talon_derecho,8,1160.80341,764.04043
78,tobillo_derecho,8,1179.64668,747.76449
78,rodilla_derecha,8,1194.21593,624.56181
78,cadera_derecha,8,1086.77845,571.25567
78,hombro_derecho,8,1055.05222,433.39944
78,punta_derecha,9,1259.33052,751.35612
78,talon_derecho,9,1204.1716,771.0504
78,tobillo_derecho,9,1206.66584,738.04223
78,rodilla_derecha,9,1193.02311,619.80007
78,cadera_derecha,9,1086.34426,570.44477
78,hombro_derecho,9,1054.34406,432.37714
83,punta_derecha,0,985.58601,673.08362
83,talon_derecho,0,1006.99287,622.6715
83,tobillo_derecho,0,1019.66331,641.58178
83,rodilla_derecha,0,1119.50054,694.51429
83,cadera_derecha,0,1129.55303,587.24941
83,hombro_derecho,0,1128.71601,426.93298
83,punta_derecha,1,1014.73583,698.01477
83,talon_derecho,1,1020.50377,636.85905
83,tobillo_derecho,1,1034.81987,654.38622
83,rodilla_derecha,1,1152.12776,694.36443
83,cadera_derecha,1,1135.54138,581.86744
83,hombro_derecho,1,1142.49092,425.88563
83,punta_derecha,2,1062.7113,730.20817
83,talon_derecho,2,1049.45309,666.04076
83,tobillo_derecho,2,1070.16037,681.48423
83,rodilla_derecha,2,1193.00549,687.35434
83,cadera_derecha,2,1144.02672,575.72805
83,hombro_derecho,2,1154.69479,424.34113
83,punta_derecha,3,1121.36272,768.03118
83,talon_derecho,3,1081.1871,704.85794
83,tobillo_derecho,3,1106.66496,708.29553
83,rodilla_derecha,3,1221.32961,676.99428
83,cadera_derecha,3,1150.95303,568.93046
83,hombro_derecho,3,1164.29363,418.12115
83,punta_derecha,4,1186.66637,784.07802
83,talon_derecho,4,1130.64526,740.42255
83,tobillo_derecho,4,1160.01091,735.55364
83,rodilla_derecha,4,1246.15871,660.03051
83,cadera_derecha,4,1157.85507,565.86115
83,hombro_derecho,4,1172.21672,415.00421
83,punta_derecha,5,1236.59225,794.02493
83,talon_derecho,5,1179.97147,769.69837
83,tobillo_derecho,5,1201.32271,755.86455
83,rodilla_derecha,5,1263.81329,649.88287
83,cadera_derecha,5,1164.09748,563.478
83,hombro_derecho,5,1180.39227,414.26386
83,punta_derecha,6,1293.81523,774.44125
83,talon_derecho,6,1230.51109,772.03357
83,tobillo_derecho,6,1246.83804,756.74034
83,rodilla_derecha,6,1270.81444,641.5364
83,cadera_derecha,6,1171.88862,564.12005
83,hombro_derecho,6,1184.76906,415.14329
83,punta_derecha,7,1349.62063,768.47522
83,talon_derecho,7,1286.90689,782.16813
83,tobillo_derecho,7,1297.80315,758.08374
83,rodilla_derecha,7,1289.44473,634.7518
83,cadera_derecha,7,1182.36042,563.73684
83,hombro_derecho,7,1193.33759,415.62441
83,punta_derecha,8,1385.40722,757.839
83,talon_derecho,8,1337.33517,775.18488
83,tobillo_derecho,8,1340.87173,749.16338
83,rodilla_derecha,8,1305.76492,625.32431
83,cadera_derecha,8,1187.46574,560.17109
83,hombro_derecho,8,1212.19231,409.14128
84,punta_derecha,0,1091.38081,561.36006
84,talon_derecho,0,1137.42233,563.42322
84,tobillo_derecho,0,1132.54589,578.86508
84,rodilla_derecha,0,1196.08223,666.0806
84,cadera_derecha,0,1219.74049,562.13131
84,hombro_derecho,0,1190.26073,440.68228
84,punta_derecha,1,1110.2401,583.0436
84,talon_derecho,1,1158.33023,573.93739
84,tobillo_derecho,1,1153.72948,588.55225
84,rodilla_derecha,1,1226.61243,668.78556
84,cadera_derecha,1,1228.56285,563.46834
84,hombro_derecho,1,1192.8463,440.68496
84,punta_derecha,2,1138.60874,619.39324
84,talon_derecho,2,1174.88651,589.51675
84,tobillo_derecho,2,1177.80281,606.43508
84,rodilla_derecha,2,1268.42251,667.79009
84,cadera_derecha,2,1236.88419,563.45115
84,hombro_derecho,2,1197.87804,440.3348
84,punta_derecha,3,1172.81857,665.89064
84,talon_derecho,3,1180.52147,613.68232
84,tobillo_derecho,3,1193.72784,627.10834
84,rodilla_derecha,3,1304.9176,656.88048
84,cadera_derecha,3,1242.42714,563.98712
84,hombro_derecho,3,1199.84848,439.97264
84,punta_derecha,4,1223.45844,710.07518
84,talon_derecho,4,1206.65302,652.31212
84,tobillo_derecho,4,1227.89555,660.01705
84,rodilla_derecha,4,1331.91101,641.27556
84,cadera_derecha,4,1252.99061,563.44691
84,hombro_derecho,4,1205.76965,437.75196
84,punta_derecha,5,1292.65675,731.52601
84,talon_derecho,5,1244.7876,693.94639
84,tobillo_derecho,5,1268.18367,688.90444
84,rodilla_derecha,5,1351.85291,625.33963
84,cadera_derecha,5,1260.49118,561.10946
84,hombro_derecho,5,1215.60688,437.11293
84,punta_derecha,6,1352.30164,752.62723
84,talon_derecho,6,1301.35574,726.50401
84,tobillo_derecho,6,1321.86516,713.86379
84,rodilla_derecha,6,1363.89507,614.17458
84,cadera_derecha,6,1262.67906,556.66424
84,hombro_derecho,6,1220.3793,436.63828
84,punta_derecha,7,1405.56038,740.00361
84,talon_derecho,7,1344.13914,733.19353
84,tobillo_derecho,7,1362.81796,718.0024
84,rodilla_derecha,7,1368.41343,601.75091
84,cadera_derecha,7,1263.13179,552.87608
84,hombro_derecho,7,1221.49052,435.59344
85,punta_derecha,0,967.01385,661.33773
85,talon_derecho,0,977.12929,627.13924
85,tobillo_derecho,0,988.35732,637.70826
85,rodilla_derecha,0,1076.82747,624.84563
85,cadera_derecha,0,1072.07703,543.98121
85,hombro_derecho,0,1047.52647,431.47804
85,punta_derecha,1,1014.82407,692.75852
85,talon_derecho,1,999.92077,653.53282
85,tobillo_derecho,1,1020.52402,657.61034
85,rodilla_derecha,1,1105.64987,623.20457
85,cadera_derecha,1,1072.64465,539.22656
85,hombro_derecho,1,1047.7248,433.45944
85,punta_derecha,2,1090.29282,719.53563
85,talon_derecho,2,1049.66721,688.33242
85,tobillo_derecho,2,1072.30534,681.1623
85,rodilla_derecha,2,1131.91212,615.01626
85,cadera_derecha,2,1078.47965,534.9079
85,hombro_derecho,2,1051.02013,435.58726
85,punta_derecha,3,1178.73173,723.79977
85,talon_derecho,3,1130.42496,710.51858
85,tobillo_derecho,3,1143.36571,695.95515
85,rodilla_derecha,3,1150.36697,604.4278
85,cadera_derecha,3,1083.6755,533.27167
85,hombro_derecho,3,1056.34117,436.05927
85,punta_derecha,4,1220.266,708.59061
85,talon_derecho,4,1172.68719,707.90916
85,tobillo_derecho,4,1180.12917,690.67412
85,rodilla_derecha,4,1159.2738,599.73256
85,cadera_derecha,4,1088.79238,531.46272
85,hombro_derecho,4,1059.68628,436.59218
85,punta_derecha,5,1276.52378,673.9166
85,talon_derecho,5,1235.41603,692.06284
85,tobillo_derecho,5,1232.40177,678.54618
85,rodilla_derecha,5,1167.07386,596.83358
85,cadera_derecha,5,1093.34175,532.30614
85,hombro_derecho,5,1063.46706,436.5909
85,punta_derecha,6,1304.79412,624.68637
85,talon_derecho,6,1274.11217,665.8936
85,tobillo_derecho,6,1267.0713,644.30765
85,rodilla_derecha,6,1174.01585,590.2078
85,cadera_derecha,6,1095.20325,532.32648
85,hombro_derecho,6,1064.538,436.46605
85,punta_derecha,7,1316.82072,575.69986
85,talon_derecho,7,1298.91975,626.69082
85,tobillo_derecho,7,1288.19229,611.3768
85,rodilla_derecha,7,1184.51248,578.18182
85,cadera_derecha,7,1096.37512,531.9151
85,hombro_derecho,7,1066.65298,436.16832
86,punta_derecha,0,953.61328,674.50774
86,talon_derecho,0,963.22277,638.80968
86,tobillo_derecho,0,976.45432,647.23167
86,rodilla_derecha,0,1070.88638,633.12368
86,cadera_derecha,0,1066.45947,554.89894
86,hombro_derecho,0,1046.67812,431.42686
86,punta_derecha,1,1003.88775,697.20869
86,talon_derecho,1,993.72208,661.39798
86,tobillo_derecho,1,1011.8708,663.86199
86,rodilla_derecha,1,1102.04441,630.09757
86,cadera_derecha,1,1068.58589,544.99773
86,hombro_derecho,1,1049.7274,431.66614
86,punta_derecha,2,1080.33405,732.46573
86,talon_derecho,2,1042.38441,696.08467
86,tobillo_derecho,2,1062.34509,690.36597
86,rodilla_derecha,2,1131.39393,622.02603
86,cadera_derecha,2,1073.81916,539.12285
86,hombro_derecho,2,1054.73888,433.83296
86,punta_derecha,3,1169.6957,737.62162
86,talon_derecho,3,1118.28896,724.52203
86,tobillo_derecho,3,1132.52987,709.70027
86,rodilla_derecha,3,1149.21181,613.02166
86,cadera_derecha,3,1083.09574,537.29443
86,hombro_derecho,3,1060.35828,434.2614
86,punta_derecha,4,1227.3064,726.2892
86,talon_derecho,4,1175.41958,723.3321
86,tobillo_derecho,4,1183.09937,705.00626
86,rodilla_derecha,4,1161.23062,607.60113
86,cadera_derecha,4,1087.26116,536.95239
86,hombro_derecho,4,1064.94518,435.36095
86,punta_derecha,5,1276.07403,687.826
86,talon_derecho,5,1234.28364,704.27794
86,tobillo_derecho,5,1231.62758,691.39227
86,rodilla_derecha,5,1170.10906,603.78729
86,cadera_derecha,5,1093.4713,537.43364
86,hombro_derecho,5,1067.94857,436.34502
86,punta_derecha,6,1309.91421,645.25426
86,talon_derecho,6,1276.12427,680.01485
86,tobillo_derecho,6,1270.02926,657.7947
86,rodilla_derecha,6,1178.31104,599.80028
86,cadera_derecha,6,1097.18433,538.85426
86,hombro_derecho,6,1071.57578,436.74855
86,punta_derecha,7,1331.16989,598.31352
86,talon_derecho,7,1302.81292,641.10374
86,tobillo_derecho,7,1294.4775,624.18697
86,rodilla_derecha,7,1187.98244,587.98036
86,cadera_derecha,7,1100.66082,539.26953
86,hombro_derecho,7,1074.87522,436.64758
87,punta_derecha,0,1023.8641,696.18471
87,talon_derecho,0,1016.0939,655.66943
87,tobillo_derecho,0,1034.39323,663.09131
87,rodilla_derecha,0,1132.02633,635.83282
87,cadera_derecha,0,1120.69576,550.25803
87,hombro_derecho,0,1089.44206,427.19688
87,punta_derecha,1,1084.08073,728.39864
87,talon_derecho,1,1055.30228,686.45106
87,tobillo_derecho,1,1077.18063,686.3657
87,rodilla_derecha,1,1161.34987,633.57738
87,cadera_derecha,1,1119.82761,542.7963
87,hombro_derecho,1,1092.81029,427.94422
87,punta_derecha,2,1164.90887,744.22385
87,talon_derecho,2,1119.74567,722.45682
87,tobillo_derecho,2,1139.65874,709.77276
87,rodilla_derecha,2,1187.99011,621.57374
87,cadera_derecha,2,1123.51467,539.98114
87,hombro_derecho,2,1097.86114,429.42628
87,punta_derecha,3,1254.75266,734.96243
87,talon_derecho,3,1203.24474,731.27141
87,tobillo_derecho,3,1213.53733,714.49555
87,rodilla_derecha,3,1200.83725,612.40497
87,cadera_derecha,3,1128.94775,536.44368
87,hombro_derecho,3,1104.52023,430.3284
87,punta_derecha,4,1265.54066,727.81046
87,talon_derecho,4,1223.80772,724.08385
87,tobillo_derecho,4,1228.64628,708.2159
87,rodilla_derecha,4,1208.16845,609.58948
87,cadera_derecha,4,1131.66206,534.79773
87,hombro_derecho,4,1109.01524,430.29219
87,punta_derecha,5,1348.90629,673.56364
87,talon_derecho,5,1305.65838,710.16627
87,tobillo_derecho,5,1301.69415,685.18317
87,rodilla_derecha,5,1215.42732,602.13477
87,cadera_derecha,5,1137.11449,535.57867
87,hombro_derecho,5,1112.13432,430.35392
87,punta_derecha,6,1374.41402,625.18732
87,talon_derecho,6,1342.45274,667.71368
87,tobillo_derecho,6,1333.31989,645.82628
87,rodilla_derecha,6,1230.12096,588.18771
87,cadera_derecha,6,1142.59037,535.86848
87,hombro_derecho,6,1117.69718,430.44128
88,punta_derecha,0,973.07018,666.95363
88,talon_derecho,0,990.94048,628.25399
88,tobillo_derecho,0,1002.84908,638.31646
88,rodilla_derecha,0,1097.95841,629.39564
88,cadera_derecha,0,1093.50849,547.20759
88,hombro_derecho,0,1067.03648,434.5384
88,punta_derecha,1,1029.42055,692.56405
88,talon_derecho,1,1015.12424,649.57929
88,tobillo_derecho,1,1035.68893,655.67116
88,rodilla_derecha,1,1129.80949,628.97156
88,cadera_derecha,1,1095.29835,543.86798
88,hombro_derecho,1,1070.12283,436.35809
88,punta_derecha,2,1104.38919,719.41062
88,talon_derecho,2,1067.67986,685.75943
88,tobillo_derecho,2,1088.7141,680.67255
88,rodilla_derecha,2,1159.82803,620.35613
88,cadera_derecha,2,1100.38628,540.86852
88,hombro_derecho,2,1074.32957,438.11119
88,punta_derecha,3,1187.9932,728.06828
88,talon_derecho,3,1138.14411,715.44048
88,tobillo_derecho,3,1153.75042,700.96132
88,rodilla_derecha,3,1175.97954,607.16468
88,cadera_derecha,3,1106.65604,540.32721
88,hombro_derecho,3,1079.83418,438.58997
88,punta_derecha,4,1250.80433,717.77999
88,talon_derecho,4,1201.90659,718.61619
88,tobillo_derecho,4,1209.44275,700.6726
88,rodilla_derecha,4,1186.92558,605.31621
88,cadera_derecha,4,1114.37382,538.52032
88,hombro_derecho,4,1084.79897,438.79793
88,punta_derecha,5,1245.00366,716.91153
88,talon_derecho,5,1196.57421,711.96762
88,tobillo_derecho,5,1204.92153,696.16199
88,rodilla_derecha,5,1191.88545,602.55493
88,cadera_derecha,5,1121.11416,537.74073
88,hombro_derecho,5,1089.24019,439.14029
88,punta_derecha,6,1335.28484,642.37962
88,talon_derecho,6,1304.7393,688.03051
88,tobillo_derecho,6,1296.44669,656.28039
88,rodilla_derecha,6,1203.7817,592.97912
88,cadera_derecha,6,1125.09739,537.7696
88,hombro_derecho,6,1093.21449,439.03559
88,punta_derecha,7,1353.36594,593.57206
88,talon_derecho,7,1332.39761,638.22588
88,tobillo_derecho,7,1321.1158,620.97527
88,rodilla_derecha,7,1216.66981,586.08426
88,cadera_derecha,7,1129.40678,538.27995
88,hombro_derecho,7,1096.86836,438.9351
89,punta_derecha,0,1130.31498,741.06049
89,talon_derecho,0,1085.79861,719.18139
89,tobillo_derecho,0,1106.1771,706.4383
89,rodilla_derecha,0,1161.67339,625.55805
89,cadera_derecha,0,1098.06644,546.75814
89,hombro_derecho,0,1068.89523,439.65998
89,punta_derecha,1,1171.84685,740.1190349999999
89,talon_derecho,1,1127.367155,724.53169
89,tobillo_derecho,1,1142.842885,710.80041
89,rodilla_derecha,1,1168.006495,621.0223599999999
89,cadera_derecha,1,1098.95296,545.460605
89,hombro_derecho,1,1071.8374450000001,439.875805
89,punta_derecha,2,1213.37872,739.17758
89,talon_derecho,2,1168.9357,729.88199
89,tobillo_derecho,2,1179.50867,715.16252
89,rodilla_derecha,2,1174.3396,616.48667
89,cadera_derecha,2,1099.83948,544.16307
89,hombro_derecho,2,1074.77966,440.09163
89,punta_derecha,3,1218.79532,727.59501
89,talon_derecho,3,1179.64531,720.45153
89,tobillo_derecho,3,1186.79226,708.47365
89,rodilla_derecha,3,1181.5971,611.05191
89,cadera_derecha,3,1101.83098,542.92112
89,hombro_derecho,3,1080.09933,439.79085
89,punta_derecha,4,1313.21033,677.72027
89,talon_derecho,4,1270.0423,716.57493
89,tobillo_derecho,4,1267.2591,686.48485
89,rodilla_derecha,4,1190.9277,603.655
89,cadera_derecha,4,1108.54591,542.8131
89,hombro_derecho,4,1084.22504,439.43676
89,punta_derecha,5,1340.55508,629.57814
89,talon_derecho,5,1308.80196,672.50876
89,tobillo_derecho,5,1301.12343,652.02199
89,rodilla_derecha,5,1198.88546,594.83731
89,cadera_derecha,5,1112.09049,542.99605
89,hombro_derecho,5,1088.05607,439.47284
90,punta_derecha,0,1029.63638,676.77225
90,talon_derecho,0,1035.91118,636.33126
90,tobillo_derecho,0,1051.07883,648.40281
90,rodilla_derecha,0,1151.25572,641.36381
90,cadera_derecha,0,1142.6223,562.924
90,hombro_derecho,0,1116.43467,437.22021
90,punta_derecha,1,1084.32278,704.59936
90,talon_derecho,1,1067.20425,663.58499
90,tobillo_derecho,1,1091.777,667.94839
90,rodilla_derecha,1,1180.61451,634.70223
90,cadera_derecha,1,1142.36504,551.20078
90,hombro_derecho,1,1119.14783,440.11252
90,punta_derecha,2,1169.18724,734.98239
90,talon_derecho,2,1129.56047,702.11868
90,tobillo_derecho,2,1149.49184,694.777
90,rodilla_derecha,2,1212.35973,626.74341
90,cadera_derecha,2,1145.81532,547.81179
90,hombro_derecho,2,1122.50473,442.28961
90,punta_derecha,3,1266.4674,734.28156
90,talon_derecho,3,1212.62753,728.87062
90,tobillo_derecho,3,1225.16659,712.88204
90,rodilla_derecha,3,1222.40215,616.32432
90,cadera_derecha,3,1150.30163,546.69821
90,hombro_derecho,3,1126.74557,444.82443
90,punta_derecha,4,1317.94201,724.71303
90,talon_derecho,4,1264.25491,728.57258
90,tobillo_derecho,4,1271.66016,712.8355
90,rodilla_derecha,4,1233.1929,613.81055
90,cadera_derecha,4,1157.09335,546.31647
90,hombro_derecho,4,1131.45744,444.77622
90,punta_derecha,5,1332.29656,712.83357
90,talon_derecho,5,1322.60044,706.37753
90,tobillo_derecho,5,1316.42075,696.05249
90,rodilla_derecha,5,1237.07302,610.18326
90,cadera_derecha,5,1161.73141,546.86622
90,hombro_derecho,5,1138.14583,444.59246
90,punta_derecha,6,1393.04981,644.54448
90,talon_derecho,6,1358.74901,676.25656
90,tobillo_derecho,6,1352.46792,656.06957
90,rodilla_derecha,6,1247.56977,599.06424
90,cadera_derecha,6,1165.72712,546.0772
90,hombro_derecho,6,1144.51824,444.29062
91,punta_derecha,0,1159.60808,726.32267
91,talon_derecho,0,1120.36995,694.2568
91,tobillo_derecho,0,1141.7181,688.60627
91,rodilla_derecha,0,1207.32113,624.78647
91,cadera_derecha,0,1156.27819,545.65401
91,hombro_derecho,0,1132.02782,437.40589
91,punta_derecha,1,1201.66952,728.12618
91,talon_derecho,1,1155.995465,707.82998
91,tobillo_derecho,1,1174.07673,698.3486399999999
91,rodilla_derecha,1,1215.22379,620.99928
91,cadera_derecha,1,1158.485985,543.863155
91,hombro_derecho,1,1134.9445150000001,437.98118999999997
91,punta_derecha,2,1243.73096,729.92969
91,talon_derecho,2,1191.62098,721.40316
91,tobillo_derecho,2,1206.43536,708.09101
91,rodilla_derecha,2,1223.12645,617.21209
91,cadera_derecha,2,1160.69378,542.0723
91,hombro_derecho,2,1137.86121,438.55649
91,punta_derecha,3,1301.06472,723.16692
91,talon_derecho,3,1251.89518,722.42708
91,tobillo_derecho,3,1259.19514,704.32197
91,rodilla_derecha,3,1234.29165,611.64968
91,cadera_derecha,3,1166.76739,540.14477
91,hombro_derecho,3,1143.78525,438.6835
91,punta_derecha,4,1345.00225,694.69917
91,talon_derecho,4,1307.92751,707.64111
91,tobillo_derecho,4,1302.57454,696.31925
91,rodilla_derecha,4,1241.71623,607.88547
91,cadera_derecha,4,1169.48467,538.87614
91,hombro_derecho,4,1147.91451,438.99191
91,punta_derecha,5,1384.44145,648.98204
91,talon_derecho,5,1351.86401,685.65779
91,tobillo_derecho,5,1346.21326,662.23264
91,rodilla_derecha,5,1248.95725,599.7858
91,cadera_derecha,5,1173.46218,539.68213
91,hombro_derecho,5,1151.48643,439.28825
91,punta_derecha,6,1404.54277,600.17615
91,talon_derecho,6,1379.57806,643.62002
91,tobillo_derecho,6,1370.09319,628.54521
91,rodilla_derecha,6,1263.42545,586.18133
91,cadera_derecha,6,1175.92644,539.10438
91,hombro_derecho,6,1155.2219,439.27718
91,punta_derecha,7,1407.30949,561.18085
91,talon_derecho,7,1394.28177,614.28247
91,tobillo_derecho,7,1378.53104,598.60507
91,rodilla_derecha,7,1272.38754,575.00656
91,cadera_derecha,7,1178.74374,537.82207
91,hombro_derecho,7,1159.2548,438.749
92,punta_derecha,0,1046.51791,678.51284
92,talon_derecho,0,1051.94595,638.36525
92,tobillo_derecho,0,1068.61324,648.77611
92,rodilla_derecha,0,1168.05771,631.43762
92,cadera_derecha,0,1149.3568,546.58362
92,hombro_derecho,0,1125.91061,437.17904
92,punta_derecha,1,1106.46389,703.26973
92,talon_derecho,1,1088.47023,665.31444
92,tobillo_derecho,1,1110.58399,667.43958
92,rodilla_derecha,1,1198.36739,629.72131
92,cadera_derecha,1,1153.92723,546.59817
92,hombro_derecho,1,1128.48461,439.01406
92,punta_derecha,2,1187.77382,727.84947
92,talon_derecho,2,1150.85735,695.99313
92,tobillo_derecho,2,1169.15405,689.31089
92,rodilla_derecha,2,1226.33732,619.71697
92,cadera_derecha,2,1161.37676,546.68359
92,hombro_derecho,2,1134.39365,442.07094
92,punta_derecha,3,1286.19324,735.98989
92,talon_derecho,3,1236.0244,721.836
92,tobillo_derecho,3,1247.65858,708.39865
92,rodilla_derecha,3,1239.56486,612.27442
92,cadera_derecha,3,1167.67822,546.38632
92,hombro_derecho,3,1139.00768,441.87441
92,punta_derecha,4,1330.84236,720.15072
92,talon_derecho,4,1275.81013,722.89481
92,tobillo_derecho,4,1281.21838,706.1409
92,rodilla_derecha,4,1249.58439,610.45144
92,cadera_derecha,4,1174.79038,546.17524
92,hombro_derecho,4,1145.46444,441.58914
92,punta_derecha,5,1387.70485,679.27179
92,talon_derecho,5,1337.81502,704.18589
92,tobillo_derecho,5,1333.48457,696.08577
92,rodilla_derecha,5,1256.54331,605.85096
92,cadera_derecha,5,1178.06637,545.7272
92,hombro_derecho,5,1150.36526,441.32753
92,punta_derecha,6,1405.45086,636.22414
92,talon_derecho,6,1374.30897,681.04295
92,tobillo_derecho,6,1365.04898,659.67195
92,rodilla_derecha,6,1261.65356,601.32495
92,cadera_derecha,6,1181.15536,545.62903
92,hombro_derecho,6,1153.90823,441.16734
92,punta_derecha,7,1409.35181,597.37824
92,talon_derecho,7,1390.95348,643.26739
92,tobillo_derecho,7,1380.13985,629.20677
92,rodilla_derecha,7,1272.90504,592.21682
92,cadera_derecha,7,1184.74388,545.63135
92,hombro_derecho,7,1158.84384,440.97724
93,punta_derecha,0,1065.8297,688.2273
93,talon_derecho,0,1074.35085,641.81751
93,tobillo_derecho,0,1089.631,653.83937
93,rodilla_derecha,0,1181.945,637.12169
93,cadera_derecha,0,1160.31544,555.59089
93,hombro_derecho,0,1146.35731,441.89552
93,punta_derecha,1,1125.81219,717.32397
93,talon_derecho,1,1107.28683,672.06671
93,tobillo_derecho,1,1129.25377,674.97399
93,rodilla_derecha,1,1214.59488,634.92503
93,cadera_derecha,1,1161.40285,552.73807
93,hombro_derecho,1,1147.77912,442.55615
93,punta_derecha,2,1212.90974,737.86875
93,talon_derecho,2,1165.92419,708.64372
93,tobillo_derecho,2,1185.16628,699.73147
93,rodilla_derecha,2,1236.95744,622.96143
93,cadera_derecha,2,1168.11813,550.35723
93,hombro_derecho,2,1151.99341,442.87248
93,punta_derecha,3,1301.12606,734.87437
93,talon_derecho,3,1249.69288,725.76096
93,tobillo_derecho,3,1261.73012,710.30873
93,rodilla_derecha,3,1248.55488,613.10798
93,cadera_derecha,3,1173.68626,548.31268
93,hombro_derecho,3,1157.56119,444.27752
93,punta_derecha,4,1349.91039,722.5508
93,talon_derecho,4,1297.25201,718.03021
93,tobillo_derecho,4,1305.10597,701.70701
93,rodilla_derecha,4,1260.83382,610.98187
93,cadera_derecha,4,1180.47066,548.32665
93,hombro_derecho,4,1163.07026,444.21936
93,punta_derecha,5,1394.92332,678.52848
93,talon_derecho,5,1350.96359,702.1237
93,tobillo_derecho,5,1348.42838,697.14264
93,rodilla_derecha,5,1265.52601,604.81384
93,cadera_derecha,5,1183.77995,547.50602
93,hombro_derecho,5,1168.06332,444.72971
94,punta_derecha,0,941.39322,659.69126
94,talon_derecho,0,963.84396,625.79681
94,tobillo_derecho,0,971.93321,635.65663
94,rodilla_derecha,0,1067.59609,635.03916
94,cadera_derecha,0,1070.8366,553.95987
94,hombro_derecho,0,1044.28928,436.40244
94,punta_derecha,1,981.5086,688.19145
94,talon_derecho,1,986.9117,648.44504
94,tobillo_derecho,1,1003.3239,653.01095
94,rodilla_derecha,1,1100.76908,634.90501
94,cadera_derecha,1,1076.12743,551.9898
94,hombro_derecho,1,1048.00198,437.1297
94,punta_derecha,2,1050.19329,716.69312
94,talon_derecho,2,1032.24781,676.75101
94,tobillo_derecho,2,1053.62114,676.51296
94,rodilla_derecha,2,1135.30163,629.95736
94,cadera_derecha,2,1083.14129,550.9682
94,hombro_derecho,2,1053.72585,437.80011
94,punta_derecha,3,1135.55454,735.39277
94,talon_derecho,3,1096.22131,709.71431
94,tobillo_derecho,3,1111.48922,699.70334
94,rodilla_derecha,3,1154.5998,617.91188
94,cadera_derecha,3,1088.96038,547.83626
94,hombro_derecho,3,1058.98979,438.76236
94,punta_derecha,4,1221.69582,734.02066
94,talon_derecho,4,1172.70939,723.82127
94,tobillo_derecho,4,1183.86784,708.56306
94,rodilla_derecha,4,1165.51575,608.63039
94,cadera_derecha,4,1094.28463,543.82878
94,hombro_derecho,4,1063.72707,439.81467
94,punta_derecha,5,1262.62356,714.23728
94,talon_derecho,5,1221.02165,712.49451
94,tobillo_derecho,5,1221.13644,696.69551
94,rodilla_derecha,5,1173.73798,606.37476
94,cadera_derecha,5,1099.5171,542.30893
94,hombro_derecho,5,1067.11773,442.73173
94,punta_derecha,6,1311.52382,658.56744
94,talon_derecho,6,1272.43092,693.40515
94,tobillo_derecho,6,1266.53755,678.80219
94,rodilla_derecha,6,1177.62554,603.73688
94,cadera_derecha,6,1101.33133,542.55883
94,hombro_derecho,6,1071.16264,442.53816
94,punta_derecha,7,1327.78416,604.6316
94,talon_derecho,7,1302.62157,655.89859
94,tobillo_derecho,7,1292.57263,636.68319
94,rodilla_derecha,7,1183.15979,593.56125
94,cadera_derecha,7,1104.31286,542.50932
94,hombro_derecho,7,1075.08144,442.26052
94,punta_derecha,8,1331.24119,566.29799
94,talon_derecho,8,1315.6493,621.7704
94,tobillo_derecho,8,1302.80457,605.21502
94,rodilla_derecha,8,1196.96674,580.32081
94,cadera_derecha,8,1106.21578,542.16126
94,hombro_derecho,8,1079.15211,442.04725
95,punta_derecha,0,1011.04202,683.62463
95,talon_derecho,0,1024.65603,642.20298
95,tobillo_derecho,0,1038.90827,651.65358
95,rodilla_derecha,0,1135.27279,638.77698
95,cadera_derecha,0,1129.40323,567.88118
95,hombro_derecho,0,1107.85915,441.90724
95,punta_derecha,1,1074.65584,713.64801
95,talon_derecho,1,1055.90893,671.94293
95,tobillo_derecho,1,1076.02627,673.47481
95,rodilla_derecha,1,1165.158,634.70854
95,cadera_derecha,1,1128.93574,551.92716
95,hombro_derecho,1,1108.43616,442.27948
95,punta_derecha,2,1155.32066,740.5784
95,talon_derecho,2,1113.18111,709.04779
95,tobillo_derecho,2,1134.16592,699.99282
95,rodilla_derecha,2,1194.0707,625.62557
95,cadera_derecha,2,1130.72262,547.70358
95,hombro_derecho,2,1113.10123,444.96856
95,punta_derecha,3,1245.42515,740.19686
95,talon_derecho,3,1198.40103,726.33664
95,tobillo_derecho,3,1209.3362,713.21086
95,rodilla_derecha,3,1205.01469,618.01874
95,cadera_derecha,3,1135.37075,547.02786
95,hombro_derecho,3,1116.91944,446.32925
95,punta_derecha,4,1295.95333,724.54102
95,talon_derecho,4,1238.8496,726.81275
95,tobillo_derecho,4,1245.41313,708.87295
95,rodilla_derecha,4,1215.71766,614.01139
95,cadera_derecha,4,1142.09518,545.57393
95,hombro_derecho,4,1122.2644,446.36842
95,punta_derecha,5,1346.17413,687.43674
95,talon_derecho,5,1302.24689,705.53682
95,tobillo_derecho,5,1298.90694,698.99755
95,rodilla_derecha,5,1220.86098,609.11776
95,cadera_derecha,5,1145.6337,546.73928
95,hombro_derecho,5,1127.27428,447.5045
95,punta_derecha,6,1373.92868,637.94728
95,talon_derecho,6,1339.8848,678.08437
95,tobillo_derecho,6,1333.42289,658.06571
95,rodilla_derecha,6,1228.40069,601.52322
95,cadera_derecha,6,1148.71765,546.73973
95,hombro_derecho,6,1131.89186,447.39559
95,punta_derecha,7,1382.29431,593.63547
95,talon_derecho,7,1360.9631,644.68604
95,tobillo_derecho,7,1346.09413,625.87077
95,rodilla_derecha,7,1241.28559,590.06682
95,cadera_derecha,7,1150.79201,546.15335
95,hombro_derecho,7,1137.3999,447.23665
96,punta_derecha,0,1132.45663,730.35719
96,talon_derecho,0,1102.03274,690.85353
96,tobillo_derecho,0,1124.62852,687.89527
96,rodilla_derecha,0,1191.55254,626.09048
96,cadera_derecha,0,1139.94381,547.89863
96,hombro_derecho,0,1114.29966,441.17747
96,punta_derecha,1,1179.071505,731.5407849999999
96,talon_derecho,1,1139.128875,706.0274099999999
96,tobillo_derecho,1,1157.437875,697.90775
96,rodilla_derecha,1,1200.9213599999998,622.967005
96,cadera_derecha,1,1141.9891,547.238745
96,hombro_derecho,1,1116.62195,442.50473
96,punta_derecha,2,1225.68638,732.72438
96,talon_derecho,2,1176.22501,721.20129
96,tobillo_derecho,2,1190.24723,707.92023
96,rodilla_derecha,2,1210.29018,619.84353
96,cadera_derecha,2,1144.03439,546.57886
96,hombro_derecho,2,1118.94424,443.83199
96,punta_derecha,3,1290.44083,725.25537
96,talon_derecho,3,1242.11117,729.06986
96,tobillo_derecho,3,1248.69152,710.96656
96,rodilla_derecha,3,1222.26849,615.30465
96,cadera_derecha,3,1152.92095,545.76943
96,hombro_derecho,3,1123.46191,444.69823
96,punta_derecha,4,1327.42275,705.18251
96,talon_derecho,4,1290.10082,712.593
96,tobillo_derecho,4,1286.26659,698.87492
96,rodilla_derecha,4,1230.5674,611.1345
96,cadera_derecha,4,1157.28458,545.59344
96,hombro_derecho,4,1126.00388,445.63244
96,punta_derecha,5,1380.10918,652.53221
96,talon_derecho,5,1339.54891,691.65716
96,tobillo_derecho,5,1334.93294,667.15595
96,rodilla_derecha,5,1239.81571,602.68129
96,cadera_derecha,5,1160.96054,546.29439
96,hombro_derecho,5,1129.46365,445.84001
96,punta_derecha,6,1395.49736,608.77677
96,talon_derecho,6,1366.32122,649.78335
96,tobillo_derecho,6,1356.74824,632.89181
96,rodilla_derecha,6,1249.674,590.90599
96,cadera_derecha,6,1163.82385,546.61304
96,hombro_derecho,6,1133.40008,445.60083
97,punta_derecha,0,1227.67101,728.12055
97,talon_derecho,0,1194.15356,686.87129
97,tobillo_derecho,0,1218.64529,685.19437
97,rodilla_derecha,0,1293.45806,631.06484
97,cadera_derecha,0,1230.54634,552.38408
97,hombro_derecho,0,1216.16261,442.942
97,punta_derecha,1,1272.46027,730.856565
97,talon_derecho,1,1229.840755,703.2884650000001
97,tobillo_derecho,1,1251.0117,695.5223100000001
97,rodilla_derecha,1,1303.960875,625.76707
97,cadera_derecha,1,1233.90764,552.388555
97,hombro_derecho,1,1217.9447949999999,443.428725
97,punta_derecha,2,1317.24953,733.59258
97,talon_derecho,2,1265.52795,719.70564
97,tobillo_derecho,2,1283.37811,705.85025
97,rodilla_derecha,2,1314.46369,620.4693
97,cadera_derecha,2,1237.26894,552.39303
97,hombro_derecho,2,1219.72698,443.91545
97,punta_derecha,3,1388.48808,735.26351
97,talon_derecho,3,1336.08742,728.51168
97,tobillo_derecho,3,1346.89167,711.51855
97,rodilla_derecha,3,1327.25601,616.97571
97,cadera_derecha,3,1245.91026,552.09299
97,hombro_derecho,3,1225.5043,444.38016
97,punta_derecha,4,1448.36254,704.28232
97,talon_derecho,4,1397.45018,716.74841
97,tobillo_derecho,4,1398.20618,700.98932
97,rodilla_derecha,4,1331.72585,611.89803
97,cadera_derecha,4,1252.5563,549.57922
97,hombro_derecho,4,1231.1158,444.581
97,punta_derecha,5,1481.80309,667.73705
97,talon_derecho,5,1435.34832,706.19413
97,tobillo_derecho,5,1434.28493,677.554
97,rodilla_derecha,5,1337.70996,601.95967
97,cadera_derecha,5,1254.7031,548.32131
97,hombro_derecho,5,1238.26607,444.56256
97,punta_derecha,6,1490.66895,618.1408
97,talon_derecho,6,1462.21573,658.8024
97,tobillo_derecho,6,1453.00003,640.8523
97,rodilla_derecha,6,1343.41885,592.93515
97,cadera_derecha,6,1256.75938,546.37647
97,hombro_derecho,6,1244.40365,443.88214
98,punta_derecha,0,1113.55099,718.31673
98,talon_derecho,0,1089.7665,676.07477
98,tobillo_derecho,0,1111.15128,675.26934
98,rodilla_derecha,0,1190.41843,625.50558
98,cadera_derecha,0,1137.43446,547.65563
98,hombro_derecho,0,1118.61534,441.98291
98,punta_derecha,1,1157.86148,726.4829
98,talon_derecho,1,1122.4243900000001,695.89033
98,tobillo_derecho,1,1141.97983,688.89836
98,rodilla_derecha,1,1200.9531200000001,620.84401
98,cadera_derecha,1,1140.07204,546.827565
98,hombro_derecho,1,1120.72546,442.84409
98,punta_derecha,2,1202.17197,734.64907
98,talon_derecho,2,1155.08228,715.70589
98,tobillo_derecho,2,1172.80838,702.52738
98,rodilla_derecha,2,1211.48781,616.18244
98,cadera_derecha,2,1142.70962,545.9995
98,hombro_derecho,2,1122.83558,443.70527
98,punta_derecha,3,1285.67402,731.72769
98,talon_derecho,3,1236.68896,724.69037
98,tobillo_derecho,3,1244.80625,709.16044
98,rodilla_derecha,3,1220.69893,610.93173
98,cadera_derecha,3,1149.25472,545.8855
98,hombro_derecho,3,1127.17335,444.19776
98,punta_derecha,4,1332.17892,710.0542
98,talon_derecho,4,1287.38846,712.84573
98,tobillo_derecho,4,1285.6271,695.40818
98,rodilla_derecha,4,1229.39152,607.53277
98,cadera_derecha,4,1153.73978,544.15901
98,hombro_derecho,4,1130.40871,444.12466
98,punta_derecha,5,1373.60058,659.0783
98,talon_derecho,5,1332.58312,705.35407
98,tobillo_derecho,5,1328.19637,668.84176
98,rodilla_derecha,5,1233.83446,599.69059
98,cadera_derecha,5,1155.34676,542.73386
98,hombro_derecho,5,1133.12794,444.04951
98,punta_derecha,6,1384.08119,608.47924
98,talon_derecho,6,1360.60604,651.09695
98,tobillo_derecho,6,1352.49321,632.98573
98,rodilla_derecha,6,1242.6582,587.81261
98,cadera_derecha,6,1157.18273,540.53114
98,hombro_derecho,6,1136.51184,444.02373
99,punta_derecha,0,1024.08943,674.35704
99,talon_derecho,0,1042.45411,634.12384
99,tobillo_derecho,0,1056.62075,644.75621
99,rodilla_derecha,0,1159.75788,639.89224
99,cadera_derecha,0,1157.93655,555.43549
99,hombro_derecho,0,1139.83921,440.07879
99,punta_derecha,1,1072.61215,698.99659
99,talon_derecho,1,1072.85374,653.19815
99,tobillo_derecho,1,1094.76917,660.59325
99,rodilla_derecha,1,1192.02404,639.76228
99,cadera_derecha,1,1158.83915,553.52561
99,hombro_derecho,1,1140.99575,440.62937
99,punta_derecha,2,1152.83283,727.93535
99,talon_derecho,2,1126.45924,688.13467
99,tobillo_derecho,2,1147.54372,687.33432
99,rodilla_derecha,2,1224.16889,632.30273
99,cadera_derecha,2,1163.10757,552.46468
99,hombro_derecho,2,1144.99008,441.45161
99,punta_derecha,3,1248.87394,739.73833
99,talon_derecho,3,1195.75298,725.40497
99,tobillo_derecho,3,1212.31487,712.43484
99,rodilla_derecha,3,1246.21983,622.31281
99,cadera_derecha,3,1173.07938,552.19154
99,hombro_derecho,3,1151.28902,442.40739
99,punta_derecha,4,1327.50778,736.99057
99,talon_derecho,4,1272.55783,733.27908
99,tobillo_derecho,4,1281.14182,717.14894
99,rodilla_derecha,4,1258.15601,617.00197
99,cadera_derecha,4,1182.14275,550.46963
99,hombro_derecho,4,1158.97087,442.77174
99,punta_derecha,5,1362.09194,721.42897
99,talon_derecho,5,1320.75691,722.97367
99,tobillo_derecho,5,1315.69862,705.50863
99,rodilla_derecha,5,1266.6687,614.49303
99,cadera_derecha,5,1187.13833,549.81798
99,hombro_derecho,5,1163.79272,442.96267
99,punta_derecha,6,1415.27721,672.13238
99,talon_derecho,6,1374.2284,703.6841
99,tobillo_derecho,6,1371.1861,689.69539
99,rodilla_derecha,6,1272.2945,610.2533
99,cadera_derecha,6,1190.53997,549.90031
99,hombro_derecho,6,1167.50565,445.36388
99,punta_derecha,7,1434.17839,622.83198
99,talon_derecho,7,1400.17845,661.69654
99,tobillo_derecho,7,1393.73188,645.15113
99,rodilla_derecha,7,1282.12097,599.35398
99,cadera_derecha,7,1194.45923,550.05732
99,hombro_derecho,7,1171.81606,447.35178
