archivo,marcador,frame,X (px),Y (px)
13,punta_izquierda,0,-516.049499511719,-269.411376953125
13,punta_izquierda,1,-517.0,-269.0
13,punta_izquierda,2,-517.0,-269.0
13,punta_izquierda,3,-517.0,-269.0
13,punta_izquierda,4,-517.0,-269.0
13,punta_izquierda,5,-517.0,-269.0
13,punta_izquierda,6,-517.0,-269.0
13,punta_izquierda,7,-517.0,-269.0
13,punta_izquierda,8,-517.0,-269.0
13,punta_izquierda,9,-517.0,-269.0
13,talon_izquierdo,0,-456.638885498047,-267.629089355469
13,talon_izquierdo,1,-457.0,-265.990905761719
13,talon_izquierdo,2,-457.331787109375,-265.663635253906
13,talon_izquierdo,3,-457.665893554688,-265.329528808594
13,talon_izquierdo,4,-458.0,-264.995361328125
13,talon_izquierdo,5,-458.659118652344,-264.995422363281
13,talon_izquierdo,6,-458.43310546875,-265.217712402344
13,talon_izquierdo,7,-459.331817626953,-265.334106445313
13,talon_izquierdo,8,-461.002288818359,-265.334106445313
13,talon_izquierdo,9,-460.668182373047,-265.000061035156
13,tobillo_izquierdo,0,-465.662353515625,-250.139953613281
13,tobillo_izquierdo,1,-467.331787109375,-249.0
13,tobillo_izquierdo,2,-470.661376953125,-248.665954589844
13,tobillo_izquierdo,3,-471.661376953125,-248.331848144531
13,tobillo_izquierdo,4,-471.995452880859,-248.331848144531
13,tobillo_izquierdo,5,-471.661376953125,-248.665893554688
13,tobillo_izquierdo,6,-472.507202148438,-249.029418945313
13,tobillo_izquierdo,7,-473.0,-249.0
13,tobillo_izquierdo,8,-474.0,-249.0
13,tobillo_izquierdo,9,-475.663635253906,-250.0
13,rodilla_izquierda,0,-464.956359863281,-164.848754882813
13,rodilla_izquierda,1,-478.002197265625,-161.665893554688
13,rodilla_izquierda,2,-486.334045410156,-160.663635253906
13,rodilla_izquierda,3,-490.995452880859,-160.327270507813
13,rodilla_izquierda,4,-493.334075927734,-160.663635253906
13,rodilla_izquierda,5,-495.331787109375,-160.327270507813
13,rodilla_izquierda,6,-498.340881347656,-159.288513183594
13,rodilla_izquierda,7,-502.67041015625,-160.338745117188
13,rodilla_izquierda,8,-505.990875244141,-160.372680664063
13,rodilla_izquierda,9,-507.322723388672,-161.363647460938
13,cadera_izquierda,0,-394.851867675781,-83.4561767578125
13,cadera_izquierda,1,-411.009094238281,-87.0113525390625
13,cadera_izquierda,2,-426.672729492188,-85.654541015625
13,cadera_izquierda,3,-434.331787109375,-85.6590576171875
13,cadera_izquierda,4,-441.327331542969,-83.9932250976563
13,cadera_izquierda,5,-447.002319335938,-84.009033203125
13,cadera_izquierda,6,-452.670501708984,-81.67724609375
13,cadera_izquierda,7,-454.665954589844,-78.0068359375
13,cadera_izquierda,8,-460.002258300781,-76.0022583007813
13,cadera_izquierda,9,-464.0,-75.675048828125
39,punta_izquierda,0,-445.218688964844,-309.236267089844
39,punta_izquierda,1,-445.588500976563,-312.706481933594
39,punta_izquierda,2,-446.0,-313.236022949219
39,punta_izquierda,3,-447.059020996094,-314.295043945313
39,punta_izquierda,4,-447.059020996094,-315.353942871094
39,punta_izquierda,5,-446.529479980469,-313.235961914063
39,punta_izquierda,6,-447.058959960938,-314.824462890625
39,punta_izquierda,7,-447.588500976563,-315.353942871094
39,punta_izquierda,8,-448.117980957031,-314.824462890625
39,punta_izquierda,9,-447.058959960938,-315.35400390625
39,punta_izquierda,10,-448.6474609375,-314.824462890625
39,talon_izquierdo,0,-374.912719726563,-317.463500976563
39,talon_izquierdo,1,-376.058959960938,-316.470520019531
39,talon_izquierdo,2,-378.118041992188,-313.822998046875
39,talon_izquierdo,3,-379.765502929688,-311.704956054688
39,talon_izquierdo,4,-380.294982910156,-312.764038085938
39,talon_izquierdo,5,-380.294982910156,-310.64599609375
39,talon_izquierdo,6,-380.294982910156,-310.646057128906
39,talon_izquierdo,7,-381.35400390625,-310.64599609375
39,talon_izquierdo,8,-381.35400390625,-310.64599609375
39,talon_izquierdo,9,-382.412963867188,-309.057495117188
39,talon_izquierdo,10,-385.060485839844,-302.174072265625
39,tobillo_izquierdo,0,-386.879699707031,-297.269287109375
39,tobillo_izquierdo,1,-391.0,-297.0
39,tobillo_izquierdo,2,-393.588500976563,-295.940979003906
39,tobillo_izquierdo,3,-396.177001953125,-294.881958007813
39,tobillo_izquierdo,4,-397.6474609375,-294.882019042969
39,tobillo_izquierdo,5,-398.647521972656,-295.470520019531
39,tobillo_izquierdo,6,-399.0,-294.411499023438
39,tobillo_izquierdo,7,-398.470458984375,-293.881958007813
39,tobillo_izquierdo,8,-400.529479980469,-293.352478027344
39,tobillo_izquierdo,9,-402.588439941406,-292.822998046875
39,tobillo_izquierdo,10,-406.0,-287.705017089844
39,rodilla_izquierda,0,-386.568725585938,-203.995666503906
39,rodilla_izquierda,1,-404.3525390625,-199.999938964844
39,rodilla_izquierda,2,-421.352416992188,-196.588500976563
39,rodilla_izquierda,3,-433.29345703125,-192.058959960938
39,rodilla_izquierda,4,-441.411560058594,-190.470520019531
39,rodilla_izquierda,5,-445.823059082031,-188.116516113281
39,rodilla_izquierda,6,-453.0,-189.705017089844
39,rodilla_izquierda,7,-453.941009521484,-191.586975097656
39,rodilla_izquierda,8,-459.588500976563,-194.653381347656
39,rodilla_izquierda,9,-463.175537109375,-196.184326171875
39,rodilla_izquierda,10,-474.584075927734,-193.361328125
39,cadera_izquierda,0,-301.496215820313,-120.822937011719
39,cadera_izquierda,1,-321.528076171875,-120.410034179688
39,cadera_izquierda,2,-340.588439941406,-115.585632324219
39,cadera_izquierda,3,-352.705017089844,-114.821533203125
39,cadera_izquierda,4,-364.764099121094,-116.056091308594
39,cadera_izquierda,5,-380.882019042969,-118.115112304688
39,cadera_izquierda,6,-393.293518066406,-117.526611328125
39,cadera_izquierda,7,-403.763977050781,-119.05615234375
39,cadera_izquierda,8,-415.352478027344,-119.64453125
39,cadera_izquierda,9,-423.175537109375,-118.703552246094
39,cadera_izquierda,10,-431.057556152344,-116.703552246094
40,punta_izquierda,0,-449.302490234375,-305.24951171875
40,punta_izquierda,1,-450.471954345703,-307.471862792969
40,punta_izquierda,2,-451.887634277344,-307.359558105469
40,punta_izquierda,3,-452.0,-307.0
40,punta_izquierda,4,-452.0,-307.0
40,punta_izquierda,5,-452.0,-307.0
40,punta_izquierda,6,-452.0,-307.0
40,punta_izquierda,7,-452.0,-307.0
40,punta_izquierda,8,-452.0,-307.0
40,punta_izquierda,9,-452.0,-307.0
40,punta_izquierda,10,-452.0,-307.0
40,talon_izquierdo,0,-375.683715820313,-304.3056640625
40,talon_izquierdo,1,-379.303405761719,-303.05615234375
40,talon_izquierdo,2,-380.719116210938,-300.696594238281
40,talon_izquierdo,3,-383.078735351563,-300.224670410156
40,talon_izquierdo,4,-382.134887695313,-299.752746582031
40,talon_izquierdo,5,-383.078735351563,-300.224670410156
40,talon_izquierdo,6,-383.078735351563,-299.752746582031
40,talon_izquierdo,7,-383.550598144531,-298.808959960938
40,talon_izquierdo,8,-385.438354492188,-299.752746582031
40,talon_izquierdo,9,-384.022583007813,-298.337036132813
40,talon_izquierdo,10,-385.910278320313,-295.505554199219
40,tobillo_izquierdo,0,-391.256896972656,-287.316772460938
40,tobillo_izquierdo,1,-396.0,-287.0
40,tobillo_izquierdo,2,-399.0,-287.0
40,tobillo_izquierdo,3,-400.0,-287.0
40,tobillo_izquierdo,4,-400.0,-287.0
40,tobillo_izquierdo,5,-400.112365722656,-287.0
40,tobillo_izquierdo,6,-400.584228515625,-287.0
40,tobillo_izquierdo,7,-401.584289550781,-286.528076171875
40,tobillo_izquierdo,8,-400.696594238281,-286.528076171875
40,tobillo_izquierdo,9,-401.752746582031,-285.584228515625
40,tobillo_izquierdo,10,-406.168518066406,-284.112365722656
40,rodilla_izquierda,0,-400.695190429688,-201.428161621094
40,rodilla_izquierda,1,-419.359558105469,-202.303405761719
40,rodilla_izquierda,2,-434.0,-200.0
40,rodilla_izquierda,3,-443.471923828125,-200.606811523438
40,rodilla_izquierda,4,-447.528076171875,-201.887634277344
40,rodilla_izquierda,5,-450.0,-201.0
40,rodilla_izquierda,6,-451.0,-202.0
40,rodilla_izquierda,7,-455.0,-202.584228515625
40,rodilla_izquierda,8,-457.235717773438,-205.303405761719
40,rodilla_izquierda,9,-460.785919189453,-207.213684082031
40,rodilla_izquierda,10,-466.527160644531,-207.045104980469
40,cadera_izquierda,0,-302.401489257813,-122.866516113281
40,cadera_izquierda,1,-314.0,-127.0
40,cadera_izquierda,2,-331.662963867188,-126.752746582031
40,cadera_izquierda,3,-350.247253417969,-122.336975097656
40,cadera_izquierda,4,-364.0,-123.0
40,cadera_izquierda,5,-375.0,-123.0
40,cadera_izquierda,6,-385.0,-121.0
40,cadera_izquierda,7,-397.0,-118.0
40,cadera_izquierda,8,-408.0,-115.0
40,cadera_izquierda,9,-421.0,-111.0
40,cadera_izquierda,10,-433.0,-107.0
41,punta_izquierda,0,-457.527160644531,-290.979736328125
41,punta_izquierda,1,-458.0,-290.0
41,punta_izquierda,2,-458.0,-290.0
41,punta_izquierda,3,-458.0,-290.0
41,punta_izquierda,4,-458.0,-290.0
41,punta_izquierda,5,-458.0,-290.0
41,punta_izquierda,6,-458.0,-290.0
41,punta_izquierda,7,-458.0,-290.0
41,punta_izquierda,8,-458.0,-290.0
41,talon_izquierdo,0,-392.40283203125,-289.092041015625
41,talon_izquierdo,1,-392.94384765625,-287.528076171875
41,talon_izquierdo,2,-393.471923828125,-287.1123046875
41,talon_izquierdo,3,-393.0,-286.16845703125
41,talon_izquierdo,4,-393.471923828125,-286.16845703125
41,talon_izquierdo,5,-393.943786621094,-286.640380859375
41,talon_izquierdo,6,-394.415771484375,-286.640441894531
41,talon_izquierdo,7,-394.887634277344,-286.640380859375
41,talon_izquierdo,8,-394.8876953125,-286.640441894531
41,tobillo_izquierdo,0,-404.672668457031,-271.631225585938
41,tobillo_izquierdo,1,-406.0,-271.0
41,tobillo_izquierdo,2,-409.0,-271.0
41,tobillo_izquierdo,3,-409.0,-271.0
41,tobillo_izquierdo,4,-409.0,-271.0
41,tobillo_izquierdo,5,-409.0,-271.0
41,tobillo_izquierdo,6,-410.0,-271.0
41,tobillo_izquierdo,7,-410.0,-271.0
41,tobillo_izquierdo,8,-410.0,-271.0
41,rodilla_izquierda,0,-408.560363769531,-180.282653808594
41,rodilla_izquierda,1,-420.584289550781,-178.415710449219
41,rodilla_izquierda,2,-428.471923828125,-176.303405761719
41,rodilla_izquierda,3,-432.415710449219,-175.528137207031
41,rodilla_izquierda,4,-435.247253417969,-175.696594238281
41,rodilla_izquierda,5,-435.134887695313,-173.718688964844
41,rodilla_izquierda,6,-434.191040039063,-171.719604492188
41,rodilla_izquierda,7,-436.573181152344,-173.057067871094
41,rodilla_izquierda,8,-436.629333496094,-173.921752929688
41,cadera_izquierda,0,-319.278564453125,-104.776733398438
41,cadera_izquierda,1,-333.94384765625,-105.719116210938
41,cadera_izquierda,2,-347.179565429688,-102.25830078125
41,cadera_izquierda,3,-361.775329589844,-100.8876953125
41,cadera_izquierda,4,-376.606811523438,-95.05615234375
41,cadera_izquierda,5,-384.0,-91.0
41,cadera_izquierda,6,-391.0,-86.0
41,cadera_izquierda,7,-396.0,-82.0
41,cadera_izquierda,8,-401.426818847656,-80.5953369140625
42,punta_izquierda,0,-459.990081787109,-266.809448242188
42,punta_izquierda,1,-459.624267578125,-271.448303222656
42,punta_izquierda,2,-461.127258300781,-272.563659667969
42,punta_izquierda,3,-461.436370849609,-272.375732421875
42,punta_izquierda,4,-462.0,-272.0
42,punta_izquierda,5,-462.0,-272.0
42,punta_izquierda,6,-462.0,-272.0
42,punta_izquierda,7,-462.0,-272.0
42,punta_izquierda,8,-462.0,-272.0
42,punta_izquierda,9,-462.0,-272.0
42,punta_izquierda,10,-462.0,-272.0
42,talon_izquierdo,0,-395.3837890625,-273.573303222656
42,talon_izquierdo,1,-396.878723144531,-270.745483398438
42,talon_izquierdo,2,-397.690795898438,-269.0546875
42,talon_izquierdo,3,-398.254455566406,-269.618286132813
42,talon_izquierdo,4,-399.005981445313,-269.618286132813
42,talon_izquierdo,5,-399.569580078125,-269.80615234375
42,talon_izquierdo,6,-399.9453125,-269.0546875
42,talon_izquierdo,7,-400.321044921875,-268.866760253906
42,talon_izquierdo,8,-399.757446289063,-269.430419921875
42,talon_izquierdo,9,-400.133178710938,-268.866821289063
42,talon_izquierdo,10,-400.133178710938,-267.551696777344
42,tobillo_izquierdo,0,-404.38525390625,-258.217895507813
42,tobillo_izquierdo,1,-407.812133789063,-256.872741699219
42,tobillo_izquierdo,2,-409.563598632813,-255.430419921875
42,tobillo_izquierdo,3,-411.4423828125,-254.80615234375
42,tobillo_izquierdo,4,-412.812133789063,-254.618286132813
42,tobillo_izquierdo,5,-413.624267578125,-254.806213378906
42,tobillo_izquierdo,6,-414.436401367188,-254.430419921875
42,tobillo_izquierdo,7,-414.060668945313,-254.242492675781
42,tobillo_izquierdo,8,-415.0,-254.430419921875
42,tobillo_izquierdo,9,-415.0,-254.242492675781
42,tobillo_izquierdo,10,-416.502990722656,-252.551696777344
42,rodilla_izquierda,0,-408.275756835938,-168.732788085938
42,rodilla_izquierda,1,-424.0,-168.0
42,rodilla_izquierda,2,-436.584228515625,-165.528076171875
42,rodilla_izquierda,3,-444.752746582031,-164.191101074219
42,rodilla_izquierda,4,-450.280822753906,-167.247253417969
42,rodilla_izquierda,5,-456.584259033203,-164.528137207031
42,rodilla_izquierda,6,-453.865081787109,-165.8876953125
42,rodilla_izquierda,7,-455.191101074219,-165.337524414063
42,rodilla_izquierda,8,-458.247222900391,-163.865600585938
42,rodilla_izquierda,9,-458.393188476563,-164.236633300781
42,rodilla_izquierda,10,-460.696563720703,-165.404724121094
42,cadera_izquierda,0,-333.432556152344,-104.134033203125
42,cadera_izquierda,1,-349.0,-106.0
42,cadera_izquierda,2,-371.0,-110.0
42,cadera_izquierda,3,-381.0,-107.0
42,cadera_izquierda,4,-390.0,-106.0
42,cadera_izquierda,5,-400.0,-107.0
42,cadera_izquierda,6,-406.0,-104.0
42,cadera_izquierda,7,-415.550598144531,-99.4157104492188
42,cadera_izquierda,8,-419.663024902344,-97.3595581054688
42,cadera_izquierda,9,-426.0,-95.0
42,cadera_izquierda,10,-433.0,-91.0
43,punta_izquierda,0,-487.568420410156,-272.632568359375
43,punta_izquierda,1,-489.919158935547,-274.530822753906
43,punta_izquierda,2,-490.0,-274.0
43,punta_izquierda,3,-490.0,-274.0
43,punta_izquierda,4,-490.0,-274.0
43,punta_izquierda,5,-490.0,-274.0
43,punta_izquierda,6,-490.0,-274.0
43,punta_izquierda,7,-490.0,-274.0
43,punta_izquierda,8,-490.0,-274.0
43,punta_izquierda,9,-490.0,-274.0
43,talon_izquierdo,0,-424.899780273438,-272.211853027344
43,talon_izquierdo,1,-426.061462402344,-268.815490722656
43,talon_izquierdo,2,-427.0,-268.0
43,talon_izquierdo,3,-427.0,-268.0
43,talon_izquierdo,4,-427.0,-268.0
43,talon_izquierdo,5,-427.223205566406,-266.40771484375
43,talon_izquierdo,6,-428.0,-266.0
43,talon_izquierdo,7,-428.0,-266.0
43,talon_izquierdo,8,-428.0,-266.0
43,talon_izquierdo,9,-428.796142578125,-263.080810546875
43,tobillo_izquierdo,0,-436.676452636719,-256.649841308594
43,tobillo_izquierdo,1,-441.0,-254.673156738281
43,tobillo_izquierdo,2,-442.0,-254.0
43,tobillo_izquierdo,3,-442.0,-254.0
43,tobillo_izquierdo,4,-443.142395019531,-253.46923828125
43,tobillo_izquierdo,5,-445.0,-253.0
43,tobillo_izquierdo,6,-445.0,-253.0
43,tobillo_izquierdo,7,-445.0,-253.0
43,tobillo_izquierdo,8,-445.0,-253.0
43,tobillo_izquierdo,9,-445.796142578125,-250.877014160156
43,rodilla_izquierda,0,-442.829650878906,-173.754577636719
43,rodilla_izquierda,1,-457.999969482422,-174.662963867188
43,rodilla_izquierda,2,-469.05615234375,-173.303344726563
43,rodilla_izquierda,3,-473.696594238281,-174.719116210938
43,rodilla_izquierda,4,-479.415740966797,-176.359558105469
43,rodilla_izquierda,5,-483.471923828125,-176.528015136719
43,rodilla_izquierda,6,-485.438323974609,-177.955322265625
43,rodilla_izquierda,7,-489.022583007813,-178.20263671875
43,rodilla_izquierda,8,-491.460876464844,-178.348999023438
43,rodilla_izquierda,9,-494.280853271484,-179.213623046875
43,cadera_izquierda,0,-374.401977539063,-113.349426269531
43,cadera_izquierda,1,-393.224609375,-113.808959960938
43,cadera_izquierda,2,-404.0,-111.0
43,cadera_izquierda,3,-416.0,-114.0
43,cadera_izquierda,4,-426.0,-115.0
43,cadera_izquierda,5,-432.0,-113.0
43,cadera_izquierda,6,-438.0,-111.0
43,cadera_izquierda,7,-442.831481933594,-110.606811523438
43,cadera_izquierda,8,-451.303405761719,-109.966430664063
43,cadera_izquierda,9,-459.05615234375,-106.05615234375
45,punta_izquierda,0,-515.94970703125,-276.15283203125
45,punta_izquierda,1,-516.0,-276.0
45,punta_izquierda,2,-516.0,-276.0
45,punta_izquierda,3,-516.0,-276.0
45,punta_izquierda,4,-516.0,-276.0
45,punta_izquierda,5,-516.0,-276.0
45,punta_izquierda,6,-516.0,-276.0
45,punta_izquierda,7,-516.0,-276.0
45,punta_izquierda,8,-516.0,-276.0
45,punta_izquierda,9,-516.0,-276.0
45,punta_izquierda,10,-516.0,-276.0
45,talon_izquierdo,0,-456.5390625,-273.182373046875
45,talon_izquierdo,1,-457.0,-273.0
45,talon_izquierdo,2,-457.0,-273.0
45,talon_izquierdo,3,-457.749694824219,-272.625183105469
45,talon_izquierdo,4,-458.124572753906,-271.500549316406
45,talon_izquierdo,5,-458.124542236328,-271.125671386719
45,talon_izquierdo,6,-459.249145507813,-270.376037597656
45,talon_izquierdo,7,-459.623992919922,-270.001159667969
45,talon_izquierdo,8,-459.998840332031,-269.251403808594
45,talon_izquierdo,9,-461.123413085938,-268.126892089844
45,talon_izquierdo,10,-462.997680664063,-265.128051757813
45,tobillo_izquierdo,0,-469.609436035156,-257.735595703125
45,tobillo_izquierdo,1,-471.0,-257.0
45,tobillo_izquierdo,2,-472.125732421875,-257.374877929688
45,tobillo_izquierdo,3,-472.500579833984,-257.374877929688
45,tobillo_izquierdo,4,-472.875427246094,-257.0
45,tobillo_izquierdo,5,-473.608947753906,-255.721923828125
45,tobillo_izquierdo,6,-474.625152587891,-255.500610351563
45,tobillo_izquierdo,7,-475.125701904297,-256.250305175781
45,tobillo_izquierdo,8,-475.500610351563,-257.0
45,tobillo_izquierdo,9,-477.0,-255.875427246094
45,tobillo_izquierdo,10,-482.0,-254.0
45,rodilla_izquierda,0,-481.675964355469,-178.341369628906
45,rodilla_izquierda,1,-495.374847412109,-173.249084472656
45,rodilla_izquierda,2,-505.875457763672,-171.498291015625
45,rodilla_izquierda,3,-510.749755859375,-167.87548828125
45,rodilla_izquierda,4,-515.124572753906,-168.126892089844
45,rodilla_izquierda,5,-518.874267578125,-167.126831054688
45,rodilla_izquierda,6,-520.490173339844,-169.521362304688
45,rodilla_izquierda,7,-523.750854492188,-167.356384277344
45,rodilla_izquierda,8,-527.501708984375,-166.867370605469
45,rodilla_izquierda,9,-533.3759765625,-166.239868164063
45,rodilla_izquierda,10,-537.500610351563,-161.870788574219
45,cadera_izquierda,0,-418.5537109375,-105.959594726563
45,cadera_izquierda,1,-438.74853515625,-108.873107910156
45,cadera_izquierda,2,-451.0,-106.0
45,cadera_izquierda,3,-462.0,-106.0
45,cadera_izquierda,4,-471.0,-105.0
45,cadera_izquierda,5,-479.0,-102.0
45,cadera_izquierda,6,-485.0,-99.0
45,cadera_izquierda,7,-490.0,-94.0
45,cadera_izquierda,8,-496.0,-89.0
45,cadera_izquierda,9,-503.0,-84.0
45,cadera_izquierda,10,-510.0,-79.0
46,punta_izquierda,0,-545.769348144531,-280.916809082031
46,punta_izquierda,1,-547.0,-282.0
46,punta_izquierda,2,-547.0,-282.0
46,punta_izquierda,3,-547.0,-282.0
46,punta_izquierda,4,-547.0,-282.0
46,punta_izquierda,5,-547.0,-282.0
46,punta_izquierda,6,-547.0,-282.0
46,punta_izquierda,7,-547.0,-282.0
46,punta_izquierda,8,-547.0,-282.0
46,punta_izquierda,9,-547.0,-282.0
46,punta_izquierda,10,-547.0,-282.0
46,talon_izquierdo,0,-488.791290283203,-280.5419921875
46,talon_izquierdo,1,-489.0,-279.250305175781
46,talon_izquierdo,2,-489.374847412109,-277.750854492188
46,talon_izquierdo,3,-489.0,-277.001159667969
46,talon_izquierdo,4,-489.749694824219,-277.001159667969
46,talon_izquierdo,5,-490.0,-275.876586914063
46,talon_izquierdo,6,-490.374847412109,-275.501770019531
46,talon_izquierdo,7,-491.124572753906,-275.126892089844
46,talon_izquierdo,8,-490.374847412109,-274.752014160156
46,talon_izquierdo,9,-491.499420166016,-272.128051757813
46,talon_izquierdo,10,-492.998840332031,-269.87890625
46,tobillo_izquierdo,0,-500.411804199219,-263.298645019531
46,tobillo_izquierdo,1,-503.750854492188,-262.500610351563
46,tobillo_izquierdo,2,-506.376007080078,-261.750854492188
46,tobillo_izquierdo,3,-506.25146484375,-262.001159667969
46,tobillo_izquierdo,4,-506.876586914063,-262.750915527344
46,tobillo_izquierdo,5,-506.876586914063,-263.125732421875
46,tobillo_izquierdo,6,-507.876586914063,-263.500549316406
46,tobillo_izquierdo,7,-507.501739501953,-263.875427246094
46,tobillo_izquierdo,8,-508.626281738281,-262.750854492188
46,tobillo_izquierdo,9,-509.376007080078,-261.626281738281
46,tobillo_izquierdo,10,-511.875457763672,-261.626281738281
46,rodilla_izquierda,0,-524.027709960938,-180.830383300781
46,rodilla_izquierda,1,-538.625122070313,-179.498291015625
46,rodilla_izquierda,2,-551.248046875,-179.749694824219
46,rodilla_izquierda,3,-557.250244140625,-180.998779296875
46,rodilla_izquierda,4,-562.374877929688,-182.998840332031
46,rodilla_izquierda,5,-567.499389648438,-182.0
46,rodilla_izquierda,6,-570.251403808594,-184.117614746094
46,rodilla_izquierda,7,-573.002319335938,-184.613708496094
46,rodilla_izquierda,8,-577.379516601563,-181.363220214844
46,rodilla_izquierda,9,-582.252563476563,-176.744995117188
46,rodilla_izquierda,10,-583.131469726563,-174.989624023438
46,cadera_izquierda,0,-468.0,-117.0
46,cadera_izquierda,1,-481.431457519531,-120.605529785156
46,cadera_izquierda,2,-496.0,-122.0
46,cadera_izquierda,3,-508.0,-124.0
46,cadera_izquierda,4,-516.874267578125,-122.249084472656
46,cadera_izquierda,5,-525.0,-119.0
46,cadera_izquierda,6,-533.0,-116.0
46,cadera_izquierda,7,-539.0,-111.0
46,cadera_izquierda,8,-547.0,-108.0
46,cadera_izquierda,9,-554.0,-101.0
46,cadera_izquierda,10,-564.0,-98.0
47,punta_izquierda,0,-348.459228515625,-258.677001953125
47,punta_izquierda,1,-350.053955078125,-261.107971191406
47,punta_izquierda,2,-351.0,-261.0
47,punta_izquierda,3,-351.0,-261.0
47,punta_izquierda,4,-351.0,-261.0
47,punta_izquierda,5,-351.0,-261.0
47,punta_izquierda,6,-351.0,-261.0
47,punta_izquierda,7,-351.0,-261.0
47,punta_izquierda,8,-351.0,-261.0
47,punta_izquierda,9,-351.0,-261.0
47,talon_izquierdo,0,-293.668395996094,-262.35205078125
47,talon_izquierdo,1,-294.843200683594,-259.892028808594
47,talon_izquierdo,2,-296.4755859375,-257.945983886719
47,talon_izquierdo,3,-296.897155761719,-257.313598632813
47,talon_izquierdo,4,-297.0,-257.0
47,talon_izquierdo,5,-297.0,-257.0
47,talon_izquierdo,6,-297.0,-257.0
47,talon_izquierdo,7,-297.0,-255.946044921875
47,talon_izquierdo,8,-297.0,-255.313598632813
47,talon_izquierdo,9,-297.0,-254.470458984375
47,tobillo_izquierdo,0,-301.145629882813,-247.791320800781
47,tobillo_izquierdo,1,-306.632385253906,-246.421569824219
47,tobillo_izquierdo,2,-308.686340332031,-246.210815429688
47,tobillo_izquierdo,3,-310.794372558594,-245.367614746094
47,tobillo_izquierdo,4,-311.005126953125,-245.367614746094
47,tobillo_izquierdo,5,-312.269897460938,-244.313598632813
47,tobillo_izquierdo,6,-312.093688964844,-243.870483398438
47,tobillo_izquierdo,7,-313.260681152344,-243.960754394531
47,tobillo_izquierdo,8,-313.011535644531,-242.832702636719
47,tobillo_izquierdo,9,-313.266479492188,-243.584716796875
47,rodilla_izquierda,0,-309.161193847656,-164.642517089844
47,rodilla_izquierda,1,-321.000061035156,-161.750854492188
47,rodilla_izquierda,2,-332.374877929688,-161.249145507813
47,rodilla_izquierda,3,-343.499450683594,-160.250366210938
47,rodilla_izquierda,4,-346.623901367188,-164.0
47,rodilla_izquierda,5,-350.0,-166.0
47,rodilla_izquierda,6,-351.0,-163.0
47,rodilla_izquierda,7,-353.249145507813,-162.362182617188
47,rodilla_izquierda,8,-355.500549316406,-163.119995117188
47,rodilla_izquierda,9,-355.997680664063,-163.85693359375
47,cadera_izquierda,0,-253.307189941406,-105.594787597656
47,cadera_izquierda,1,-268.628601074219,-107.877746582031
47,cadera_izquierda,2,-282.0,-107.0
47,cadera_izquierda,3,-295.0,-110.0
47,cadera_izquierda,4,-302.0,-109.0
47,cadera_izquierda,5,-309.0,-106.0
47,cadera_izquierda,6,-315.0,-104.0
47,cadera_izquierda,7,-320.0,-101.0
47,cadera_izquierda,8,-326.0,-96.0
47,cadera_izquierda,9,-333.0,-93.0
48,punta_izquierda,0,-367.684143066406,-285.710388183594
48,punta_izquierda,1,-368.334106445313,-286.002258300781
48,punta_izquierda,2,-368.0,-285.0
48,punta_izquierda,3,-368.0,-285.0
48,punta_izquierda,4,-368.0,-285.0
48,punta_izquierda,5,-368.0,-285.0
48,punta_izquierda,6,-368.0,-285.0
48,punta_izquierda,7,-368.0,-285.0
48,punta_izquierda,8,-368.0,-285.0
48,punta_izquierda,9,-368.0,-285.0
48,talon_izquierdo,0,-306.335205078125,-285.238464355469
48,talon_izquierdo,1,-307.0,-283.329528808594
48,talon_izquierdo,2,-307.334106445313,-282.995422363281
48,talon_izquierdo,3,-308.33642578125,-281.659118652344
48,talon_izquierdo,4,-308.33642578125,-280.990966796875
48,talon_izquierdo,5,-308.670471191406,-281.325012207031
48,talon_izquierdo,6,-309.338623046875,-280.656860351563
48,talon_izquierdo,7,-309.338623046875,-280.656799316406
48,talon_izquierdo,8,-308.670471191406,-280.656799316406
48,talon_izquierdo,9,-310.340942382813,-278.318176269531
48,tobillo_izquierdo,0,-320.020690917969,-267.777587890625
48,tobillo_izquierdo,1,-323.002319335938,-267.0
48,tobillo_izquierdo,2,-324.324951171875,-266.663635253906
48,tobillo_izquierdo,3,-324.656860351563,-266.329528808594
48,tobillo_izquierdo,4,-325.325012207031,-266.663696289063
48,tobillo_izquierdo,5,-326.652282714844,-266.997680664063
48,tobillo_izquierdo,6,-325.254577636719,-266.454467773438
48,tobillo_izquierdo,7,-324.277282714844,-266.7294921875
48,tobillo_izquierdo,8,-324.915954589844,-266.786315917969
48,tobillo_izquierdo,9,-325.565979003906,-265.147644042969
48,rodilla_izquierda,0,-328.463745117188,-179.856689453125
48,rodilla_izquierda,1,-344.000061035156,-178.675048828125
48,rodilla_izquierda,2,-354.661376953125,-178.345458984375
48,rodilla_izquierda,3,-363.009094238281,-179.361328125
48,rodilla_izquierda,4,-366.0,-183.0
48,rodilla_izquierda,5,-369.0,-180.327270507813
48,rodilla_izquierda,6,-371.015869140625,-176.290954589844
48,rodilla_izquierda,7,-372.652282714844,-175.711364746094
48,rodilla_izquierda,8,-375.345397949219,-172.41357421875
48,rodilla_izquierda,9,-378.656799316406,-171.375
48,cadera_izquierda,0,-262.302490234375,-116.174865722656
48,cadera_izquierda,1,-277.993225097656,-115.327270507813
48,cadera_izquierda,2,-290.0,-113.0
48,cadera_izquierda,3,-301.656799316406,-111.986389160156
48,cadera_izquierda,4,-310.0,-113.0
48,cadera_izquierda,5,-319.0,-110.0
48,cadera_izquierda,6,-327.0,-108.0
48,cadera_izquierda,7,-333.0,-105.0
48,cadera_izquierda,8,-339.0,-102.0
48,cadera_izquierda,9,-345.0,-95.0
49,punta_izquierda,0,-213.322937011719,-306.451965332031
49,punta_izquierda,1,-214.315124511719,-307.187866210938
49,punta_izquierda,2,-216.945373535156,-307.436401367188
49,punta_izquierda,3,-218.448364257813,-308.690856933594
49,punta_izquierda,4,-218.448303222656,-309.066589355469
49,punta_izquierda,5,-218.824035644531,-308.878723144531
49,punta_izquierda,6,-218.824035644531,-309.066650390625
49,punta_izquierda,7,-219.199829101563,-309.254455566406
49,punta_izquierda,8,-219.575561523438,-309.818054199219
49,punta_izquierda,9,-220.514892578125,-310.19384765625
49,punta_izquierda,10,-221.624267578125,-309.508911132813
49,punta_izquierda,11,-234.0,-308.0
49,talon_izquierdo,0,-147.685485839844,-311.31884765625
49,talon_izquierdo,1,-148.939392089844,-308.745544433594
49,talon_izquierdo,2,-149.690856933594,-308.557678222656
49,talon_izquierdo,3,-151.005981445313,-308.369812011719
49,talon_izquierdo,4,-152.508972167969,-306.866760253906
49,talon_izquierdo,5,-153.824096679688,-305.175903320313
49,talon_izquierdo,6,-155.890686035156,-304.6123046875
49,talon_izquierdo,7,-159.835998535156,-302.733581542969
49,talon_izquierdo,8,-163.3330078125,-302.109375
49,talon_izquierdo,9,-168.648132324219,-299.545715332031
49,talon_izquierdo,10,-176.708740234375,-294.6669921875
49,talon_izquierdo,11,-189.0,-293.0
49,tobillo_izquierdo,0,-156.227905273438,-291.858215332031
49,tobillo_izquierdo,1,-162.012023925781,-290.0546875
49,tobillo_izquierdo,2,-163.0,-290.0
49,tobillo_izquierdo,3,-166.254455566406,-288.933410644531
49,tobillo_izquierdo,4,-168.0,-288.0
49,tobillo_izquierdo,5,-171.0,-287.0
49,tobillo_izquierdo,6,-173.564575195313,-286.483093261719
49,tobillo_izquierdo,7,-176.0,-286.0
49,tobillo_izquierdo,8,-179.0,-285.0
49,tobillo_izquierdo,9,-184.187866210938,-282.254455566406
49,tobillo_izquierdo,10,-193.624267578125,-280.442321777344
49,tobillo_izquierdo,11,-206.0,-279.0
49,rodilla_izquierda,0,-147.672973632813,-191.770080566406
49,rodilla_izquierda,1,-168.203979492188,-186.411682128906
49,rodilla_izquierda,2,-186.195739746094,-183.029602050781
49,rodilla_izquierda,3,-197.614501953125,-186.138977050781
49,rodilla_izquierda,4,-205.876647949219,-185.374816894531
49,rodilla_izquierda,5,-214.968078613281,-183.933532714844
49,rodilla_izquierda,6,-225.724670410156,-182.573120117188
49,rodilla_izquierda,7,-229.831359863281,-181.297790527344
49,rodilla_izquierda,8,-230.73583984375,-180.84423828125
49,rodilla_izquierda,9,-237.0,-179.0
49,rodilla_izquierda,10,-252.250305175781,-166.374816894531
49,rodilla_izquierda,11,-269.0,-158.0
49,cadera_izquierda,0,-47.7147827148438,-131.439453125
49,cadera_izquierda,1,-68.0,-128.0
49,cadera_izquierda,2,-88.874267578125,-126.25146484375
49,cadera_izquierda,3,-107.0,-123.0
49,cadera_izquierda,4,-120.0,-121.0
49,cadera_izquierda,5,-132.0,-113.0
49,cadera_izquierda,6,-144.0,-104.0
49,cadera_izquierda,7,-156.0,-97.0
49,cadera_izquierda,8,-168.0,-91.0
49,cadera_izquierda,9,-176.0,-88.0
49,cadera_izquierda,10,-181.0,-83.0
49,cadera_izquierda,11,-185.0,-79.0
50,punta_izquierda,0,-189.112548828125,-297.869750976563
50,punta_izquierda,1,-190.119506835938,-305.899780273438
50,punta_izquierda,2,-192.857666015625,-307.919189453125
50,punta_izquierda,3,-193.0,-307.0
50,punta_izquierda,4,-193.0,-307.0
50,punta_izquierda,5,-194.061462402344,-308.326904296875
50,punta_izquierda,6,-195.123046875,-308.265380859375
50,punta_izquierda,7,-195.919189453125,-309.122985839844
50,punta_izquierda,8,-196.0,-309.0
50,punta_izquierda,9,-196.0,-309.0
50,punta_izquierda,10,-194.138854980469,-308.857604980469
50,punta_izquierda,11,-200.68896484375,-308.246032714844
50,punta_izquierda,12,-209.892822265625,-306.511413574219
50,punta_izquierda,13,-229.854187011719,-305.838317871094
50,talon_izquierdo,0,-119.848999023438,-312.465515136719
50,talon_izquierdo,1,-126.0,-311.0
50,talon_izquierdo,2,-127.592224121094,-308.080871582031
50,talon_izquierdo,3,-128.388366699219,-307.550048828125
50,talon_izquierdo,4,-130.511413574219,-306.75390625
50,talon_izquierdo,5,-131.796142578125,-306.550109863281
50,talon_izquierdo,6,-133.388366699219,-305.488586425781
50,talon_izquierdo,7,-133.919128417969,-302.304077148438
50,talon_izquierdo,8,-137.899780273438,-298.058044433594
50,talon_izquierdo,9,-142.65380859375,-293.650329589844
50,talon_izquierdo,10,-151.1845703125,-287.527282714844
50,talon_izquierdo,11,-160.1845703125,-282.669616699219
50,talon_izquierdo,12,-169.71533203125,-279.669616699219
50,talon_izquierdo,13,-179.653747558594,-278.465759277344
50,tobillo_izquierdo,0,-128.871887207031,-294.419921875
50,tobillo_izquierdo,1,-137.857666015625,-292.080871582031
50,tobillo_izquierdo,2,-142.796081542969,-289.896301269531
50,tobillo_izquierdo,3,-145.123046875,-289.365600585938
50,tobillo_izquierdo,4,-147.388427734375,-287.773315429688
50,tobillo_izquierdo,5,-149.71533203125,-286.181030273438
50,tobillo_izquierdo,6,-150.857666015625,-287.834777832031
50,tobillo_izquierdo,7,-152.653747558594,-286.773315429688
50,tobillo_izquierdo,8,-155.919128417969,-282.446411132813
50,tobillo_izquierdo,9,-162.184509277344,-278.181030273438
50,tobillo_izquierdo,10,-170.715270996094,-273.119506835938
50,tobillo_izquierdo,11,-179.980712890625,-268.058044433594
50,tobillo_izquierdo,12,-189.77685546875,-266.384948730469
50,tobillo_izquierdo,13,-200.246032714844,-264.384887695313
50,rodilla_izquierda,0,-101.160095214844,-191.894470214844
50,rodilla_izquierda,1,-124.707275390625,-189.979187011719
50,rodilla_izquierda,2,-144.402404785156,-184.625
50,rodilla_izquierda,3,-159.632385253906,-181.415771484375
50,rodilla_izquierda,4,-170.90576171875,-182.153076171875
50,rodilla_izquierda,5,-178.637756347656,-181.206420898438
50,rodilla_izquierda,6,-185.607727050781,-180.734680175781
50,rodilla_izquierda,7,-192.487365722656,-178.321533203125
50,rodilla_izquierda,8,-201.550109863281,-175.265319824219
50,rodilla_izquierda,9,-206.834838867188,-174.676574707031
50,rodilla_izquierda,10,-216.486694335938,-161.722229003906
50,rodilla_izquierda,11,-227.261901855469,-150.061462402344
50,rodilla_izquierda,12,-237.3427734375,-149.065002441406
50,rodilla_izquierda,13,-249.673095703125,-147.472717285156
50,cadera_izquierda,0,0.9033203125,-123.65283203125
50,cadera_izquierda,1,-23.0,-124.0
50,cadera_izquierda,2,-41.0,-122.0
50,cadera_izquierda,3,-60.0,-121.0
50,cadera_izquierda,4,-78.0,-117.0
50,cadera_izquierda,5,-90.0,-110.0
50,cadera_izquierda,6,-101.0,-102.0
50,cadera_izquierda,7,-113.0,-98.0
50,cadera_izquierda,8,-121.0,-91.0
50,cadera_izquierda,9,-127.0,-87.0
50,cadera_izquierda,10,-132.0,-85.0
50,cadera_izquierda,11,-139.775329589844,-78.8089599609375
50,cadera_izquierda,12,-147.550598144531,-74.9212646484375
50,cadera_izquierda,13,-153.0,-74.0
51,punta_izquierda,0,-32.7305297851563,-316.52001953125
51,punta_izquierda,1,-35.1079711914063,-318.740356445313
51,punta_izquierda,2,-36.8431396484375,-319.264770507813
51,punta_izquierda,3,-38.0540161132813,-319.210754394531
51,punta_izquierda,4,-39.0,-319.0
51,punta_izquierda,5,-39.0,-319.0
51,punta_izquierda,6,-39.0,-320.264770507813
51,punta_izquierda,7,-39.0,-320.0
51,punta_izquierda,8,-39.8431396484375,-320.0
51,punta_izquierda,9,-44.2056274414063,-319.161987304688
51,punta_izquierda,10,-51.470458984375,-318.215942382813
51,punta_izquierda,11,-64.0,-316.0
51,talon_izquierdo,0,33.5700073242188,-323.448364257813
51,talon_izquierdo,1,30.8920288085938,-321.735229492188
51,talon_izquierdo,2,30.0,-321.0
51,talon_izquierdo,3,28.7352294921875,-319.945983886719
51,talon_izquierdo,4,28.0,-319.0
51,talon_izquierdo,5,26.7352294921875,-318.156799316406
51,talon_izquierdo,6,25.3676147460938,-315.470458984375
51,talon_izquierdo,7,21.8380126953125,-310.994873046875
51,talon_izquierdo,8,12.7891845703125,-301.838073730469
51,talon_izquierdo,9,3.0,-296.0
51,talon_izquierdo,10,-6.0,-290.0
51,talon_izquierdo,11,-14.0,-285.0
51,tobillo_izquierdo,0,24.3547973632813,-304.564392089844
51,tobillo_izquierdo,1,19.7840576171875,-302.735229492188
51,tobillo_izquierdo,2,16.2596435546875,-301.313659667969
51,tobillo_izquierdo,3,13.4164428710938,-300.945983886719
51,tobillo_izquierdo,4,10.6760864257813,-300.313598632813
51,tobillo_izquierdo,5,8.98974609375,-298.627258300781
51,tobillo_izquierdo,6,6.38818359375,-297.493530273438
51,tobillo_izquierdo,7,1.39849853515625,-294.794311523438
51,tobillo_izquierdo,8,-6.59637451171875,-288.226135253906
51,tobillo_izquierdo,9,-17.0719604492188,-280.534606933594
51,tobillo_izquierdo,10,-25.4935913085938,-275.05908203125
51,tobillo_izquierdo,11,-33.7532348632813,-271.226135253906
51,rodilla_izquierda,0,43.113037109375,-202.748046875
51,rodilla_izquierda,1,24.2976684570313,-195.595581054688
51,rodilla_izquierda,2,7.48876953125,-193.870849609375
51,rodilla_izquierda,3,-4.29779052734375,-191.404479980469
51,rodilla_izquierda,4,-12.7246704101563,-190.297729492188
51,rodilla_izquierda,5,-20.0223999023438,-188.0
51,rodilla_izquierda,6,-27.2135009765625,-185.404418945313
51,rodilla_izquierda,7,-38.1067504882813,-179.320190429688
51,rodilla_izquierda,8,-48.2977905273438,-171.320129394531
51,rodilla_izquierda,9,-59.48876953125,-164.831298828125
51,rodilla_izquierda,10,-70.3255615234375,-156.696899414063
51,rodilla_izquierda,11,-76.8314208984375,-151.887939453125
51,cadera_izquierda,0,161.2900390625,-136.517578125
51,cadera_izquierda,1,138.235961914063,-127.7470703125
51,cadera_izquierda,2,123.0,-130.0
51,cadera_izquierda,3,103.21337890625,-119.067260742188
51,cadera_izquierda,4,91.2977294921875,-115.960510253906
51,cadera_izquierda,5,83.6798095703125,-109.342529296875
51,cadera_izquierda,6,72.8089599609375,-101.938110351563
51,cadera_izquierda,7,65.0,-93.0
51,cadera_izquierda,8,57.0,-87.0
51,cadera_izquierda,9,53.9776000976563,-90.5506591796875
51,cadera_izquierda,10,53.1461791992188,-93.4215698242188
51,cadera_izquierda,11,45.3820190429688,-94.8259887695313
52,punta_izquierda,0,-106.356079101563,-304.63720703125
52,punta_izquierda,1,-109.388366699219,-304.0
52,punta_izquierda,2,-110.0,-304.0
52,punta_izquierda,3,-110.0,-304.0
52,punta_izquierda,4,-110.0,-304.0
52,punta_izquierda,5,-110.0,-304.0
52,punta_izquierda,6,-110.0,-304.0
52,punta_izquierda,7,-110.0,-304.0
52,punta_izquierda,8,-111.0615234375,-304.0
52,punta_izquierda,9,-112.977172851563,-305.653747558594
52,punta_izquierda,10,-120.323425292969,-303.1845703125
52,punta_izquierda,11,-134.507934570313,-301.042114257813
52,talon_izquierdo,0,-46.3621826171875,-309.303344726563
52,talon_izquierdo,1,-47.53076171875,-305.8154296875
52,talon_izquierdo,2,-48.0,-305.0
52,talon_izquierdo,3,-49.0615234375,-303.938537597656
52,talon_izquierdo,4,-50.0,-303.0
52,talon_izquierdo,5,-50.53076171875,-300.34619140625
52,talon_izquierdo,6,-51.734619140625,-298.673156738281
52,talon_izquierdo,7,-56.0,-295.0
52,talon_izquierdo,8,-62.0614624023438,-289.877014160156
52,talon_izquierdo,9,-69.142333984375,-284.9384765625
52,talon_izquierdo,10,-80.0,-280.0
52,talon_izquierdo,11,-90.0,-277.0
52,tobillo_izquierdo,0,-55.2739868164063,-290.043395996094
52,tobillo_izquierdo,1,-59.1845092773438,-287.080810546875
52,tobillo_izquierdo,2,-61.8383178710938,-287.34619140625
52,tobillo_izquierdo,3,-64.4920654296875,-285.753967285156
52,tobillo_izquierdo,4,-65.8383178710938,-284.488586425781
52,tobillo_izquierdo,5,-67.1036987304688,-283.161682128906
52,tobillo_izquierdo,6,-70.1160278320313,-282.586853027344
52,tobillo_izquierdo,7,-75.2355346679688,-279.370727539063
52,tobillo_izquierdo,8,-80.9121704101563,-275.706420898438
52,tobillo_izquierdo,9,-89.8506469726563,-270.360290527344
52,tobillo_izquierdo,10,-100.912170410156,-266.360229492188
52,tobillo_izquierdo,11,-111.116027832031,-263.952453613281
52,rodilla_izquierda,0,-39.1591796875,-193.654968261719
52,rodilla_izquierda,1,-61.5922241210938,-187.265380859375
52,rodilla_izquierda,2,-76.3462524414063,-183.796142578125
52,rodilla_izquierda,3,-89.0,-181.0
52,rodilla_izquierda,4,-97.9385375976563,-181.0
52,rodilla_izquierda,5,-104.53076171875,-178.715270996094
52,rodilla_izquierda,6,-113.203857421875,-173.572875976563
52,rodilla_izquierda,7,-121.796142578125,-171.899841308594
52,rodilla_izquierda,8,-126.957824707031,-169.18798828125
52,rodilla_izquierda,9,-139.46923828125,-159.634460449219
52,rodilla_izquierda,10,-151.198547363281,-151.987670898438
52,rodilla_izquierda,11,-161.959411621094,-148.071960449219
52,cadera_izquierda,0,58.293701171875,-119.989501953125
52,cadera_izquierda,1,38.0,-119.0
52,cadera_izquierda,2,20.0,-114.0
52,cadera_izquierda,3,2.0,-110.0
52,cadera_izquierda,4,-13.0,-106.0
52,cadera_izquierda,5,-25.0,-97.0
52,cadera_izquierda,6,-35.0,-88.0
52,cadera_izquierda,7,-44.0,-80.0
52,cadera_izquierda,8,-51.6731567382813,-78.0421142578125
52,cadera_izquierda,9,-62.8576049804688,-76.1652221679688
52,cadera_izquierda,10,-69.326904296875,-74.8997802734375
52,cadera_izquierda,11,-75.9806518554688,-71.9191284179688
53,punta_izquierda,0,16.1017456054688,-284.563537597656
53,punta_izquierda,1,5.61785888671875,-299.5732421875
53,punta_izquierda,2,6.56170654296875,-301.460876464844
53,punta_izquierda,3,5.528076171875,-302.415710449219
53,punta_izquierda,4,5.0,-302.0
53,punta_izquierda,5,5.0,-302.0
53,punta_izquierda,6,5.0,-302.0
53,punta_izquierda,7,5.0,-302.0
53,punta_izquierda,8,5.0,-302.0
53,punta_izquierda,9,5.0,-302.0
53,punta_izquierda,10,5.0,-302.0
53,punta_izquierda,11,5.0,-302.0
53,talon_izquierdo,0,79.33837890625,-311.406494140625
53,talon_izquierdo,1,72.94384765625,-305.280822753906
53,talon_izquierdo,2,68.224609375,-302.449340820313
53,talon_izquierdo,3,68.0,-302.0
53,talon_izquierdo,4,66.584228515625,-300.584289550781
53,talon_izquierdo,5,66.0,-300.0
53,talon_izquierdo,6,65.05615234375,-298.584228515625
53,talon_izquierdo,7,64.955322265625,-298.281799316406
53,talon_izquierdo,8,64.0,-298.0
53,talon_izquierdo,9,59.0,-296.0
53,talon_izquierdo,10,54.0,-292.0
53,talon_izquierdo,11,48.471923828125,-284.696533203125
53,tobillo_izquierdo,0,76.0350341796875,-291.642272949219
53,tobillo_izquierdo,1,64.584228515625,-287.224731445313
53,tobillo_izquierdo,2,57.0335693359375,-284.865112304688
53,tobillo_izquierdo,3,54.640380859375,-284.0
53,tobillo_izquierdo,4,52.1123657226563,-284.0
53,tobillo_izquierdo,5,49.1685180664063,-282.112365722656
53,tobillo_izquierdo,6,49.0,-282.0
53,tobillo_izquierdo,7,46.6519775390625,-283.28173828125
53,tobillo_izquierdo,8,45.0,-283.0
53,tobillo_izquierdo,9,41.0,-281.0
53,tobillo_izquierdo,10,36.0,-277.0
53,tobillo_izquierdo,11,30.0,-272.0
53,rodilla_izquierda,0,108.653198242188,-195.259216308594
53,rodilla_izquierda,1,85.94384765625,-192.224670410156
53,rodilla_izquierda,2,64.0,-187.696594238281
53,rodilla_izquierda,3,47.05615234375,-183.640441894531
53,rodilla_izquierda,4,35.5842895507813,-181.865112304688
53,rodilla_izquierda,5,26.6965942382813,-179.674011230469
53,rodilla_izquierda,6,21.2246704101563,-182.808898925781
53,rodilla_izquierda,7,15.6965942382813,-178.921264648438
53,rodilla_izquierda,8,7.0,-173.0
53,rodilla_izquierda,9,3.35955810546875,-171.606811523438
53,rodilla_izquierda,10,-3.1353759765625,-162.562133789063
53,rodilla_izquierda,11,-11.6072387695313,-153.31494140625
53,cadera_izquierda,0,222.800659179688,-126.0
53,cadera_izquierda,1,197.0,-128.0
53,cadera_izquierda,2,177.0,-126.0
53,cadera_izquierda,3,158.0,-122.0
53,cadera_izquierda,4,140.0,-119.0
53,cadera_izquierda,5,121.584228515625,-112.168518066406
53,cadera_izquierda,6,110.0,-104.0
53,cadera_izquierda,7,101.0,-94.0
53,cadera_izquierda,8,93.0,-86.0
53,cadera_izquierda,9,85.0,-79.0
53,cadera_izquierda,10,77.0,-74.0
53,cadera_izquierda,11,70.0,-70.0
54,punta_izquierda,0,-94.03271484375,-290.98046875
54,punta_izquierda,1,-96.3363647460938,-299.3544921875
54,punta_izquierda,2,-97.0,-299.0
54,punta_izquierda,3,-97.0,-299.0
54,punta_izquierda,4,-97.0,-299.0
54,punta_izquierda,5,-97.0,-299.0
54,punta_izquierda,6,-97.668212890625,-300.336364746094
54,punta_izquierda,7,-97.6681518554688,-299.334106445313
54,punta_izquierda,8,-99.0045166015625,-300.336364746094
54,punta_izquierda,9,-101.977294921875,-300.340942382813
54,punta_izquierda,10,-107.970458984375,-298.009033203125
54,punta_izquierda,11,-119.972717285156,-295.674987792969
54,talon_izquierdo,0,-30.713623046875,-304.135986328125
54,talon_izquierdo,1,-32.3409423828125,-300.656860351563
54,talon_izquierdo,2,-34.0022583007813,-298.997741699219
54,talon_izquierdo,3,-35.3386840820313,-297.661376953125
54,talon_izquierdo,4,-37.0090942382813,-297.661315917969
54,talon_izquierdo,5,-37.3431396484375,-296.9931640625
54,talon_izquierdo,6,-39.0136108398438,-295.32275390625
54,talon_izquierdo,7,-43.69091796875,-290.311340332031
54,talon_izquierdo,8,-50.286376953125,-282.477172851563
54,talon_izquierdo,9,-59.0,-278.0
54,talon_izquierdo,10,-68.0,-274.0
54,talon_izquierdo,11,-78.0,-272.0
54,tobillo_izquierdo,0,-35.7879638671875,-284.096923828125
54,tobillo_izquierdo,1,-44.67724609375,-281.995483398438
54,tobillo_izquierdo,2,-48.6749877929688,-281.0
54,tobillo_izquierdo,3,-51.0045166015625,-281.0
54,tobillo_izquierdo,4,-52.0,-281.0
54,tobillo_izquierdo,5,-53.0,-281.0
54,tobillo_izquierdo,6,-57.2886962890625,-278.443115234375
54,tobillo_izquierdo,7,-62.0,-275.0
54,tobillo_izquierdo,8,-69.0,-270.0
54,tobillo_izquierdo,9,-78.0,-265.0
54,tobillo_izquierdo,10,-87.0,-262.0
54,tobillo_izquierdo,11,-97.0,-260.0
54,rodilla_izquierda,0,-12.4080200195313,-189.651000976563
54,rodilla_izquierda,1,-34.6681518554688,-187.663635253906
54,rodilla_izquierda,2,-52.6659545898438,-181.997741699219
54,rodilla_izquierda,3,-65.6636352539063,-180.331787109375
54,rodilla_izquierda,4,-75.331787109375,-179.327270507813
54,rodilla_izquierda,5,-83.9909057617188,-177.677307128906
54,rodilla_izquierda,6,-91.3272705078125,-173.338623046875
54,rodilla_izquierda,7,-100.993225097656,-168.674987792969
54,rodilla_izquierda,8,-113.663635253906,-163.013610839844
54,rodilla_izquierda,9,-119.990966796875,-159.338623046875
54,rodilla_izquierda,10,-134.67724609375,-151.311401367188
54,rodilla_izquierda,11,-144.674987792969,-146.311401367188
54,cadera_izquierda,0,82.2900390625,-113.598693847656
54,cadera_izquierda,1,60.0,-115.0
54,cadera_izquierda,2,43.0,-113.0
54,cadera_izquierda,3,26.0,-110.0
54,cadera_izquierda,4,10.0,-108.0
54,cadera_izquierda,5,-4.0,-99.0
54,cadera_izquierda,6,-14.0,-90.0
54,cadera_izquierda,7,-24.0,-81.0
54,cadera_izquierda,8,-30.6636352539063,-76.0
54,cadera_izquierda,9,-35.9954223632813,-75.675048828125
54,cadera_izquierda,10,-45.3363647460938,-77.013671875
54,cadera_izquierda,11,-53.0022583007813,-78.0
55,punta_izquierda,0,-113.673095703125,-304.328247070313
55,punta_izquierda,1,-116.122985839844,-307.184509277344
55,punta_izquierda,2,-117.0,-307.0
55,punta_izquierda,3,-117.0,-307.0
55,punta_izquierda,4,-117.0,-307.0
55,punta_izquierda,5,-117.0,-307.0
55,punta_izquierda,6,-117.53076171875,-308.53076171875
55,punta_izquierda,7,-117.265380859375,-308.857666015625
55,punta_izquierda,8,-118.0615234375,-309.123046875
55,punta_izquierda,9,-118.0615234375,-309.65380859375
55,punta_izquierda,10,-118.326904296875,-309.123046875
55,talon_izquierdo,0,-48.076904296875,-313.294677734375
55,talon_izquierdo,1,-49.7960815429688,-310.34619140625
55,talon_izquierdo,2,-51.0615234375,-308.673095703125
55,talon_izquierdo,3,-51.857666015625,-308.142333984375
55,talon_izquierdo,4,-52.265380859375,-308.0
55,talon_izquierdo,5,-53.0,-308.0
55,talon_izquierdo,6,-53.796142578125,-307.46923828125
55,talon_izquierdo,7,-56.123046875,-306.734619140625
55,talon_izquierdo,8,-58.5114135742188,-304.611633300781
55,talon_izquierdo,9,-59.0,-304.0
55,talon_izquierdo,10,-60.857666015625,-301.346252441406
55,tobillo_izquierdo,0,-55.1556396484375,-293.002319335938
55,tobillo_izquierdo,1,-62.1229858398438,-291.203857421875
55,tobillo_izquierdo,2,-66.0421752929688,-290.673156738281
55,tobillo_izquierdo,3,-67.6343994140625,-289.611633300781
55,tobillo_izquierdo,4,-69.4920654296875,-288.550109863281
55,tobillo_izquierdo,5,-70.0228271484375,-288.019348144531
55,tobillo_izquierdo,6,-71.5114135742188,-288.611572265625
55,tobillo_izquierdo,7,-71.9806518554688,-288.876953125
55,tobillo_izquierdo,8,-73.3883666992188,-287.34619140625
55,tobillo_izquierdo,9,-75.71533203125,-285.876953125
55,tobillo_izquierdo,10,-75.980712890625,-283.019348144531
55,rodilla_izquierda,0,-37.2528076171875,-195.284362792969
55,rodilla_izquierda,1,-57.1423950195313,-190.488586425781
55,rodilla_izquierda,2,-74.142333984375,-185.550109863281
55,rodilla_izquierda,3,-86.0193481445313,-183.876953125
55,rodilla_izquierda,4,-92.673095703125,-183.427062988281
55,rodilla_izquierda,5,-95.9384765625,-182.630920410156
55,rodilla_izquierda,6,-99.6116333007813,-181.857604980469
55,rodilla_izquierda,7,-101.796142578125,-178.996520996094
55,rodilla_izquierda,8,-101.773254394531,-174.942016601563
55,rodilla_izquierda,9,-102.388366699219,-168.00537109375
55,rodilla_izquierda,10,-101.326904296875,-160.309387207031
55,cadera_izquierda,0,55.7444458007813,-119.337463378906
55,cadera_izquierda,1,36.0,-121.0
55,cadera_izquierda,2,21.0,-119.0
55,cadera_izquierda,3,6.0,-116.0
55,cadera_izquierda,4,-8.0,-112.0
55,cadera_izquierda,5,-19.0,-105.0
55,cadera_izquierda,6,-27.0,-94.0
55,cadera_izquierda,7,-32.0,-85.0
55,cadera_izquierda,8,-35.4764404296875,-79.1029663085938
55,cadera_izquierda,9,-39.4764404296875,-77.5707397460938
55,cadera_izquierda,10,-42.7382202148438,-69.6265258789063
56,punta_izquierda,0,13.5308837890625,-276.491027832031
56,punta_izquierda,1,5.84991455078125,-292.823791503906
56,punta_izquierda,2,4.1588134765625,-293.682373046875
56,punta_izquierda,3,4.0,-293.0
56,punta_izquierda,4,4.0,-293.0
56,punta_izquierda,5,4.0,-293.0
56,punta_izquierda,6,4.0,-293.0
56,punta_izquierda,7,4.0,-293.0
56,punta_izquierda,8,2.317626953125,-294.261779785156
56,punta_izquierda,9,2.0,-294.0
56,punta_izquierda,10,2.0,-294.0
56,talon_izquierdo,0,75.3582763671875,-303.829711914063
56,talon_izquierdo,1,69.5322265625,-297.111633300781
56,talon_izquierdo,2,66.055908203125,-294.897033691406
56,talon_izquierdo,3,66.0,-294.0
56,talon_izquierdo,4,66.0,-294.0
56,talon_izquierdo,5,64.73828125,-293.158813476563
56,talon_izquierdo,6,64.0,-293.0
56,talon_izquierdo,7,62.73828125,-293.0
56,talon_izquierdo,8,61.317626953125,-293.0
56,talon_izquierdo,9,61.0,-293.0
56,talon_izquierdo,10,61.0,-293.0
56,tobillo_izquierdo,0,69.890625,-285.323608398438
56,tobillo_izquierdo,1,58.4937744140625,-279.480102539063
56,tobillo_izquierdo,2,55.4764404296875,-277.317626953125
56,tobillo_izquierdo,3,54.1588134765625,-277.0
56,tobillo_izquierdo,4,51.8970336914063,-277.420593261719
56,tobillo_izquierdo,5,50.5794067382813,-276.579406738281
56,tobillo_izquierdo,6,48.7381591796875,-276.420593261719
56,tobillo_izquierdo,7,48.4205322265625,-276.841186523438
56,tobillo_izquierdo,8,47.0,-276.0
56,tobillo_izquierdo,9,47.0,-276.0
56,tobillo_izquierdo,10,47.0,-276.0
56,rodilla_izquierda,0,98.593994140625,-185.642517089844
56,rodilla_izquierda,1,80.1588134765625,-188.476440429688
56,rodilla_izquierda,2,63.682373046875,-185.317626953125
56,rodilla_izquierda,3,49.8411865234375,-181.579406738281
56,rodilla_izquierda,4,40.6824340820313,-179.214660644531
56,rodilla_izquierda,5,37.1029663085938,-179.579406738281
56,rodilla_izquierda,6,32.7853393554688,-177.626525878906
56,rodilla_izquierda,7,29.6265258789063,-174.36474609375
56,rodilla_izquierda,8,30.8970336914063,-171.163879394531
56,rodilla_izquierda,9,34.893310546875,-165.441650390625
56,rodilla_izquierda,10,37.682373046875,-166.944152832031
56,cadera_izquierda,0,199.8544921875,-112.038452148438
56,cadera_izquierda,1,177.0,-114.0
56,cadera_izquierda,2,159.0,-118.0
56,cadera_izquierda,3,144.0,-116.0
56,cadera_izquierda,4,131.0,-114.0
56,cadera_izquierda,5,120.0,-110.0
56,cadera_izquierda,6,112.0,-103.0
56,cadera_izquierda,7,105.0,-96.0
56,cadera_izquierda,8,101.523559570313,-93.2059326171875
56,cadera_izquierda,9,100.467651367188,-89.9913330078125
56,cadera_izquierda,10,97.0,-84.0
57,punta_izquierda,0,12.708984375,-276.171264648438
57,punta_izquierda,1,3.9774169921875,-292.988952636719
57,punta_izquierda,2,1.11236572265625,-299.078735351563
57,punta_izquierda,3,1.0,-299.0
57,punta_izquierda,4,1.0,-299.0
57,punta_izquierda,5,1.0,-299.0
57,punta_izquierda,6,1.0,-299.0
57,punta_izquierda,7,1.0,-299.0
57,punta_izquierda,8,1.0,-299.0
57,punta_izquierda,9,1.0,-299.0
57,punta_izquierda,10,1.0,-299.0
57,punta_izquierda,11,1.0,-299.0
57,talon_izquierdo,0,74.0579833984375,-311.56494140625
57,talon_izquierdo,1,68.80908203125,-304.393188476563
57,talon_izquierdo,2,63.14599609375,-300.145935058594
57,talon_izquierdo,3,62.6739501953125,-299.674011230469
57,talon_izquierdo,4,61.7303466796875,-300.617797851563
57,talon_izquierdo,5,61.730224609375,-299.674072265625
57,talon_izquierdo,6,61.730224609375,-301.089782714844
57,talon_izquierdo,7,59.842529296875,-299.674011230469
57,talon_izquierdo,8,59.842529296875,-301.561767578125
57,talon_izquierdo,9,56.1233520507813,-298.786376953125
57,talon_izquierdo,10,55.528076171875,-297.05615234375
57,talon_izquierdo,11,52.471923828125,-290.696594238281
57,tobillo_izquierdo,0,71.698486328125,-289.384887695313
57,tobillo_izquierdo,1,62.3594970703125,-283.449401855469
57,tobillo_izquierdo,2,54.528076171875,-283.393188476563
57,tobillo_izquierdo,3,51.6965942382813,-281.977478027344
57,tobillo_izquierdo,4,49.8088989257813,-282.449340820313
57,tobillo_izquierdo,5,48.3931884765625,-281.505554199219
57,tobillo_izquierdo,6,50.2808837890625,-281.505493164063
57,tobillo_izquierdo,7,47.3931884765625,-282.449340820313
57,tobillo_izquierdo,8,46.3931884765625,-281.977416992188
57,tobillo_izquierdo,9,43.4493408203125,-279.561645507813
57,tobillo_izquierdo,10,42.0,-278.0
57,tobillo_izquierdo,11,38.0,-274.0
57,rodilla_izquierda,0,110.395385742188,-185.563537597656
57,rodilla_izquierda,1,93.6629638671875,-189.224731445313
57,rodilla_izquierda,2,72.1910400390625,-187.224670410156
57,rodilla_izquierda,3,57.6068115234375,-183.224670410156
57,rodilla_izquierda,4,47.1348876953125,-180.808898925781
57,rodilla_izquierda,5,40.7191772460938,-180.033569335938
57,rodilla_izquierda,6,37.3034057617188,-178.561706542969
57,rodilla_izquierda,7,35.685546875,-174.05615234375
57,rodilla_izquierda,8,32.8204345703125,-171.247253417969
57,rodilla_izquierda,9,28.9889526367188,-166.729736328125
57,rodilla_izquierda,10,22.1574096679688,-165.033203125
57,rodilla_izquierda,11,17.157470703125,-161.976989746094
57,cadera_izquierda,0,215.632568359375,-112.416687011719
57,cadera_izquierda,1,188.0,-114.0
57,cadera_izquierda,2,166.0,-116.0
57,cadera_izquierda,3,151.0,-116.0
57,cadera_izquierda,4,136.0,-111.0
57,cadera_izquierda,5,123.0,-104.0
57,cadera_izquierda,6,114.0,-95.0
57,cadera_izquierda,7,107.0,-85.0
57,cadera_izquierda,8,100.0,-76.0
57,cadera_izquierda,9,96.3594970703125,-72.8314819335938
57,cadera_izquierda,10,93.0,-66.0
57,cadera_izquierda,11,91.0,-63.0
58,punta_izquierda,0,-64.615478515625,-320.649536132813
58,punta_izquierda,1,-67.2437744140625,-322.243774414063
58,punta_izquierda,2,-67.9917602539063,-322.243835449219
58,punta_izquierda,3,-70.2355346679688,-322.243835449219
58,punta_izquierda,4,-69.4876098632813,-322.243835449219
58,punta_izquierda,5,-69.4876098632813,-322.243835449219
58,punta_izquierda,6,-68.7396850585938,-321.495849609375
58,punta_izquierda,7,-69.0,-321.0
58,punta_izquierda,8,-70.2355346679688,-322.243835449219
58,punta_izquierda,9,-70.9835205078125,-322.243835449219
58,punta_izquierda,10,-70.9835205078125,-323.739685058594
58,punta_izquierda,11,-77.2603759765625,-323.487670898438
58,talon_izquierdo,0,5.69049072265625,-322.893310546875
58,talon_izquierdo,1,1.26031494140625,-319.756225585938
58,talon_izquierdo,2,-0.235595703125,-317.512390136719
58,talon_izquierdo,3,-1.73138427734375,-317.512451171875
58,talon_izquierdo,4,-2.0,-317.0
58,talon_izquierdo,5,-2.7479248046875,-315.504089355469
58,talon_izquierdo,6,-4.49591064453125,-313.504089355469
58,talon_izquierdo,7,-4.495849609375,-311.26025390625
58,talon_izquierdo,8,-8.0247802734375,-307.537231445313
58,talon_izquierdo,9,-11.2686157226563,-303.049499511719
58,talon_izquierdo,10,-15.7727661132813,-295.561828613281
58,talon_izquierdo,11,-23.5206298828125,-291.066040039063
58,tobillo_izquierdo,0,-1.04095458984375,-302.699096679688
58,tobillo_izquierdo,1,-8.0,-299.252075195313
58,tobillo_izquierdo,2,-13.2355346679688,-299.0
58,tobillo_izquierdo,3,-16.4876098632813,-298.747985839844
58,tobillo_izquierdo,4,-18.495849609375,-298.0
58,tobillo_izquierdo,5,-20.495849609375,-298.0
58,tobillo_izquierdo,6,-22.0,-297.0
58,tobillo_izquierdo,7,-23.822265625,-294.566162109375
58,tobillo_izquierdo,8,-27.3016357421875,-293.851318359375
58,tobillo_izquierdo,9,-32.8057861328125,-288.355529785156
58,tobillo_izquierdo,10,-39.5619506835938,-282.851379394531
58,tobillo_izquierdo,11,-47.0660400390625,-278.095153808594
58,rodilla_izquierda,0,37.8517456054688,-203.9716796875
58,rodilla_izquierda,1,13.2438354492188,-198.0
58,rodilla_izquierda,2,-8.0,-193.0
58,rodilla_izquierda,3,-24.0,-191.495910644531
58,rodilla_izquierda,4,-34.7562255859375,-192.504089355469
58,rodilla_izquierda,5,-43.504150390625,-192.008239746094
58,rodilla_izquierda,6,-51.0,-190.260314941406
58,rodilla_izquierda,7,-59.0,-190.0
58,rodilla_izquierda,8,-64.9834594726563,-185.252075195313
58,rodilla_izquierda,9,-77.218994140625,-182.504089355469
58,rodilla_izquierda,10,-87.2107543945313,-171.781005859375
58,rodilla_izquierda,11,-95.45458984375,-165.797485351563
58,cadera_izquierda,0,159.76513671875,-134.413635253906
58,cadera_izquierda,1,136.0,-135.0
58,cadera_izquierda,2,117.0,-133.0
58,cadera_izquierda,3,100.0,-131.0
58,cadera_izquierda,4,81.0,-130.0
58,cadera_izquierda,5,66.0,-128.0
58,cadera_izquierda,6,56.0,-122.0
58,cadera_izquierda,7,48.0,-115.0
58,cadera_izquierda,8,41.0,-109.0
58,cadera_izquierda,9,34.0,-105.0
58,cadera_izquierda,10,26.0,-102.0
58,cadera_izquierda,11,20.0,-102.0
59,punta_izquierda,0,32.9298706054688,-293.261901855469
59,punta_izquierda,1,25.8651123046875,-302.438354492188
59,punta_izquierda,2,25.0,-302.0
59,punta_izquierda,3,25.0,-302.0
59,punta_izquierda,4,25.0,-302.0
59,punta_izquierda,5,25.0,-302.0
59,punta_izquierda,6,24.528076171875,-303.415771484375
59,punta_izquierda,7,24.0,-303.0
59,punta_izquierda,8,24.0,-303.0
59,punta_izquierda,9,24.0,-303.0
59,punta_izquierda,10,24.0,-303.0
59,punta_izquierda,11,18.6629638671875,-301.943786621094
59,talon_izquierdo,0,96.5909423828125,-309.045837402344
59,talon_izquierdo,1,90.8876953125,-302.808959960938
59,talon_izquierdo,2,88.584228515625,-300.584289550781
59,talon_izquierdo,3,88.471923828125,-300.0
59,talon_izquierdo,4,88.0,-299.528076171875
59,talon_izquierdo,5,86.584228515625,-298.528076171875
59,talon_izquierdo,6,85.0562744140625,-296.584228515625
59,talon_izquierdo,7,84.05615234375,-295.528076171875
59,talon_izquierdo,8,82.5843505859375,-292.640441894531
59,talon_izquierdo,9,78.94384765625,-288.640380859375
59,talon_izquierdo,10,75.415771484375,-284.05615234375
59,talon_izquierdo,11,71.0,-281.0
59,tobillo_izquierdo,0,93.26220703125,-287.697204589844
59,tobillo_izquierdo,1,84.05615234375,-285.528076171875
59,tobillo_izquierdo,2,79.752685546875,-283.584228515625
59,tobillo_izquierdo,3,77.584228515625,-282.528076171875
59,tobillo_izquierdo,4,75.1124267578125,-281.056213378906
59,tobillo_izquierdo,5,72.16845703125,-281.0
59,tobillo_izquierdo,6,69.1685791015625,-280.056213378906
59,tobillo_izquierdo,7,68.528076171875,-279.05615234375
59,tobillo_izquierdo,8,66.0,-277.0
59,tobillo_izquierdo,9,62.0,-274.0
59,tobillo_izquierdo,10,58.0,-271.0
59,tobillo_izquierdo,11,54.0,-267.0
59,rodilla_izquierda,0,134.370971679688,-194.708557128906
59,rodilla_izquierda,1,111.16845703125,-193.1123046875
59,rodilla_izquierda,2,93.0,-188.943786621094
59,rodilla_izquierda,3,80.7752685546875,-185.94384765625
59,rodilla_izquierda,4,68.3594970703125,-185.359558105469
59,rodilla_izquierda,5,62.2471923828125,-182.471923828125
59,rodilla_izquierda,6,56.0,-180.415771484375
59,rodilla_izquierda,7,50.0,-175.0
59,rodilla_izquierda,8,44.9437866210938,-171.359558105469
59,rodilla_izquierda,9,37.471923828125,-164.94384765625
59,rodilla_izquierda,10,29.6293334960938,-158.85400390625
59,rodilla_izquierda,11,21.3034057617188,-154.74169921875
59,cadera_izquierda,0,243.568359375,-126.261657714844
59,cadera_izquierda,1,222.0,-129.0
59,cadera_izquierda,2,202.0,-125.0
59,cadera_izquierda,3,187.0,-123.0
59,cadera_izquierda,4,173.0,-122.0
59,cadera_izquierda,5,162.0,-118.0
59,cadera_izquierda,6,155.0,-111.0
59,cadera_izquierda,7,149.0,-105.0
59,cadera_izquierda,8,143.0,-99.0
59,cadera_izquierda,9,136.0,-97.0
59,cadera_izquierda,10,133.0,-95.0
59,cadera_izquierda,11,131.0,-95.0
60,punta_izquierda,0,-15.8530883789063,-288.777587890625
60,punta_izquierda,1,-24.4945068359375,-297.910217285156
60,punta_izquierda,2,-25.0,-297.0
60,punta_izquierda,3,-25.0,-297.0
60,punta_izquierda,4,-25.0,-297.0
60,punta_izquierda,5,-25.0,-297.0
60,punta_izquierda,6,-25.0,-297.0
60,punta_izquierda,7,-25.0,-297.0
60,punta_izquierda,8,-25.0,-297.0
60,punta_izquierda,9,-25.0,-297.0
60,punta_izquierda,10,-30.0336303710938,-299.303405761719
60,talon_izquierdo,0,42.7205200195313,-308.069946289063
60,talon_izquierdo,1,37.2808227539063,-301.393188476563
60,talon_izquierdo,2,36.528076171875,-300.05615234375
60,talon_izquierdo,3,35.05615234375,-299.056213378906
60,talon_izquierdo,4,35.0,-299.0
60,talon_izquierdo,5,33.584228515625,-298.05615234375
60,talon_izquierdo,6,31.584228515625,-298.471923828125
60,talon_izquierdo,7,31.0,-298.0
60,talon_izquierdo,8,26.471923828125,-293.640441894531
60,talon_izquierdo,9,20.528076171875,-289.05615234375
60,talon_izquierdo,10,13.94384765625,-282.224670410156
60,tobillo_izquierdo,0,38.4732666015625,-289.665283203125
60,tobillo_izquierdo,1,27.1685180664063,-285.224670410156
60,tobillo_izquierdo,2,24.1685180664063,-283.584228515625
60,tobillo_izquierdo,3,21.6404418945313,-283.0
60,tobillo_izquierdo,4,21.0,-283.0
60,tobillo_izquierdo,5,18.640380859375,-283.0
60,tobillo_izquierdo,6,17.0,-283.0
60,tobillo_izquierdo,7,15.1123046875,-282.528076171875
60,tobillo_izquierdo,8,10.584228515625,-279.05615234375
60,tobillo_izquierdo,9,4.0,-275.0
60,tobillo_izquierdo,10,-4.0,-269.0
60,rodilla_izquierda,0,68.2039794921875,-201.889038085938
60,rodilla_izquierda,1,50.7752685546875,-196.865112304688
60,rodilla_izquierda,2,32.415771484375,-191.056213378906
60,rodilla_izquierda,3,16.4719848632813,-188.94384765625
60,rodilla_izquierda,4,6.24725341796875,-186.0
60,rodilla_izquierda,5,-1.696533203125,-183.247253417969
60,rodilla_izquierda,6,-6.80889892578125,-180.663024902344
60,rodilla_izquierda,7,-16.528076171875,-177.247253417969
60,rodilla_izquierda,8,-25.640380859375,-170.528137207031
60,rodilla_izquierda,9,-35.05615234375,-165.887634277344
60,rodilla_izquierda,10,-46.8765869140625,-156.62939453125
60,cadera_izquierda,0,165.41845703125,-134.405151367188
60,cadera_izquierda,1,141.0,-136.0
60,cadera_izquierda,2,123.0,-136.0
60,cadera_izquierda,3,106.0,-131.0
60,cadera_izquierda,4,92.0,-125.0
60,cadera_izquierda,5,81.0,-116.0
60,cadera_izquierda,6,71.0,-108.0
60,cadera_izquierda,7,61.0,-99.0
60,cadera_izquierda,8,52.0,-92.0
60,cadera_izquierda,9,46.471923828125,-88.94384765625
60,cadera_izquierda,10,41.0562133789063,-86.4157104492188
73,punta_izquierda,0,-386.32177734375,-261.926391601563
73,punta_izquierda,1,-387.0,-261.0
73,punta_izquierda,2,-387.0,-261.0
73,punta_izquierda,3,-387.0,-263.243774414063
73,punta_izquierda,4,-387.0,-261.0
73,punta_izquierda,5,-387.0,-261.0
73,punta_izquierda,6,-387.0,-261.0
73,punta_izquierda,7,-387.0,-261.0
73,punta_izquierda,8,-387.0,-261.0
73,punta_izquierda,9,-387.0,-261.0
73,punta_izquierda,10,-387.0,-261.0
73,punta_izquierda,11,-387.0,-261.0
73,talon_izquierdo,0,-339.429077148438,-260.430541992188
73,talon_izquierdo,1,-340.747924804688,-260.0
73,talon_izquierdo,2,-342.243774414063,-258.504089355469
73,talon_izquierdo,3,-344.487609863281,-256.260314941406
73,talon_izquierdo,4,-343.739624023438,-254.764526367188
73,talon_izquierdo,5,-344.487548828125,-254.016540527344
73,talon_izquierdo,6,-344.487609863281,-251.772705078125
73,talon_izquierdo,7,-342.243835449219,-252.520629882813
73,talon_izquierdo,8,-341.495910644531,-255.512390136719
73,talon_izquierdo,9,-340.0,-254.764465332031
73,talon_izquierdo,10,-339.252075195313,-257.00830078125
73,talon_izquierdo,11,-338.504150390625,-257.756225585938
73,tobillo_izquierdo,0,-355.656372070313,-246.967651367188
73,tobillo_izquierdo,1,-358.495849609375,-246.0
73,tobillo_izquierdo,2,-359.991760253906,-245.252075195313
73,tobillo_izquierdo,3,-360.739685058594,-245.252075195313
73,tobillo_izquierdo,4,-360.739624023438,-245.252075195313
73,tobillo_izquierdo,5,-362.235473632813,-242.260314941406
73,tobillo_izquierdo,6,-362.983459472656,-241.512329101563
73,tobillo_izquierdo,7,-361.594970703125,-241.338989257813
73,tobillo_izquierdo,8,-359.384216308594,-242.549682617188
73,tobillo_izquierdo,9,-358.8056640625,-242.933959960938
73,tobillo_izquierdo,10,-357.0,-244.504150390625
73,tobillo_izquierdo,11,-356.0,-246.0
73,rodilla_izquierda,0,-381.834167480469,-151.979858398438
73,rodilla_izquierda,1,-388.008178710938,-152.252075195313
73,rodilla_izquierda,2,-395.504089355469,-153.0
73,rodilla_izquierda,3,-401.0,-153.0
73,rodilla_izquierda,4,-404.0,-153.495849609375
73,rodilla_izquierda,5,-405.756164550781,-153.252075195313
73,rodilla_izquierda,6,-407.504089355469,-154.0
73,rodilla_izquierda,7,-408.756225585938,-154.747985839844
73,rodilla_izquierda,8,-409.851379394531,-155.27294921875
73,rodilla_izquierda,9,-410.739624023438,-153.405090332031
73,rodilla_izquierda,10,-407.214721679688,-154.074340820313
73,rodilla_izquierda,11,-408.504150390625,-157.487670898438
73,cadera_izquierda,0,-299.561218261719,-83.6739501953125
73,cadera_izquierda,1,-305.334594726563,-80.7974853515625
73,cadera_izquierda,2,-314.384216308594,-77.6032104492188
73,cadera_izquierda,3,-313.181640625,-76.3759765625
73,cadera_izquierda,4,-318.644592285156,-77.6032104492188
73,cadera_izquierda,5,-319.896606445313,-75.8552856445313
73,cadera_izquierda,6,-326.123901367188,-75.5867309570313
73,cadera_izquierda,7,-326.375915527344,-75.5784912109375
73,cadera_izquierda,8,-325.392517089844,-75.3346557617188
73,cadera_izquierda,9,-331.896545410156,-75.3429565429688
73,cadera_izquierda,10,-334.970947265625,-74.408935546875
73,cadera_izquierda,11,-342.293334960938,-75.2933959960938
74,tobillo_izquierdo,0,-287.913269042969,-259.393432617188
74,tobillo_izquierdo,1,-288.0,-259.0
74,tobillo_izquierdo,2,-289.0,-259.0
74,tobillo_izquierdo,3,-289.529479980469,-259.706481933594
74,tobillo_izquierdo,4,-290.529479980469,-261.118041992188
74,tobillo_izquierdo,5,-291.588500976563,-260.588500976563
74,tobillo_izquierdo,6,-291.585632324219,-261.125305175781
74,tobillo_izquierdo,7,-292.0,-261.0
74,tobillo_izquierdo,8,-292.0,-261.0
74,tobillo_izquierdo,9,-292.0,-261.0
74,tobillo_izquierdo,10,-292.0,-261.0
74,talon_izquierdo,0,-275.205261230469,-277.396362304688
74,talon_izquierdo,1,-275.529479980469,-277.0
74,talon_izquierdo,2,-275.529479980469,-277.0
74,talon_izquierdo,3,-276.588500976563,-277.0
74,talon_izquierdo,4,-276.058959960938,-276.470520019531
74,talon_izquierdo,5,-276.059020996094,-277.0
74,talon_izquierdo,6,-276.0,-277.0
74,talon_izquierdo,7,-276.0,-277.0
74,talon_izquierdo,8,-276.0,-277.0
74,talon_izquierdo,9,-276.0,-277.0
74,talon_izquierdo,10,-276.0,-277.0
74,punta_izquierda,0,-324.448608398438,-277.92578125
74,punta_izquierda,1,-325.0,-277.0
74,punta_izquierda,2,-325.0,-277.0
74,punta_izquierda,3,-325.0,-278.059020996094
74,punta_izquierda,4,-326.058959960938,-278.059020996094
74,punta_izquierda,5,-326.059020996094,-277.529541015625
74,punta_izquierda,6,-325.0,-278.059020996094
74,punta_izquierda,7,-326.588439941406,-278.588500976563
74,punta_izquierda,8,-326.059020996094,-278.588500976563
74,punta_izquierda,9,-325.0,-280.177001953125
74,punta_izquierda,10,-325.0,-280.177001953125
74,rodilla_izquierda,0,-286.854248046875,-150.31689453125
74,rodilla_izquierda,1,-293.529541015625,-149.0
74,rodilla_izquierda,2,-300.0,-149.0
74,rodilla_izquierda,3,-304.238891601563,-151.125305175781
74,rodilla_izquierda,4,-309.0,-151.0
74,rodilla_izquierda,5,-313.0,-152.0
74,rodilla_izquierda,6,-315.3525390625,-151.940979003906
74,rodilla_izquierda,7,-318.707946777344,-152.712341308594
74,rodilla_izquierda,8,-322.764038085938,-155.059020996094
74,rodilla_izquierda,9,-324.34228515625,-154.351013183594
74,rodilla_izquierda,10,-327.0146484375,-155.421691894531
74,cadera_izquierda,0,-197.369262695313,-83.0706787109375
74,cadera_izquierda,1,-206.0,-81.0
74,cadera_izquierda,2,-213.647521972656,-81.35400390625
74,cadera_izquierda,3,-213.945373535156,-78.9541625976563
74,cadera_izquierda,4,-221.765502929688,-79.4719848632813
74,cadera_izquierda,5,-226.470458984375,-77.822998046875
74,cadera_izquierda,6,-227.234497070313,-76.822998046875
74,cadera_izquierda,7,-231.0,-77.0
74,cadera_izquierda,8,-234.0,-79.0
74,cadera_izquierda,9,-235.0,-80.0
74,cadera_izquierda,10,-239.117980957031,-79.4114990234375
78,tobillo_izquierdo,0,-211.295715332031,-275.32666015625
78,tobillo_izquierdo,1,-210.811828613281,-276.188232421875
78,tobillo_izquierdo,2,-210.405883789063,-276.594116210938
78,tobillo_izquierdo,3,-211.0,-277.782348632813
78,tobillo_izquierdo,4,-211.594116210938,-276.594116210938
78,tobillo_izquierdo,5,-211.0,-277.782348632813
78,tobillo_izquierdo,6,-211.594116210938,-277.782348632813
78,tobillo_izquierdo,7,-211.0,-277.782287597656
78,tobillo_izquierdo,8,-211.0,-277.782348632813
78,tobillo_izquierdo,9,-211.0,-276.0
78,tobillo_izquierdo,10,-211.0,-276.0
78,tobillo_izquierdo,11,-211.0,-276.0
78,tobillo_izquierdo,12,-211.0,-276.0
78,talon_izquierdo,0,-196.085632324219,-296.087280273438
78,talon_izquierdo,1,-197.0,-296.0
78,talon_izquierdo,2,-197.0,-296.0
78,talon_izquierdo,3,-197.0,-296.0
78,talon_izquierdo,4,-197.0,-296.0
78,talon_izquierdo,5,-197.0,-296.0
78,talon_izquierdo,6,-197.0,-296.0
78,talon_izquierdo,7,-197.0,-296.0
78,talon_izquierdo,8,-197.0,-296.0
78,talon_izquierdo,9,-197.0,-296.0
78,talon_izquierdo,10,-197.0,-296.0
78,talon_izquierdo,11,-197.0,-296.0
78,talon_izquierdo,12,-197.0,-296.0
78,punta_izquierda,0,-249.55517578125,-294.899047851563
78,punta_izquierda,1,-250.0,-294.0
78,punta_izquierda,2,-250.0,-294.0
78,punta_izquierda,3,-250.0,-294.0
78,punta_izquierda,4,-250.0,-294.0
78,punta_izquierda,5,-250.0,-294.0
78,punta_izquierda,6,-250.0,-294.0
78,punta_izquierda,7,-250.0,-294.0
78,punta_izquierda,8,-250.0,-294.0
78,punta_izquierda,9,-250.0,-294.0
78,punta_izquierda,10,-250.0,-294.0
78,punta_izquierda,11,-250.0,-294.0
78,punta_izquierda,12,-250.0,-294.0
78,rodilla_izquierda,0,-205.591369628906,-157.06640625
78,rodilla_izquierda,1,-211.217712402344,-158.0
78,rodilla_izquierda,2,-218.0,-159.0
78,rodilla_izquierda,3,-221.594116210938,-160.188232421875
78,rodilla_izquierda,4,-226.0,-161.405883789063
78,rodilla_izquierda,5,-226.029479980469,-162.217712402344
78,rodilla_izquierda,6,-228.029418945313,-164.405883789063
78,rodilla_izquierda,7,-228.494323730469,-163.247131347656
78,rodilla_izquierda,8,-232.099853515625,-164.081726074219
78,rodilla_izquierda,9,-233.564636230469,-164.705261230469
78,rodilla_izquierda,10,-235.08837890625,-163.328918457031
78,rodilla_izquierda,11,-236.363098144531,-165.698608398438
78,rodilla_izquierda,12,-237.363098144531,-164.916259765625
78,cadera_izquierda,0,-106.9697265625,-94.0911865234375
78,cadera_izquierda,1,-112.01806640625,-91.2652587890625
78,cadera_izquierda,2,-114.836547851563,-91.1065063476563
78,cadera_izquierda,3,-119.766235351563,-90.8479614257813
78,cadera_izquierda,4,-115.083679199219,-90.9182739257813
78,cadera_izquierda,5,-115.083679199219,-91.1065063476563
78,cadera_izquierda,6,-110.954406738281,-95.2651977539063
78,cadera_izquierda,7,-110.607421875,-98.01806640625
78,cadera_izquierda,8,-113.289978027344,-100.394470214844
78,cadera_izquierda,9,-115.072265625,-101.711975097656
78,cadera_izquierda,10,-112.02001953125,-99.41259765625
78,cadera_izquierda,11,-114.407897949219,-104.494323730469
78,cadera_izquierda,12,-120.047546386719,-102.158752441406
83,rodilla_izquierda,0,-261.190185546875,-161.248596191406
83,rodilla_izquierda,1,-267.528076171875,-161.528076171875
83,rodilla_izquierda,2,-273.943786621094,-162.94384765625
83,rodilla_izquierda,3,-278.056213378906,-163.471923828125
83,rodilla_izquierda,4,-282.134887695313,-164.291870117188
83,rodilla_izquierda,5,-286.606811523438,-166.235778808594
83,rodilla_izquierda,6,-288.415710449219,-166.786376953125
83,rodilla_izquierda,7,-290.05615234375,-168.584289550781
83,rodilla_izquierda,8,-291.449340820313,-172.854064941406
83,rodilla_izquierda,9,-291.539123535156,-174.820434570313
83,rodilla_izquierda,10,-291.786376953125,-175.8544921875
83,tobillo_izquierdo,0,-226.268432617188,-266.957641601563
83,tobillo_izquierdo,1,-227.0,-266.471923828125
83,tobillo_izquierdo,2,-227.05615234375,-266.471923828125
83,tobillo_izquierdo,3,-227.528076171875,-266.0
83,tobillo_izquierdo,4,-228.0,-265.05615234375
83,tobillo_izquierdo,5,-228.471923828125,-263.640380859375
83,tobillo_izquierdo,6,-227.920776367188,-263.090698242188
83,tobillo_izquierdo,7,-228.819580078125,-263.866027832031
83,tobillo_izquierdo,8,-227.988037109375,-261.978332519531
83,tobillo_izquierdo,9,-227.527587890625,-261.921691894531
83,tobillo_izquierdo,10,-224.696105957031,-263.337463378906
83,talon_izquierdo,0,-209.751403808594,-285.3623046875
83,talon_izquierdo,1,-210.943786621094,-283.640380859375
83,talon_izquierdo,2,-211.471923828125,-282.528076171875
83,talon_izquierdo,3,-211.0,-281.584228515625
83,talon_izquierdo,4,-211.471923828125,-279.224731445313
83,talon_izquierdo,5,-210.528076171875,-277.808959960938
83,talon_izquierdo,6,-210.528076171875,-278.280883789063
83,talon_izquierdo,7,-210.528076171875,-277.808898925781
83,talon_izquierdo,8,-210.05615234375,-277.0
83,talon_izquierdo,9,-209.056213378906,-277.0
83,talon_izquierdo,10,-206.640380859375,-278.8876953125
83,punta_izquierda,0,-259.302490234375,-285.834228515625
83,punta_izquierda,1,-260.359619140625,-285.471923828125
83,punta_izquierda,2,-261.0,-285.0
83,punta_izquierda,3,-261.0,-285.0
83,punta_izquierda,4,-261.0,-285.0
83,punta_izquierda,5,-261.0,-285.0
83,punta_izquierda,6,-261.0,-285.0
83,punta_izquierda,7,-261.0,-285.0
83,punta_izquierda,8,-261.0,-285.0
83,punta_izquierda,9,-261.0,-285.0
83,punta_izquierda,10,-261.0,-285.0
83,cadera_izquierda,0,-172.391296386719,-86.2928466796875
83,cadera_izquierda,1,-181.0,-84.0
83,cadera_izquierda,2,-186.595336914063,-83.4378662109375
83,cadera_izquierda,3,-188.696166992188,-76.786376953125
83,cadera_izquierda,4,-196.359191894531,-78.584228515625
83,cadera_izquierda,5,-200.044616699219,-77.7638549804688
83,cadera_izquierda,6,-203.584228515625,-76.9437866210938
83,cadera_izquierda,7,-207.528076171875,-75.94384765625
83,cadera_izquierda,8,-212.0,-74.0
83,cadera_izquierda,9,-217.0,-76.0
83,cadera_izquierda,10,-222.0,-76.0
84,tobillo_izquierdo,0,-431.875244140625,-301.789123535156
84,tobillo_izquierdo,1,-433.0,-301.0
84,tobillo_izquierdo,2,-433.0,-301.0
84,tobillo_izquierdo,3,-435.0,-301.0
84,tobillo_izquierdo,4,-436.0,-301.0
84,tobillo_izquierdo,5,-436.0,-301.0
84,tobillo_izquierdo,6,-436.0,-300.0
84,tobillo_izquierdo,7,-435.528076171875,-301.0
84,tobillo_izquierdo,8,-436.0,-301.0
84,tobillo_izquierdo,9,-436.0,-301.0
84,tobillo_izquierdo,10,-436.0,-301.0
84,tobillo_izquierdo,11,-436.0,-301.0
84,tobillo_izquierdo,12,-436.0,-301.0
84,tobillo_izquierdo,13,-436.0,-301.0
84,tobillo_izquierdo,14,-436.0,-301.0
84,talon_izquierdo,0,-416.77392578125,-323.025268554688
84,talon_izquierdo,1,-417.94384765625,-323.0
84,talon_izquierdo,2,-418.94384765625,-323.0
84,talon_izquierdo,3,-418.943786621094,-322.05615234375
84,talon_izquierdo,4,-418.415771484375,-320.640380859375
84,talon_izquierdo,5,-418.8876953125,-321.1123046875
84,talon_izquierdo,6,-418.415771484375,-319.696594238281
84,talon_izquierdo,7,-418.415771484375,-320.640441894531
84,talon_izquierdo,8,-418.887634277344,-320.168518066406
84,talon_izquierdo,9,-418.415771484375,-320.168518066406
84,talon_izquierdo,10,-417.471923828125,-319.696594238281
84,talon_izquierdo,11,-417.471923828125,-319.696594238281
84,talon_izquierdo,12,-417.471923828125,-319.696655273438
84,talon_izquierdo,13,-417.471923828125,-320.16845703125
84,talon_izquierdo,14,-416.471862792969,-319.696594238281
84,punta_izquierda,0,-471.988037109375,-323.025268554688
84,punta_izquierda,1,-472.0,-323.0
84,punta_izquierda,2,-472.0,-323.0
84,punta_izquierda,3,-473.0,-323.05615234375
84,punta_izquierda,4,-474.831481933594,-323.94384765625
84,punta_izquierda,5,-473.887664794922,-325.359558105469
84,punta_izquierda,6,-474.831512451172,-324.8876953125
84,punta_izquierda,7,-473.887664794922,-324.887634277344
84,punta_izquierda,8,-473.887664794922,-324.415771484375
84,punta_izquierda,9,-473.887664794922,-324.887634277344
84,punta_izquierda,10,-473.887664794922,-325.359558105469
84,punta_izquierda,11,-473.415740966797,-324.8876953125
84,punta_izquierda,12,-473.415740966797,-324.887634277344
84,punta_izquierda,13,-474.0,-324.0
84,punta_izquierda,14,-474.0,-324.0
84,rodilla_izquierda,0,-434.706726074219,-177.675354003906
84,rodilla_izquierda,1,-442.8876953125,-177.303405761719
84,rodilla_izquierda,2,-449.0,-177.0
84,rodilla_izquierda,3,-453.191101074219,-178.775756835938
84,rodilla_izquierda,4,-456.303436279297,-181.336547851563
84,rodilla_izquierda,5,-462.415740966797,-180.528076171875
84,rodilla_izquierda,6,-464.112365722656,-178.528076171875
84,rodilla_izquierda,7,-467.471893310547,-179.752746582031
84,rodilla_izquierda,8,-471.0,-180.94384765625
84,rodilla_izquierda,9,-475.685546875,-182.640869140625
84,rodilla_izquierda,10,-477.179077148438,-184.482971191406
84,rodilla_izquierda,11,-477.843933105469,-186.16943359375
84,rodilla_izquierda,12,-481.359588623047,-185.05615234375
84,rodilla_izquierda,13,-483.0,-185.0
84,rodilla_izquierda,14,-484.0,-186.0
84,cadera_izquierda,0,-350.649658203125,-96.0902709960938
84,cadera_izquierda,1,-358.94384765625,-92.8876342773438
84,cadera_izquierda,2,-364.775329589844,-92.0225219726563
84,cadera_izquierda,3,-368.0,-91.1910400390625
84,cadera_izquierda,4,-374.134948730469,-89.5842895507813
84,cadera_izquierda,5,-377.168090820313,-89.9774169921875
84,cadera_izquierda,6,-378.191040039063,-90.16845703125
84,cadera_izquierda,7,-377.94384765625,-93.640380859375
84,cadera_izquierda,8,-381.415710449219,-95.5281372070313
84,cadera_izquierda,9,-382.05615234375,-95.471923828125
84,cadera_izquierda,10,-384.0,-94.0
84,cadera_izquierda,11,-388.584289550781,-92.2808837890625
84,cadera_izquierda,12,-392.775329589844,-94.1911010742188
84,cadera_izquierda,13,-395.887634277344,-93.7191162109375
84,cadera_izquierda,14,-399.8876953125,-93.6068115234375
85,punta_izquierda,0,-458.513641357422,-409.395385742188
85,punta_izquierda,1,-458.552795410156,-408.517578125
85,punta_izquierda,2,-458.552795410156,-410.196044921875
85,punta_izquierda,3,-458.552795410156,-410.195922851563
85,punta_izquierda,4,-461.070373535156,-412.713623046875
85,punta_izquierda,5,-459.391967773438,-413.552734375
85,punta_izquierda,6,-461.070373535156,-412.713562011719
85,punta_izquierda,7,-460.231140136719,-412.713562011719
85,punta_izquierda,8,-458.552734375,-412.713623046875
85,punta_izquierda,9,-464.427185058594,-414.391967773438
85,talon_izquierdo,0,-375.627868652344,-399.348815917969
85,talon_izquierdo,1,-378.0,-397.0
85,talon_izquierdo,2,-380.0,-396.0
85,talon_izquierdo,3,-380.0,-396.0
85,talon_izquierdo,4,-380.0,-396.0
85,talon_izquierdo,5,-381.0,-396.0
85,talon_izquierdo,6,-382.0,-396.0
85,talon_izquierdo,7,-382.0,-396.0
85,talon_izquierdo,8,-382.0,-396.0
85,talon_izquierdo,9,-382.0,-396.0
85,tobillo_izquierdo,0,-388.670471191406,-371.719055175781
85,tobillo_izquierdo,1,-393.0,-369.0
85,tobillo_izquierdo,2,-396.0,-369.0
85,tobillo_izquierdo,3,-397.0,-369.0
85,tobillo_izquierdo,4,-398.0,-369.0
85,tobillo_izquierdo,5,-399.0,-369.0
85,tobillo_izquierdo,6,-400.0,-369.0
85,tobillo_izquierdo,7,-401.0,-369.0
85,tobillo_izquierdo,8,-401.0,-369.0
85,tobillo_izquierdo,9,-401.0,-369.0
85,rodilla_izquierda,0,-387.348815917969,-243.6279296875
85,rodilla_izquierda,1,-405.0,-241.0
85,rodilla_izquierda,2,-418.883178710938,-239.116821289063
85,rodilla_izquierda,3,-426.058349609375,-241.0
85,rodilla_izquierda,4,-432.0,-242.0
85,rodilla_izquierda,5,-437.0,-241.0
85,rodilla_izquierda,6,-442.0,-241.0
85,rodilla_izquierda,7,-443.7734375,-241.497253417969
85,rodilla_izquierda,8,-445.978637695313,-242.43017578125
85,rodilla_izquierda,9,-446.0,-242.0
85,cadera_izquierda,0,-248.384948730469,-123.252014160156
85,cadera_izquierda,1,-267.240783691406,-122.350402832031
85,cadera_izquierda,2,-286.591125488281,-125.941650390625
85,cadera_izquierda,3,-306.591186523438,-124.2919921875
85,cadera_izquierda,4,-318.0,-124.0
85,cadera_izquierda,5,-325.0,-120.0
85,cadera_izquierda,6,-332.0,-115.0
85,cadera_izquierda,7,-343.7080078125,-110.941650390625
85,cadera_izquierda,8,-351.0,-106.0
85,cadera_izquierda,9,-358.0,-103.0
86,punta_izquierda,0,-413.23583984375,-381.13134765625
86,punta_izquierda,1,-414.0,-381.0
86,punta_izquierda,2,-414.0,-381.0
86,punta_izquierda,3,-414.0,-381.0
86,punta_izquierda,4,-414.0,-381.0
86,punta_izquierda,5,-414.0,-381.0
86,punta_izquierda,6,-414.0,-381.0
86,punta_izquierda,7,-414.0,-381.0
86,punta_izquierda,8,-414.0,-381.0
86,punta_izquierda,9,-414.0,-381.0
86,talon_izquierdo,0,-331.833740234375,-367.704162597656
86,talon_izquierdo,1,-333.0,-367.0
86,talon_izquierdo,2,-335.0,-366.0
86,talon_izquierdo,3,-335.0,-365.0
86,talon_izquierdo,4,-335.0,-366.0
86,talon_izquierdo,5,-336.0,-366.0
86,talon_izquierdo,6,-336.0,-365.0
86,talon_izquierdo,7,-336.0,-365.0
86,talon_izquierdo,8,-336.0,-365.0
86,talon_izquierdo,9,-338.0,-362.0
86,tobillo_izquierdo,0,-348.61767578125,-345.885009765625
86,tobillo_izquierdo,1,-351.0,-345.0
86,tobillo_izquierdo,2,-354.0,-344.0
86,tobillo_izquierdo,3,-355.0,-344.0
86,tobillo_izquierdo,4,-355.0,-344.0
86,tobillo_izquierdo,5,-355.0,-344.0
86,tobillo_izquierdo,6,-357.0,-343.0
86,tobillo_izquierdo,7,-358.0,-343.0
86,tobillo_izquierdo,8,-359.0,-342.0
86,tobillo_izquierdo,9,-362.0,-340.0
86,rodilla_izquierda,0,-356.359069824219,-228.207153320313
86,rodilla_izquierda,1,-371.252075195313,-228.235473632813
86,rodilla_izquierda,2,-379.008239746094,-227.252075195313
86,rodilla_izquierda,3,-385.252075195313,-226.008239746094
86,rodilla_izquierda,4,-391.0,-226.0
86,rodilla_izquierda,5,-397.0,-223.764465332031
86,rodilla_izquierda,6,-400.756164550781,-223.983459472656
86,rodilla_izquierda,7,-403.198181152344,-223.739685058594
86,rodilla_izquierda,8,-406.0,-223.0
86,rodilla_izquierda,9,-412.495849609375,-222.504150390625
86,cadera_izquierda,0,-236.210083007813,-130.227600097656
86,cadera_izquierda,1,-251.99169921875,-128.260375976563
86,cadera_izquierda,2,-266.243835449219,-127.520629882813
86,cadera_izquierda,3,-282.0,-127.504089355469
86,cadera_izquierda,4,-295.0,-119.2685546875
86,cadera_izquierda,5,-305.0,-114.0
86,cadera_izquierda,6,-318.243835449219,-111.243774414063
86,cadera_izquierda,7,-330.0,-109.0
86,cadera_izquierda,8,-340.0,-107.0
86,cadera_izquierda,9,-349.0,-106.0
87,punta_izquierda,0,-439.68896484375,-362.63525390625
87,punta_izquierda,1,-440.0,-362.0
87,punta_izquierda,2,-440.0,-362.0
87,punta_izquierda,3,-440.0,-362.0
87,punta_izquierda,4,-440.0,-362.0
87,punta_izquierda,5,-440.0,-362.0
87,punta_izquierda,6,-440.0,-362.0
87,punta_izquierda,7,-440.0,-362.0
87,punta_izquierda,8,-440.0,-362.0
87,talon_izquierdo,0,-363.441284179688,-349.92724609375
87,talon_izquierdo,1,-364.0,-349.0
87,talon_izquierdo,2,-367.0,-348.0
87,talon_izquierdo,3,-367.0,-347.0
87,talon_izquierdo,4,-367.0,-347.0
87,talon_izquierdo,5,-368.0,-348.0
87,talon_izquierdo,6,-369.0,-348.0
87,talon_izquierdo,7,-369.0,-348.0
87,talon_izquierdo,8,-369.0,-348.0
87,tobillo_izquierdo,0,-380.914733886719,-329.27685546875
87,tobillo_izquierdo,1,-385.0,-329.0
87,tobillo_izquierdo,2,-386.0,-328.0
87,tobillo_izquierdo,3,-387.0,-328.0
87,tobillo_izquierdo,4,-387.0,-328.0
87,tobillo_izquierdo,5,-387.0,-328.0
87,tobillo_izquierdo,6,-388.0,-328.0
87,tobillo_izquierdo,7,-389.0,-329.0
87,tobillo_izquierdo,8,-390.0,-329.0
87,rodilla_izquierda,0,-387.42578125,-215.018737792969
87,rodilla_izquierda,1,-401.0,-214.0
87,rodilla_izquierda,2,-409.0,-215.0
87,rodilla_izquierda,3,-417.140747070313,-213.929748535156
87,rodilla_izquierda,4,-420.713562011719,-214.804016113281
87,rodilla_izquierda,5,-421.909545898438,-213.361694335938
87,rodilla_izquierda,6,-422.286437988281,-215.03515625
87,rodilla_izquierda,7,-420.8994140625,-215.567932128906
87,rodilla_izquierda,8,-423.839172363281,-214.160827636719
87,cadera_izquierda,0,-291.858154296875,-120.445373535156
87,cadera_izquierda,1,-307.356750488281,-119.160827636719
87,cadera_izquierda,2,-322.517578125,-118.321594238281
87,cadera_izquierda,3,-336.839233398438,-113.286376953125
87,cadera_izquierda,4,-347.839172363281,-108.321594238281
87,cadera_izquierda,5,-358.678405761719,-100.321594238281
87,cadera_izquierda,6,-367.321594238281,-96.517578125
87,cadera_izquierda,7,-372.643188476563,-96.0352172851563
87,cadera_izquierda,8,-381.0,-93.0
88,punta_izquierda,0,-465.110412597656,-389.267333984375
88,punta_izquierda,1,-466.0,-389.0
88,punta_izquierda,2,-466.0,-389.0
88,punta_izquierda,3,-466.0,-389.0
88,punta_izquierda,4,-466.0,-389.0
88,punta_izquierda,5,-466.0,-389.0
88,punta_izquierda,6,-466.0,-389.0
88,punta_izquierda,7,-466.0,-389.0
88,punta_izquierda,8,-466.0,-389.0
88,punta_izquierda,9,-466.0,-389.0
88,talon_izquierdo,0,-381.0234375,-376.96044921875
88,talon_izquierdo,1,-382.0,-376.0
88,talon_izquierdo,2,-384.0,-374.0
88,talon_izquierdo,3,-384.0,-374.0
88,talon_izquierdo,4,-385.0,-375.0
88,talon_izquierdo,5,-386.0,-375.0
88,talon_izquierdo,6,-387.0,-375.0
88,talon_izquierdo,7,-387.0,-375.0
88,talon_izquierdo,8,-389.0,-373.0
88,talon_izquierdo,9,-395.0,-372.0
88,tobillo_izquierdo,0,-399.688232421875,-354.962768554688
88,tobillo_izquierdo,1,-401.0,-354.0
88,tobillo_izquierdo,2,-404.0,-353.0
88,tobillo_izquierdo,3,-404.0,-353.0
88,tobillo_izquierdo,4,-405.0,-353.0
88,tobillo_izquierdo,5,-407.0,-353.0
88,tobillo_izquierdo,6,-409.0,-353.0
88,tobillo_izquierdo,7,-409.0,-353.0
88,tobillo_izquierdo,8,-413.0,-352.0
88,tobillo_izquierdo,9,-417.0,-351.0
88,rodilla_izquierda,0,-414.351684570313,-227.640441894531
88,rodilla_izquierda,1,-426.000183105469,-226.0
88,rodilla_izquierda,2,-434.000244140625,-226.000183105469
88,rodilla_izquierda,3,-440.666809082031,-225.666748046875
88,rodilla_izquierda,4,-445.0,-225.0
88,rodilla_izquierda,5,-445.666381835938,-226.334838867188
88,rodilla_izquierda,6,-452.337524414063,-224.333190917969
88,rodilla_izquierda,7,-460.321838378906,-224.658630371094
88,rodilla_izquierda,8,-467.000823974609,-225.663757324219
88,rodilla_izquierda,9,-477.0,-225.0
88,cadera_izquierda,0,-308.029602050781,-124.985168457031
88,cadera_izquierda,1,-326.666381835938,-123.000427246094
88,cadera_izquierda,2,-344.666442871094,-122.6669921875
88,cadera_izquierda,3,-359.0,-122.0
88,cadera_izquierda,4,-370.0,-118.0
88,cadera_izquierda,5,-378.000427246094,-113.999816894531
88,cadera_izquierda,6,-387.6669921875,-107.0
88,cadera_izquierda,7,-395.667053222656,-107.666198730469
88,cadera_izquierda,8,-407.0,-106.0
88,cadera_izquierda,9,-415.0,-106.0
89,punta_izquierda,0,-419.697998046875,-381.550415039063
89,punta_izquierda,1,-420.0,-381.0
89,punta_izquierda,2,-420.0,-381.0
89,punta_izquierda,3,-420.0,-381.0
89,punta_izquierda,4,-420.0,-381.0
89,punta_izquierda,5,-420.0,-381.0
89,punta_izquierda,6,-420.0,-381.0
89,talon_izquierdo,0,-338.921020507813,-367.339660644531
89,talon_izquierdo,1,-339.0,-367.0
89,talon_izquierdo,2,-342.0,-365.0
89,talon_izquierdo,3,-342.0,-365.0
89,talon_izquierdo,4,-342.0,-364.0
89,talon_izquierdo,5,-343.0,-364.0
89,talon_izquierdo,6,-343.0,-364.0
89,tobillo_izquierdo,0,-359.359069824219,-346.632995605469
89,tobillo_izquierdo,1,-361.0,-346.0
89,tobillo_izquierdo,2,-364.0,-345.0
89,tobillo_izquierdo,3,-364.0,-344.0
89,tobillo_izquierdo,4,-365.0,-344.0
89,tobillo_izquierdo,5,-366.0,-344.0
89,tobillo_izquierdo,6,-366.0,-343.0
89,rodilla_izquierda,0,-383.192443847656,-223.039672851563
89,rodilla_izquierda,1,-392.584045410156,-224.408813476563
89,rodilla_izquierda,2,-400.0,-224.175231933594
89,rodilla_izquierda,3,-404.058410644531,-224.0
89,rodilla_izquierda,4,-409.058410644531,-222.941589355469
89,rodilla_izquierda,5,-412.116821289063,-221.941650390625
89,rodilla_izquierda,6,-415.270690917969,-223.817687988281
89,cadera_izquierda,0,-263.901916503906,-122.522644042969
89,cadera_izquierda,1,-279.0,-123.0
89,cadera_izquierda,2,-296.883178710938,-121.175231933594
89,cadera_izquierda,3,-312.0,-121.0
89,cadera_izquierda,4,-323.883239746094,-116.116760253906
89,cadera_izquierda,5,-334.0,-111.0
89,cadera_izquierda,6,-344.0,-106.0
90,punta_izquierda,0,-497.454223632813,-373.628723144531
90,punta_izquierda,1,-498.0,-373.0
90,punta_izquierda,2,-498.0,-373.0
90,punta_izquierda,3,-498.0,-373.0
90,punta_izquierda,4,-498.0,-373.0
90,punta_izquierda,5,-498.0,-373.0
90,punta_izquierda,6,-498.0,-373.0
90,punta_izquierda,7,-498.0,-373.0
90,punta_izquierda,8,-498.0,-373.0
90,talon_izquierdo,0,-416.677185058594,-358.670043945313
90,talon_izquierdo,1,-418.0,-357.0
90,talon_izquierdo,2,-419.0,-357.0
90,talon_izquierdo,3,-420.0,-356.0
90,talon_izquierdo,4,-420.0,-356.0
90,talon_izquierdo,5,-420.0,-357.0
90,talon_izquierdo,6,-421.0,-357.0
90,talon_izquierdo,7,-421.0,-357.0
90,talon_izquierdo,8,-422.0,-357.0
90,tobillo_izquierdo,0,-437.12353515625,-339.971618652344
90,tobillo_izquierdo,1,-439.0,-339.0
90,tobillo_izquierdo,2,-442.0,-338.0
90,tobillo_izquierdo,3,-443.0,-338.0
90,tobillo_izquierdo,4,-443.0,-338.0
90,tobillo_izquierdo,5,-444.0,-338.0
90,tobillo_izquierdo,6,-445.0,-338.0
90,tobillo_izquierdo,7,-447.0,-339.0
90,tobillo_izquierdo,8,-450.0,-338.0
90,rodilla_izquierda,0,-449.04931640625,-233.350219726563
90,rodilla_izquierda,1,-464.0,-230.814575195313
90,rodilla_izquierda,2,-470.443817138672,-229.0
90,rodilla_izquierda,3,-476.814605712891,-229.0
90,rodilla_izquierda,4,-481.443817138672,-229.370849609375
90,rodilla_izquierda,5,-483.41015625,-224.027893066406
90,rodilla_izquierda,6,-488.443817138672,-222.370727539063
90,rodilla_izquierda,7,-491.353576660156,-224.55615234375
90,rodilla_izquierda,8,-497.381469726563,-223.820373535156
90,cadera_izquierda,0,-357.183837890625,-129.619262695313
90,cadera_izquierda,1,-374.370727539063,-127.258361816406
90,cadera_izquierda,2,-389.185363769531,-131.0
90,cadera_izquierda,3,-404.185424804688,-128.258361816406
90,cadera_izquierda,4,-420.370788574219,-124.0
90,cadera_izquierda,5,-433.0,-117.0
90,cadera_izquierda,6,-445.0,-110.0
90,cadera_izquierda,7,-458.0,-106.0
90,cadera_izquierda,8,-460.702209472656,-108.741638183594
99,punta_izquierda,0,-553.458679199219,-372.694885253906
99,punta_izquierda,1,-554.0,-372.0
99,punta_izquierda,2,-554.0,-372.0
99,punta_izquierda,3,-554.0,-372.0
99,punta_izquierda,4,-554.0,-372.0
99,punta_izquierda,5,-554.0,-372.0
99,punta_izquierda,6,-554.0,-372.0
99,punta_izquierda,7,-554.0,-372.0
99,punta_izquierda,8,-554.0,-372.0
99,punta_izquierda,9,-554.0,-372.0
99,talon_izquierdo,0,-475.449920654297,-358.430541992188
99,talon_izquierdo,1,-476.0,-358.0
99,talon_izquierdo,2,-477.0,-358.0
99,talon_izquierdo,3,-479.0,-357.0
99,talon_izquierdo,4,-479.0,-357.0
99,talon_izquierdo,5,-479.0,-357.0
99,talon_izquierdo,6,-480.0,-357.0
99,talon_izquierdo,7,-481.0,-357.0
99,talon_izquierdo,8,-484.0,-355.0
99,talon_izquierdo,9,-490.0,-352.0
99,tobillo_izquierdo,0,-490.408630371094,-336.740356445313
99,tobillo_izquierdo,1,-493.0,-336.0
99,tobillo_izquierdo,2,-496.0,-336.0
99,tobillo_izquierdo,3,-497.0,-335.0
99,tobillo_izquierdo,4,-497.0,-335.0
99,tobillo_izquierdo,5,-499.0,-335.0
99,tobillo_izquierdo,6,-500.0,-336.0
99,tobillo_izquierdo,7,-502.0,-336.0
99,tobillo_izquierdo,8,-507.0,-334.0
99,tobillo_izquierdo,9,-513.0,-332.0
99,rodilla_izquierda,0,-503.087036132813,-228.024230957031
99,rodilla_izquierda,1,-518.0,-227.0
99,rodilla_izquierda,2,-527.0,-227.0
99,rodilla_izquierda,3,-535.649536132813,-224.408874511719
99,rodilla_izquierda,4,-540.941589355469,-224.175231933594
99,rodilla_izquierda,5,-543.182373046875,-225.219360351563
99,rodilla_izquierda,6,-550.2265625,-221.7734375
99,rodilla_izquierda,7,-558.38037109375,-227.306213378906
99,rodilla_izquierda,8,-571.416015625,-231.817626953125
99,rodilla_izquierda,9,-585.883178710938,-231.116821289063
99,cadera_izquierda,0,-413.54736328125,-131.02294921875
99,cadera_izquierda,1,-429.0,-132.0
99,cadera_izquierda,2,-445.0,-135.0
99,cadera_izquierda,3,-459.277801513672,-135.686645507813
99,cadera_izquierda,4,-471.927368164063,-131.102600097656
99,cadera_izquierda,5,-487.0,-124.0
99,cadera_izquierda,6,-502.0,-120.0
99,cadera_izquierda,7,-514.0,-117.0
99,cadera_izquierda,8,-524.0,-118.0
99,cadera_izquierda,9,-533.0,-121.0
91,punta_izquierda,0,-549.2509765625,-393.613708496094
91,punta_izquierda,1,-550.0,-393.0
91,punta_izquierda,2,-550.0,-393.0
91,punta_izquierda,3,-550.0,-393.0
91,punta_izquierda,4,-550.0,-393.0
91,punta_izquierda,5,-550.0,-393.0
91,punta_izquierda,6,-550.0,-393.0
91,punta_izquierda,7,-550.0,-393.0
91,punta_izquierda,8,-550.0,-393.0
91,punta_izquierda,9,-550.0,-393.0
91,talon_izquierdo,0,-467.848846435547,-376.829772949219
91,talon_izquierdo,1,-468.0,-376.0
91,talon_izquierdo,2,-469.0,-375.0
91,talon_izquierdo,3,-470.0,-374.0
91,talon_izquierdo,4,-470.0,-375.0
91,talon_izquierdo,5,-471.0,-375.0
91,talon_izquierdo,6,-472.0,-375.0
91,talon_izquierdo,7,-472.0,-375.0
91,talon_izquierdo,8,-472.0,-375.0
91,talon_izquierdo,9,-475.0,-373.0
91,tobillo_izquierdo,0,-486.311187744141,-355.849914550781
91,tobillo_izquierdo,1,-488.0,-355.0
91,tobillo_izquierdo,2,-491.0,-354.0
91,tobillo_izquierdo,3,-491.0,-354.0
91,tobillo_izquierdo,4,-492.0,-354.0
91,tobillo_izquierdo,5,-493.0,-354.0
91,tobillo_izquierdo,6,-495.0,-354.0
91,tobillo_izquierdo,7,-496.0,-354.0
91,tobillo_izquierdo,8,-499.0,-354.0
91,tobillo_izquierdo,9,-502.0,-352.0
91,rodilla_izquierda,0,-511.926239013672,-241.953491210938
91,rodilla_izquierda,1,-528.0,-240.0
91,rodilla_izquierda,2,-534.0,-241.0
91,rodilla_izquierda,3,-540.0,-241.0
91,rodilla_izquierda,4,-546.356750488281,-238.643249511719
91,rodilla_izquierda,5,-549.301513671875,-234.844116210938
91,rodilla_izquierda,6,-554.693481445313,-232.221008300781
91,rodilla_izquierda,7,-560.793823242188,-231.53271484375
91,rodilla_izquierda,8,-566.0,-233.0
91,rodilla_izquierda,9,-573.0,-234.0
91,cadera_izquierda,0,-420.821228027344,-136.465148925781
91,cadera_izquierda,1,-439.517578125,-136.643188476563
91,cadera_izquierda,2,-458.195953369141,-138.286376953125
91,cadera_izquierda,3,-475.0,-138.0
91,cadera_izquierda,4,-488.0,-132.0
91,cadera_izquierda,5,-502.0,-126.0
91,cadera_izquierda,6,-515.0,-119.0
91,cadera_izquierda,7,-524.643188476563,-116.678344726563
91,cadera_izquierda,8,-535.0,-114.0
91,cadera_izquierda,9,-545.0,-114.0
92,punta_izquierda,0,-556.615478515625,-387.657836914063
92,punta_izquierda,1,-557.0,-387.0
92,punta_izquierda,2,-557.0,-387.0
92,punta_izquierda,3,-557.0,-387.0
92,punta_izquierda,4,-557.0,-387.0
92,punta_izquierda,5,-557.0,-387.0
92,punta_izquierda,6,-557.0,-387.0
92,punta_izquierda,7,-557.0,-387.0
92,punta_izquierda,8,-557.0,-387.0
92,punta_izquierda,9,-557.0,-387.0
92,punta_izquierda,10,-557.0,-387.0
92,talon_izquierdo,0,-472.098754882813,-372.699096679688
92,talon_izquierdo,1,-475.0,-370.0
92,talon_izquierdo,2,-476.0,-369.0
92,talon_izquierdo,3,-476.0,-369.0
92,talon_izquierdo,4,-476.0,-369.0
92,talon_izquierdo,5,-476.0,-369.0
92,talon_izquierdo,6,-477.0,-369.0
92,talon_izquierdo,7,-477.0,-369.0
92,talon_izquierdo,8,-477.0,-369.0
92,talon_izquierdo,9,-482.0,-367.0
92,talon_izquierdo,10,-488.0,-364.0
92,tobillo_izquierdo,0,-486.309509277344,-351.008972167969
92,tobillo_izquierdo,1,-490.0,-349.0
92,tobillo_izquierdo,2,-493.0,-349.0
92,tobillo_izquierdo,3,-494.0,-349.0
92,tobillo_izquierdo,4,-495.0,-349.0
92,tobillo_izquierdo,5,-495.0,-349.0
92,tobillo_izquierdo,6,-496.0,-349.0
92,tobillo_izquierdo,7,-497.0,-349.0
92,tobillo_izquierdo,8,-498.0,-349.0
92,tobillo_izquierdo,9,-505.0,-347.0
92,tobillo_izquierdo,10,-512.0,-344.0
92,rodilla_izquierda,0,-489.812042236328,-237.177734375
92,rodilla_izquierda,1,-506.0,-234.0
92,rodilla_izquierda,2,-518.941589355469,-233.175231933594
92,rodilla_izquierda,3,-529.0,-232.0
92,rodilla_izquierda,4,-536.649536132813,-232.584106445313
92,rodilla_izquierda,5,-541.292053222656,-231.7080078125
92,rodilla_izquierda,6,-548.46728515625,-230.7080078125
92,rodilla_izquierda,7,-554.525634765625,-231.591247558594
92,rodilla_izquierda,8,-562.31494140625,-231.415893554688
92,rodilla_izquierda,9,-579.015747070313,-235.014221191406
92,rodilla_izquierda,10,-596.351928710938,-240.021362304688
92,cadera_izquierda,0,-399.4189453125,-146.018310546875
92,cadera_izquierda,1,-421.766357421875,-145.116821289063
92,cadera_izquierda,2,-439.0,-147.0
92,cadera_izquierda,3,-456.0,-148.116821289063
92,cadera_izquierda,4,-470.058380126953,-146.175231933594
92,cadera_izquierda,5,-482.941589355469,-141.058349609375
92,cadera_izquierda,6,-495.0,-136.0
92,cadera_izquierda,7,-505.175231933594,-132.941650390625
92,cadera_izquierda,8,-519.883178710938,-129.058349609375
92,cadera_izquierda,9,-531.0,-129.0
92,cadera_izquierda,10,-542.0,-131.0
93,punta_izquierda,0,-592.348388671875,-394.299682617188
93,punta_izquierda,1,-593.0,-394.0
93,punta_izquierda,2,-593.0,-394.0
93,punta_izquierda,3,-593.0,-394.0
93,punta_izquierda,4,-593.0,-394.0
93,punta_izquierda,5,-593.0,-394.0
93,punta_izquierda,6,-593.0,-394.0
93,punta_izquierda,7,-593.0,-394.0
93,punta_izquierda,8,-593.0,-394.0
93,punta_izquierda,9,-593.0,-394.0
93,talon_izquierdo,0,-508.357055664063,-379.634521484375
93,talon_izquierdo,1,-509.0,-379.0
93,talon_izquierdo,2,-510.0,-379.0
93,talon_izquierdo,3,-510.0,-379.0
93,talon_izquierdo,4,-510.0,-379.0
93,talon_izquierdo,5,-510.0,-379.0
93,talon_izquierdo,6,-513.0,-378.0
93,talon_izquierdo,7,-513.0,-378.0
93,talon_izquierdo,8,-513.0,-378.0
93,talon_izquierdo,9,-514.0,-377.0
93,tobillo_izquierdo,0,-524.35546875,-358.63720703125
93,tobillo_izquierdo,1,-527.0,-358.0
93,tobillo_izquierdo,2,-530.0,-358.0
93,tobillo_izquierdo,3,-532.0,-358.0
93,tobillo_izquierdo,4,-533.0,-358.0
93,tobillo_izquierdo,5,-533.0,-358.0
93,tobillo_izquierdo,6,-534.0,-357.0
93,tobillo_izquierdo,7,-535.0,-357.0
93,tobillo_izquierdo,8,-535.0,-357.0
93,tobillo_izquierdo,9,-538.0,-356.0
93,rodilla_izquierda,0,-539.6337890625,-240.391723632813
93,rodilla_izquierda,1,-556.0,-238.0
93,rodilla_izquierda,2,-568.0,-239.0
93,rodilla_izquierda,3,-576.451904296875,-241.943542480469
93,rodilla_izquierda,4,-584.0,-241.0
93,rodilla_izquierda,5,-588.887023925781,-243.0
93,rodilla_izquierda,6,-589.225952148438,-244.491577148438
93,rodilla_izquierda,7,-594.0458984375,-241.451904296875
93,rodilla_izquierda,8,-599.16943359375,-246.282470703125
93,rodilla_izquierda,9,-608.0,-247.0
93,cadera_izquierda,0,-448.775939941406,-143.194946289063
93,cadera_izquierda,1,-458.056488037109,-145.000061035156
93,cadera_izquierda,2,-477.16943359375,-144.0
93,cadera_izquierda,3,-492.169464111328,-145.887023925781
93,cadera_izquierda,4,-505.169464111328,-142.83056640625
93,cadera_izquierda,5,-519.056518554688,-137.0
93,cadera_izquierda,6,-528.83056640625,-133.112915039063
93,cadera_izquierda,7,-542.0,-128.0
93,cadera_izquierda,8,-550.83056640625,-127.113037109375
93,cadera_izquierda,9,-562.0,-126.0
94,punta_izquierda,0,-469.404663085938,-398.310546875
94,punta_izquierda,1,-470.0,-398.0
94,punta_izquierda,2,-470.0,-398.0
94,punta_izquierda,3,-470.0,-398.0
94,punta_izquierda,4,-470.0,-398.0
94,punta_izquierda,5,-470.0,-398.0
94,punta_izquierda,6,-470.0,-398.0
94,punta_izquierda,7,-470.0,-398.0
94,punta_izquierda,8,-470.0,-398.0
94,punta_izquierda,9,-470.0,-398.0
94,talon_izquierdo,0,-382.644165039063,-381.856018066406
94,talon_izquierdo,1,-383.0,-381.0
94,talon_izquierdo,2,-383.0,-381.0
94,talon_izquierdo,3,-383.0,-381.0
94,talon_izquierdo,4,-384.0,-381.0
94,talon_izquierdo,5,-384.0,-381.0
94,talon_izquierdo,6,-384.0,-381.0
94,talon_izquierdo,7,-386.0,-381.0
94,talon_izquierdo,8,-387.0,-381.0
94,talon_izquierdo,9,-389.0,-380.0
94,tobillo_izquierdo,0,-401.342529296875,-362.40966796875
94,tobillo_izquierdo,1,-403.0,-362.0
94,tobillo_izquierdo,2,-405.0,-362.0
94,tobillo_izquierdo,3,-406.0,-361.0
94,tobillo_izquierdo,4,-407.0,-362.0
94,tobillo_izquierdo,5,-407.0,-362.0
94,tobillo_izquierdo,6,-408.0,-362.0
94,tobillo_izquierdo,7,-409.0,-363.0
94,tobillo_izquierdo,8,-410.0,-362.0
94,tobillo_izquierdo,9,-413.0,-361.0
94,rodilla_izquierda,0,-398.008605957031,-235.674987792969
94,rodilla_izquierda,1,-414.0,-233.0
94,rodilla_izquierda,2,-425.0,-236.0
94,rodilla_izquierda,3,-430.883117675781,-236.350463867188
94,rodilla_izquierda,4,-437.0,-237.0
94,rodilla_izquierda,5,-441.123901367188,-235.387451171875
94,rodilla_izquierda,6,-443.350402832031,-232.941650390625
94,rodilla_izquierda,7,-444.723754882813,-234.123962402344
94,rodilla_izquierda,8,-449.883239746094,-234.0
94,rodilla_izquierda,9,-455.116821289063,-234.941650390625
94,cadera_izquierda,0,-279.36767578125,-131.157958984375
94,cadera_izquierda,1,-295.0,-133.0
94,cadera_izquierda,2,-309.0,-136.0
94,cadera_izquierda,3,-324.941589355469,-136.175231933594
94,cadera_izquierda,4,-335.941589355469,-131.116821289063
94,cadera_izquierda,5,-345.0,-124.0
94,cadera_izquierda,6,-355.0,-117.0
94,cadera_izquierda,7,-366.0,-112.0
94,cadera_izquierda,8,-376.0,-108.0
94,cadera_izquierda,9,-387.0,-107.0
95,punta_izquierda,0,-493.249114990234,-375.093933105469
95,punta_izquierda,1,-494.0,-375.0
95,punta_izquierda,2,-494.0,-375.0
95,punta_izquierda,3,-494.0,-375.0
95,punta_izquierda,4,-494.0,-375.0
95,punta_izquierda,5,-494.0,-375.0
95,punta_izquierda,6,-494.0,-375.0
95,punta_izquierda,7,-494.0,-375.0
95,punta_izquierda,8,-494.0,-375.0
95,talon_izquierdo,0,-418.391723632813,-361.429443359375
95,talon_izquierdo,1,-419.0,-361.0
95,talon_izquierdo,2,-419.0,-361.0
95,talon_izquierdo,3,-422.0,-360.0
95,talon_izquierdo,4,-423.0,-360.0
95,talon_izquierdo,5,-423.0,-360.0
95,talon_izquierdo,6,-425.0,-361.0
95,talon_izquierdo,7,-425.0,-361.0
95,talon_izquierdo,8,-425.0,-361.0
95,tobillo_izquierdo,0,-435.620788574219,-340.259338378906
95,tobillo_izquierdo,1,-437.0,-340.0
95,tobillo_izquierdo,2,-440.0,-339.0
95,tobillo_izquierdo,3,-442.0,-339.0
95,tobillo_izquierdo,4,-443.0,-339.0
95,tobillo_izquierdo,5,-444.0,-340.0
95,tobillo_izquierdo,6,-446.0,-341.0
95,tobillo_izquierdo,7,-446.0,-341.0
95,tobillo_izquierdo,8,-447.0,-341.0
95,rodilla_izquierda,0,-442.828796386719,-230.673950195313
95,rodilla_izquierda,1,-456.321624755859,-228.482421875
95,rodilla_izquierda,2,-466.0,-227.643188476563
95,rodilla_izquierda,3,-472.482421875,-227.0
95,rodilla_izquierda,4,-479.643188476563,-225.678405761719
95,rodilla_izquierda,5,-482.713562011719,-223.306518554688
95,rodilla_izquierda,6,-487.698455810547,-222.909606933594
95,rodilla_izquierda,7,-487.311676025391,-223.241333007813
95,rodilla_izquierda,8,-493.0,-225.0
95,cadera_izquierda,0,-359.748291015625,-129.970336914063
95,cadera_izquierda,1,-374.321594238281,-132.125610351563
95,cadera_izquierda,2,-385.803955078125,-135.447265625
95,cadera_izquierda,3,-403.0,-132.929626464844
95,cadera_izquierda,4,-414.0,-127.0
95,cadera_izquierda,5,-427.0,-121.0
95,cadera_izquierda,6,-439.0,-115.0
95,cadera_izquierda,7,-451.0,-112.0
95,cadera_izquierda,8,-460.0,-111.0
96,punta_izquierda,0,-512.902160644531,-381.699462890625
96,punta_izquierda,1,-513.0,-381.0
96,punta_izquierda,2,-513.0,-381.0
96,punta_izquierda,3,-513.0,-381.0
96,punta_izquierda,4,-513.0,-381.0
96,punta_izquierda,5,-513.0,-381.0
96,punta_izquierda,6,-513.0,-381.0
96,punta_izquierda,7,-513.0,-381.0
96,punta_izquierda,8,-513.0,-381.0
96,punta_izquierda,9,-513.0,-381.0
96,talon_izquierdo,0,-430.321411132813,-365.658569335938
96,talon_izquierdo,1,-432.0,-364.0
96,talon_izquierdo,2,-433.0,-363.0
96,talon_izquierdo,3,-434.0,-363.0
96,talon_izquierdo,4,-434.0,-363.0
96,talon_izquierdo,5,-434.0,-363.0
96,talon_izquierdo,6,-434.0,-363.0
96,talon_izquierdo,7,-434.0,-363.0
96,talon_izquierdo,8,-435.0,-363.0
96,talon_izquierdo,9,-438.0,-362.0
96,tobillo_izquierdo,0,-448.738708496094,-345.458984375
96,tobillo_izquierdo,1,-452.0,-344.0
96,tobillo_izquierdo,2,-454.0,-344.0
96,tobillo_izquierdo,3,-456.0,-343.0
96,tobillo_izquierdo,4,-457.0,-344.0
96,tobillo_izquierdo,5,-457.0,-344.0
96,tobillo_izquierdo,6,-458.0,-344.0
96,tobillo_izquierdo,7,-459.0,-343.0
96,tobillo_izquierdo,8,-460.0,-343.0
96,tobillo_izquierdo,9,-462.0,-343.0
96,rodilla_izquierda,0,-464.3720703125,-231.906982421875
96,rodilla_izquierda,1,-478.233612060547,-231.883178710938
96,rodilla_izquierda,2,-490.058410644531,-230.941589355469
96,rodilla_izquierda,3,-499.0,-230.0
96,rodilla_izquierda,4,-501.350402832031,-231.941589355469
96,rodilla_izquierda,5,-504.175170898438,-229.766418457031
96,rodilla_izquierda,6,-508.532775878906,-225.817626953125
96,rodilla_izquierda,7,-511.387512207031,-226.116821289063
96,rodilla_izquierda,8,-514.789184570313,-227.838989257813
96,rodilla_izquierda,9,-520.116821289063,-232.707946777344
96,cadera_izquierda,0,-364.431030273438,-134.475402832031
96,cadera_izquierda,1,-381.0,-135.0
96,cadera_izquierda,2,-399.766357421875,-134.233642578125
96,cadera_izquierda,3,-415.941528320313,-136.058471679688
96,cadera_izquierda,4,-428.0,-133.0
96,cadera_izquierda,5,-440.0,-128.0
96,cadera_izquierda,6,-448.233642578125,-124.766357421875
96,cadera_izquierda,7,-457.408843994141,-119.766418457031
96,cadera_izquierda,8,-469.0,-117.0
96,cadera_izquierda,9,-479.0,-117.0
97,punta_izquierda,0,-679.024353027344,-383.395690917969
97,punta_izquierda,1,-680.0,-383.0
97,punta_izquierda,2,-680.0,-383.0
97,punta_izquierda,3,-680.0,-383.0
97,punta_izquierda,4,-680.0,-383.0
97,punta_izquierda,5,-680.0,-383.0
97,punta_izquierda,6,-680.0,-383.0
97,punta_izquierda,7,-680.0,-383.0
97,talon_izquierdo,0,-598.98876953125,-369.271728515625
97,talon_izquierdo,1,-600.0,-369.0
97,talon_izquierdo,2,-601.0,-368.0
97,talon_izquierdo,3,-602.0,-368.0
97,talon_izquierdo,4,-602.0,-368.0
97,talon_izquierdo,5,-603.0,-368.0
97,talon_izquierdo,6,-604.0,-368.0
97,talon_izquierdo,7,-604.0,-368.0
97,tobillo_izquierdo,0,-614.995910644531,-345.731811523438
97,tobillo_izquierdo,1,-618.0,-345.0
97,tobillo_izquierdo,2,-620.0,-345.0
97,tobillo_izquierdo,3,-622.0,-344.0
97,tobillo_izquierdo,4,-623.0,-345.0
97,tobillo_izquierdo,5,-623.0,-344.0
97,tobillo_izquierdo,6,-625.0,-345.0
97,tobillo_izquierdo,7,-626.0,-345.0
97,rodilla_izquierda,0,-633.392150878906,-232.378112792969
97,rodilla_izquierda,1,-649.0,-231.0
97,rodilla_izquierda,2,-659.824829101563,-230.2919921875
97,rodilla_izquierda,3,-668.0,-229.116821289063
97,rodilla_izquierda,4,-674.116821289063,-229.0
97,rodilla_izquierda,5,-680.2919921875,-227.0
97,rodilla_izquierda,6,-683.408874511719,-227.766357421875
97,rodilla_izquierda,7,-688.497192382813,-231.94873046875
97,cadera_izquierda,0,-558.331176757813,-137.579833984375
97,cadera_izquierda,1,-577.116821289063,-137.233581542969
97,cadera_izquierda,2,-592.2919921875,-138.2919921875
97,cadera_izquierda,3,-609.350463867188,-139.408874511719
97,cadera_izquierda,4,-624.0,-136.0
97,cadera_izquierda,5,-634.175231933594,-129.941589355469
97,cadera_izquierda,6,-650.058410644531,-118.233642578125
97,cadera_izquierda,7,-659.350402832031,-118.941589355469
98,punta_izquierda,0,-538.678100585938,-388.970520019531
98,punta_izquierda,1,-539.0,-388.0
98,punta_izquierda,2,-539.0,-388.0
98,punta_izquierda,3,-539.0,-388.0
98,punta_izquierda,4,-539.0,-388.0
98,punta_izquierda,5,-539.0,-388.0
98,punta_izquierda,6,-539.0,-388.0
98,punta_izquierda,7,-539.0,-388.0
98,punta_izquierda,8,-539.0,-388.0
98,punta_izquierda,9,-539.0,-388.0
98,talon_izquierdo,0,-454.758422851563,-374.704162597656
98,talon_izquierdo,1,-457.0,-372.0
98,talon_izquierdo,2,-458.0,-371.0
98,talon_izquierdo,3,-458.0,-371.0
98,talon_izquierdo,4,-459.0,-371.0
98,talon_izquierdo,5,-459.0,-372.0
98,talon_izquierdo,6,-459.0,-372.0
98,talon_izquierdo,7,-460.0,-372.0
98,talon_izquierdo,8,-460.0,-372.0
98,talon_izquierdo,9,-464.0,-372.0
98,tobillo_izquierdo,0,-469.863983154297,-350.367370605469
98,tobillo_izquierdo,1,-474.0,-349.0
98,tobillo_izquierdo,2,-476.0,-348.0
98,tobillo_izquierdo,3,-478.0,-348.0
98,tobillo_izquierdo,4,-478.0,-348.0
98,tobillo_izquierdo,5,-478.0,-348.0
98,tobillo_izquierdo,6,-481.0,-349.0
98,tobillo_izquierdo,7,-484.0,-349.0
98,tobillo_izquierdo,8,-485.0,-349.0
98,tobillo_izquierdo,9,-486.0,-349.0
98,rodilla_izquierda,0,-474.03857421875,-237.184936523438
98,rodilla_izquierda,1,-488.75927734375,-235.116821289063
98,rodilla_izquierda,2,-500.0,-235.0
98,rodilla_izquierda,3,-506.0,-237.0
98,rodilla_izquierda,4,-510.766387939453,-236.350402832031
98,rodilla_izquierda,5,-516.233642578125,-233.058410644531
98,rodilla_izquierda,6,-522.292053222656,-233.7080078125
98,rodilla_izquierda,7,-522.1396484375,-232.766418457031
98,rodilla_izquierda,8,-527.058410644531,-232.7080078125
98,rodilla_izquierda,9,-532.0,-237.415954589844
98,cadera_izquierda,0,-378.9375,-136.434265136719
98,cadera_izquierda,1,-394.0,-136.0
98,cadera_izquierda,2,-408.0,-139.0
98,cadera_izquierda,3,-422.941589355469,-139.175231933594
98,cadera_izquierda,4,-436.0,-137.0
98,cadera_izquierda,5,-447.0,-130.0
98,cadera_izquierda,6,-459.0,-122.0
98,cadera_izquierda,7,-471.0,-116.0
98,cadera_izquierda,8,-481.0,-112.0
98,cadera_izquierda,9,-491.0,-111.0
70,punta_izquierda,0,-50.4865112304688,-228.391723632813
70,punta_izquierda,1,-51.0,-228.0
70,punta_izquierda,2,-51.0,-228.0
70,punta_izquierda,3,-51.0,-228.0
70,punta_izquierda,4,-51.0,-228.0
70,punta_izquierda,5,-51.0,-228.0
70,punta_izquierda,6,-51.0,-228.0
70,punta_izquierda,7,-51.0,-228.0
70,punta_izquierda,8,-51.0,-228.0
70,punta_izquierda,9,-51.0,-228.0
70,talon_izquierdo,0,-4.64166259765625,-225.447570800781
70,talon_izquierdo,1,-5.0,-225.0
70,talon_izquierdo,2,-5.0,-225.0
70,talon_izquierdo,3,-5.0,-225.0
70,talon_izquierdo,4,-5.0,-225.0
70,talon_izquierdo,5,-5.0,-225.0
70,talon_izquierdo,6,-5.0,-225.0
70,talon_izquierdo,7,-5.0,-225.0
70,talon_izquierdo,8,-5.0,-225.0
70,talon_izquierdo,9,-5.0,-225.0
70,tobillo_izquierdo,0,-15.1565551757813,-212.829711914063
70,tobillo_izquierdo,1,-16.0,-212.0
70,tobillo_izquierdo,2,-17.0,-212.0
70,tobillo_izquierdo,3,-17.0,-212.0
70,tobillo_izquierdo,4,-17.0,-212.0
70,tobillo_izquierdo,5,-16.6812133789063,-212.210815429688
70,tobillo_izquierdo,6,-16.6272583007813,-211.578430175781
70,tobillo_izquierdo,7,-16.7891845703125,-211.843139648438
70,tobillo_izquierdo,8,-16.1567993164063,-211.632385253906
70,tobillo_izquierdo,9,-16.1568603515625,-211.0
70,rodilla_izquierda,0,-2.39288330078125,-134.149536132813
70,rodilla_izquierda,1,-10.0099487304688,-135.126098632813
70,rodilla_izquierda,2,-15.0,-138.514892578125
70,rodilla_izquierda,3,-18.7381591796875,-138.10302734375
70,rodilla_izquierda,4,-20.8970336914063,-138.952880859375
70,rodilla_izquierda,5,-20.514892578125,-137.235656738281
70,rodilla_izquierda,6,-20.150146484375,-136.394470214844
70,rodilla_izquierda,7,-22.83251953125,-135.815063476563
70,rodilla_izquierda,8,-22.317626953125,-132.141357421875
70,rodilla_izquierda,9,-21.1588134765625,-128.497497558594
70,cadera_izquierda,0,63.0740966796875,-81.1834716796875
70,cadera_izquierda,1,54.36474609375,-78.952880859375
70,cadera_izquierda,2,51.3386840820313,-77.8201293945313
70,cadera_izquierda,3,45.48876953125,-75.8847045898438
70,cadera_izquierda,4,43.4503784179688,-74.3350219726563
70,cadera_izquierda,5,41.0384521484375,-73.4293212890625
70,cadera_izquierda,6,40.6649780273438,-68.485107421875
70,cadera_izquierda,7,36.0384521484375,-62.382080078125
70,cadera_izquierda,8,31.6178588867188,-60.2791748046875
70,cadera_izquierda,9,29.3560791015625,-57.120361328125
62,punta_izquierda,0,-263.097045898438,-334.381958007813
62,punta_izquierda,1,-264.0,-334.0
62,punta_izquierda,2,-264.0,-334.0
62,punta_izquierda,3,-264.0,-334.0
62,punta_izquierda,4,-264.0,-334.0
62,punta_izquierda,5,-264.0,-334.0
62,punta_izquierda,6,-264.0,-334.0
62,punta_izquierda,7,-264.0,-334.0
62,punta_izquierda,8,-264.0,-334.0
62,talon_izquierdo,0,-200.715881347656,-330.817321777344
62,talon_izquierdo,1,-201.0,-330.0
62,talon_izquierdo,2,-201.0,-330.0
62,talon_izquierdo,3,-201.0,-330.0
62,talon_izquierdo,4,-202.0,-331.0
62,talon_izquierdo,5,-202.0,-331.0
62,talon_izquierdo,6,-202.0,-331.0
62,talon_izquierdo,7,-202.0,-331.0
62,talon_izquierdo,8,-202.0,-331.0
62,tobillo_izquierdo,0,-215.568542480469,-312.400024414063
62,tobillo_izquierdo,1,-216.0,-312.0
62,tobillo_izquierdo,2,-216.0,-312.0
62,tobillo_izquierdo,3,-216.0,-312.0
62,tobillo_izquierdo,4,-216.029479980469,-312.623596191406
62,tobillo_izquierdo,5,-217.0,-312.0
62,tobillo_izquierdo,6,-217.0,-312.0
62,tobillo_izquierdo,7,-217.0,-312.0
62,tobillo_izquierdo,8,-217.0,-312.0
62,rodilla_izquierda,0,-216.162658691406,-209.025573730469
62,rodilla_izquierda,1,-221.0,-209.0
62,rodilla_izquierda,2,-223.0,-210.0
62,rodilla_izquierda,3,-225.0,-206.235778808594
62,rodilla_izquierda,4,-223.970581054688,-205.235656738281
62,rodilla_izquierda,5,-226.317504882813,-205.417297363281
62,rodilla_izquierda,6,-230.346984863281,-201.12451171875
62,rodilla_izquierda,7,-231.940979003906,-197.559936523438
62,rodilla_izquierda,8,-237.91162109375,-197.501037597656
62,cadera_izquierda,0,-135.3642578125,-120.503723144531
62,cadera_izquierda,1,-143.0,-117.0
62,cadera_izquierda,2,-150.0,-114.0
62,cadera_izquierda,3,-157.029418945313,-111.217651367188
62,cadera_izquierda,4,-159.623596191406,-110.811767578125
62,cadera_izquierda,5,-162.841247558594,-109.0
62,cadera_izquierda,6,-167.029541015625,-108.158752441406
62,cadera_izquierda,7,-170.435363769531,-104.752868652344
62,cadera_izquierda,8,-172.029479980469,-102.941101074219
63,punta_izquierda,0,-87.0,-281.0
63,punta_izquierda,1,-87.0,-281.0
63,punta_izquierda,2,-86.4820556640625,-281.800659179688
63,punta_izquierda,3,-87.0,-281.0
63,punta_izquierda,4,-87.0,-281.0
63,punta_izquierda,5,-87.0,-281.0
63,punta_izquierda,6,-87.0,-281.0
63,punta_izquierda,7,-87.0,-281.0
63,punta_izquierda,8,-87.0,-281.0
63,talon_izquierdo,0,-35.0,-277.0
63,talon_izquierdo,1,-35.0,-277.0
63,talon_izquierdo,2,-34.6275634765625,-277.553344726563
63,talon_izquierdo,3,-35.0,-277.0
63,talon_izquierdo,4,-35.0,-277.0
63,talon_izquierdo,5,-36.1245727539063,-276.250305175781
63,talon_izquierdo,6,-36.6251220703125,-274.500610351563
63,talon_izquierdo,7,-37.0,-274.0
63,talon_izquierdo,8,-37.0,-274.0
63,tobillo_izquierdo,0,-50.0,-261.0
63,tobillo_izquierdo,1,-50.0,-261.0
63,tobillo_izquierdo,2,-49.42236328125,-261.743286132813
63,tobillo_izquierdo,3,-50.0,-261.0
63,tobillo_izquierdo,4,-50.0,-261.0
63,tobillo_izquierdo,5,-50.0,-261.0
63,tobillo_izquierdo,6,-50.0,-261.0
63,tobillo_izquierdo,7,-50.7496948242188,-261.0
63,tobillo_izquierdo,8,-51.7496948242188,-260.250244140625
63,rodilla_izquierda,0,-54.5017700195313,-162.373657226563
63,rodilla_izquierda,1,-58.1268310546875,-166.246826171875
63,rodilla_izquierda,2,-63.7463989257813,-169.320861816406
63,rodilla_izquierda,3,-68.3748779296875,-169.748596191406
63,rodilla_izquierda,4,-70.7485961914063,-167.619384765625
63,rodilla_izquierda,5,-71.622802734375,-164.991882324219
63,rodilla_izquierda,6,-73.4971313476563,-160.739318847656
63,rodilla_izquierda,7,-73.6205444335938,-159.1083984375
63,rodilla_izquierda,8,-76.3702392578125,-157.976867675781
63,cadera_izquierda,0,19.74853515625,-96.8731079101563
63,cadera_izquierda,1,10.874267578125,-96.7474365234375
63,cadera_izquierda,2,6.09698486328125,-94.8820190429688
63,cadera_izquierda,3,0.0,-92.6228637695313
63,cadera_izquierda,4,-5.25030517578125,-90.8743286132813
63,cadera_izquierda,5,-11.3760375976563,-83.3748168945313
63,cadera_izquierda,6,-14.3760375976563,-77.125732421875
63,cadera_izquierda,7,-19.5005493164063,-73.6251220703125
63,cadera_izquierda,8,-24.0,-70.0
66,punta_izquierda,0,-210.41455078125,-359.329711914063
66,punta_izquierda,1,-211.0,-359.0
66,punta_izquierda,2,-211.0,-359.0
66,punta_izquierda,3,-211.0,-359.0
66,punta_izquierda,4,-211.0,-359.0
66,punta_izquierda,5,-211.0,-359.0
66,punta_izquierda,6,-211.0,-359.0
66,punta_izquierda,7,-211.0,-359.0
66,punta_izquierda,8,-211.0,-359.0
66,punta_izquierda,9,-211.0,-359.0
66,punta_izquierda,10,-211.0,-359.0
66,talon_izquierdo,0,-140.309997558594,-358.141479492188
66,talon_izquierdo,1,-141.0,-358.0
66,talon_izquierdo,2,-141.0,-358.0
66,talon_izquierdo,3,-141.421569824219,-356.102844238281
66,talon_izquierdo,4,-141.632385253906,-354.838012695313
66,talon_izquierdo,5,-142.0,-354.0
66,talon_izquierdo,6,-142.0,-354.0
66,talon_izquierdo,7,-142.0,-354.0
66,talon_izquierdo,8,-142.632385253906,-352.5244140625
66,talon_izquierdo,9,-143.264770507813,-351.259643554688
66,talon_izquierdo,10,-143.897155761719,-349.784057617188
66,tobillo_izquierdo,0,-154.680114746094,-338.018432617188
66,tobillo_izquierdo,1,-155.0,-338.0
66,tobillo_izquierdo,2,-156.421630859375,-337.367614746094
66,tobillo_izquierdo,3,-158.048828125,-335.578430175781
66,tobillo_izquierdo,4,-159.0,-335.0
66,tobillo_izquierdo,5,-159.0,-335.0
66,tobillo_izquierdo,6,-159.0,-335.0
66,tobillo_izquierdo,7,-159.156799316406,-334.367614746094
66,tobillo_izquierdo,8,-159.367614746094,-333.313598632813
66,tobillo_izquierdo,9,-160.0,-331.102844238281
66,tobillo_izquierdo,10,-159.367614746094,-330.156799316406
66,rodilla_izquierda,0,-149.877502441406,-220.966064453125
66,rodilla_izquierda,1,-160.50390625,-219.343078613281
66,rodilla_izquierda,2,-165.986389160156,-220.027221679688
66,rodilla_izquierda,3,-174.656860351563,-222.368225097656
66,rodilla_izquierda,4,-183.346618652344,-226.717041015625
66,rodilla_izquierda,5,-185.002319335938,-226.540161132813
66,rodilla_izquierda,6,-184.83349609375,-223.696533203125
66,rodilla_izquierda,7,-187.347717285156,-223.738586425781
66,rodilla_izquierda,8,-191.011352539063,-222.113525390625
66,rodilla_izquierda,9,-192.640930175781,-217.106750488281
66,rodilla_izquierda,10,-193.945495605469,-214.797668457031
66,cadera_izquierda,0,-60.105712890625,-131.192932128906
66,cadera_izquierda,1,-71.0,-128.0
66,cadera_izquierda,2,-81.9447631835938,-126.125610351563
66,cadera_izquierda,3,-91.1055297851563,-127.804016113281
66,cadera_izquierda,4,-98.3568115234375,-129.0
66,cadera_izquierda,5,-105.447204589844,-125.321655273438
66,cadera_izquierda,6,-113.96484375,-121.482360839844
66,cadera_izquierda,7,-119.643249511719,-116.321594238281
66,cadera_izquierda,8,-124.321594238281,-109.321594238281
66,cadera_izquierda,9,-128.643249511719,-100.482421875
66,cadera_izquierda,10,-136.321594238281,-96.0
68,punta_izquierda,0,-6.214111328125,-348.2841796875
68,punta_izquierda,1,-7.0,-348.0
68,punta_izquierda,2,-7.0,-348.0
68,punta_izquierda,3,-7.0,-348.0
68,punta_izquierda,4,-7.0,-348.0
68,punta_izquierda,5,-7.0,-348.0
68,punta_izquierda,6,-7.0,-348.0
68,punta_izquierda,7,-7.0,-348.0
68,punta_izquierda,8,-7.0,-348.0
68,talon_izquierdo,0,62.62060546875,-346.166137695313
68,talon_izquierdo,1,62.0,-346.0
68,talon_izquierdo,2,62.0,-346.0
68,talon_izquierdo,3,62.0,-346.0
68,talon_izquierdo,4,62.0,-346.0
68,talon_izquierdo,5,62.0,-346.0
68,talon_izquierdo,6,62.0,-346.0
68,talon_izquierdo,7,61.0,-346.0
68,talon_izquierdo,8,61.0,-346.0
68,tobillo_izquierdo,0,47.4100341796875,-322.803039550781
68,tobillo_izquierdo,1,46.203857421875,-322.0
68,tobillo_izquierdo,2,44.673095703125,-322.0
68,tobillo_izquierdo,3,44.53076171875,-322.796081542969
68,tobillo_izquierdo,4,44.265380859375,-322.796081542969
68,tobillo_izquierdo,5,44.53076171875,-323.59228515625
68,tobillo_izquierdo,6,44.0,-323.0
68,tobillo_izquierdo,7,44.0,-323.0
68,tobillo_izquierdo,8,44.0,-323.0
68,rodilla_izquierda,0,52.1055908203125,-194.90625
68,rodilla_izquierda,1,41.6658325195313,-196.666625976563
68,rodilla_izquierda,2,37.6655883789063,-198.333435058594
68,rodilla_izquierda,3,32.6656494140625,-198.000244140625
68,rodilla_izquierda,4,28.666015625,-198.333862304688
68,rodilla_izquierda,5,28.9993286132813,-194.336181640625
68,rodilla_izquierda,6,28.3326416015625,-189.663513183594
68,rodilla_izquierda,7,26.9983520507813,-188.998107910156
68,rodilla_izquierda,8,27.330810546875,-186.99755859375
68,cadera_izquierda,0,146.28125,-124.836181640625
68,cadera_izquierda,1,137.0,-121.0
68,cadera_izquierda,2,128.0,-118.0
68,cadera_izquierda,3,124.0,-118.0
68,cadera_izquierda,4,115.333740234375,-115.6669921875
68,cadera_izquierda,5,110.000610351563,-115.333557128906
68,cadera_izquierda,6,105.667114257813,-115.666809082031
68,cadera_izquierda,7,104.0,-111.0
68,cadera_izquierda,8,102.0,-105.0
72,punta_izquierda,0,-131.677185058594,-304.447021484375
72,punta_izquierda,1,-132.0,-304.0
72,punta_izquierda,2,-132.0,-304.0
72,punta_izquierda,3,-132.0,-304.0
72,punta_izquierda,4,-132.0,-304.0
72,punta_izquierda,5,-132.0,-304.0
72,punta_izquierda,6,-132.0,-304.0
72,punta_izquierda,7,-132.0,-304.0
72,punta_izquierda,8,-132.0,-304.0
72,punta_izquierda,9,-132.0,-304.0
72,talon_izquierdo,0,-72.59033203125,-303.699096679688
72,talon_izquierdo,1,-73.0,-303.0
72,talon_izquierdo,2,-73.0,-303.0
72,talon_izquierdo,3,-73.0,-303.0
72,talon_izquierdo,4,-73.0,-303.0
72,talon_izquierdo,5,-73.0,-303.0
72,talon_izquierdo,6,-73.0,-303.0
72,talon_izquierdo,7,-73.0,-303.0
72,talon_izquierdo,8,-73.0,-303.0
72,talon_izquierdo,9,-73.0,-303.0
72,tobillo_izquierdo,0,-86.8010864257813,-284.252807617188
72,tobillo_izquierdo,1,-87.7496948242188,-284.374877929688
72,tobillo_izquierdo,2,-89.12451171875,-285.124572753906
72,tobillo_izquierdo,3,-90.0,-285.0
72,tobillo_izquierdo,4,-90.0,-285.0
72,tobillo_izquierdo,5,-90.0,-285.0
72,tobillo_izquierdo,6,-90.0,-285.0
72,tobillo_izquierdo,7,-90.0,-285.0
72,tobillo_izquierdo,8,-90.0,-285.0
72,tobillo_izquierdo,9,-90.0,-285.0
72,rodilla_izquierda,0,-97.8699951171875,-179.029907226563
72,rodilla_izquierda,1,-103.352478027344,-182.70654296875
72,rodilla_izquierda,2,-105.882019042969,-182.824401855469
72,rodilla_izquierda,3,-109.588439941406,-183.119445800781
72,rodilla_izquierda,4,-110.058959960938,-180.529479980469
72,rodilla_izquierda,5,-108.059020996094,-181.174133300781
72,rodilla_izquierda,6,-107.706481933594,-178.884948730469
72,rodilla_izquierda,7,-107.6474609375,-177.766906738281
72,rodilla_izquierda,8,-108.883483886719,-178.181396484375
72,rodilla_izquierda,9,-107.884948730469,-179.129638671875
72,cadera_izquierda,0,0.70733642578125,-101.756530761719
72,cadera_izquierda,1,-8.0,-100.0
72,cadera_izquierda,2,-18.0,-98.0
72,cadera_izquierda,3,-21.0,-95.0
72,cadera_izquierda,4,-26.0,-92.0
72,cadera_izquierda,5,-29.0,-88.0
72,cadera_izquierda,6,-29.5870361328125,-83.2344970703125
72,cadera_izquierda,7,-31.5280151367188,-78.1165771484375
72,cadera_izquierda,8,-37.175537109375,-73.0575561523438
72,cadera_izquierda,9,-39.7639770507813,-69.1165771484375
64,punta_izquierda,0,-353.267211914063,-309.815124511719
64,punta_izquierda,1,-354.0,-309.0
64,punta_izquierda,2,-354.0,-309.0
64,punta_izquierda,3,-354.0,-309.0
64,punta_izquierda,4,-354.0,-309.0
64,punta_izquierda,5,-354.0,-309.0
64,punta_izquierda,6,-354.0,-309.0
64,punta_izquierda,7,-354.0,-309.0
64,punta_izquierda,8,-354.0,-309.0
64,punta_izquierda,9,-354.0,-309.0
64,punta_izquierda,10,-354.0,-309.0
64,talon_izquierdo,0,-294.492980957031,-303.990661621094
64,talon_izquierdo,1,-295.0,-303.0
64,talon_izquierdo,2,-295.0,-303.0
64,talon_izquierdo,3,-295.0,-303.0
64,talon_izquierdo,4,-295.0,-303.0
64,talon_izquierdo,5,-295.0,-303.0
64,talon_izquierdo,6,-297.32958984375,-302.663635253906
64,talon_izquierdo,7,-298.665893554688,-302.997741699219
64,talon_izquierdo,8,-299.334106445313,-301.995483398438
64,talon_izquierdo,9,-300.002258300781,-302.663696289063
64,talon_izquierdo,10,-301.004516601563,-301.995422363281
64,tobillo_izquierdo,0,-306.671447753906,-287.576232910156
64,tobillo_izquierdo,1,-307.0,-287.0
64,tobillo_izquierdo,2,-308.0,-287.0
64,tobillo_izquierdo,3,-309.326904296875,-287.0
64,tobillo_izquierdo,4,-308.362060546875,-288.416320800781
64,tobillo_izquierdo,5,-308.158203125,-289.068481445313
64,tobillo_izquierdo,6,-309.56591796875,-289.1123046875
64,tobillo_izquierdo,7,-311.769836425781,-288.54638671875
64,tobillo_izquierdo,8,-313.279541015625,-290.386169433594
64,tobillo_izquierdo,9,-314.27734375,-290.859008789063
64,tobillo_izquierdo,10,-315.275085449219,-290.52490234375
64,rodilla_izquierda,0,-306.638244628906,-188.139709472656
64,rodilla_izquierda,1,-318.014953613281,-186.37255859375
64,rodilla_izquierda,2,-326.514465332031,-184.99658203125
64,rodilla_izquierda,3,-334.013916015625,-185.498291015625
64,rodilla_izquierda,4,-335.138366699219,-184.871887207031
64,rodilla_izquierda,5,-335.13720703125,-183.983825683594
64,rodilla_izquierda,6,-335.263000488281,-182.980346679688
64,rodilla_izquierda,7,-338.888061523438,-182.854736328125
64,rodilla_izquierda,8,-341.887023925781,-178.099182128906
64,rodilla_izquierda,9,-344.137329101563,-176.969970703125
64,rodilla_izquierda,10,-348.386413574219,-175.501647949219
64,cadera_izquierda,0,-239.954711914063,-103.31103515625
64,cadera_izquierda,1,-250.0,-100.0
64,cadera_izquierda,2,-260.0,-97.0
64,cadera_izquierda,3,-270.0,-95.0
64,cadera_izquierda,4,-278.0,-94.0
64,cadera_izquierda,5,-284.124572753906,-89.7520141601563
64,cadera_izquierda,6,-289.874267578125,-88.501708984375
64,cadera_izquierda,7,-295.0,-85.0
64,cadera_izquierda,8,-300.0,-81.0
64,cadera_izquierda,9,-304.0,-78.0
64,cadera_izquierda,10,-309.0,-76.0
65,punta_izquierda,0,-178.693725585938,-359.285766601563
65,punta_izquierda,1,-179.0,-359.0
65,punta_izquierda,2,-179.0,-359.0
65,punta_izquierda,3,-179.0,-359.0
65,punta_izquierda,4,-179.0,-359.0
65,punta_izquierda,5,-179.0,-359.0
65,punta_izquierda,6,-179.0,-359.0
65,punta_izquierda,7,-179.0,-359.0
65,punta_izquierda,8,-179.0,-359.0
65,punta_izquierda,9,-179.0,-359.0
65,talon_izquierdo,0,-109.836181640625,-354.470886230469
65,talon_izquierdo,1,-109.944152832031,-356.10302734375
65,talon_izquierdo,2,-111.205993652344,-353.158813476563
65,talon_izquierdo,3,-111.205993652344,-352.738220214844
65,talon_izquierdo,4,-111.626586914063,-351.89697265625
65,talon_izquierdo,5,-112.047119140625,-352.317565917969
65,talon_izquierdo,6,-113.308959960938,-351.476440429688
65,talon_izquierdo,7,-113.729553222656,-351.055847167969
65,talon_izquierdo,8,-114.785339355469,-351.738220214844
65,talon_izquierdo,9,-115.626525878906,-350.476379394531
65,tobillo_izquierdo,0,-125.59033203125,-335.351867675781
65,tobillo_izquierdo,1,-128.10302734375,-335.0
65,tobillo_izquierdo,2,-127.26171875,-336.682373046875
65,tobillo_izquierdo,3,-127.682373046875,-337.523559570313
65,tobillo_izquierdo,4,-128.682373046875,-338.364807128906
65,tobillo_izquierdo,5,-129.738220214844,-336.0
65,tobillo_izquierdo,6,-129.738220214844,-335.158813476563
65,tobillo_izquierdo,7,-129.73828125,-334.738220214844
65,tobillo_izquierdo,8,-130.158752441406,-333.476379394531
65,tobillo_izquierdo,9,-130.579467773438,-332.63525390625
65,rodilla_izquierda,0,-141.296997070313,-206.70703125
65,rodilla_izquierda,1,-146.579406738281,-208.841186523438
65,rodilla_izquierda,2,-151.420593261719,-214.832458496094
65,rodilla_izquierda,3,-155.10302734375,-213.944152832031
65,rodilla_izquierda,4,-158.205932617188,-214.300231933594
65,rodilla_izquierda,5,-161.308959960938,-212.9267578125
65,rodilla_izquierda,6,-162.047119140625,-208.523559570313
65,rodilla_izquierda,7,-164.308959960938,-207.870910644531
65,rodilla_izquierda,8,-166.815063476563,-204.342407226563
65,rodilla_izquierda,9,-171.862243652344,-203.119018554688
65,cadera_izquierda,0,-35.8380737304688,-122.929992675781
65,cadera_izquierda,1,-45.0,-120.0
65,cadera_izquierda,2,-53.0,-118.0
65,cadera_izquierda,3,-60.411865234375,-119.794067382813
65,cadera_izquierda,4,-68.197265625,-116.691101074219
65,cadera_izquierda,5,-73.6178588867188,-111.008666992188
65,cadera_izquierda,6,-79.56201171875,-107.429260253906
65,cadera_izquierda,7,-86.0855712890625,-102.008728027344
65,cadera_izquierda,8,-90.4031982421875,-97.849853515625
65,cadera_izquierda,9,-94.1414184570313,-97.2146606445313
71,punta_izquierda,0,-316.689453125,-286.96826171875
71,punta_izquierda,1,-317.0,-286.0
71,punta_izquierda,2,-317.0,-286.0
71,punta_izquierda,3,-317.0,-286.0
71,punta_izquierda,4,-317.0,-286.0
71,punta_izquierda,5,-317.0,-286.0
71,punta_izquierda,6,-317.0,-286.0
71,punta_izquierda,7,-317.0,-286.0
71,punta_izquierda,8,-317.0,-286.0
71,punta_izquierda,9,-317.0,-286.0
71,punta_izquierda,10,-317.0,-286.0
71,punta_izquierda,11,-317.0,-286.0
71,talon_izquierdo,0,-268.694396972656,-284.301879882813
71,talon_izquierdo,1,-269.0,-284.0
71,talon_izquierdo,2,-269.0,-284.0
71,talon_izquierdo,3,-269.0,-284.0
71,talon_izquierdo,4,-269.0,-284.0
71,talon_izquierdo,5,-269.0,-284.0
71,talon_izquierdo,6,-269.749694824219,-283.250305175781
71,talon_izquierdo,7,-269.749694824219,-281.750915527344
71,talon_izquierdo,8,-270.0,-281.0
71,talon_izquierdo,9,-271.12451171875,-279.125732421875
71,talon_izquierdo,10,-272.374877929688,-278.250305175781
71,talon_izquierdo,11,-273.374877929688,-277.250305175781
71,tobillo_izquierdo,0,-283.086975097656,-268.116577148438
71,tobillo_izquierdo,1,-283.625122070313,-267.749694824219
71,tobillo_izquierdo,2,-284.500549316406,-267.749694824219
71,tobillo_izquierdo,3,-284.500549316406,-267.625122070313
71,tobillo_izquierdo,4,-284.500549316406,-266.875427246094
71,tobillo_izquierdo,5,-285.125732421875,-265.750915527344
71,tobillo_izquierdo,6,-285.87548828125,-265.376037597656
71,tobillo_izquierdo,7,-285.500610351563,-265.001159667969
71,tobillo_izquierdo,8,-285.125732421875,-264.626281738281
71,tobillo_izquierdo,9,-286.625183105469,-263.501770019531
71,tobillo_izquierdo,10,-285.875427246094,-263.126892089844
71,tobillo_izquierdo,11,-287.374877929688,-262.002319335938
71,rodilla_izquierda,0,-301.440795898438,-167.855163574219
71,rodilla_izquierda,1,-308.749633789063,-167.998901367188
71,rodilla_izquierda,2,-314.998779296875,-169.247985839844
71,rodilla_izquierda,3,-318.873107910156,-170.495971679688
71,rodilla_izquierda,4,-322.622802734375,-171.746276855469
71,rodilla_izquierda,5,-321.373718261719,-170.622802734375
71,rodilla_izquierda,6,-321.622802734375,-171.740478515625
71,rodilla_izquierda,7,-321.123413085938,-165.990783691406
71,rodilla_izquierda,8,-320.373657226563,-164.748596191406
71,rodilla_izquierda,9,-321.998840332031,-163.861572265625
71,rodilla_izquierda,10,-323.995361328125,-161.4716796875
71,rodilla_izquierda,11,-325.2421875,-158.712768554688
71,cadera_izquierda,0,-228.031860351563,-97.6544799804688
71,cadera_izquierda,1,-237.0,-95.0
71,cadera_izquierda,2,-245.0,-92.0
71,cadera_izquierda,3,-248.0,-89.0
71,cadera_izquierda,4,-253.0,-85.0
71,cadera_izquierda,5,-256.0,-81.0
71,cadera_izquierda,6,-261.0,-77.0
71,cadera_izquierda,7,-265.0,-73.0
71,cadera_izquierda,8,-269.0,-67.0
71,cadera_izquierda,9,-273.0,-62.0
71,cadera_izquierda,10,-276.0,-58.0
71,cadera_izquierda,11,-281.003479003906,-52.0103759765625
23,punta_izquierda,0,-417.049377441406,-243.92236328125
23,punta_izquierda,1,-418.0,-243.0
23,punta_izquierda,2,-418.0,-243.0
23,punta_izquierda,3,-418.0,-243.0
23,punta_izquierda,4,-418.0,-243.0
23,punta_izquierda,5,-418.0,-243.0
23,punta_izquierda,6,-418.0,-243.0
23,punta_izquierda,7,-418.0,-243.0
23,punta_izquierda,8,-418.0,-243.0
23,punta_izquierda,9,-418.0,-243.0
23,talon_izquierdo,0,-362.773498535156,-240.968688964844
23,talon_izquierdo,1,-363.0,-240.0
23,talon_izquierdo,2,-363.0,-240.0
23,talon_izquierdo,3,-363.0,-240.0
23,talon_izquierdo,4,-363.0,-240.0
23,talon_izquierdo,5,-363.0,-240.0
23,talon_izquierdo,6,-363.0,-240.0
23,talon_izquierdo,7,-363.0,-240.0
23,talon_izquierdo,8,-363.0,-240.0
23,talon_izquierdo,9,-363.0,-240.0
23,tobillo_izquierdo,0,-375.043273925781,-224.923583984375
23,tobillo_izquierdo,1,-377.0,-224.0
23,tobillo_izquierdo,2,-380.0,-223.0
23,tobillo_izquierdo,3,-381.0,-223.0
23,tobillo_izquierdo,4,-381.0,-223.0
23,tobillo_izquierdo,5,-382.0,-223.0
23,tobillo_izquierdo,6,-382.0,-223.0
23,tobillo_izquierdo,7,-382.0,-223.0
23,tobillo_izquierdo,8,-382.0,-223.0
23,tobillo_izquierdo,9,-384.0,-224.0
23,rodilla_izquierda,0,-364.303344726563,-147.542663574219
23,rodilla_izquierda,1,-374.0,-148.0
23,rodilla_izquierda,2,-380.0,-146.0
23,rodilla_izquierda,3,-383.0,-144.782287597656
23,rodilla_izquierda,4,-382.217651367188,-143.941101074219
23,rodilla_izquierda,5,-384.0,-142.0
23,rodilla_izquierda,6,-385.0,-142.0
23,rodilla_izquierda,7,-384.435363769531,-142.594116210938
23,rodilla_izquierda,8,-384.952453613281,-140.793762207031
23,rodilla_izquierda,9,-386.0,-141.0
23,cadera_izquierda,0,-297.169311523438,-88.1320190429688
23,cadera_izquierda,1,-311.0,-90.0
23,cadera_izquierda,2,-317.276611328125,-88.0589599609375
23,cadera_izquierda,3,-325.029479980469,-86.2177124023438
23,cadera_izquierda,4,-331.594116210938,-85.7822875976563
23,cadera_izquierda,5,-335.0,-82.0
23,cadera_izquierda,6,-336.0,-81.0
23,cadera_izquierda,7,-337.0,-80.0
23,cadera_izquierda,8,-339.0,-79.0
23,cadera_izquierda,9,-341.117858886719,-74.188232421875
14,punta_izquierda,0,-408.5283203125,-256.792236328125
14,punta_izquierda,1,-409.0,-256.0
14,punta_izquierda,2,-409.0,-256.0
14,punta_izquierda,3,-409.0,-256.0
14,punta_izquierda,4,-409.0,-256.0
14,punta_izquierda,5,-409.0,-256.0
14,punta_izquierda,6,-409.0,-256.0
14,punta_izquierda,7,-409.0,-256.0
14,talon_izquierdo,0,-347.92626953125,-253.668823242188
14,talon_izquierdo,1,-348.0,-253.0
14,talon_izquierdo,2,-348.0,-253.0
14,talon_izquierdo,3,-348.0,-253.0
14,talon_izquierdo,4,-351.0,-253.0
14,talon_izquierdo,5,-352.0,-253.0
14,talon_izquierdo,6,-352.0,-253.0
14,talon_izquierdo,7,-352.0,-253.0
14,tobillo_izquierdo,0,-365.419921875,-237.2998046875
14,tobillo_izquierdo,1,-367.0,-237.0
14,tobillo_izquierdo,2,-370.0,-237.0
14,tobillo_izquierdo,3,-370.0,-237.0
14,tobillo_izquierdo,4,-371.0,-237.0
14,tobillo_izquierdo,5,-371.0,-237.0
14,tobillo_izquierdo,6,-371.0,-237.0
14,tobillo_izquierdo,7,-371.0,-237.0
14,rodilla_izquierda,0,-363.03271484375,-157.256713867188
14,rodilla_izquierda,1,-371.0,-155.0
14,rodilla_izquierda,2,-375.0,-153.0
14,rodilla_izquierda,3,-375.0,-152.0
14,rodilla_izquierda,4,-374.252014160156,-151.991760253906
14,rodilla_izquierda,5,-376.0,-150.0
14,rodilla_izquierda,6,-374.293395996094,-150.739685058594
14,rodilla_izquierda,7,-372.260314941406,-148.627990722656
14,cadera_izquierda,0,-285.995361328125,-84.70703125
14,cadera_izquierda,1,-298.0,-84.0
14,cadera_izquierda,2,-310.0,-85.0
14,cadera_izquierda,3,-317.0,-82.0
14,cadera_izquierda,4,-321.0,-77.0
14,cadera_izquierda,5,-324.0,-74.0
14,cadera_izquierda,6,-324.260314941406,-66.7809448242188
14,cadera_izquierda,7,-327.0,-66.0
15,cadera_izquierda,0,-295.388122558594,-92.0233764648438
15,cadera_izquierda,1,-309.0,-93.0
15,cadera_izquierda,2,-319.0,-89.0
15,cadera_izquierda,3,-329.0,-88.0
15,cadera_izquierda,4,-334.0,-83.0
15,cadera_izquierda,5,-336.0,-78.0
15,cadera_izquierda,6,-336.528015136719,-78.5870361328125
15,cadera_izquierda,7,-337.0,-77.0
15,rodilla_izquierda,0,-373.635803222656,-165.564575195313
15,rodilla_izquierda,1,-385.058959960938,-163.0
15,rodilla_izquierda,2,-393.0,-163.0
15,rodilla_izquierda,3,-394.470520019531,-160.940979003906
15,rodilla_izquierda,4,-395.470458984375,-159.411499023438
15,rodilla_izquierda,5,-398.647399902344,-158.174011230469
15,rodilla_izquierda,6,-400.469055175781,-156.412963867188
15,rodilla_izquierda,7,-399.29931640625,-156.712341308594
15,tobillo_izquierdo,0,-390.256896972656,-254.350830078125
15,tobillo_izquierdo,1,-392.0,-254.0
15,tobillo_izquierdo,2,-395.0,-254.0
15,tobillo_izquierdo,3,-395.0,-254.0
15,tobillo_izquierdo,4,-396.0,-254.0
15,tobillo_izquierdo,5,-392.314514160156,-253.697509765625
15,tobillo_izquierdo,6,-395.831481933594,-253.471923828125
15,tobillo_izquierdo,7,-393.0,-253.0
15,talon_izquierdo,0,-376.099487304688,-269.924011230469
15,talon_izquierdo,1,-377.0,-269.0
15,talon_izquierdo,2,-378.0,-269.0
15,talon_izquierdo,3,-378.0,-269.0
15,talon_izquierdo,4,-378.0,-269.0
15,talon_izquierdo,5,-382.0,-269.0
15,talon_izquierdo,6,-382.0,-269.0
15,talon_izquierdo,7,-382.0,-269.0
15,punta_izquierda,0,-435.560791015625,-274.643188476563
15,punta_izquierda,1,-436.0,-274.0
15,punta_izquierda,2,-436.0,-274.0
15,punta_izquierda,3,-436.0,-274.0
15,punta_izquierda,4,-436.0,-274.0
15,punta_izquierda,5,-436.0,-274.0
15,punta_izquierda,6,-436.0,-274.0
15,punta_izquierda,7,-436.0,-274.0
16,punta_izquierda,0,-384.159240722656,-253.541931152344
16,punta_izquierda,1,-385.0,-253.0
16,punta_izquierda,2,-385.0,-253.0
16,punta_izquierda,3,-385.0,-253.0
16,punta_izquierda,4,-385.0,-253.0
16,punta_izquierda,5,-385.0,-253.0
16,punta_izquierda,6,-385.0,-253.0
16,punta_izquierda,7,-385.0,-253.0
16,punta_izquierda,8,-385.0,-253.0
16,punta_izquierda,9,-385.0,-253.0
16,talon_izquierdo,0,-328.305725097656,-250.168273925781
16,talon_izquierdo,1,-329.0,-250.0
16,talon_izquierdo,2,-329.0,-250.0
16,talon_izquierdo,3,-329.0,-250.0
16,talon_izquierdo,4,-329.0,-250.0
16,talon_izquierdo,5,-333.0,-250.0
16,talon_izquierdo,6,-329.0,-250.0
16,talon_izquierdo,7,-329.0,-250.0
16,talon_izquierdo,8,-329.0,-250.0
16,talon_izquierdo,9,-329.0,-250.0
16,tobillo_izquierdo,0,-336.927429199219,-234.049499511719
16,tobillo_izquierdo,1,-338.0,-234.0
16,tobillo_izquierdo,2,-341.0,-233.0
16,tobillo_izquierdo,3,-342.0,-233.0
16,tobillo_izquierdo,4,-342.0,-233.0
16,tobillo_izquierdo,5,-343.0,-234.0
16,tobillo_izquierdo,6,-343.0,-234.0
16,tobillo_izquierdo,7,-343.0,-234.0
16,tobillo_izquierdo,8,-343.0,-234.0
16,tobillo_izquierdo,9,-343.0,-234.0
16,rodilla_izquierda,0,-313.685302734375,-150.63818359375
16,rodilla_izquierda,1,-327.666381835938,-148.0
16,rodilla_izquierda,2,-336.999816894531,-147.999816894531
16,rodilla_izquierda,3,-340.0,-146.0
16,rodilla_izquierda,4,-340.0,-146.0
16,rodilla_izquierda,5,-339.0,-146.0
16,rodilla_izquierda,6,-338.333435058594,-145.002746582031
16,rodilla_izquierda,7,-336.001220703125,-144.998779296875
16,rodilla_izquierda,8,-330.001281738281,-147.00390625
16,rodilla_izquierda,9,-326.0,-146.0
16,cadera_izquierda,0,-242.35888671875,-85.9779663085938
16,cadera_izquierda,1,-253.0,-84.0
16,cadera_izquierda,2,-259.001647949219,-82.0016479492188
16,cadera_izquierda,3,-268.666748046875,-79.0004272460938
16,cadera_izquierda,4,-279.0,-80.0
16,cadera_izquierda,5,-282.0,-77.0
16,cadera_izquierda,6,-283.0,-76.0
16,cadera_izquierda,7,-279.667053222656,-72.0006103515625
16,cadera_izquierda,8,-281.0,-70.0
16,cadera_izquierda,9,-282.333618164063,-67.0003662109375
17,punta_izquierda,0,-365.517883300781,-258.415100097656
17,punta_izquierda,1,-366.0,-258.0
17,punta_izquierda,2,-366.0,-258.0
17,punta_izquierda,3,-366.0,-258.0
17,punta_izquierda,4,-366.0,-258.0
17,punta_izquierda,5,-366.0,-258.0
17,punta_izquierda,6,-366.0,-258.0
17,punta_izquierda,7,-366.0,-258.0
17,punta_izquierda,8,-366.0,-258.0
17,talon_izquierdo,0,-308.539855957031,-253.5419921875
17,talon_izquierdo,1,-309.0,-253.0
17,talon_izquierdo,2,-309.0,-253.0
17,talon_izquierdo,3,-309.0,-253.0
17,talon_izquierdo,4,-309.0,-253.0
17,talon_izquierdo,5,-313.0,-252.0
17,talon_izquierdo,6,-313.0,-252.0
17,talon_izquierdo,7,-313.0,-252.0
17,talon_izquierdo,8,-313.0,-252.0
17,tobillo_izquierdo,0,-319.785522460938,-238.172912597656
17,tobillo_izquierdo,1,-320.0,-238.0
17,tobillo_izquierdo,2,-321.0,-238.0
17,tobillo_izquierdo,3,-321.0,-238.0
17,tobillo_izquierdo,4,-323.0,-237.0
17,tobillo_izquierdo,5,-324.0,-237.0
17,tobillo_izquierdo,6,-324.0,-237.0
17,tobillo_izquierdo,7,-324.0,-237.0
17,tobillo_izquierdo,8,-324.0,-237.0
17,rodilla_izquierda,0,-291.896240234375,-151.703002929688
17,rodilla_izquierda,1,-302.0,-149.0
17,rodilla_izquierda,2,-309.0,-149.0
17,rodilla_izquierda,3,-310.834838867188,-147.495849609375
17,rodilla_izquierda,4,-311.0,-147.0
17,rodilla_izquierda,5,-308.504150390625,-144.520629882813
17,rodilla_izquierda,6,-307.2685546875,-141.739685058594
17,rodilla_izquierda,7,-307.0,-143.991821289063
17,rodilla_izquierda,8,-302.925659179688,-147.429809570313
17,cadera_izquierda,0,-215.606811523438,-85.884765625
17,cadera_izquierda,1,-228.0,-85.0
17,cadera_izquierda,2,-237.504150390625,-82.2520751953125
17,cadera_izquierda,3,-240.016540527344,-82.2438354492188
17,cadera_izquierda,4,-247.0,-79.0
17,cadera_izquierda,5,-249.0,-77.0
17,cadera_izquierda,6,-249.243835449219,-74.0
17,cadera_izquierda,7,-250.0,-73.0
17,cadera_izquierda,8,-251.0,-70.0
18,cadera_izquierda,0,-195.953063964844,-84.9903564453125
18,cadera_izquierda,1,-208.0,-84.0
18,cadera_izquierda,2,-219.0,-83.0
18,cadera_izquierda,3,-223.786376953125,-80.6740112304688
18,cadera_izquierda,4,-232.0,-79.0
18,cadera_izquierda,5,-236.0,-75.0
18,cadera_izquierda,6,-236.0,-72.0
18,cadera_izquierda,7,-235.0,-70.0
18,cadera_izquierda,8,-235.0,-67.0
18,rodilla_izquierda,0,-270.515686035156,-150.586547851563
18,rodilla_izquierda,1,-282.0,-147.0
18,rodilla_izquierda,2,-290.0,-147.0
18,rodilla_izquierda,3,-294.0,-148.0
18,rodilla_izquierda,4,-294.94384765625,-147.359558105469
18,rodilla_izquierda,5,-294.471923828125,-146.247253417969
18,rodilla_izquierda,6,-294.528015136719,-145.179565429688
18,rodilla_izquierda,7,-292.089721679688,-144.561218261719
18,rodilla_izquierda,8,-287.730651855469,-146.034057617188
18,tobillo_izquierdo,0,-290.639038085938,-236.530822753906
18,tobillo_izquierdo,1,-295.0,-235.0
18,tobillo_izquierdo,2,-297.0,-235.0
18,tobillo_izquierdo,3,-297.0,-235.0
18,tobillo_izquierdo,4,-297.0,-235.0
18,tobillo_izquierdo,5,-297.0,-235.0
18,tobillo_izquierdo,6,-297.0,-235.0
18,tobillo_izquierdo,7,-297.0,-235.0
18,tobillo_izquierdo,8,-297.0,-235.0
18,talon_izquierdo,0,-283.560363769531,-256.351318359375
18,talon_izquierdo,1,-284.0,-256.0
18,talon_izquierdo,2,-289.0,-255.0
18,talon_izquierdo,3,-289.0,-255.0
18,talon_izquierdo,4,-289.0,-255.0
18,talon_izquierdo,5,-289.0,-255.0
18,talon_izquierdo,6,-289.0,-255.0
18,talon_izquierdo,7,-289.0,-255.0
18,talon_izquierdo,8,-289.0,-255.0
18,punta_izquierda,0,-338.302490234375,-257.767028808594
18,punta_izquierda,1,-339.0,-257.0
18,punta_izquierda,2,-339.0,-257.0
18,punta_izquierda,3,-339.0,-257.0
18,punta_izquierda,4,-339.0,-257.0
18,punta_izquierda,5,-339.0,-257.0
18,punta_izquierda,6,-339.0,-257.0
18,punta_izquierda,7,-339.0,-257.0
18,punta_izquierda,8,-339.0,-257.0
19,punta_izquierda,0,-466.796936035156,-267.519775390625
19,punta_izquierda,1,-467.0,-267.0
19,punta_izquierda,2,-467.0,-267.0
19,punta_izquierda,3,-467.0,-267.0
19,punta_izquierda,4,-467.0,-267.0
19,punta_izquierda,5,-467.0,-267.0
19,punta_izquierda,6,-467.0,-267.0
19,punta_izquierda,7,-467.0,-267.0
19,punta_izquierda,8,-467.0,-267.0
19,punta_izquierda,9,-467.0,-267.0
19,punta_izquierda,10,-467.0,-267.0
19,talon_izquierdo,0,-409.695251464844,-260.441040039063
19,talon_izquierdo,1,-410.0,-260.0
19,talon_izquierdo,2,-410.0,-260.0
19,talon_izquierdo,3,-410.0,-260.0
19,talon_izquierdo,4,-410.0,-260.0
19,talon_izquierdo,5,-410.0,-260.0
19,talon_izquierdo,6,-410.0,-260.0
19,talon_izquierdo,7,-410.0,-260.0
19,talon_izquierdo,8,-410.0,-260.0
19,talon_izquierdo,9,-410.0,-260.0
19,talon_izquierdo,10,-410.0,-260.0
19,tobillo_izquierdo,0,-420.549255371094,-243.452087402344
19,tobillo_izquierdo,1,-422.0,-243.0
19,tobillo_izquierdo,2,-425.0,-243.0
19,tobillo_izquierdo,3,-426.0,-243.0
19,tobillo_izquierdo,4,-426.0,-242.0
19,tobillo_izquierdo,5,-426.0,-243.0
19,tobillo_izquierdo,6,-426.0,-243.0
19,tobillo_izquierdo,7,-426.0,-243.0
19,tobillo_izquierdo,8,-426.0,-243.0
19,tobillo_izquierdo,9,-426.0,-243.0
19,tobillo_izquierdo,10,-426.0,-243.0
19,rodilla_izquierda,0,-417.441772460938,-157.734130859375
19,rodilla_izquierda,1,-428.160827636719,-156.0
19,rodilla_izquierda,2,-432.160766601563,-153.482421875
19,rodilla_izquierda,3,-434.0,-153.482421875
19,rodilla_izquierda,4,-434.0,-155.0
19,rodilla_izquierda,5,-434.0,-154.0
19,rodilla_izquierda,6,-433.356750488281,-153.020141601563
19,rodilla_izquierda,7,-432.125549316406,-150.623107910156
19,rodilla_izquierda,8,-430.497497558594,-151.854309082031
19,rodilla_izquierda,9,-428.643188476563,-153.0
19,rodilla_izquierda,10,-427.482421875,-155.0
19,cadera_izquierda,0,-334.361206054688,-88.080810546875
19,cadera_izquierda,1,-344.643249511719,-90.8392333984375
19,cadera_izquierda,2,-356.608032226563,-91.1256103515625
19,cadera_izquierda,3,-363.643188476563,-90.482421875
19,cadera_izquierda,4,-370.0,-88.0
19,cadera_izquierda,5,-371.0,-85.0
19,cadera_izquierda,6,-371.0,-84.0
19,cadera_izquierda,7,-367.643188476563,-81.1608276367188
19,cadera_izquierda,8,-368.0,-81.0
19,cadera_izquierda,9,-363.411987304688,-83.196044921875
19,cadera_izquierda,10,-363.271240234375,-84.2311401367188
20,punta_izquierda,0,-420.846252441406,-259.709350585938
20,punta_izquierda,1,-421.0,-259.0
20,punta_izquierda,2,-421.0,-259.0
20,punta_izquierda,3,-421.0,-259.0
20,punta_izquierda,4,-421.0,-259.0
20,punta_izquierda,5,-421.0,-259.0
20,punta_izquierda,6,-421.0,-259.0
20,punta_izquierda,7,-421.0,-259.0
20,punta_izquierda,8,-421.0,-259.0
20,talon_izquierdo,0,-362.383544921875,-255.50341796875
20,talon_izquierdo,1,-363.0,-255.0
20,talon_izquierdo,2,-363.0,-255.0
20,talon_izquierdo,3,-364.0,-255.0
20,talon_izquierdo,4,-367.0,-255.0
20,talon_izquierdo,5,-367.0,-255.0
20,talon_izquierdo,6,-367.0,-255.0
20,talon_izquierdo,7,-367.0,-255.0
20,talon_izquierdo,8,-367.0,-255.0
20,tobillo_izquierdo,0,-375.842590332031,-240.361999511719
20,tobillo_izquierdo,1,-377.0,-240.0
20,tobillo_izquierdo,2,-380.0,-240.0
20,tobillo_izquierdo,3,-380.0,-240.0
20,tobillo_izquierdo,4,-381.0,-240.0
20,tobillo_izquierdo,5,-381.0,-240.0
20,tobillo_izquierdo,6,-381.0,-240.0
20,tobillo_izquierdo,7,-381.0,-240.0
20,tobillo_izquierdo,8,-381.0,-240.0
20,rodilla_izquierda,0,-356.686767578125,-158.973876953125
20,rodilla_izquierda,1,-366.0,-155.0
20,rodilla_izquierda,2,-372.0,-155.0
20,rodilla_izquierda,3,-373.666564941406,-153.332763671875
20,rodilla_izquierda,4,-375.0,-153.0
20,rodilla_izquierda,5,-375.666564941406,-152.002075195313
20,rodilla_izquierda,6,-374.001220703125,-151.666015625
20,rodilla_izquierda,7,-372.997131347656,-151.330505371094
20,rodilla_izquierda,8,-370.0,-151.0
20,cadera_izquierda,0,-280.028015136719,-94.3138427734375
20,cadera_izquierda,1,-291.333618164063,-94.6668090820313
20,cadera_izquierda,2,-301.000244140625,-93.0
20,cadera_izquierda,3,-309.333435058594,-92.333251953125
20,cadera_izquierda,4,-310.667053222656,-87.6668090820313
20,cadera_izquierda,5,-312.0,-84.0
20,cadera_izquierda,6,-310.333862304688,-84.6666259765625
20,cadera_izquierda,7,-307.333862304688,-83.0000610351563
20,cadera_izquierda,8,-308.667236328125,-79.6668090820313
21,punta_izquierda,0,-439.0,-245.0
21,punta_izquierda,1,-439.0,-245.0
21,punta_izquierda,2,-439.0,-245.0
21,punta_izquierda,3,-439.0,-245.0
21,punta_izquierda,4,-439.0,-245.0
21,punta_izquierda,5,-439.0,-245.0
21,punta_izquierda,6,-439.0,-245.0
21,punta_izquierda,7,-439.0,-245.0
21,punta_izquierda,8,-438.864196777344,-245.384887695313
21,talon_izquierdo,0,-382.303344726563,-239.831420898438
21,talon_izquierdo,1,-383.247253417969,-239.359497070313
21,talon_izquierdo,2,-383.247253417969,-237.94384765625
21,talon_izquierdo,3,-383.247253417969,-239.359619140625
21,talon_izquierdo,4,-385.134887695313,-238.415710449219
21,talon_izquierdo,5,-387.247253417969,-238.415710449219
21,talon_izquierdo,6,-384.8876953125,-238.415771484375
21,talon_izquierdo,7,-385.415710449219,-237.0
21,talon_izquierdo,8,-383.650085449219,-237.834228515625
21,tobillo_izquierdo,0,-394.775268554688,-225.168579101563
21,tobillo_izquierdo,1,-397.191101074219,-225.168518066406
21,tobillo_izquierdo,2,-398.134948730469,-224.224670410156
21,tobillo_izquierdo,3,-397.662902832031,-224.696594238281
21,tobillo_izquierdo,4,-396.8876953125,-223.752746582031
21,tobillo_izquierdo,5,-397.415771484375,-224.224670410156
21,tobillo_izquierdo,6,-397.8876953125,-224.224670410156
21,tobillo_izquierdo,7,-398.415710449219,-223.752807617188
21,tobillo_izquierdo,8,-396.807556152344,-228.452087402344
21,rodilla_izquierda,0,-383.214050292969,-144.325622558594
21,rodilla_izquierda,1,-392.0,-143.295043945313
21,rodilla_izquierda,2,-397.0,-142.588500976563
21,rodilla_izquierda,3,-399.058959960938,-142.0
21,rodilla_izquierda,4,-400.0,-142.0
21,rodilla_izquierda,5,-399.0,-142.0
21,rodilla_izquierda,6,-400.705017089844,-140.001403808594
21,rodilla_izquierda,7,-400.822998046875,-138.758178710938
21,rodilla_izquierda,8,-401.474853515625,-138.827392578125
21,cadera_izquierda,0,-319.439819335938,-81.0219116210938
21,cadera_izquierda,1,-328.940979003906,-85.2949829101563
21,cadera_izquierda,2,-336.234558105469,-82.1769409179688
21,cadera_izquierda,3,-342.882019042969,-78.9410400390625
21,cadera_izquierda,4,-344.352478027344,-77.1180419921875
21,cadera_izquierda,5,-344.940979003906,-74.0590209960938
21,cadera_izquierda,6,-348.177001953125,-74.1180419921875
21,cadera_izquierda,7,-349.058959960938,-74.5885009765625
21,cadera_izquierda,8,-350.411499023438,-73.529541015625
22,punta_izquierda,0,-387.237731933594,-263.894287109375
22,punta_izquierda,1,-388.0,-263.0
22,punta_izquierda,2,-388.0,-263.0
22,punta_izquierda,3,-388.0,-263.0
22,punta_izquierda,4,-388.0,-263.0
22,punta_izquierda,5,-388.0,-263.0
22,punta_izquierda,6,-388.0,-263.0
22,punta_izquierda,7,-388.0,-263.0
22,punta_izquierda,8,-388.0,-263.0
22,punta_izquierda,9,-388.0,-263.0
22,punta_izquierda,10,-388.0,-263.0
22,talon_izquierdo,0,-328.421203613281,-263.300170898438
22,talon_izquierdo,1,-330.188232421875,-258.841247558594
22,talon_izquierdo,2,-330.247192382813,-257.84130859375
22,talon_izquierdo,3,-331.0,-257.0
22,talon_izquierdo,4,-331.0,-257.0
22,talon_izquierdo,5,-331.0,-257.0
22,talon_izquierdo,6,-331.0,-257.0
22,talon_izquierdo,7,-331.0,-257.0
22,talon_izquierdo,8,-331.0,-257.0
22,talon_izquierdo,9,-331.0,-257.0
22,talon_izquierdo,10,-331.0,-257.0
22,tobillo_izquierdo,0,-336.738708496094,-243.100646972656
22,tobillo_izquierdo,1,-343.0,-241.0
22,tobillo_izquierdo,2,-344.0,-241.0
22,tobillo_izquierdo,3,-348.0,-242.0
22,tobillo_izquierdo,4,-348.0,-242.0
22,tobillo_izquierdo,5,-349.0,-242.0
22,tobillo_izquierdo,6,-349.0,-242.0
22,tobillo_izquierdo,7,-349.0,-242.0
22,tobillo_izquierdo,8,-349.0,-242.0
22,tobillo_izquierdo,9,-350.0,-242.0
22,tobillo_izquierdo,10,-350.0,-242.0
22,rodilla_izquierda,0,-308.05615234375,-153.712768554688
22,rodilla_izquierda,1,-323.029479980469,-152.058959960938
22,rodilla_izquierda,2,-333.970458984375,-151.37646484375
22,rodilla_izquierda,3,-341.405883789063,-151.970581054688
22,rodilla_izquierda,4,-346.0,-151.0
22,rodilla_izquierda,5,-346.405944824219,-150.841247558594
22,rodilla_izquierda,6,-348.0,-150.0
22,rodilla_izquierda,7,-349.841247558594,-150.564636230469
22,rodilla_izquierda,8,-352.170104980469,-153.628295898438
22,rodilla_izquierda,9,-352.170104980469,-153.657775878906
22,rodilla_izquierda,10,-352.623596191406,-155.539916992188
22,cadera_izquierda,0,-240.734008789063,-87.1729125976563
22,cadera_izquierda,1,-251.0,-88.0
22,cadera_izquierda,2,-269.0,-91.0
22,cadera_izquierda,3,-272.711975097656,-87.900146484375
22,cadera_izquierda,4,-281.405883789063,-85.6235961914063
22,cadera_izquierda,5,-287.0,-85.0
22,cadera_izquierda,6,-290.0,-84.0
22,cadera_izquierda,7,-292.188171386719,-85.7822875976563
22,cadera_izquierda,8,-292.405883789063,-88.5646362304688
22,cadera_izquierda,9,-294.435363769531,-88.7823486328125
22,cadera_izquierda,10,-290.711975097656,-91.1587524414063
38,punta_izquierda,0,2.37152099609375,-314.797607421875
38,punta_izquierda,1,-1.30340576171875,-316.359558105469
38,punta_izquierda,2,-2.7191162109375,-317.359558105469
38,punta_izquierda,3,-4.6068115234375,-314.943786621094
38,punta_izquierda,4,-2.71917724609375,-316.359619140625
38,punta_izquierda,5,-3.1910400390625,-316.83154296875
38,punta_izquierda,6,-1.30340576171875,-316.359619140625
38,punta_izquierda,7,-4.1348876953125,-317.303405761719
38,punta_izquierda,8,-1.77532958984375,-316.831481933594
38,punta_izquierda,9,-3.66302490234375,-315.8876953125
38,punta_izquierda,10,-3.66302490234375,-317.303466796875
38,punta_izquierda,11,-4.1348876953125,-317.303405761719
38,punta_izquierda,12,-3.19110107421875,-315.8876953125
38,talon_izquierdo,0,53.7327880859375,-305.266662597656
38,talon_izquierdo,1,52.0,-305.0
38,talon_izquierdo,2,49.0,-305.0
38,talon_izquierdo,3,49.0,-305.0
38,talon_izquierdo,4,49.0,-305.0
38,talon_izquierdo,5,51.7752685546875,-303.584228515625
38,talon_izquierdo,6,51.471923828125,-303.471923828125
38,talon_izquierdo,7,51.0,-303.0
38,talon_izquierdo,8,51.0,-303.0
38,talon_izquierdo,9,51.0,-301.112365722656
38,talon_izquierdo,10,51.0,-298.1123046875
38,talon_izquierdo,11,50.0562133789063,-292.808959960938
38,talon_izquierdo,12,47.0,-291.0
38,tobillo_izquierdo,0,47.9083251953125,-292.558715820313
38,tobillo_izquierdo,1,45.94384765625,-291.471862792969
38,tobillo_izquierdo,2,43.94384765625,-290.584228515625
38,tobillo_izquierdo,3,43.0,-290.0
38,tobillo_izquierdo,4,42.0,-290.0
38,tobillo_izquierdo,5,42.0,-290.0
38,tobillo_izquierdo,6,42.471923828125,-289.528076171875
38,tobillo_izquierdo,7,42.0,-289.0
38,tobillo_izquierdo,8,41.0,-289.0
38,tobillo_izquierdo,9,40.0,-289.0
38,tobillo_izquierdo,10,38.471923828125,-284.224670410156
38,tobillo_izquierdo,11,36.0,-283.0
38,tobillo_izquierdo,12,34.3034057617188,-281.584289550781
38,rodilla_izquierda,0,69.460693359375,-223.567443847656
38,rodilla_izquierda,1,50.4058837890625,-218.158752441406
38,rodilla_izquierda,2,35.2177124023438,-217.346923828125
38,rodilla_izquierda,3,25.0,-216.0
38,rodilla_izquierda,4,16.4058837890625,-215.811767578125
38,rodilla_izquierda,5,10.0,-214.811767578125
38,rodilla_izquierda,6,3.0,-217.0
38,rodilla_izquierda,7,-4.0,-220.0
38,rodilla_izquierda,8,-9.11785888671875,-223.623596191406
38,rodilla_izquierda,9,-13.9163208007813,-228.233764648438
38,rodilla_izquierda,10,-21.4353637695313,-231.970520019531
38,rodilla_izquierda,11,-27.276611328125,-236.129272460938
38,rodilla_izquierda,12,-33.9002075195313,-241.723388671875
38,cadera_izquierda,0,207.840087890625,-172.315551757813
38,cadera_izquierda,1,190.328857421875,-173.564636230469
38,cadera_izquierda,2,173.0,-177.0
38,cadera_izquierda,3,166.664428710938,-175.770935058594
38,cadera_izquierda,4,153.0,-176.0
38,cadera_izquierda,5,137.2470703125,-173.405883789063
38,cadera_izquierda,6,127.217651367188,-172.058898925781
38,cadera_izquierda,7,117.0,-170.623596191406
38,cadera_izquierda,8,108.188232421875,-168.029479980469
38,cadera_izquierda,9,96.188232421875,-167.435363769531
38,cadera_izquierda,10,84.564697265625,-170.0
38,cadera_izquierda,11,76.15869140625,-171.376403808594
38,cadera_izquierda,12,68.53515625,-170.782348632813
24,punta_izquierda,0,-345.391845703125,-303.452087402344
24,punta_izquierda,1,-346.0,-303.0
24,punta_izquierda,2,-346.0,-303.0
24,punta_izquierda,3,-346.0,-303.0
24,punta_izquierda,4,-346.0,-303.0
24,punta_izquierda,5,-346.0,-303.0
24,punta_izquierda,6,-346.0,-303.0
24,punta_izquierda,7,-346.0,-303.0
24,punta_izquierda,8,-346.0,-303.0
24,punta_izquierda,9,-346.0,-303.0
24,punta_izquierda,10,-346.0,-303.0
24,punta_izquierda,11,-346.0,-303.0
24,talon_izquierdo,0,-279.795593261719,-294.485717773438
24,talon_izquierdo,1,-281.0,-294.0
24,talon_izquierdo,2,-283.0,-293.0
24,talon_izquierdo,3,-283.0,-293.0
24,talon_izquierdo,4,-283.0,-293.0
24,talon_izquierdo,5,-284.0,-293.0
24,talon_izquierdo,6,-284.0,-293.0
24,talon_izquierdo,7,-284.0,-293.0
24,talon_izquierdo,8,-285.0,-293.0
24,talon_izquierdo,9,-285.0,-293.0
24,talon_izquierdo,10,-287.0,-292.0
24,talon_izquierdo,11,-288.0,-291.0
24,tobillo_izquierdo,0,-294.896911621094,-280.800170898438
24,tobillo_izquierdo,1,-296.0,-280.0
24,tobillo_izquierdo,2,-298.0,-279.0
24,tobillo_izquierdo,3,-299.0,-279.0
24,tobillo_izquierdo,4,-299.0,-279.0
24,tobillo_izquierdo,5,-300.887634277344,-279.0
24,tobillo_izquierdo,6,-302.775329589844,-279.471923828125
24,tobillo_izquierdo,7,-303.247253417969,-280.415771484375
24,tobillo_izquierdo,8,-304.719116210938,-279.471923828125
24,tobillo_izquierdo,9,-305.719116210938,-281.359558105469
24,tobillo_izquierdo,10,-306.247253417969,-279.0
24,tobillo_izquierdo,11,-308.662963867188,-278.94384765625
24,rodilla_izquierda,0,-306.872680664063,-196.937133789063
24,rodilla_izquierda,1,-317.0,-196.0
24,rodilla_izquierda,2,-325.15869140625,-193.841186523438
24,rodilla_izquierda,3,-331.188232421875,-191.435363769531
24,rodilla_izquierda,4,-337.37646484375,-190.029541015625
24,rodilla_izquierda,5,-344.158752441406,-191.623596191406
24,rodilla_izquierda,6,-349.376403808594,-192.188232421875
24,rodilla_izquierda,7,-354.140686035156,-193.8935546875
24,rodilla_izquierda,8,-359.764282226563,-196.081787109375
24,rodilla_izquierda,9,-363.011413574219,-199.081787109375
24,rodilla_izquierda,10,-369.063659667969,-199.263244628906
24,rodilla_izquierda,11,-375.787048339844,-202.304138183594
24,cadera_izquierda,0,-196.368957519531,-139.308837890625
24,cadera_izquierda,1,-207.594177246094,-141.376403808594
24,cadera_izquierda,2,-216.959106445313,-138.959106445313
24,cadera_izquierda,3,-226.37646484375,-140.37646484375
24,cadera_izquierda,4,-239.453430175781,-138.047546386719
24,cadera_izquierda,5,-253.077026367188,-131.1064453125
24,cadera_izquierda,6,-263.723388671875,-126.682495117188
24,cadera_izquierda,7,-279.158752441406,-123.235717773438
24,cadera_izquierda,8,-289.0,-123.0
24,cadera_izquierda,9,-297.0,-123.0
24,cadera_izquierda,10,-303.0,-122.0
24,cadera_izquierda,11,-308.0,-118.0
25,punta_izquierda,0,-248.38671875,-300.688354492188
25,punta_izquierda,1,-249.0,-300.0
25,punta_izquierda,2,-249.0,-300.0
25,punta_izquierda,3,-249.0,-300.0
25,punta_izquierda,4,-249.0,-300.0
25,punta_izquierda,5,-249.0,-300.0
25,punta_izquierda,6,-249.0,-300.0
25,punta_izquierda,7,-249.0,-300.0
25,punta_izquierda,8,-249.0,-300.0
25,punta_izquierda,9,-249.0,-300.0
25,punta_izquierda,10,-249.0,-300.0
25,punta_izquierda,11,-249.0,-300.0
25,talon_izquierdo,0,-186.964965820313,-292.216430664063
25,talon_izquierdo,1,-187.0,-292.0
25,talon_izquierdo,2,-188.0,-292.0
25,talon_izquierdo,3,-189.0,-291.0
25,talon_izquierdo,4,-189.0,-291.0
25,talon_izquierdo,5,-189.0,-291.0
25,talon_izquierdo,6,-190.0,-291.0
25,talon_izquierdo,7,-190.0,-291.0
25,talon_izquierdo,8,-190.0,-291.0
25,talon_izquierdo,9,-192.0,-290.0
25,talon_izquierdo,10,-194.0,-289.0
25,talon_izquierdo,11,-196.404479980469,-282.831359863281
25,tobillo_izquierdo,0,-201.261413574219,-278.97900390625
25,tobillo_izquierdo,1,-203.0,-278.0
25,tobillo_izquierdo,2,-204.0,-277.0
25,tobillo_izquierdo,3,-204.106689453125,-275.808959960938
25,tobillo_izquierdo,4,-205.0,-275.0
25,tobillo_izquierdo,5,-206.0,-275.0
25,tobillo_izquierdo,6,-206.0,-275.0
25,tobillo_izquierdo,7,-206.0,-275.0
25,tobillo_izquierdo,8,-207.0,-275.0
25,tobillo_izquierdo,9,-207.702209472656,-273.404479980469
25,tobillo_izquierdo,10,-210.0,-272.0
25,tobillo_izquierdo,11,-213.0,-270.0
25,rodilla_izquierda,0,-225.779541015625,-194.261291503906
25,rodilla_izquierda,1,-233.0,-194.0
25,rodilla_izquierda,2,-240.594055175781,-192.217651367188
25,rodilla_izquierda,3,-245.405883789063,-189.811828613281
25,rodilla_izquierda,4,-250.0,-189.0
25,rodilla_izquierda,5,-254.0,-189.0
25,rodilla_izquierda,6,-259.0,-189.0
25,rodilla_izquierda,7,-263.0,-189.0
25,rodilla_izquierda,8,-268.0,-190.0
25,rodilla_izquierda,9,-269.387817382813,-193.310791015625
25,rodilla_izquierda,10,-274.653076171875,-189.317504882813
25,rodilla_izquierda,11,-281.276611328125,-187.417236328125
25,cadera_izquierda,0,-117.05810546875,-136.038940429688
25,cadera_izquierda,1,-128.0,-136.0
25,cadera_izquierda,2,-138.800415039063,-136.988586425781
25,cadera_izquierda,3,-149.0,-135.0
25,cadera_izquierda,4,-158.0,-131.0
25,cadera_izquierda,5,-166.0,-126.0
25,cadera_izquierda,6,-181.46484375,-121.147338867188
25,cadera_izquierda,7,-191.0,-117.0
25,cadera_izquierda,8,-201.970520019531,-111.435363769531
25,cadera_izquierda,9,-209.0,-108.0
25,cadera_izquierda,10,-214.0,-104.0
25,cadera_izquierda,11,-216.0,-98.0
26,punta_izquierda,0,-273.181274414063,-310.138671875
26,punta_izquierda,1,-274.0,-310.0
26,punta_izquierda,2,-274.0,-310.0
26,punta_izquierda,3,-274.0,-310.0
26,punta_izquierda,4,-274.0,-310.0
26,punta_izquierda,5,-274.0,-310.0
26,punta_izquierda,6,-274.0,-310.0
26,punta_izquierda,7,-274.0,-310.0
26,punta_izquierda,8,-274.0,-310.0
26,punta_izquierda,9,-274.0,-310.0
26,punta_izquierda,10,-274.0,-310.0
26,punta_izquierda,11,-274.0,-310.0
26,talon_izquierdo,0,-209.250793457031,-300.885559082031
26,talon_izquierdo,1,-210.0,-300.0
26,talon_izquierdo,2,-211.0,-300.0
26,talon_izquierdo,3,-212.0,-299.0
26,talon_izquierdo,4,-212.0,-299.0
26,talon_izquierdo,5,-212.0,-299.0
26,talon_izquierdo,6,-214.261840820313,-298.158813476563
26,talon_izquierdo,7,-215.841186523438,-295.055847167969
26,talon_izquierdo,8,-217.261779785156,-293.373413085938
26,talon_izquierdo,9,-220.0,-292.0
26,talon_izquierdo,10,-222.0,-290.579467773438
26,talon_izquierdo,11,-225.0,-289.0
26,tobillo_izquierdo,0,-220.606872558594,-285.744140625
26,tobillo_izquierdo,1,-223.476440429688,-284.738220214844
26,tobillo_izquierdo,2,-224.055847167969,-284.158813476563
26,tobillo_izquierdo,3,-225.476440429688,-284.158813476563
26,tobillo_izquierdo,4,-227.579467773438,-283.738220214844
26,tobillo_izquierdo,5,-228.579467773438,-284.158813476563
26,tobillo_izquierdo,6,-230.0,-284.158813476563
26,tobillo_izquierdo,7,-229.89697265625,-283.158813476563
26,tobillo_izquierdo,8,-232.897033691406,-280.897033691406
26,tobillo_izquierdo,9,-234.897033691406,-279.055847167969
26,tobillo_izquierdo,10,-237.055847167969,-278.055786132813
26,tobillo_izquierdo,11,-241.897033691406,-274.952880859375
26,rodilla_izquierda,0,-231.954406738281,-203.1728515625
26,rodilla_izquierda,1,-243.0,-200.623596191406
26,rodilla_izquierda,2,-249.594116210938,-200.811767578125
26,rodilla_izquierda,3,-256.0,-200.0
26,rodilla_izquierda,4,-261.782287597656,-197.653015136719
26,rodilla_izquierda,5,-270.0,-198.0
26,rodilla_izquierda,6,-278.594116210938,-201.188232421875
26,rodilla_izquierda,7,-288.594116210938,-206.752868652344
26,rodilla_izquierda,8,-295.705322265625,-207.9638671875
26,rodilla_izquierda,9,-303.653076171875,-207.505676269531
26,rodilla_izquierda,10,-309.276611328125,-207.69384765625
26,rodilla_izquierda,11,-317.594116210938,-204.811828613281
26,cadera_izquierda,0,-112.944946289063,-142.574096679688
26,cadera_izquierda,1,-126.594055175781,-142.029479980469
26,cadera_izquierda,2,-135.08837890625,-141.029479980469
26,cadera_izquierda,3,-148.0,-141.0
26,cadera_izquierda,4,-157.5712890625,-137.265197753906
26,cadera_izquierda,5,-169.782348632813,-130.217651367188
26,cadera_izquierda,6,-180.782287597656,-123.217712402344
26,cadera_izquierda,7,-195.564636230469,-116.435424804688
26,cadera_izquierda,8,-207.782348632813,-113.405883789063
26,cadera_izquierda,9,-217.0,-112.0
26,cadera_izquierda,10,-228.346923828125,-113.37646484375
26,cadera_izquierda,11,-234.0,-111.0
27,punta_izquierda,0,-213.905456542969,-308.314819335938
27,punta_izquierda,1,-214.0,-308.0
27,punta_izquierda,2,-214.0,-308.0
27,punta_izquierda,3,-214.0,-308.0
27,punta_izquierda,4,-214.0,-308.0
27,punta_izquierda,5,-214.0,-308.0
27,punta_izquierda,6,-214.0,-308.0
27,punta_izquierda,7,-214.0,-308.0
27,punta_izquierda,8,-214.0,-308.0
27,punta_izquierda,9,-214.0,-308.0
27,punta_izquierda,10,-214.0,-308.0
27,punta_izquierda,11,-214.0,-308.0
27,talon_izquierdo,0,-150.179992675781,-306.815368652344
27,talon_izquierdo,1,-152.0,-306.0
27,talon_izquierdo,2,-154.0,-305.0
27,talon_izquierdo,3,-154.0,-305.0
27,talon_izquierdo,4,-154.0,-305.0
27,talon_izquierdo,5,-155.0,-305.0
27,talon_izquierdo,6,-155.0,-305.0
27,talon_izquierdo,7,-155.0,-305.0
27,talon_izquierdo,8,-155.0,-305.0
27,talon_izquierdo,9,-155.250244140625,-302.750915527344
27,talon_izquierdo,10,-155.750854492188,-299.876586914063
27,talon_izquierdo,11,-158.623962402344,-296.00341796875
27,tobillo_izquierdo,0,-162.550231933594,-292.570861816406
27,tobillo_izquierdo,1,-165.0,-291.0
27,tobillo_izquierdo,2,-166.0,-291.0
27,tobillo_izquierdo,3,-166.000061035156,-291.625122070313
27,tobillo_izquierdo,4,-167.0,-291.749694824219
27,tobillo_izquierdo,5,-165.875427246094,-291.374877929688
27,tobillo_izquierdo,6,-167.374816894531,-291.250305175781
27,tobillo_izquierdo,7,-167.374816894531,-292.124572753906
27,tobillo_izquierdo,8,-167.001159667969,-292.374816894531
27,tobillo_izquierdo,9,-168.25146484375,-290.875427246094
27,tobillo_izquierdo,10,-171.251403808594,-288.125732421875
27,tobillo_izquierdo,11,-174.501708984375,-286.001159667969
27,rodilla_izquierda,0,-163.007446289063,-215.482360839844
27,rodilla_izquierda,1,-175.666809082031,-209.000366210938
27,rodilla_izquierda,2,-184.0,-207.000366210938
27,rodilla_izquierda,3,-191.666381835938,-204.667419433594
27,rodilla_izquierda,4,-195.999572753906,-201.667846679688
27,rodilla_izquierda,5,-199.999389648438,-204.667602539063
27,rodilla_izquierda,6,-204.0,-207.0
27,rodilla_izquierda,7,-209.0,-209.0
27,rodilla_izquierda,8,-211.662231445313,-214.325378417969
27,rodilla_izquierda,9,-217.997375488281,-219.329711914063
27,rodilla_izquierda,10,-224.6669921875,-216.999633789063
27,rodilla_izquierda,11,-228.001220703125,-222.331787109375
27,cadera_izquierda,0,-58.0,-154.0
27,cadera_izquierda,1,-66.747802734375,-155.873046875
27,cadera_izquierda,2,-75.3352661132813,-153.668212890625
27,cadera_izquierda,3,-88.0,-153.0
27,cadera_izquierda,4,-97.3333740234375,-153.666381835938
27,cadera_izquierda,5,-106.0,-150.0
27,cadera_izquierda,6,-117.001037597656,-145.668884277344
27,cadera_izquierda,7,-123.0,-143.0
27,cadera_izquierda,8,-128.0,-140.0
27,cadera_izquierda,9,-137.0,-141.0
27,cadera_izquierda,10,-142.0,-137.0
27,cadera_izquierda,11,-145.6669921875,-134.3330078125
28,punta_izquierda,0,-222.0,-308.0
28,punta_izquierda,1,-221.627990722656,-308.070434570313
28,punta_izquierda,2,-222.0,-308.0
28,punta_izquierda,3,-222.0,-308.0
28,punta_izquierda,4,-222.0,-308.0
28,punta_izquierda,5,-222.0,-308.0
28,punta_izquierda,6,-222.0,-308.0
28,punta_izquierda,7,-222.0,-308.0
28,punta_izquierda,8,-222.0,-308.0
28,punta_izquierda,9,-222.0,-308.0
28,punta_izquierda,10,-222.0,-308.0
28,talon_izquierdo,0,-159.0,-302.0
28,talon_izquierdo,1,-158.391357421875,-302.0478515625
28,talon_izquierdo,2,-159.0,-302.0
28,talon_izquierdo,3,-159.0,-302.0
28,talon_izquierdo,4,-159.0,-302.0
28,talon_izquierdo,5,-159.0,-302.0
28,talon_izquierdo,6,-160.415710449219,-300.584228515625
28,talon_izquierdo,7,-161.0,-300.0
28,talon_izquierdo,8,-161.0,-300.0
28,talon_izquierdo,9,-162.0,-300.0
28,talon_izquierdo,10,-162.0,-300.0
28,tobillo_izquierdo,0,-172.0,-285.0
28,tobillo_izquierdo,1,-172.076904296875,-285.890380859375
28,tobillo_izquierdo,2,-173.0,-285.0
28,tobillo_izquierdo,3,-173.0,-285.0
28,tobillo_izquierdo,4,-174.0,-285.0
28,tobillo_izquierdo,5,-174.0,-285.0
28,tobillo_izquierdo,6,-175.0,-285.0
28,tobillo_izquierdo,7,-175.0,-285.0
28,tobillo_izquierdo,8,-176.0,-285.0
28,tobillo_izquierdo,9,-176.0,-285.0
28,tobillo_izquierdo,10,-176.0,-285.0
28,rodilla_izquierda,0,-182.58251953125,-199.231689453125
28,rodilla_izquierda,1,-191.0,-199.0
28,rodilla_izquierda,2,-196.0,-197.0
28,rodilla_izquierda,3,-199.0,-197.0
28,rodilla_izquierda,4,-203.0,-193.0
28,rodilla_izquierda,5,-208.0,-193.0
28,rodilla_izquierda,6,-214.0,-193.0
28,rodilla_izquierda,7,-219.231140136719,-194.638305664063
28,rodilla_izquierda,8,-221.819152832031,-197.100708007813
28,rodilla_izquierda,9,-223.643249511719,-195.427185058594
28,rodilla_izquierda,10,-225.0,-191.0
28,cadera_izquierda,0,-78.5220336914063,-139.648681640625
28,cadera_izquierda,1,-92.517578125,-138.517578125
28,cadera_izquierda,2,-105.517578125,-138.517639160156
28,cadera_izquierda,3,-115.0,-133.0
28,cadera_izquierda,4,-125.537658691406,-123.859313964844
28,cadera_izquierda,5,-135.180908203125,-114.98486328125
28,cadera_izquierda,6,-148.0,-110.0
28,cadera_izquierda,7,-157.0,-105.0
28,cadera_izquierda,8,-165.0,-98.803955078125
28,cadera_izquierda,9,-172.0,-96.0
28,cadera_izquierda,10,-178.0,-94.0
29,punta_izquierda,0,-226.188720703125,-306.074768066406
29,punta_izquierda,1,-227.0,-306.0
29,punta_izquierda,2,-227.0,-306.0
29,punta_izquierda,3,-227.0,-306.0
29,punta_izquierda,4,-227.0,-306.0
29,punta_izquierda,5,-227.0,-306.0
29,punta_izquierda,6,-227.0,-306.0
29,punta_izquierda,7,-227.0,-306.0
29,punta_izquierda,8,-227.0,-306.0
29,punta_izquierda,9,-227.0,-306.0
29,punta_izquierda,10,-227.0,-306.0
29,punta_izquierda,11,-227.0,-306.0
29,punta_izquierda,12,-227.0,-306.0
29,talon_izquierdo,0,-165.050170898438,-295.383850097656
29,talon_izquierdo,1,-166.0,-295.0
29,talon_izquierdo,2,-166.0,-295.0
29,talon_izquierdo,3,-167.0,-295.0
29,talon_izquierdo,4,-167.0,-295.0
29,talon_izquierdo,5,-167.0,-295.0
29,talon_izquierdo,6,-167.0,-295.0
29,talon_izquierdo,7,-167.0,-295.0
29,talon_izquierdo,8,-167.0,-295.0
29,talon_izquierdo,9,-168.002258300781,-290.656799316406
29,talon_izquierdo,10,-168.329528808594,-287.986389160156
29,talon_izquierdo,11,-172.661376953125,-283.650024414063
29,talon_izquierdo,12,-177.32275390625,-276.304565429688
29,tobillo_izquierdo,0,-175.407043457031,-281.35205078125
29,tobillo_izquierdo,1,-176.995422363281,-281.334106445313
29,tobillo_izquierdo,2,-179.0,-281.0
29,tobillo_izquierdo,3,-180.0,-281.0
29,tobillo_izquierdo,4,-180.0,-281.0
29,tobillo_izquierdo,5,-181.0,-281.0
29,tobillo_izquierdo,6,-181.0,-281.0
29,tobillo_izquierdo,7,-182.0,-281.0
29,tobillo_izquierdo,8,-181.32958984375,-279.997680664063
29,tobillo_izquierdo,9,-180.32275390625,-279.331848144531
29,tobillo_izquierdo,10,-185.320495605469,-275.656860351563
29,tobillo_izquierdo,11,-190.325012207031,-273.329528808594
29,tobillo_izquierdo,12,-195.318237304688,-269.659118652344
29,rodilla_izquierda,0,-193.011352539063,-203.644592285156
29,rodilla_izquierda,1,-202.0,-204.0
29,rodilla_izquierda,2,-209.0,-204.0
29,rodilla_izquierda,3,-215.332946777344,-202.333801269531
29,rodilla_izquierda,4,-220.666381835938,-203.000183105469
29,rodilla_izquierda,5,-227.666809082031,-204.999816894531
29,rodilla_izquierda,6,-235.333374023438,-207.332946777344
29,rodilla_izquierda,7,-242.329711914063,-210.995910644531
29,rodilla_izquierda,8,-249.663269042969,-215.3291015625
29,rodilla_izquierda,9,-257.661437988281,-217.992553710938
29,rodilla_izquierda,10,-264.995239257813,-220.657958984375
29,rodilla_izquierda,11,-275.337951660156,-224.663330078125
29,rodilla_izquierda,12,-285.671997070313,-230.995300292969
29,cadera_izquierda,0,-81.0228271484375,-154.98291015625
29,cadera_izquierda,1,-94.333740234375,-155.0
29,cadera_izquierda,2,-107.333374023438,-157.333190917969
29,cadera_izquierda,3,-120.0,-158.0
29,cadera_izquierda,4,-131.0,-157.0
29,cadera_izquierda,5,-136.000793457031,-152.000854492188
29,cadera_izquierda,6,-150.3330078125,-149.000183105469
29,cadera_izquierda,7,-163.333190917969,-145.333618164063
29,cadera_izquierda,8,-174.0,-146.0
29,cadera_izquierda,9,-183.0,-148.0
29,cadera_izquierda,10,-189.333801269531,-147.666381835938
29,cadera_izquierda,11,-198.333435058594,-146.000183105469
29,cadera_izquierda,12,-209.0,-147.0
30,punta_izquierda,0,-143.661682128906,-297.612976074219
30,punta_izquierda,1,-144.0,-297.0
30,punta_izquierda,2,-144.0,-297.0
30,punta_izquierda,3,-144.0,-297.0
30,punta_izquierda,4,-144.0,-297.0
30,punta_izquierda,5,-144.0,-297.0
30,punta_izquierda,6,-144.0,-297.0
30,punta_izquierda,7,-144.0,-297.0
30,punta_izquierda,8,-144.0,-297.0
30,punta_izquierda,9,-144.0,-297.0
30,talon_izquierdo,0,-88.2216186523438,-289.483703613281
30,talon_izquierdo,1,-89.0,-289.0
30,talon_izquierdo,2,-89.0,-289.0
30,talon_izquierdo,3,-90.0,-289.0
30,talon_izquierdo,4,-90.0,-289.0
30,talon_izquierdo,5,-90.0,-289.0
30,talon_izquierdo,6,-90.0,-289.0
30,talon_izquierdo,7,-90.0,-289.0
30,talon_izquierdo,8,-91.0,-289.0
30,talon_izquierdo,9,-93.0,-288.0
30,tobillo_izquierdo,0,-97.9155883789063,-275.631042480469
30,tobillo_izquierdo,1,-98.0,-275.0
30,tobillo_izquierdo,2,-99.0,-275.0
30,tobillo_izquierdo,3,-99.0,-275.0
30,tobillo_izquierdo,4,-99.0,-275.0
30,tobillo_izquierdo,5,-99.0,-275.0
30,tobillo_izquierdo,6,-99.0,-275.0
30,tobillo_izquierdo,7,-100.0,-275.0
30,tobillo_izquierdo,8,-100.0,-275.0
30,tobillo_izquierdo,9,-102.0,-274.0
30,rodilla_izquierda,0,-126.403747558594,-191.574584960938
30,rodilla_izquierda,1,-129.0,-190.0
30,rodilla_izquierda,2,-133.775329589844,-188.640380859375
30,rodilla_izquierda,3,-135.0,-188.0
30,rodilla_izquierda,4,-137.0,-188.0
30,rodilla_izquierda,5,-139.0,-190.0
30,rodilla_izquierda,6,-139.640441894531,-190.303405761719
30,rodilla_izquierda,7,-141.045104980469,-191.1689453125
30,rodilla_izquierda,8,-143.224670410156,-185.191101074219
30,rodilla_izquierda,9,-145.561706542969,-181.988952636719
30,cadera_izquierda,0,-21.1666870117188,-138.720092773438
30,cadera_izquierda,1,-31.37060546875,-132.067199707031
30,cadera_izquierda,2,-39.0,-129.0
30,cadera_izquierda,3,-46.0,-123.0
30,cadera_izquierda,4,-55.8314819335938,-116.584228515625
30,cadera_izquierda,5,-63.0,-110.0
30,cadera_izquierda,6,-70.0,-103.0
30,cadera_izquierda,7,-75.0,-97.0
30,cadera_izquierda,8,-82.0,-88.0
30,cadera_izquierda,9,-85.7528076171875,-85.46044921875
31,punta_izquierda,0,-86.5477905273438,-305.999755859375
31,punta_izquierda,1,-87.0,-305.0
31,punta_izquierda,2,-87.0,-305.0
31,punta_izquierda,3,-87.0,-305.0
31,punta_izquierda,4,-87.3340454101563,-306.002258300781
31,punta_izquierda,5,-88.6704711914063,-306.670471191406
31,punta_izquierda,6,-89.338623046875,-306.002258300781
31,punta_izquierda,7,-89.338623046875,-306.670471191406
31,punta_izquierda,8,-88.6704711914063,-306.336364746094
31,punta_izquierda,9,-89.338623046875,-307.002258300781
31,punta_izquierda,10,-90.0068359375,-307.338684082031
31,punta_izquierda,11,-87.0,-305.0
31,talon_izquierdo,0,-28.7501220703125,-302.324829101563
31,talon_izquierdo,1,-29.668212890625,-299.327270507813
31,talon_izquierdo,2,-30.6613159179688,-297.659118652344
31,talon_izquierdo,3,-29.6591186523438,-297.9931640625
31,talon_izquierdo,4,-30.3272705078125,-297.9931640625
31,talon_izquierdo,5,-30.3272705078125,-298.661376953125
31,talon_izquierdo,6,-31.32958984375,-297.659118652344
31,talon_izquierdo,7,-30.661376953125,-294.652282714844
31,talon_izquierdo,8,-30.9954223632813,-294.318176269531
31,talon_izquierdo,9,-31.32958984375,-291.645446777344
31,talon_izquierdo,10,-33.0,-287.30224609375
31,talon_izquierdo,11,-34.3363037109375,-284.963684082031
31,tobillo_izquierdo,0,-37.7706298828125,-286.958923339844
31,tobillo_izquierdo,1,-38.9954833984375,-286.33642578125
31,tobillo_izquierdo,2,-39.9955444335938,-284.665954589844
31,tobillo_izquierdo,3,-39.9931640625,-284.665954589844
31,tobillo_izquierdo,4,-40.661376953125,-283.997741699219
31,tobillo_izquierdo,5,-40.661376953125,-283.663635253906
31,tobillo_izquierdo,6,-42.32958984375,-282.661315917969
31,tobillo_izquierdo,7,-43.3295288085938,-283.32958984375
31,tobillo_izquierdo,8,-43.3295288085938,-283.331848144531
31,tobillo_izquierdo,9,-44.3294677734375,-281.995361328125
31,tobillo_izquierdo,10,-45.9932250976563,-279.9931640625
31,tobillo_izquierdo,11,-49.6590576171875,-276.986389160156
31,rodilla_izquierda,0,-42.9281616210938,-216.152404785156
31,rodilla_izquierda,1,-54.7382202148438,-214.523559570313
31,rodilla_izquierda,2,-65.682373046875,-214.317626953125
31,rodilla_izquierda,3,-75.9441528320313,-211.635192871094
31,rodilla_izquierda,4,-82.0,-213.261779785156
31,rodilla_izquierda,5,-89.2617797851563,-215.317626953125
31,rodilla_izquierda,6,-94.8970336914063,-219.102966308594
31,rodilla_izquierda,7,-99.3212280273438,-222.171203613281
31,rodilla_izquierda,8,-105.0,-227.0
31,rodilla_izquierda,9,-108.509826660156,-229.436584472656
31,rodilla_izquierda,10,-113.270446777344,-229.261779785156
31,rodilla_izquierda,11,-120.532287597656,-231.626525878906
31,cadera_izquierda,0,81.30615234375,-158.213195800781
31,cadera_izquierda,1,67.9825439453125,-163.10302734375
31,cadera_izquierda,2,57.4677124023438,-164.158813476563
31,cadera_izquierda,3,45.5794677734375,-168.102966308594
31,cadera_izquierda,4,34.0,-170.0
31,cadera_izquierda,5,24.0,-170.0
31,cadera_izquierda,6,15.0,-169.0
31,cadera_izquierda,7,5.0,-169.0
31,cadera_izquierda,8,-7.5235595703125,-166.476440429688
31,cadera_izquierda,9,-20.5235595703125,-166.317626953125
31,cadera_izquierda,10,-31.0,-167.0
31,cadera_izquierda,11,-40.0,-167.0
32,punta_izquierda,0,-98.0322265625,-311.643188476563
32,punta_izquierda,1,-99.0,-311.0
32,punta_izquierda,2,-99.0,-311.0
32,punta_izquierda,3,-99.0,-311.0
32,punta_izquierda,4,-99.0,-311.0
32,punta_izquierda,5,-99.0,-311.0
32,punta_izquierda,6,-99.0,-311.0
32,talon_izquierdo,0,-37.6859130859375,-302.706848144531
32,talon_izquierdo,1,-39.5922241210938,-301.346252441406
32,talon_izquierdo,2,-40.6537475585938,-300.019348144531
32,talon_izquierdo,3,-40.3883666992188,-298.957885742188
32,talon_izquierdo,4,-41.0,-296.427062988281
32,talon_izquierdo,5,-41.265380859375,-292.977172851563
32,talon_izquierdo,6,-42.326904296875,-290.588806152344
32,tobillo_izquierdo,0,-51.3126220703125,-290.406982421875
32,tobillo_izquierdo,1,-53.0,-290.0
32,tobillo_izquierdo,2,-53.1423950195313,-287.142333984375
32,tobillo_izquierdo,3,-54.673095703125,-285.611633300781
32,tobillo_izquierdo,4,-55.2232055664063,-283.284729003906
32,tobillo_izquierdo,5,-56.6924438476563,-281.223205566406
32,tobillo_izquierdo,6,-57.9578857421875,-281.754028320313
32,rodilla_izquierda,0,-74.073974609375,-211.566589355469
32,rodilla_izquierda,1,-85.495849609375,-210.0
32,rodilla_izquierda,2,-94.0,-209.0
32,rodilla_izquierda,3,-101.0,-209.0
32,rodilla_izquierda,4,-108.0,-211.0
32,rodilla_izquierda,5,-115.252014160156,-218.243835449219
32,rodilla_izquierda,6,-124.0,-221.0
32,cadera_izquierda,0,48.8477172851563,-171.178039550781
32,cadera_izquierda,1,34.7522583007813,-172.057800292969
32,cadera_izquierda,2,18.00830078125,-174.495788574219
32,cadera_izquierda,3,6.0,-173.0
32,cadera_izquierda,4,-6.0,-171.0
32,cadera_izquierda,5,-15.2603149414063,-163.772766113281
32,cadera_izquierda,6,-27.7479858398438,-160.504089355469
33,punta_izquierda,0,-108.8955078125,-299.070190429688
33,punta_izquierda,1,-109.0,-299.0
33,punta_izquierda,2,-109.0,-299.0
33,punta_izquierda,3,-109.0,-299.0
33,punta_izquierda,4,-109.0,-299.0
33,punta_izquierda,5,-109.0,-299.0
33,punta_izquierda,6,-109.0,-299.0
33,punta_izquierda,7,-109.0,-299.0
33,punta_izquierda,8,-109.0,-299.0
33,punta_izquierda,9,-109.0,-299.0
33,punta_izquierda,10,-109.0,-299.0
33,punta_izquierda,11,-109.0,-299.0
33,punta_izquierda,12,-109.0,-299.0
33,punta_izquierda,13,-109.0,-299.0
33,talon_izquierdo,0,-52.10009765625,-291.386169433594
33,talon_izquierdo,1,-53.0,-289.0
33,talon_izquierdo,2,-54.6727294921875,-289.334106445313
33,talon_izquierdo,3,-55.0067749023438,-287.997741699219
33,talon_izquierdo,4,-54.0045776367188,-287.663635253906
33,talon_izquierdo,5,-55.0067749023438,-287.329528808594
33,talon_izquierdo,6,-55.6749877929688,-286.995422363281
33,talon_izquierdo,7,-54.338623046875,-286.661376953125
33,talon_izquierdo,8,-55.0,-287.334106445313
33,talon_izquierdo,9,-55.6681518554688,-286.331787109375
33,talon_izquierdo,10,-56.0,-284.997741699219
33,talon_izquierdo,11,-57.3341064453125,-281.997741699219
33,talon_izquierdo,12,-59.0,-280.0
33,talon_izquierdo,13,-61.3272705078125,-275.997741699219
33,tobillo_izquierdo,0,-58.7819213867188,-277.020202636719
33,tobillo_izquierdo,1,-61.338623046875,-277.0
33,tobillo_izquierdo,2,-63.668212890625,-275.32958984375
33,tobillo_izquierdo,3,-65.0,-275.0
33,tobillo_izquierdo,4,-65.0,-275.0
33,tobillo_izquierdo,5,-66.0,-275.0
33,tobillo_izquierdo,6,-67.0,-274.0
33,tobillo_izquierdo,7,-67.0,-274.0
33,tobillo_izquierdo,8,-67.0,-274.0
33,tobillo_izquierdo,9,-68.002197265625,-272.329528808594
33,tobillo_izquierdo,10,-68.668212890625,-271.327331542969
33,tobillo_izquierdo,11,-70.6681518554688,-269.325012207031
33,tobillo_izquierdo,12,-73.3341064453125,-266.656860351563
33,tobillo_izquierdo,13,-76.9977416992188,-264.002319335938
33,rodilla_izquierda,0,-52.9568481445313,-205.95654296875
33,rodilla_izquierda,1,-70.8876342773438,-202.359558105469
33,rodilla_izquierda,2,-84.3034057617188,-199.303405761719
33,rodilla_izquierda,3,-95.1910400390625,-197.8876953125
33,rodilla_izquierda,4,-104.134887695313,-196.0
33,rodilla_izquierda,5,-110.191040039063,-195.94384765625
33,rodilla_izquierda,6,-114.247192382813,-196.471923828125
33,rodilla_izquierda,7,-121.662963867188,-200.831481933594
33,rodilla_izquierda,8,-128.134887695313,-200.943786621094
33,rodilla_izquierda,9,-132.303405761719,-205.831481933594
33,rodilla_izquierda,10,-137.48388671875,-208.866088867188
33,rodilla_izquierda,11,-143.124328613281,-210.394104003906
33,rodilla_izquierda,12,-150.59619140625,-209.034545898438
33,rodilla_izquierda,13,-158.068115234375,-212.641357421875
33,cadera_izquierda,0,66.5882568359375,-148.429931640625
33,cadera_izquierda,1,47.0,-151.0
33,cadera_izquierda,2,33.7191772460938,-151.471862792969
33,cadera_izquierda,3,24.157470703125,-150.471923828125
33,cadera_izquierda,4,9.22467041015625,-148.584228515625
33,cadera_izquierda,5,-2.0,-147.0
33,cadera_izquierda,6,-11.94384765625,-142.584228515625
33,cadera_izquierda,7,-21.0,-139.0
33,cadera_izquierda,8,-28.0,-136.0
33,cadera_izquierda,9,-35.0,-134.0
33,cadera_izquierda,10,-44.0,-133.0
33,cadera_izquierda,11,-53.0,-134.0
33,cadera_izquierda,12,-62.0,-132.0
33,cadera_izquierda,13,-72.0,-132.0
34,punta_izquierda,0,-196.4072265625,-315.800354003906
34,punta_izquierda,1,-197.0,-315.0
34,punta_izquierda,2,-197.0,-315.0
34,punta_izquierda,3,-197.0,-315.0
34,punta_izquierda,4,-197.0,-315.0
34,punta_izquierda,5,-197.0,-315.0
34,punta_izquierda,6,-197.0,-315.0
34,punta_izquierda,7,-197.0,-315.0
34,punta_izquierda,8,-197.0,-315.0
34,punta_izquierda,9,-197.0,-315.0
34,punta_izquierda,10,-197.0,-315.0
34,punta_izquierda,11,-197.0,-315.0
34,talon_izquierdo,0,-134.181091308594,-305.5546875
34,talon_izquierdo,1,-135.0,-305.0
34,talon_izquierdo,2,-135.0,-305.0
34,talon_izquierdo,3,-135.0,-305.0
34,talon_izquierdo,4,-135.0,-305.0
34,talon_izquierdo,5,-135.749694824219,-303.500549316406
34,talon_izquierdo,6,-137.249145507813,-301.25146484375
34,talon_izquierdo,7,-138.0,-299.125732421875
34,talon_izquierdo,8,-138.749694824219,-297.875427246094
34,talon_izquierdo,9,-139.0,-297.0
34,talon_izquierdo,10,-141.0,-295.0
34,talon_izquierdo,11,-143.125671386719,-290.25146484375
34,tobillo_izquierdo,0,-146.551452636719,-291.434753417969
34,tobillo_izquierdo,1,-148.0,-291.0
34,tobillo_izquierdo,2,-148.0,-291.0
34,tobillo_izquierdo,3,-148.0,-291.0
34,tobillo_izquierdo,4,-148.0,-291.0
34,tobillo_izquierdo,5,-149.0,-291.0
34,tobillo_izquierdo,6,-150.374816894531,-288.500610351563
34,tobillo_izquierdo,7,-152.499450683594,-286.750854492188
34,tobillo_izquierdo,8,-153.0,-286.750915527344
34,tobillo_izquierdo,9,-153.625183105469,-285.001159667969
34,tobillo_izquierdo,10,-155.749755859375,-284.25146484375
34,tobillo_izquierdo,11,-158.500549316406,-281.501708984375
34,rodilla_izquierda,0,-169.920227050781,-213.902954101563
34,rodilla_izquierda,1,-178.0,-213.0
34,rodilla_izquierda,2,-186.53515625,-211.217651367188
34,rodilla_izquierda,3,-192.0,-212.0
34,rodilla_izquierda,4,-201.564636230469,-214.811828613281
34,rodilla_izquierda,5,-209.0,-218.0
34,rodilla_izquierda,6,-213.029479980469,-223.15869140625
34,rodilla_izquierda,7,-218.811767578125,-225.405883789063
34,rodilla_izquierda,8,-221.310852050781,-228.957214355469
34,rodilla_izquierda,9,-224.058959960938,-231.129272460938
34,rodilla_izquierda,10,-228.682495117188,-231.941040039063
34,rodilla_izquierda,11,-235.494323730469,-237.69384765625
34,cadera_izquierda,0,-62.1987915039063,-165.780334472656
34,cadera_izquierda,1,-69.849853515625,-167.897033691406
34,cadera_izquierda,2,-90.2705078125,-169.63525390625
34,cadera_izquierda,3,-100.738220214844,-170.0
34,cadera_izquierda,4,-112.158752441406,-170.420593261719
34,cadera_izquierda,5,-121.897033691406,-167.055847167969
34,cadera_izquierda,6,-129.317626953125,-166.158813476563
34,cadera_izquierda,7,-139.0,-168.0
34,cadera_izquierda,8,-148.0,-170.0
34,cadera_izquierda,9,-153.317626953125,-169.89697265625
34,cadera_izquierda,10,-160.802734375,-167.102966308594
34,cadera_izquierda,11,-166.420593261719,-166.158813476563
35,punta_izquierda,0,-139.722229003906,-286.138671875
35,punta_izquierda,1,-140.0,-286.0
35,punta_izquierda,2,-140.0,-286.0
35,punta_izquierda,3,-140.0,-286.0
35,punta_izquierda,4,-140.0,-286.0
35,punta_izquierda,5,-140.0,-286.0
35,punta_izquierda,6,-140.0,-286.0
35,punta_izquierda,7,-140.0,-286.0
35,punta_izquierda,8,-140.0,-286.0
35,punta_izquierda,9,-140.0,-286.0
35,punta_izquierda,10,-140.0,-286.0
35,talon_izquierdo,0,-85.8860473632813,-275.623779296875
35,talon_izquierdo,1,-87.0,-275.0
35,talon_izquierdo,2,-87.0,-275.0
35,talon_izquierdo,3,-86.0,-275.0
35,talon_izquierdo,4,-86.0,-275.0
35,talon_izquierdo,5,-86.0,-275.0
35,talon_izquierdo,6,-86.0,-275.0
35,talon_izquierdo,7,-87.2617797851563,-272.897033691406
35,talon_izquierdo,8,-88.1029663085938,-270.373474121094
35,talon_izquierdo,9,-89.0,-267.897094726563
35,talon_izquierdo,10,-93.0,-265.0
35,tobillo_izquierdo,0,-98.0833129882813,-262.585327148438
35,tobillo_izquierdo,1,-100.0,-262.0
35,tobillo_izquierdo,2,-100.0,-262.0
35,tobillo_izquierdo,3,-101.0,-262.0
35,tobillo_izquierdo,4,-101.0,-262.0
35,tobillo_izquierdo,5,-100.738220214844,-261.158813476563
35,tobillo_izquierdo,6,-101.261779785156,-261.0
35,tobillo_izquierdo,7,-103.0,-261.0
35,tobillo_izquierdo,8,-104.0,-260.0
35,tobillo_izquierdo,9,-106.0,-259.0
35,tobillo_izquierdo,10,-109.055786132813,-254.476440429688
35,rodilla_izquierda,0,-116.516357421875,-195.814575195313
35,rodilla_izquierda,1,-127.0,-193.0
35,rodilla_izquierda,2,-134.0,-192.0
35,rodilla_izquierda,3,-141.0,-191.0
35,rodilla_izquierda,4,-149.37646484375,-190.594116210938
35,rodilla_izquierda,5,-157.0,-192.0
35,rodilla_izquierda,6,-162.405883789063,-195.594055175781
35,rodilla_izquierda,7,-169.217651367188,-198.782348632813
35,rodilla_izquierda,8,-172.823181152344,-204.310791015625
35,rodilla_izquierda,9,-183.029418945313,-203.37646484375
35,rodilla_izquierda,10,-191.900146484375,-207.129272460938
35,cadera_izquierda,0,-14.3594970703125,-142.939086914063
35,cadera_izquierda,1,-24.364990234375,-145.711975097656
35,cadera_izquierda,2,-38.0,-146.0
35,cadera_izquierda,3,-52.0,-146.0
35,cadera_izquierda,4,-66.7822875976563,-142.811767578125
35,cadera_izquierda,5,-80.564697265625,-138.435363769531
35,cadera_izquierda,6,-92.1587524414063,-134.058898925781
35,cadera_izquierda,7,-105.723388671875,-132.058959960938
35,cadera_izquierda,8,-114.941040039063,-133.058898925781
35,cadera_izquierda,9,-127.723388671875,-135.435363769531
35,cadera_izquierda,10,-140.505676269531,-134.029418945313
36,punta_izquierda,0,-72.5272827148438,-323.5302734375
36,punta_izquierda,1,-73.0,-323.0
36,punta_izquierda,2,-73.0,-323.0
36,punta_izquierda,3,-73.0,-323.0
36,punta_izquierda,4,-73.0,-323.0
36,punta_izquierda,5,-73.0,-323.0
36,punta_izquierda,6,-73.0,-323.0
36,punta_izquierda,7,-73.0,-323.0
36,punta_izquierda,8,-73.0,-323.0
36,punta_izquierda,9,-73.0,-323.0
36,punta_izquierda,10,-73.0,-323.0
36,punta_izquierda,11,-73.0,-323.0
36,talon_izquierdo,0,-15.0598754882813,-312.215454101563
36,talon_izquierdo,1,-17.0,-312.0
36,talon_izquierdo,2,-16.0,-312.0
36,talon_izquierdo,3,-16.0,-312.0
36,talon_izquierdo,4,-16.0,-312.0
36,talon_izquierdo,5,-16.0,-312.0
36,talon_izquierdo,6,-16.0,-312.0
36,talon_izquierdo,7,-16.0,-308.724670410156
36,talon_izquierdo,8,-16.0,-305.449279785156
36,talon_izquierdo,9,-17.1910400390625,-301.876220703125
36,talon_izquierdo,10,-20.1686401367188,-298.303161621094
36,talon_izquierdo,11,-21.4888305664063,-295.5166015625
36,tobillo_izquierdo,0,-24.8859252929688,-300.00732421875
36,tobillo_izquierdo,1,-27.0,-300.0
36,tobillo_izquierdo,2,-28.0,-300.0
36,tobillo_izquierdo,3,-28.0,-300.0
36,tobillo_izquierdo,4,-28.0,-300.0
36,tobillo_izquierdo,5,-28.0,-301.0
36,tobillo_izquierdo,6,-26.1515502929688,-300.106750488281
36,tobillo_izquierdo,7,-28.5111694335938,-297.617919921875
36,tobillo_izquierdo,8,-30.0,-297.0
36,tobillo_izquierdo,9,-33.7022705078125,-295.106689453125
36,tobillo_izquierdo,10,-36.4888305664063,-291.724670410156
36,tobillo_izquierdo,11,-38.1067504882813,-290.404479980469
36,rodilla_izquierda,0,-25.349853515625,-237.637329101563
36,rodilla_izquierda,1,-40.0,-231.0
36,rodilla_izquierda,2,-49.0,-231.0
36,rodilla_izquierda,3,-57.9998168945313,-230.666809082031
36,rodilla_izquierda,4,-64.6666259765625,-232.333251953125
36,rodilla_izquierda,5,-71.000244140625,-236.333129882813
36,rodilla_izquierda,6,-80.666748046875,-239.0
36,rodilla_izquierda,7,-86.0003662109375,-245.666381835938
36,rodilla_izquierda,8,-94.3272094726563,-250.65771484375
36,rodilla_izquierda,9,-103.334045410156,-251.666564941406
36,rodilla_izquierda,10,-106.667663574219,-257.665954589844
36,rodilla_izquierda,11,-115.334228515625,-261.332580566406
36,cadera_izquierda,0,104.63671875,-180.309936523438
36,cadera_izquierda,1,86.993408203125,-179.669067382813
36,cadera_izquierda,2,73.999755859375,-181.999816894531
36,cadera_izquierda,3,60.0,-182.0
36,cadera_izquierda,4,48.3331909179688,-180.6669921875
36,cadera_izquierda,5,37.0,-172.333801269531
36,cadera_izquierda,6,23.6669921875,-165.6669921875
36,cadera_izquierda,7,13.9998168945313,-166.333190917969
36,cadera_izquierda,8,2.0,-168.0
36,cadera_izquierda,9,-8.0,-170.0
36,cadera_izquierda,10,-18.0,-172.0
36,cadera_izquierda,11,-30.0,-178.0
5,punta_izquierda,0,-272.734985351563,-237.244506835938
5,punta_izquierda,1,-286.0,-237.0
5,punta_izquierda,2,-294.0,-241.0
5,punta_izquierda,3,-295.738220214844,-244.89697265625
5,punta_izquierda,4,-294.738220214844,-247.785339355469
5,punta_izquierda,5,-296.682373046875,-248.682373046875
5,punta_izquierda,6,-297.0,-249.682373046875
5,punta_izquierda,7,-296.579406738281,-249.261779785156
5,punta_izquierda,8,-296.579406738281,-249.420593261719
5,punta_izquierda,9,-297.0,-249.0
5,punta_izquierda,10,-297.0,-249.0
5,punta_izquierda,11,-297.0,-249.0
5,punta_izquierda,12,-297.0,-249.0
5,punta_izquierda,13,-297.0,-249.0
5,punta_izquierda,14,-297.0,-249.0
5,punta_izquierda,15,-297.0,-249.0
5,punta_izquierda,16,-297.0,-249.0
5,talon_izquierdo,0,-224.119262695313,-252.203247070313
5,talon_izquierdo,1,-238.0,-252.0
5,talon_izquierdo,2,-246.0,-256.0
5,talon_izquierdo,3,-246.0,-256.0
5,talon_izquierdo,4,-246.0,-251.214660644531
5,talon_izquierdo,5,-246.420593261719,-249.532287597656
5,talon_izquierdo,6,-248.261779785156,-246.476440429688
5,talon_izquierdo,7,-247.420593261719,-246.055847167969
5,talon_izquierdo,8,-248.420593261719,-245.158813476563
5,talon_izquierdo,9,-249.0,-245.0
5,talon_izquierdo,10,-249.0,-245.0
5,talon_izquierdo,11,-249.0,-245.0
5,talon_izquierdo,12,-249.0,-245.0
5,talon_izquierdo,13,-249.0,-245.0
5,talon_izquierdo,14,-249.0,-245.0
5,talon_izquierdo,15,-249.0,-245.0
5,talon_izquierdo,16,-249.0,-245.0
5,tobillo_izquierdo,0,-228.606811523438,-234.252807617188
5,tobillo_izquierdo,1,-242.0,-234.0
5,tobillo_izquierdo,2,-250.0,-238.0
5,tobillo_izquierdo,3,-253.158813476563,-241.158813476563
5,tobillo_izquierdo,4,-254.420593261719,-238.214599609375
5,tobillo_izquierdo,5,-258.626525878906,-234.849914550781
5,tobillo_izquierdo,6,-260.0,-233.0
5,tobillo_izquierdo,7,-261.261840820313,-234.0
5,tobillo_izquierdo,8,-262.0,-234.0
5,tobillo_izquierdo,9,-262.0,-234.0
5,tobillo_izquierdo,10,-262.0,-234.0
5,tobillo_izquierdo,11,-262.0,-234.0
5,tobillo_izquierdo,12,-262.0,-234.0
5,tobillo_izquierdo,13,-262.0,-234.0
5,tobillo_izquierdo,14,-262.0,-234.0
5,tobillo_izquierdo,15,-262.0,-234.0
5,tobillo_izquierdo,16,-262.0,-234.0
5,rodilla_izquierda,0,-243.190673828125,-165.115417480469
5,rodilla_izquierda,1,-251.102966308594,-169.0
5,rodilla_izquierda,2,-258.102966308594,-175.261779785156
5,rodilla_izquierda,3,-265.102966308594,-179.420532226563
5,rodilla_izquierda,4,-274.944213867188,-180.0
5,rodilla_izquierda,5,-284.36474609375,-179.420654296875
5,rodilla_izquierda,6,-292.4677734375,-179.420593261719
5,rodilla_izquierda,7,-296.888305664063,-179.841186523438
5,rodilla_izquierda,8,-300.991271972656,-178.158813476563
5,rodilla_izquierda,9,-304.673645019531,-176.89697265625
5,rodilla_izquierda,10,-306.094299316406,-176.738159179688
5,rodilla_izquierda,11,-310.094299316406,-176.261779785156
5,rodilla_izquierda,12,-314.459045410156,-174.63525390625
5,rodilla_izquierda,13,-315.308898925781,-175.411865234375
5,rodilla_izquierda,14,-314.626525878906,-175.514831542969
5,rodilla_izquierda,15,-317.888305664063,-174.244384765625
5,rodilla_izquierda,16,-319.879577636719,-171.359680175781
5,cadera_izquierda,0,-169.519897460938,-102.616149902344
5,cadera_izquierda,1,-181.0,-109.0
5,cadera_izquierda,2,-192.0,-116.0
5,cadera_izquierda,3,-204.0,-122.0
5,cadera_izquierda,4,-214.841186523438,-125.888305664063
5,cadera_izquierda,5,-226.205993652344,-127.514831542969
5,cadera_izquierda,6,-236.308898925781,-129.935424804688
5,cadera_izquierda,7,-244.729553222656,-133.197204589844
5,cadera_izquierda,8,-249.4677734375,-130.832458496094
5,cadera_izquierda,9,-255.205932617188,-127.626525878906
5,cadera_izquierda,10,-259.103088378906,-126.626525878906
5,cadera_izquierda,11,-266.205932617188,-124.047119140625
5,cadera_izquierda,12,-271.411865234375,-119.150146484375
5,cadera_izquierda,13,-277.617858886719,-117.150085449219
5,cadera_izquierda,14,-282.56201171875,-113.205932617188
5,cadera_izquierda,15,-284.197265625,-110.682373046875
5,cadera_izquierda,16,-289.617858886719,-106.785339355469
6,punta_izquierda,0,-232.49853515625,-230.188659667969
6,punta_izquierda,1,-233.0,-230.0
6,punta_izquierda,2,-232.938110351563,-230.0
6,punta_izquierda,3,-232.533569335938,-230.0
6,punta_izquierda,4,-232.533630371094,-230.190979003906
6,punta_izquierda,5,-231.640319824219,-230.191040039063
6,punta_izquierda,6,-230.449279785156,-230.893310546875
6,punta_izquierda,7,-231.640319824219,-230.595520019531
6,punta_izquierda,8,-231.938110351563,-230.893310546875
6,punta_izquierda,9,-232.044799804688,-231.0
6,punta_izquierda,10,-232.724670410156,-230.0
6,punta_izquierda,11,-233.235900878906,-230.297729492188
6,talon_izquierdo,0,-184.857177734375,-230.7841796875
6,talon_izquierdo,1,-185.0,-230.0
6,talon_izquierdo,2,-187.382080078125,-226.724609375
6,talon_izquierdo,3,-187.382080078125,-226.129150390625
6,talon_izquierdo,4,-187.084350585938,-226.320190429688
6,talon_izquierdo,5,-186.190979003906,-226.617919921875
6,talon_izquierdo,6,-187.679809570313,-226.129150390625
6,talon_izquierdo,7,-187.679809570313,-226.129150390625
6,talon_izquierdo,8,-187.679870605469,-226.129150390625
6,talon_izquierdo,9,-188.275329589844,-227.022399902344
6,talon_izquierdo,10,-189.168640136719,-225.533630371094
6,talon_izquierdo,11,-189.168640136719,-225.533630371094
6,tobillo_izquierdo,0,-196.4697265625,-218.576110839844
6,tobillo_izquierdo,1,-198.129150390625,-216.915649414063
6,tobillo_izquierdo,2,-199.320190429688,-215.320129394531
6,tobillo_izquierdo,3,-200.213439941406,-214.724670410156
6,tobillo_izquierdo,4,-199.724670410156,-214.320190429688
6,tobillo_izquierdo,5,-199.617919921875,-214.213439941406
6,tobillo_izquierdo,6,-198.600830078125,-215.096069335938
6,tobillo_izquierdo,7,-199.774841308594,-214.495178222656
6,tobillo_izquierdo,8,-199.606201171875,-214.854858398438
6,tobillo_izquierdo,9,-199.662780761719,-214.664733886719
6,tobillo_izquierdo,10,-200.072631835938,-213.821655273438
6,tobillo_izquierdo,11,-199.606201171875,-212.647705078125
6,rodilla_izquierda,0,-217.610595703125,-168.552673339844
6,rodilla_izquierda,1,-223.0,-168.0
6,rodilla_izquierda,2,-226.488830566406,-168.297729492188
6,rodilla_izquierda,3,-229.382019042969,-167.0
6,rodilla_izquierda,4,-229.679809570313,-167.106689453125
6,rodilla_izquierda,5,-230.275329589844,-168.0
6,rodilla_izquierda,6,-231.786560058594,-167.168640136719
6,rodilla_izquierda,7,-232.595520019531,-167.061889648438
6,rodilla_izquierda,8,-235.191040039063,-166.2529296875
6,rodilla_izquierda,9,-236.168579101563,-166.107666015625
6,rodilla_izquierda,10,-235.297790527344,-164.298767089844
6,rodilla_izquierda,11,-236.213500976563,-164.871887207031
6,cadera_izquierda,0,-162.2275390625,-111.680847167969
6,cadera_izquierda,1,-170.0,-112.0
6,cadera_izquierda,2,-177.0,-114.0
6,cadera_izquierda,3,-183.600891113281,-112.965942382813
6,cadera_izquierda,4,-186.409912109375,-110.988342285156
6,cadera_izquierda,5,-190.5166015625,-108.606201171875
6,cadera_izquierda,6,-193.280700683594,-103.067260742188
6,cadera_izquierda,7,-199.365051269531,-101.044799804688
6,cadera_izquierda,8,-204.7470703125,-96.1739501953125
6,cadera_izquierda,9,-209.98291015625,-94.0555419921875
6,cadera_izquierda,10,-213.173950195313,-91.9658813476563
6,cadera_izquierda,11,-216.960510253906,-87.5614013671875
1,punta_izquierda,0,-306.096069335938,-245.567443847656
1,punta_izquierda,1,-321.059020996094,-240.764038085938
1,punta_izquierda,2,-325.293518066406,-245.058959960938
1,punta_izquierda,3,-326.3525390625,-254.353942871094
1,punta_izquierda,4,-326.470520019531,-254.059020996094
1,punta_izquierda,5,-327.0,-257.177001953125
1,punta_izquierda,6,-327.0,-257.0
1,punta_izquierda,7,-327.0,-257.0
1,punta_izquierda,8,-327.0,-257.0
1,punta_izquierda,9,-327.0,-257.0
1,punta_izquierda,10,-327.0,-257.0
1,punta_izquierda,11,-327.0,-257.0
1,punta_izquierda,12,-327.0,-257.0
1,punta_izquierda,13,-327.0,-257.0
1,punta_izquierda,14,-327.0,-257.0
1,punta_izquierda,15,-327.0,-257.0
1,punta_izquierda,16,-327.0,-257.0
1,punta_izquierda,17,-327.0,-257.0
1,talon_izquierdo,0,-256.852783203125,-259.334411621094
1,talon_izquierdo,1,-271.0,-259.0
1,talon_izquierdo,2,-279.0,-263.0
1,talon_izquierdo,3,-277.411499023438,-260.882019042969
1,talon_izquierdo,4,-279.0,-257.764038085938
1,talon_izquierdo,5,-279.0,-257.0
1,talon_izquierdo,6,-279.529479980469,-255.411499023438
1,talon_izquierdo,7,-280.0,-255.0
1,talon_izquierdo,8,-280.0,-255.0
1,talon_izquierdo,9,-280.0,-255.0
1,talon_izquierdo,10,-280.0,-254.0
1,talon_izquierdo,11,-280.0,-255.0
1,talon_izquierdo,12,-280.0,-255.0
1,talon_izquierdo,13,-280.0,-255.0
1,talon_izquierdo,14,-280.0,-255.0
1,talon_izquierdo,15,-280.0,-255.0
1,talon_izquierdo,16,-280.0,-255.0
1,talon_izquierdo,17,-280.0,-255.0
1,tobillo_izquierdo,0,-261.618286132813,-241.860961914063
1,tobillo_izquierdo,1,-275.0,-241.0
1,tobillo_izquierdo,2,-282.0,-245.0
1,tobillo_izquierdo,3,-285.647521972656,-243.411499023438
1,tobillo_izquierdo,4,-287.176940917969,-242.411499023438
1,tobillo_izquierdo,5,-289.0,-242.0
1,tobillo_izquierdo,6,-291.822998046875,-239.822998046875
1,tobillo_izquierdo,7,-292.0,-239.0
1,tobillo_izquierdo,8,-293.058959960938,-239.529479980469
1,tobillo_izquierdo,9,-294.0,-239.0
1,tobillo_izquierdo,10,-294.0,-239.0
1,tobillo_izquierdo,11,-295.0,-239.0
1,tobillo_izquierdo,12,-295.0,-239.0
1,tobillo_izquierdo,13,-295.0,-239.0
1,tobillo_izquierdo,14,-295.0,-239.0
1,tobillo_izquierdo,15,-295.0,-239.0
1,tobillo_izquierdo,16,-295.0,-239.0
1,tobillo_izquierdo,17,-295.0,-239.0
1,rodilla_izquierda,0,-277.503234863281,-174.61474609375
1,rodilla_izquierda,1,-287.0,-179.0
1,rodilla_izquierda,2,-293.0,-184.0
1,rodilla_izquierda,3,-301.0,-189.0
1,rodilla_izquierda,4,-313.176940917969,-189.588500976563
1,rodilla_izquierda,5,-322.588500976563,-189.647521972656
1,rodilla_izquierda,6,-330.176940917969,-189.588500976563
1,rodilla_izquierda,7,-335.236022949219,-189.529479980469
1,rodilla_izquierda,8,-339.294921875,-188.0
1,rodilla_izquierda,9,-343.412963867188,-188.470520019531
1,rodilla_izquierda,10,-345.883483886719,-186.470458984375
1,rodilla_izquierda,11,-347.294982910156,-183.940979003906
1,rodilla_izquierda,12,-349.706481933594,-184.588439941406
1,rodilla_izquierda,13,-354.825927734375,-184.939575195313
1,rodilla_izquierda,14,-356.353942871094,-186.060424804688
1,rodilla_izquierda,15,-356.117919921875,-183.35546875
1,rodilla_izquierda,16,-356.411499023438,-183.768432617188
1,rodilla_izquierda,17,-355.410034179688,-184.474853515625
1,cadera_izquierda,0,-210.257019042969,-105.250610351563
1,cadera_izquierda,1,-222.0,-113.0
1,cadera_izquierda,2,-232.0,-121.0
1,cadera_izquierda,3,-243.0,-127.0
1,cadera_izquierda,4,-253.0,-130.35400390625
1,cadera_izquierda,5,-260.940979003906,-131.766906738281
1,cadera_izquierda,6,-271.117980957031,-133.237426757813
1,cadera_izquierda,7,-280.176940917969,-134.355407714844
1,cadera_izquierda,8,-289.412963867188,-133.296508789063
1,cadera_izquierda,9,-298.060424804688,-131.766967773438
1,cadera_izquierda,10,-303.471984863281,-129.766906738281
1,cadera_izquierda,11,-307.883483886719,-123.648986816406
1,cadera_izquierda,12,-314.471984863281,-120.237426757813
1,cadera_izquierda,13,-321.412963867188,-115.7080078125
1,cadera_izquierda,14,-329.060485839844,-115.825927734375
1,cadera_izquierda,15,-332.942504882813,-113.296447753906
1,cadera_izquierda,16,-335.413024902344,-107.648986816406
1,cadera_izquierda,17,-340.530944824219,-104.237426757813
2,punta_izquierda,0,-323.268493652344,-232.5078125
2,punta_izquierda,1,-336.247192382813,-229.05615234375
2,punta_izquierda,2,-341.775268554688,-231.05615234375
2,punta_izquierda,3,-341.0,-236.0
2,punta_izquierda,4,-343.112365722656,-238.359558105469
2,punta_izquierda,5,-344.056213378906,-241.191040039063
2,punta_izquierda,6,-343.033569335938,-243.078735351563
2,punta_izquierda,7,-344.033630371094,-243.966430664063
2,punta_izquierda,8,-342.617858886719,-243.494506835938
2,punta_izquierda,9,-343.505493164063,-244.022583007813
2,punta_izquierda,10,-343.089782714844,-242.078735351563
2,punta_izquierda,11,-342.145935058594,-243.022521972656
2,punta_izquierda,12,-344.033569335938,-243.494506835938
2,punta_izquierda,13,-342.617858886719,-242.550659179688
2,punta_izquierda,14,-343.089782714844,-242.550659179688
2,punta_izquierda,15,-344.033569335938,-243.022583007813
2,punta_izquierda,16,-345.921264648438,-243.494506835938
2,punta_izquierda,17,-343.561645507813,-243.494445800781
2,talon_izquierdo,0,-277.020751953125,-246.249572753906
2,talon_izquierdo,1,-291.0,-245.0
2,talon_izquierdo,2,-298.0,-247.0
2,talon_izquierdo,3,-299.0,-246.056213378906
2,talon_izquierdo,4,-298.05615234375,-244.168518066406
2,talon_izquierdo,5,-298.528076171875,-241.808959960938
2,talon_izquierdo,6,-297.505554199219,-239.449401855469
2,talon_izquierdo,7,-299.393188476563,-237.977416992188
2,talon_izquierdo,8,-299.865112304688,-236.561706542969
2,talon_izquierdo,9,-299.865112304688,-236.033630371094
2,talon_izquierdo,10,-300.337036132813,-234.145935058594
2,talon_izquierdo,11,-299.865112304688,-234.145935058594
2,talon_izquierdo,12,-299.393188476563,-234.145935058594
2,talon_izquierdo,13,-299.393188476563,-233.673950195313
2,talon_izquierdo,14,-298.921264648438,-234.617858886719
2,talon_izquierdo,15,-298.449340820313,-236.033569335938
2,talon_izquierdo,16,-298.921264648438,-236.033569335938
2,talon_izquierdo,17,-299.336975097656,-236.449340820313
2,tobillo_izquierdo,0,-280.324096679688,-231.148254394531
2,tobillo_izquierdo,1,-293.528076171875,-231.303405761719
2,tobillo_izquierdo,2,-301.415771484375,-233.775329589844
2,tobillo_izquierdo,3,-302.943786621094,-233.415771484375
2,tobillo_izquierdo,4,-306.0,-232.0
2,tobillo_izquierdo,5,-307.415649414063,-230.1123046875
2,tobillo_izquierdo,6,-309.168518066406,-230.640441894531
2,tobillo_izquierdo,7,-310.584228515625,-228.224609375
2,tobillo_izquierdo,8,-310.584228515625,-227.280822753906
2,tobillo_izquierdo,9,-310.05615234375,-226.752807617188
2,tobillo_izquierdo,10,-310.584228515625,-226.280883789063
2,tobillo_izquierdo,11,-311.056213378906,-225.808959960938
2,tobillo_izquierdo,12,-310.584289550781,-225.337036132813
2,tobillo_izquierdo,13,-309.168518066406,-225.337036132813
2,tobillo_izquierdo,14,-311.056213378906,-225.337036132813
2,tobillo_izquierdo,15,-311.05615234375,-225.337097167969
2,tobillo_izquierdo,16,-311.05615234375,-225.337036132813
2,tobillo_izquierdo,17,-311.528076171875,-225.808898925781
2,rodilla_izquierda,0,-297.785034179688,-162.248596191406
2,rodilla_izquierda,1,-306.0,-167.0
2,rodilla_izquierda,2,-312.0,-172.0
2,rodilla_izquierda,3,-318.0,-177.0
2,rodilla_izquierda,4,-326.0,-179.0
2,rodilla_izquierda,5,-336.887634277344,-178.0
2,rodilla_izquierda,6,-346.775329589844,-179.359619140625
2,rodilla_izquierda,7,-352.606872558594,-179.0
2,rodilla_izquierda,8,-355.550659179688,-179.0
2,rodilla_izquierda,9,-357.550598144531,-178.471923828125
2,rodilla_izquierda,10,-359.078735351563,-179.359558105469
2,rodilla_izquierda,11,-361.494506835938,-178.831481933594
2,rodilla_izquierda,12,-364.022521972656,-180.191101074219
2,rodilla_izquierda,13,-367.764282226563,-178.685974121094
2,rodilla_izquierda,14,-368.460815429688,-177.629821777344
2,rodilla_izquierda,15,-367.213623046875,-178.045593261719
2,rodilla_izquierda,16,-366.494445800781,-178.270263671875
2,rodilla_izquierda,17,-365.719116210938,-179.955810546875
2,cadera_izquierda,0,-229.829223632813,-95.7085571289063
2,cadera_izquierda,1,-239.0,-102.0
2,cadera_izquierda,2,-248.0,-108.0
2,cadera_izquierda,3,-258.0,-115.0
2,cadera_izquierda,4,-267.0,-121.0
2,cadera_izquierda,5,-278.247253417969,-123.134887695313
2,cadera_izquierda,6,-285.83154296875,-126.022521972656
2,cadera_izquierda,7,-294.191101074219,-129.078735351563
2,cadera_izquierda,8,-298.303344726563,-129.359558105469
2,cadera_izquierda,9,-305.8876953125,-130.089782714844
2,cadera_izquierda,10,-311.415771484375,-127.842529296875
2,cadera_izquierda,11,-313.584228515625,-124.067199707031
2,cadera_izquierda,12,-319.471923828125,-118.707641601563
2,cadera_izquierda,13,-324.662963867188,-116.258239746094
2,cadera_izquierda,14,-328.719177246094,-113.348083496094
2,cadera_izquierda,15,-333.606811523438,-111.291931152344
2,cadera_izquierda,16,-338.550659179688,-108.291931152344
2,cadera_izquierda,17,-342.494445800781,-102.932312011719
